snapshot_date,game_id,flipped,commence_time,home_team,away_team,market,selection,line,american_odds,book,model_probability,edge,gates_in_force
2026-10-06,401871090,False,2026-10-07T00:00:00Z,Troy Trojans,Southern Mississippi Golden Eagles,moneyline,away,,330,fanduel,0.22749536954519795,-0.0050627699896857725,"10 market(s) allowlisted for NCAAF: moneyline, spread, total_points, alternate_spread, alternate_total_points, team_total, alternate_team_total, moneyline_h1, spread_h1, total_points_h1."
2026-10-06,401871090,False,2026-10-07T00:00:00Z,Troy Trojans,Southern Mississippi Golden Eagles,moneyline,home,,-430,fanduel,0.7725046304548021,-0.038816124262179064,"10 market(s) allowlisted for NCAAF: moneyline, spread, total_points, alternate_spread, alternate_total_points, team_total, alternate_team_total, moneyline_h1, spread_h1, total_points_h1."
2026-10-06,401871090,False,2026-10-07T00:00:00Z,Troy Trojans,Southern Mississippi Golden Eagles,spread,away,10.5,-112,fanduel,0.49999997661989454,-0.028301910172558287,"10 market(s) allowlisted for NCAAF: moneyline, spread, total_points, alternate_spread, alternate_total_points, team_total, alternate_team_total, moneyline_h1, spread_h1, total_points_h1."
2026-10-06,401871090,False,2026-10-07T00:00:00Z,Troy Trojans,Southern Mississippi Golden Eagles,spread,home,-10.5,-108,fanduel,0.5000000233801055,-0.019230745850663755,"10 market(s) allowlisted for NCAAF: moneyline, spread, total_points, alternate_spread, alternate_total_points, team_total, alternate_team_total, moneyline_h1, spread_h1, total_points_h1."
2026-10-06,401871090,False,2026-10-07T00:00:00Z,Troy Trojans,Southern Mississippi Golden Eagles,total_points,over,51.5,-110,fanduel,0.5000000213343904,-0.02380950247513347,"10 market(s) allowlisted for NCAAF: moneyline, spread, total_points, alternate_spread, alternate_total_points, team_total, alternate_team_total, moneyline_h1, spread_h1, total_points_h1."
2026-10-06,401871090,False,2026-10-07T00:00:00Z,Troy Trojans,Southern Mississippi Golden Eagles,total_points,under,51.5,-110,fanduel,0.4999999786656099,-0.023809545143913924,"10 market(s) allowlisted for NCAAF: moneyline, spread, total_points, alternate_spread, alternate_total_points, team_total, alternate_team_total, moneyline_h1, spread_h1, total_points_h1."
2026-10-06,401871090,False,2026-10-07T00:00:00Z,Troy Trojans,Southern Mississippi Golden Eagles,moneyline,away,,340,mybookieag,0.22749536954519795,0.00022264227247068002,"10 market(s) allowlisted for NCAAF: moneyline, spread, total_points, alternate_spread, alternate_total_points, team_total, alternate_team_total, moneyline_h1, spread_h1, total_points_h1."
2026-10-06,401871090,False,2026-10-07T00:00:00Z,Troy Trojans,Southern Mississippi Golden Eagles,moneyline,home,,-461,mybookieag,0.7725046304548021,-0.0492422501156079,"10 market(s) allowlisted for NCAAF: moneyline, spread, total_points, alternate_spread, alternate_total_points, team_total, alternate_team_total, moneyline_h1, spread_h1, total_points_h1."
2026-10-06,401871090,False,2026-10-07T00:00:00Z,Troy Trojans,Southern Mississippi Golden Eagles,spread,away,10.5,-110,mybookieag,0.49999997661989454,-0.0238095471896293,"10 market(s) allowlisted for NCAAF: moneyline, spread, total_points, alternate_spread, alternate_total_points, team_total, alternate_team_total, moneyline_h1, spread_h1, total_points_h1."
2026-10-06,401871090,False,2026-10-07T00:00:00Z,Troy Trojans,Southern Mississippi Golden Eagles,spread,home,-10.5,-110,mybookieag,0.5000000233801055,-0.023809500429418318,"10 market(s) allowlisted for NCAAF: moneyline, spread, total_points, alternate_spread, alternate_total_points, team_total, alternate_team_total, moneyline_h1, spread_h1, total_points_h1."
2026-10-06,401871090,False,2026-10-07T00:00:00Z,Troy Trojans,Southern Mississippi Golden Eagles,total_points,over,51.5,-110,mybookieag,0.5000000213343904,-0.02380950247513347,"10 market(s) allowlisted for NCAAF: moneyline, spread, total_points, alternate_spread, alternate_total_points, team_total, alternate_team_total, moneyline_h1, spread_h1, total_points_h1."
2026-10-06,401871090,False,2026-10-07T00:00:00Z,Troy Trojans,Southern Mississippi Golden Eagles,total_points,under,51.5,-110,mybookieag,0.4999999786656099,-0.023809545143913924,"10 market(s) allowlisted for NCAAF: moneyline, spread, total_points, alternate_spread, alternate_total_points, team_total, alternate_team_total, moneyline_h1, spread_h1, total_points_h1."
2026-10-06,401871090,False,2026-10-07T00:00:00Z,Troy Trojans,Southern Mississippi Golden Eagles,moneyline,away,,330,draftkings,0.22749536954519795,-0.0050627699896857725,"10 market(s) allowlisted for NCAAF: moneyline, spread, total_points, alternate_spread, alternate_total_points, team_total, alternate_team_total, moneyline_h1, spread_h1, total_points_h1."
2026-10-06,401871090,False,2026-10-07T00:00:00Z,Troy Trojans,Southern Mississippi Golden Eagles,moneyline,home,,-425,draftkings,0.7725046304548021,-0.037019179069007424,"10 market(s) allowlisted for NCAAF: moneyline, spread, total_points, alternate_spread, alternate_total_points, team_total, alternate_team_total, moneyline_h1, spread_h1, total_points_h1."
2026-10-06,401871090,False,2026-10-07T00:00:00Z,Troy Trojans,Southern Mississippi Golden Eagles,spread,away,10.5,-112,draftkings,0.49999997661989454,-0.028301910172558287,"10 market(s) allowlisted for NCAAF: moneyline, spread, total_points, alternate_spread, alternate_total_points, team_total, alternate_team_total, moneyline_h1, spread_h1, total_points_h1."
2026-10-06,401871090,False,2026-10-07T00:00:00Z,Troy Trojans,Southern Mississippi Golden Eagles,spread,home,-10.5,-108,draftkings,0.5000000233801055,-0.019230745850663755,"10 market(s) allowlisted for NCAAF: moneyline, spread, total_points, alternate_spread, alternate_total_points, team_total, alternate_team_total, moneyline_h1, spread_h1, total_points_h1."
2026-10-06,401871090,False,2026-10-07T00:00:00Z,Troy Trojans,Southern Mississippi Golden Eagles,total_points,over,51.5,-108,draftkings,0.5000000213343904,-0.019230747896378908,"10 market(s) allowlisted for NCAAF: moneyline, spread, total_points, alternate_spread, alternate_total_points, team_total, alternate_team_total, moneyline_h1, spread_h1, total_points_h1."
2026-10-06,401871090,False,2026-10-07T00:00:00Z,Troy Trojans,Southern Mississippi Golden Eagles,total_points,under,51.5,-112,draftkings,0.4999999786656099,-0.028301908126842912,"10 market(s) allowlisted for NCAAF: moneyline, spread, total_points, alternate_spread, alternate_total_points, team_total, alternate_team_total, moneyline_h1, spread_h1, total_points_h1."
2026-10-06,401871090,False,2026-10-07T00:00:00Z,Troy Trojans,Southern Mississippi Golden Eagles,moneyline,away,,340,betrivers,0.22749536954519795,0.00022264227247068002,"10 market(s) allowlisted for NCAAF: moneyline, spread, total_points, alternate_spread, alternate_total_points, team_total, alternate_team_total, moneyline_h1, spread_h1, total_points_h1."
2026-10-06,401871090,False,2026-10-07T00:00:00Z,Troy Trojans,Southern Mississippi Golden Eagles,moneyline,home,,-480,betrivers,0.7725046304548021,-0.0550815764417496,"10 market(s) allowlisted for NCAAF: moneyline, spread, total_points, alternate_spread, alternate_total_points, team_total, alternate_team_total, moneyline_h1, spread_h1, total_points_h1."
2026-10-06,401871090,False,2026-10-07T00:00:00Z,Troy Trojans,Southern Mississippi Golden Eagles,spread,away,10.5,-113,betrivers,0.49999997661989454,-0.030516455304988088,"10 market(s) allowlisted for NCAAF: moneyline, spread, total_points, alternate_spread, alternate_total_points, team_total, alternate_team_total, moneyline_h1, spread_h1, total_points_h1."
2026-10-06,401871090,False,2026-10-07T00:00:00Z,Troy Trojans,Southern Mississippi Golden Eagles,spread,home,-10.5,-109,betrivers,0.5000000233801055,-0.021531077098363327,"10 market(s) allowlisted for NCAAF: moneyline, spread, total_points, alternate_spread, alternate_total_points, team_total, alternate_team_total, moneyline_h1, spread_h1, total_points_h1."
2026-10-06,401871090,False,2026-10-07T00:00:00Z,Troy Trojans,Southern Mississippi Golden Eagles,total_points,over,51.5,-109,betrivers,0.5000000213343904,-0.02153107914407848,"10 market(s) allowlisted for NCAAF: moneyline, spread, total_points, alternate_spread, alternate_total_points, team_total, alternate_team_total, moneyline_h1, spread_h1, total_points_h1."
2026-10-06,401871090,False,2026-10-07T00:00:00Z,Troy Trojans,Southern Mississippi Golden Eagles,total_points,under,51.5,-114,betrivers,0.4999999786656099,-0.03271030170822181,"10 market(s) allowlisted for NCAAF: moneyline, spread, total_points, alternate_spread, alternate_total_points, team_total, alternate_team_total, moneyline_h1, spread_h1, total_points_h1."
2026-10-06,401871090,False,2026-10-07T00:00:00Z,Troy Trojans,Southern Mississippi Golden Eagles,moneyline,away,,325,fanatics,0.22749536954519795,-0.007798748101860875,"10 market(s) allowlisted for NCAAF: moneyline, spread, total_points, alternate_spread, alternate_total_points, team_total, alternate_team_total, moneyline_h1, spread_h1, total_points_h1."
2026-10-06,401871090,False,2026-10-07T00:00:00Z,Troy Trojans,Southern Mississippi Golden Eagles,moneyline,home,,-425,fanatics,0.7725046304548021,-0.037019179069007424,"10 market(s) allowlisted for NCAAF: moneyline, spread, total_points, alternate_spread, alternate_total_points, team_total, alternate_team_total, moneyline_h1, spread_h1, total_points_h1."
2026-10-06,401871090,False,2026-10-07T00:00:00Z,Troy Trojans,Southern Mississippi Golden Eagles,spread,away,10.5,-115,fanatics,0.49999997661989454,-0.03488374431033797,"10 market(s) allowlisted for NCAAF: moneyline, spread, total_points, alternate_spread, alternate_total_points, team_total, alternate_team_total, moneyline_h1, spread_h1, total_points_h1."
2026-10-06,401871090,False,2026-10-07T00:00:00Z,Troy Trojans,Southern Mississippi Golden Eagles,spread,home,-10.5,-105,fanatics,0.5000000233801055,-0.012195098571114005,"10 market(s) allowlisted for NCAAF: moneyline, spread, total_points, alternate_spread, alternate_total_points, team_total, alternate_team_total, moneyline_h1, spread_h1, total_points_h1."
2026-10-06,401871090,False,2026-10-07T00:00:00Z,Troy Trojans,Southern Mississippi Golden Eagles,total_points,over,51.5,-105,fanatics,0.5000000213343904,-0.012195100616829158,"10 market(s) allowlisted for NCAAF: moneyline, spread, total_points, alternate_spread, alternate_total_points, team_total, alternate_team_total, moneyline_h1, spread_h1, total_points_h1."
2026-10-06,401871090,False,2026-10-07T00:00:00Z,Troy Trojans,Southern Mississippi Golden Eagles,total_points,under,51.5,-115,fanatics,0.4999999786656099,-0.0348837422646226,"10 market(s) allowlisted for NCAAF: moneyline, spread, total_points, alternate_spread, alternate_total_points, team_total, alternate_team_total, moneyline_h1, spread_h1, total_points_h1."
2026-10-06,401871090,False,2026-10-07T00:00:00Z,Troy Trojans,Southern Mississippi Golden Eagles,moneyline,away,,333,betmgm,0.22749536954519795,-0.003451512671892115,"10 market(s) allowlisted for NCAAF: moneyline, spread, total_points, alternate_spread, alternate_total_points, team_total, alternate_team_total, moneyline_h1, spread_h1, total_points_h1."
2026-10-06,401871090,False,2026-10-07T00:00:00Z,Troy Trojans,Southern Mississippi Golden Eagles,moneyline,home,,-425,betmgm,0.7725046304548021,-0.037019179069007424,"10 market(s) allowlisted for NCAAF: moneyline, spread, total_points, alternate_spread, alternate_total_points, team_total, alternate_team_total, moneyline_h1, spread_h1, total_points_h1."
2026-10-06,401871090,False,2026-10-07T00:00:00Z,Troy Trojans,Southern Mississippi Golden Eagles,spread,away,10.5,-108,betmgm,0.49999997661989454,-0.019230792610874736,"10 market(s) allowlisted for NCAAF: moneyline, spread, total_points, alternate_spread, alternate_total_points, team_total, alternate_team_total, moneyline_h1, spread_h1, total_points_h1."
2026-10-06,401871090,False,2026-10-07T00:00:00Z,Troy Trojans,Southern Mississippi Golden Eagles,spread,home,-10.5,-110,betmgm,0.5000000233801055,-0.023809500429418318,"10 market(s) allowlisted for NCAAF: moneyline, spread, total_points, alternate_spread, alternate_total_points, team_total, alternate_team_total, moneyline_h1, spread_h1, total_points_h1."
2026-10-06,401871090,False,2026-10-07T00:00:00Z,Troy Trojans,Southern Mississippi Golden Eagles,total_points,over,51.5,-108,betmgm,0.5000000213343904,-0.019230747896378908,"10 market(s) allowlisted for NCAAF: moneyline, spread, total_points, alternate_spread, alternate_total_points, team_total, alternate_team_total, moneyline_h1, spread_h1, total_points_h1."
2026-10-06,401871090,False,2026-10-07T00:00:00Z,Troy Trojans,Southern Mississippi Golden Eagles,total_points,under,51.5,-110,betmgm,0.4999999786656099,-0.023809545143913924,"10 market(s) allowlisted for NCAAF: moneyline, spread, total_points, alternate_spread, alternate_total_points, team_total, alternate_team_total, moneyline_h1, spread_h1, total_points_h1."
2026-10-06,401871090,False,2026-10-07T00:00:00Z,Troy Trojans,Southern Mississippi Golden Eagles,moneyline,away,,324,lowvig,0.22749536954519795,-0.008353687058575643,"10 market(s) allowlisted for NCAAF: moneyline, spread, total_points, alternate_spread, alternate_total_points, team_total, alternate_team_total, moneyline_h1, spread_h1, total_points_h1."
2026-10-06,401871090,False,2026-10-07T00:00:00Z,Troy Trojans,Southern Mississippi Golden Eagles,moneyline,home,,-410,lowvig,0.7725046304548021,-0.0314169381726489,"10 market(s) allowlisted for NCAAF: moneyline, spread, total_points, alternate_spread, alternate_total_points, team_total, alternate_team_total, moneyline_h1, spread_h1, total_points_h1."
2026-10-06,401871090,False,2026-10-07T00:00:00Z,Troy Trojans,Southern Mississippi Golden Eagles,spread,away,10.5,-108,lowvig,0.49999997661989454,-0.019230792610874736,"10 market(s) allowlisted for NCAAF: moneyline, spread, total_points, alternate_spread, alternate_total_points, team_total, alternate_team_total, moneyline_h1, spread_h1, total_points_h1."
2026-10-06,401871090,False,2026-10-07T00:00:00Z,Troy Trojans,Southern Mississippi Golden Eagles,spread,home,-10.5,-104,lowvig,0.5000000233801055,-0.009803898188521898,"10 market(s) allowlisted for NCAAF: moneyline, spread, total_points, alternate_spread, alternate_total_points, team_total, alternate_team_total, moneyline_h1, spread_h1, total_points_h1."
2026-10-06,401871090,False,2026-10-07T00:00:00Z,Troy Trojans,Southern Mississippi Golden Eagles,total_points,over,51.5,-108,lowvig,0.5000000213343904,-0.019230747896378908,"10 market(s) allowlisted for NCAAF: moneyline, spread, total_points, alternate_spread, alternate_total_points, team_total, alternate_team_total, moneyline_h1, spread_h1, total_points_h1."
2026-10-06,401871090,False,2026-10-07T00:00:00Z,Troy Trojans,Southern Mississippi Golden Eagles,total_points,under,51.5,-108,lowvig,0.4999999786656099,-0.01923079056515936,"10 market(s) allowlisted for NCAAF: moneyline, spread, total_points, alternate_spread, alternate_total_points, team_total, alternate_team_total, moneyline_h1, spread_h1, total_points_h1."
2026-10-06,401871090,False,2026-10-07T00:00:00Z,Troy Trojans,Southern Mississippi Golden Eagles,moneyline,away,,324,betonlineag,0.22749536954519795,-0.008353687058575643,"10 market(s) allowlisted for NCAAF: moneyline, spread, total_points, alternate_spread, alternate_total_points, team_total, alternate_team_total, moneyline_h1, spread_h1, total_points_h1."
2026-10-06,401871090,False,2026-10-07T00:00:00Z,Troy Trojans,Southern Mississippi Golden Eagles,moneyline,home,,-410,betonlineag,0.7725046304548021,-0.0314169381726489,"10 market(s) allowlisted for NCAAF: moneyline, spread, total_points, alternate_spread, alternate_total_points, team_total, alternate_team_total, moneyline_h1, spread_h1, total_points_h1."
2026-10-06,401871090,False,2026-10-07T00:00:00Z,Troy Trojans,Southern Mississippi Golden Eagles,spread,away,10.5,-112,betonlineag,0.49999997661989454,-0.028301910172558287,"10 market(s) allowlisted for NCAAF: moneyline, spread, total_points, alternate_spread, alternate_total_points, team_total, alternate_team_total, moneyline_h1, spread_h1, total_points_h1."
2026-10-06,401871090,False,2026-10-07T00:00:00Z,Troy Trojans,Southern Mississippi Golden Eagles,spread,home,-10.5,-108,betonlineag,0.5000000233801055,-0.019230745850663755,"10 market(s) allowlisted for NCAAF: moneyline, spread, total_points, alternate_spread, alternate_total_points, team_total, alternate_team_total, moneyline_h1, spread_h1, total_points_h1."
2026-10-06,401871090,False,2026-10-07T00:00:00Z,Troy Trojans,Southern Mississippi Golden Eagles,total_points,over,51.5,-110,betonlineag,0.5000000213343904,-0.02380950247513347,"10 market(s) allowlisted for NCAAF: moneyline, spread, total_points, alternate_spread, alternate_total_points, team_total, alternate_team_total, moneyline_h1, spread_h1, total_points_h1."
2026-10-06,401871090,False,2026-10-07T00:00:00Z,Troy Trojans,Southern Mississippi Golden Eagles,total_points,under,51.5,-110,betonlineag,0.4999999786656099,-0.023809545143913924,"10 market(s) allowlisted for NCAAF: moneyline, spread, total_points, alternate_spread, alternate_total_points, team_total, alternate_team_total, moneyline_h1, spread_h1, total_points_h1."
2026-10-06,401871090,False,2026-10-07T00:00:00Z,Troy Trojans,Southern Mississippi Golden Eagles,moneyline,away,,320,williamhill_us,0.22749536954519795,-0.010599868550040137,"10 market(s) allowlisted for NCAAF: moneyline, spread, total_points, alternate_spread, alternate_total_points, team_total, alternate_team_total, moneyline_h1, spread_h1, total_points_h1."
2026-10-06,401871090,False,2026-10-07T00:00:00Z,Troy Trojans,Southern Mississippi Golden Eagles,moneyline,home,,-420,williamhill_us,0.7725046304548021,-0.0351876772375056,"10 market(s) allowlisted for NCAAF: moneyline, spread, total_points, alternate_spread, alternate_total_points, team_total, alternate_team_total, moneyline_h1, spread_h1, total_points_h1."
2026-10-06,401871090,False,2026-10-07T00:00:00Z,Troy Trojans,Southern Mississippi Golden Eagles,spread,away,10.5,-115,williamhill_us,0.49999997661989454,-0.03488374431033797,"10 market(s) allowlisted for NCAAF: moneyline, spread, total_points, alternate_spread, alternate_total_points, team_total, alternate_team_total, moneyline_h1, spread_h1, total_points_h1."
2026-10-06,401871090,False,2026-10-07T00:00:00Z,Troy Trojans,Southern Mississippi Golden Eagles,spread,home,-10.5,-105,williamhill_us,0.5000000233801055,-0.012195098571114005,"10 market(s) allowlisted for NCAAF: moneyline, spread, total_points, alternate_spread, alternate_total_points, team_total, alternate_team_total, moneyline_h1, spread_h1, total_points_h1."
2026-10-06,401871090,False,2026-10-07T00:00:00Z,Troy Trojans,Southern Mississippi Golden Eagles,total_points,over,51.5,-110,williamhill_us,0.5000000213343904,-0.02380950247513347,"10 market(s) allowlisted for NCAAF: moneyline, spread, total_points, alternate_spread, alternate_total_points, team_total, alternate_team_total, moneyline_h1, spread_h1, total_points_h1."
2026-10-06,401871090,False,2026-10-07T00:00:00Z,Troy Trojans,Southern Mississippi Golden Eagles,total_points,under,51.5,-110,williamhill_us,0.4999999786656099,-0.023809545143913924,"10 market(s) allowlisted for NCAAF: moneyline, spread, total_points, alternate_spread, alternate_total_points, team_total, alternate_team_total, moneyline_h1, spread_h1, total_points_h1."
2026-10-06,401871090,False,2026-10-07T00:00:00Z,Troy Trojans,Southern Mississippi Golden Eagles,moneyline,away,,320,bovada,0.22749536954519795,-0.010599868550040137,"10 market(s) allowlisted for NCAAF: moneyline, spread, total_points, alternate_spread, alternate_total_points, team_total, alternate_team_total, moneyline_h1, spread_h1, total_points_h1."
2026-10-06,401871090,False,2026-10-07T00:00:00Z,Troy Trojans,Southern Mississippi Golden Eagles,moneyline,home,,-430,bovada,0.7725046304548021,-0.038816124262179064,"10 market(s) allowlisted for NCAAF: moneyline, spread, total_points, alternate_spread, alternate_total_points, team_total, alternate_team_total, moneyline_h1, spread_h1, total_points_h1."
2026-10-06,401871090,False,2026-10-07T00:00:00Z,Troy Trojans,Southern Mississippi Golden Eagles,spread,away,10.5,-115,bovada,0.49999997661989454,-0.03488374431033797,"10 market(s) allowlisted for NCAAF: moneyline, spread, total_points, alternate_spread, alternate_total_points, team_total, alternate_team_total, moneyline_h1, spread_h1, total_points_h1."
2026-10-06,401871090,False,2026-10-07T00:00:00Z,Troy Trojans,Southern Mississippi Golden Eagles,spread,home,-10.5,-105,bovada,0.5000000233801055,-0.012195098571114005,"10 market(s) allowlisted for NCAAF: moneyline, spread, total_points, alternate_spread, alternate_total_points, team_total, alternate_team_total, moneyline_h1, spread_h1, total_points_h1."
2026-10-06,401871090,False,2026-10-07T00:00:00Z,Troy Trojans,Southern Mississippi Golden Eagles,total_points,over,51.5,-110,bovada,0.5000000213343904,-0.02380950247513347,"10 market(s) allowlisted for NCAAF: moneyline, spread, total_points, alternate_spread, alternate_total_points, team_total, alternate_team_total, moneyline_h1, spread_h1, total_points_h1."
2026-10-06,401871090,False,2026-10-07T00:00:00Z,Troy Trojans,Southern Mississippi Golden Eagles,total_points,under,51.5,-110,bovada,0.4999999786656099,-0.023809545143913924,"10 market(s) allowlisted for NCAAF: moneyline, spread, total_points, alternate_spread, alternate_total_points, team_total, alternate_team_total, moneyline_h1, spread_h1, total_points_h1."
2026-10-06,401871090,False,2026-10-07T00:00:00Z,Troy Trojans,Southern Mississippi Golden Eagles,moneyline,away,,325,betus,0.22749536954519795,-0.007798748101860875,"10 market(s) allowlisted for NCAAF: moneyline, spread, total_points, alternate_spread, alternate_total_points, team_total, alternate_team_total, moneyline_h1, spread_h1, total_points_h1."
2026-10-06,401871090,False,2026-10-07T00:00:00Z,Troy Trojans,Southern Mississippi Golden Eagles,moneyline,home,,-410,betus,0.7725046304548021,-0.0314169381726489,"10 market(s) allowlisted for NCAAF: moneyline, spread, total_points, alternate_spread, alternate_total_points, team_total, alternate_team_total, moneyline_h1, spread_h1, total_points_h1."
2026-10-06,401871090,False,2026-10-07T00:00:00Z,Troy Trojans,Southern Mississippi Golden Eagles,spread,away,10.5,-110,betus,0.49999997661989454,-0.0238095471896293,"10 market(s) allowlisted for NCAAF: moneyline, spread, total_points, alternate_spread, alternate_total_points, team_total, alternate_team_total, moneyline_h1, spread_h1, total_points_h1."
2026-10-06,401871090,False,2026-10-07T00:00:00Z,Troy Trojans,Southern Mississippi Golden Eagles,spread,home,-10.5,-110,betus,0.5000000233801055,-0.023809500429418318,"10 market(s) allowlisted for NCAAF: moneyline, spread, total_points, alternate_spread, alternate_total_points, team_total, alternate_team_total, moneyline_h1, spread_h1, total_points_h1."
2026-10-06,401871090,False,2026-10-07T00:00:00Z,Troy Trojans,Southern Mississippi Golden Eagles,total_points,over,51.5,-110,betus,0.5000000213343904,-0.02380950247513347,"10 market(s) allowlisted for NCAAF: moneyline, spread, total_points, alternate_spread, alternate_total_points, team_total, alternate_team_total, moneyline_h1, spread_h1, total_points_h1."
2026-10-06,401871090,False,2026-10-07T00:00:00Z,Troy Trojans,Southern Mississippi Golden Eagles,total_points,under,51.5,-110,betus,0.4999999786656099,-0.023809545143913924,"10 market(s) allowlisted for NCAAF: moneyline, spread, total_points, alternate_spread, alternate_total_points, team_total, alternate_team_total, moneyline_h1, spread_h1, total_points_h1."
2026-10-06,401871090,False,2026-10-07T00:00:00Z,Troy Trojans,Southern Mississippi Golden Eagles,alternate_spread,away,36.5,-5000,fanduel,0.9504378315856179,-0.02995432527712716,"10 market(s) allowlisted for NCAAF: moneyline, spread, total_points, alternate_spread, alternate_total_points, team_total, alternate_team_total, moneyline_h1, spread_h1, total_points_h1."
2026-10-06,401871090,False,2026-10-07T00:00:00Z,Troy Trojans,Southern Mississippi Golden Eagles,alternate_spread,away,35.5,-4500,fanduel,0.9476136750651144,-0.030647194500103003,"10 market(s) allowlisted for NCAAF: moneyline, spread, total_points, alternate_spread, alternate_total_points, team_total, alternate_team_total, moneyline_h1, spread_h1, total_points_h1."
2026-10-06,401871090,False,2026-10-07T00:00:00Z,Troy Trojans,Southern Mississippi Golden Eagles,alternate_spread,away,34.5,-3500,fanduel,0.9322616131871254,-0.039960609035096795,"10 market(s) allowlisted for NCAAF: moneyline, spread, total_points, alternate_spread, alternate_total_points, team_total, alternate_team_total, moneyline_h1, spread_h1, total_points_h1."
2026-10-06,401871090,False,2026-10-07T00:00:00Z,Troy Trojans,Southern Mississippi Golden Eagles,alternate_spread,away,33.5,-2500,fanduel,0.9234894939980978,-0.0380489675403638,"10 market(s) allowlisted for NCAAF: moneyline, spread, total_points, alternate_spread, alternate_total_points, team_total, alternate_team_total, moneyline_h1, spread_h1, total_points_h1."
2026-10-06,401871090,False,2026-10-07T00:00:00Z,Troy Trojans,Southern Mississippi Golden Eagles,alternate_spread,away,32.5,-2500,fanduel,0.913705649165798,-0.04783281237266357,"10 market(s) allowlisted for NCAAF: moneyline, spread, total_points, alternate_spread, alternate_total_points, team_total, alternate_team_total, moneyline_h1, spread_h1, total_points_h1."
2026-10-06,401871090,False,2026-10-07T00:00:00Z,Troy Trojans,Southern Mississippi Golden Eagles,alternate_spread,away,31.5,-1800,fanduel,0.8976946029747591,-0.04967381807787241,"10 market(s) allowlisted for NCAAF: moneyline, spread, total_points, alternate_spread, alternate_total_points, team_total, alternate_team_total, moneyline_h1, spread_h1, total_points_h1."
2026-10-06,401871090,False,2026-10-07T00:00:00Z,Troy Trojans,Southern Mississippi Golden Eagles,alternate_spread,away,30.5,-1400,fanduel,0.8793116780392489,-0.054021655294084425,"10 market(s) allowlisted for NCAAF: moneyline, spread, total_points, alternate_spread, alternate_total_points, team_total, alternate_team_total, moneyline_h1, spread_h1, total_points_h1."
2026-10-06,401871090,False,2026-10-07T00:00:00Z,Troy Trojans,Southern Mississippi Golden Eagles,alternate_spread,away,29.5,-1200,fanduel,0.8688911786568718,-0.05418574442005131,"10 market(s) allowlisted for NCAAF: moneyline, spread, total_points, alternate_spread, alternate_total_points, team_total, alternate_team_total, moneyline_h1, spread_h1, total_points_h1."
2026-10-06,401871090,False,2026-10-07T00:00:00Z,Troy Trojans,Southern Mississippi Golden Eagles,alternate_spread,away,28.5,-1100,fanduel,0.8569244012793998,-0.05974226538726679,"10 market(s) allowlisted for NCAAF: moneyline, spread, total_points, alternate_spread, alternate_total_points, team_total, alternate_team_total, moneyline_h1, spread_h1, total_points_h1."
2026-10-06,401871090,False,2026-10-07T00:00:00Z,Troy Trojans,Southern Mississippi Golden Eagles,alternate_spread,away,27.5,-850,fanduel,0.8354605934059763,-0.059276248699286826,"10 market(s) allowlisted for NCAAF: moneyline, spread, total_points, alternate_spread, alternate_total_points, team_total, alternate_team_total, moneyline_h1, spread_h1, total_points_h1."
2026-10-06,401871090,False,2026-10-07T00:00:00Z,Troy Trojans,Southern Mississippi Golden Eagles,alternate_spread,away,26.5,-720,fanduel,0.817236551865062,-0.060812228622742825,"10 market(s) allowlisted for NCAAF: moneyline, spread, total_points, alternate_spread, alternate_total_points, team_total, alternate_team_total, moneyline_h1, spread_h1, total_points_h1."
2026-10-06,401871090,False,2026-10-07T00:00:00Z,Troy Trojans,Southern Mississippi Golden Eagles,alternate_spread,away,25.5,-650,fanduel,0.8094299725100671,-0.0572366941565996,"10 market(s) allowlisted for NCAAF: moneyline, spread, total_points, alternate_spread, alternate_total_points, team_total, alternate_team_total, moneyline_h1, spread_h1, total_points_h1."
2026-10-06,401871090,False,2026-10-07T00:00:00Z,Troy Trojans,Southern Mississippi Golden Eagles,alternate_spread,away,24.5,-530,fanduel,0.786642199909752,-0.05462764136008924,"10 market(s) allowlisted for NCAAF: moneyline, spread, total_points, alternate_spread, alternate_total_points, team_total, alternate_team_total, moneyline_h1, spread_h1, total_points_h1."
2026-10-06,401871090,False,2026-10-07T00:00:00Z,Troy Trojans,Southern Mississippi Golden Eagles,alternate_spread,away,23.5,-460,fanduel,0.7700995910789452,-0.051328980349626185,"10 market(s) allowlisted for NCAAF: moneyline, spread, total_points, alternate_spread, alternate_total_points, team_total, alternate_team_total, moneyline_h1, spread_h1, total_points_h1."
2026-10-06,401871090,False,2026-10-07T00:00:00Z,Troy Trojans,Southern Mississippi Golden Eagles,alternate_spread,away,22.5,-430,fanduel,0.7568713092928743,-0.0544494454241069,"10 market(s) allowlisted for NCAAF: moneyline, spread, total_points, alternate_spread, alternate_total_points, team_total, alternate_team_total, moneyline_h1, spread_h1, total_points_h1."
2026-10-06,401871090,False,2026-10-07T00:00:00Z,Troy Trojans,Southern Mississippi Golden Eagles,alternate_spread,away,21.5,-400,fanduel,0.7389375088887319,-0.06106249111126816,"10 market(s) allowlisted for NCAAF: moneyline, spread, total_points, alternate_spread, alternate_total_points, team_total, alternate_team_total, moneyline_h1, spread_h1, total_points_h1."
2026-10-06,401871090,False,2026-10-07T00:00:00Z,Troy Trojans,Southern Mississippi Golden Eagles,alternate_spread,away,20.5,-320,fanduel,0.713604921603941,-0.048299840300820907,"10 market(s) allowlisted for NCAAF: moneyline, spread, total_points, alternate_spread, alternate_total_points, team_total, alternate_team_total, moneyline_h1, spread_h1, total_points_h1."
2026-10-06,401871090,False,2026-10-07T00:00:00Z,Troy Trojans,Southern Mississippi Golden Eagles,alternate_spread,away,19.5,-295,fanduel,0.6956404498230931,-0.05119499321488152,"10 market(s) allowlisted for NCAAF: moneyline, spread, total_points, alternate_spread, alternate_total_points, team_total, alternate_team_total, moneyline_h1, spread_h1, total_points_h1."
2026-10-06,401871090,False,2026-10-07T00:00:00Z,Troy Trojans,Southern Mississippi Golden Eagles,alternate_spread,away,18.5,-265,fanduel,0.6810999108883032,-0.04492748637197075,"10 market(s) allowlisted for NCAAF: moneyline, spread, total_points, alternate_spread, alternate_total_points, team_total, alternate_team_total, moneyline_h1, spread_h1, total_points_h1."
2026-10-06,401871090,False,2026-10-07T00:00:00Z,Troy Trojans,Southern Mississippi Golden Eagles,alternate_spread,away,17.5,-235,fanduel,0.6625723506077718,-0.03892018670566111,"10 market(s) allowlisted for NCAAF: moneyline, spread, total_points, alternate_spread, alternate_total_points, team_total, alternate_team_total, moneyline_h1, spread_h1, total_points_h1."
2026-10-06,401871090,False,2026-10-07T00:00:00Z,Troy Trojans,Southern Mississippi Golden Eagles,alternate_spread,away,16.5,-200,fanduel,0.633003749121052,-0.03366291754561468,"10 market(s) allowlisted for NCAAF: moneyline, spread, total_points, alternate_spread, alternate_total_points, team_total, alternate_team_total, moneyline_h1, spread_h1, total_points_h1."
2026-10-06,401871090,False,2026-10-07T00:00:00Z,Troy Trojans,Southern Mississippi Golden Eagles,alternate_spread,away,15.5,-186,fanduel,0.6171087533533289,-0.03324089699632138,"10 market(s) allowlisted for NCAAF: moneyline, spread, total_points, alternate_spread, alternate_total_points, team_total, alternate_team_total, moneyline_h1, spread_h1, total_points_h1."
2026-10-06,401871090,False,2026-10-07T00:00:00Z,Troy Trojans,Southern Mississippi Golden Eagles,alternate_spread,away,14.5,-174,fanduel,0.5903595887646487,-0.0446769075857163,"10 market(s) allowlisted for NCAAF: moneyline, spread, total_points, alternate_spread, alternate_total_points, team_total, alternate_team_total, moneyline_h1, spread_h1, total_points_h1."
2026-10-06,401871090,False,2026-10-07T00:00:00Z,Troy Trojans,Southern Mississippi Golden Eagles,alternate_spread,away,13.5,-146,fanduel,0.5535789045273953,-0.03991703043195427,"10 market(s) allowlisted for NCAAF: moneyline, spread, total_points, alternate_spread, alternate_total_points, team_total, alternate_team_total, moneyline_h1, spread_h1, total_points_h1."
2026-10-06,401871090,False,2026-10-07T00:00:00Z,Troy Trojans,Southern Mississippi Golden Eagles,alternate_spread,away,12.5,-136,fanduel,0.5367662978015562,-0.03950488863912183,"10 market(s) allowlisted for NCAAF: moneyline, spread, total_points, alternate_spread, alternate_total_points, team_total, alternate_team_total, moneyline_h1, spread_h1, total_points_h1."
2026-10-06,401871090,False,2026-10-07T00:00:00Z,Troy Trojans,Southern Mississippi Golden Eagles,alternate_spread,away,11.5,-122,fanduel,0.5203894538950394,-0.029160095654510165,"10 market(s) allowlisted for NCAAF: moneyline, spread, total_points, alternate_spread, alternate_total_points, team_total, alternate_team_total, moneyline_h1, spread_h1, total_points_h1."
2026-10-06,401871090,False,2026-10-07T00:00:00Z,Troy Trojans,Southern Mississippi Golden Eagles,alternate_spread,away,10.5,-113,fanduel,0.49999997661989454,-0.030516455304988088,"10 market(s) allowlisted for NCAAF: moneyline, spread, total_points, alternate_spread, alternate_total_points, team_total, alternate_team_total, moneyline_h1, spread_h1, total_points_h1."
2026-10-06,401871090,False,2026-10-07T00:00:00Z,Troy Trojans,Southern Mississippi Golden Eagles,alternate_spread,away,9.5,104,fanduel,0.4561878968535166,-0.034008181577855956,"10 market(s) allowlisted for NCAAF: moneyline, spread, total_points, alternate_spread, alternate_total_points, team_total, alternate_team_total, moneyline_h1, spread_h1, total_points_h1."
2026-10-06,401871090,False,2026-10-07T00:00:00Z,Troy Trojans,Southern Mississippi Golden Eagles,alternate_spread,away,8.5,110,fanduel,0.43829335910238604,-0.037897117088090126,"10 market(s) allowlisted for NCAAF: moneyline, spread, total_points, alternate_spread, alternate_total_points, team_total, alternate_team_total, moneyline_h1, spread_h1, total_points_h1."
2026-10-06,401871090,False,2026-10-07T00:00:00Z,Troy Trojans,Southern Mississippi Golden Eagles,alternate_spread,away,7.5,120,fanduel,0.4167628372505691,-0.03778261729488541,"10 market(s) allowlisted for NCAAF: moneyline, spread, total_points, alternate_spread, alternate_total_points, team_total, alternate_team_total, moneyline_h1, spread_h1, total_points_h1."
2026-10-06,401871090,False,2026-10-07T00:00:00Z,Troy Trojans,Southern Mississippi Golden Eagles,alternate_spread,away,6.5,152,fanduel,0.36977560647886465,-0.027049790346532154,"10 market(s) allowlisted for NCAAF: moneyline, spread, total_points, alternate_spread, alternate_total_points, team_total, alternate_team_total, moneyline_h1, spread_h1, total_points_h1."
2026-10-06,401871090,False,2026-10-07T00:00:00Z,Troy Trojans,Southern Mississippi Golden Eagles,alternate_spread,away,5.5,168,fanduel,0.3521328516326502,-0.0210014767255588,"10 market(s) allowlisted for NCAAF: moneyline, spread, total_points, alternate_spread, alternate_total_points, team_total, alternate_team_total, moneyline_h1, spread_h1, total_points_h1."
2026-10-06,401871090,False,2026-10-07T00:00:00Z,Troy Trojans,Southern Mississippi Golden Eagles,alternate_spread,away,4.5,186,fanduel,0.33736360903974866,-0.012286740610600977,"10 market(s) allowlisted for NCAAF: moneyline, spread, total_points, alternate_spread, alternate_total_points, team_total, alternate_team_total, moneyline_h1, spread_h1, total_points_h1."
2026-10-06,401871090,False,2026-10-07T00:00:00Z,Troy Trojans,Southern Mississippi Golden Eagles,alternate_spread,away,3.5,210,fanduel,0.30877164404220364,-0.013809001119086672,"10 market(s) allowlisted for NCAAF: moneyline, spread, total_points, alternate_spread, alternate_total_points, team_total, alternate_team_total, moneyline_h1, spread_h1, total_points_h1."
2026-10-06,401871090,False,2026-10-07T00:00:00Z,Troy Trojans,Southern Mississippi Golden Eagles,alternate_spread,away,2.5,260,fanduel,0.26790828306261527,-0.009869494715162519,"10 market(s) allowlisted for NCAAF: moneyline, spread, total_points, alternate_spread, alternate_total_points, team_total, alternate_team_total, moneyline_h1, spread_h1, total_points_h1."
2026-10-06,401871090,False,2026-10-07T00:00:00Z,Troy Trojans,Southern Mississippi Golden Eagles,alternate_spread,away,1.5,285,fanduel,0.24425520885904095,-0.015485050881218765,"10 market(s) allowlisted for NCAAF: moneyline, spread, total_points, alternate_spread, alternate_total_points, team_total, alternate_team_total, moneyline_h1, spread_h1, total_points_h1."
2026-10-06,401871090,False,2026-10-07T00:00:00Z,Troy Trojans,Southern Mississippi Golden Eagles,alternate_spread,away,-1.5,340,fanduel,0.21164691092365426,-0.015625816349073007,"10 market(s) allowlisted for NCAAF: moneyline, spread, total_points, alternate_spread, alternate_total_points, team_total, alternate_team_total, moneyline_h1, spread_h1, total_points_h1."
2026-10-06,401871090,False,2026-10-07T00:00:00Z,Troy Trojans,Southern Mississippi Golden Eagles,alternate_spread,away,-2.5,360,fanduel,0.19571591988305817,-0.02167538446476791,"10 market(s) allowlisted for NCAAF: moneyline, spread, total_points, alternate_spread, alternate_total_points, team_total, alternate_team_total, moneyline_h1, spread_h1, total_points_h1."
2026-10-06,401871090,False,2026-10-07T00:00:00Z,Troy Trojans,Southern Mississippi Golden Eagles,alternate_spread,away,-3.5,470,fanduel,0.16241323896514417,-0.013025357526083886,"10 market(s) allowlisted for NCAAF: moneyline, spread, total_points, alternate_spread, alternate_total_points, team_total, alternate_team_total, moneyline_h1, spread_h1, total_points_h1."
2026-10-06,401871090,False,2026-10-07T00:00:00Z,Troy Trojans,Southern Mississippi Golden Eagles,alternate_spread,away,-4.5,520,fanduel,0.1483079496247639,-0.012982372955881255,"10 market(s) allowlisted for NCAAF: moneyline, spread, total_points, alternate_spread, alternate_total_points, team_total, alternate_team_total, moneyline_h1, spread_h1, total_points_h1."
2026-10-06,401871090,False,2026-10-07T00:00:00Z,Troy Trojans,Southern Mississippi Golden Eagles,alternate_spread,away,-5.5,560,fanduel,0.13702095578213763,-0.014494195733013887,"10 market(s) allowlisted for NCAAF: moneyline, spread, total_points, alternate_spread, alternate_total_points, team_total, alternate_team_total, moneyline_h1, spread_h1, total_points_h1."
2026-10-06,401871090,False,2026-10-07T00:00:00Z,Troy Trojans,Southern Mississippi Golden Eagles,alternate_spread,away,-6.5,630,fanduel,0.1291263993953774,-0.007859901974485606,"10 market(s) allowlisted for NCAAF: moneyline, spread, total_points, alternate_spread, alternate_total_points, team_total, alternate_team_total, moneyline_h1, spread_h1, total_points_h1."
2026-10-06,401871090,False,2026-10-07T00:00:00Z,Troy Trojans,Southern Mississippi Golden Eagles,alternate_spread,away,-7.5,830,fanduel,0.0993800132145812,-0.008146868505848906,"10 market(s) allowlisted for NCAAF: moneyline, spread, total_points, alternate_spread, alternate_total_points, team_total, alternate_team_total, moneyline_h1, spread_h1, total_points_h1."
2026-10-06,401871090,False,2026-10-07T00:00:00Z,Troy Trojans,Southern Mississippi Golden Eagles,alternate_spread,away,-8.5,900,fanduel,0.08334360715347644,-0.016656392846523566,"10 market(s) allowlisted for NCAAF: moneyline, spread, total_points, alternate_spread, alternate_total_points, team_total, alternate_team_total, moneyline_h1, spread_h1, total_points_h1."
2026-10-06,401871090,False,2026-10-07T00:00:00Z,Troy Trojans,Southern Mississippi Golden Eagles,alternate_spread,away,-9.5,900,fanduel,0.07603740871636812,-0.023962591283631887,"10 market(s) allowlisted for NCAAF: moneyline, spread, total_points, alternate_spread, alternate_total_points, team_total, alternate_team_total, moneyline_h1, spread_h1, total_points_h1."
2026-10-06,401871090,False,2026-10-07T00:00:00Z,Troy Trojans,Southern Mississippi Golden Eagles,alternate_spread,away,-10.5,1060,fanduel,0.061472812345733055,-0.02473408420599109,"10 market(s) allowlisted for NCAAF: moneyline, spread, total_points, alternate_spread, alternate_total_points, team_total, alternate_team_total, moneyline_h1, spread_h1, total_points_h1."
2026-10-06,401871090,False,2026-10-07T00:00:00Z,Troy Trojans,Southern Mississippi Golden Eagles,alternate_spread,away,-11.5,1100,fanduel,0.05757624284088515,-0.025757090492448176,"10 market(s) allowlisted for NCAAF: moneyline, spread, total_points, alternate_spread, alternate_total_points, team_total, alternate_team_total, moneyline_h1, spread_h1, total_points_h1."
2026-10-06,401871090,False,2026-10-07T00:00:00Z,Troy Trojans,Southern Mississippi Golden Eagles,alternate_spread,away,-12.5,1100,fanduel,0.05315932726725925,-0.03017400606607408,"10 market(s) allowlisted for NCAAF: moneyline, spread, total_points, alternate_spread, alternate_total_points, team_total, alternate_team_total, moneyline_h1, spread_h1, total_points_h1."
2026-10-06,401871090,False,2026-10-07T00:00:00Z,Troy Trojans,Southern Mississippi Golden Eagles,alternate_spread,away,-13.5,1300,fanduel,0.048352309662828545,-0.02307626176574288,"10 market(s) allowlisted for NCAAF: moneyline, spread, total_points, alternate_spread, alternate_total_points, team_total, alternate_team_total, moneyline_h1, spread_h1, total_points_h1."
2026-10-06,401871090,False,2026-10-07T00:00:00Z,Troy Trojans,Southern Mississippi Golden Eagles,alternate_spread,away,-14.5,1400,fanduel,0.04250920757395571,-0.024157459092710956,"10 market(s) allowlisted for NCAAF: moneyline, spread, total_points, alternate_spread, alternate_total_points, team_total, alternate_team_total, moneyline_h1, spread_h1, total_points_h1."
2026-10-06,401871090,False,2026-10-07T00:00:00Z,Troy Trojans,Southern Mississippi Golden Eagles,alternate_spread,away,-15.5,1400,fanduel,0.037165456486968194,-0.02950121017969847,"10 market(s) allowlisted for NCAAF: moneyline, spread, total_points, alternate_spread, alternate_total_points, team_total, alternate_team_total, moneyline_h1, spread_h1, total_points_h1."
2026-10-06,401871090,False,2026-10-07T00:00:00Z,Troy Trojans,Southern Mississippi Golden Eagles,alternate_spread,home,-36.5,1300,fanduel,0.04956216841438203,-0.021866403014189392,"10 market(s) allowlisted for NCAAF: moneyline, spread, total_points, alternate_spread, alternate_total_points, team_total, alternate_team_total, moneyline_h1, spread_h1, total_points_h1."
2026-10-06,401871090,False,2026-10-07T00:00:00Z,Troy Trojans,Southern Mississippi Golden Eagles,alternate_spread,home,-35.5,1200,fanduel,0.05238632493488555,-0.02453675198819138,"10 market(s) allowlisted for NCAAF: moneyline, spread, total_points, alternate_spread, alternate_total_points, team_total, alternate_team_total, moneyline_h1, spread_h1, total_points_h1."
2026-10-06,401871090,False,2026-10-07T00:00:00Z,Troy Trojans,Southern Mississippi Golden Eagles,alternate_spread,home,-34.5,1060,fanduel,0.06773838681287453,-0.018468509738849614,"10 market(s) allowlisted for NCAAF: moneyline, spread, total_points, alternate_spread, alternate_total_points, team_total, alternate_team_total, moneyline_h1, spread_h1, total_points_h1."
2026-10-06,401871090,False,2026-10-07T00:00:00Z,Troy Trojans,Southern Mississippi Golden Eagles,alternate_spread,home,-33.5,900,fanduel,0.07651050600190219,-0.023489493998097813,"10 market(s) allowlisted for NCAAF: moneyline, spread, total_points, alternate_spread, alternate_total_points, team_total, alternate_team_total, moneyline_h1, spread_h1, total_points_h1."
2026-10-06,401871090,False,2026-10-07T00:00:00Z,Troy Trojans,Southern Mississippi Golden Eagles,alternate_spread,home,-32.5,900,fanduel,0.08629435083420195,-0.013705649165798056,"10 market(s) allowlisted for NCAAF: moneyline, spread, total_points, alternate_spread, alternate_total_points, team_total, alternate_team_total, moneyline_h1, spread_h1, total_points_h1."
2026-10-06,401871090,False,2026-10-07T00:00:00Z,Troy Trojans,Southern Mississippi Golden Eagles,alternate_spread,home,-31.5,800,fanduel,0.10230539702524082,-0.00880571408587029,"10 market(s) allowlisted for NCAAF: moneyline, spread, total_points, alternate_spread, alternate_total_points, team_total, alternate_team_total, moneyline_h1, spread_h1, total_points_h1."
2026-10-06,401871090,False,2026-10-07T00:00:00Z,Troy Trojans,Southern Mississippi Golden Eagles,alternate_spread,home,-30.5,680,fanduel,0.12068832196075104,-0.007516806244377158,"10 market(s) allowlisted for NCAAF: moneyline, spread, total_points, alternate_spread, alternate_total_points, team_total, alternate_team_total, moneyline_h1, spread_h1, total_points_h1."
2026-10-06,401871090,False,2026-10-07T00:00:00Z,Troy Trojans,Southern Mississippi Golden Eagles,alternate_spread,home,-29.5,630,fanduel,0.13110882134312815,-0.005877480026734855,"10 market(s) allowlisted for NCAAF: moneyline, spread, total_points, alternate_spread, alternate_total_points, team_total, alternate_team_total, moneyline_h1, spread_h1, total_points_h1."
2026-10-06,401871090,False,2026-10-07T00:00:00Z,Troy Trojans,Southern Mississippi Golden Eagles,alternate_spread,home,-28.5,600,fanduel,0.14307559872060008,0.00021845586345722867,"10 market(s) allowlisted for NCAAF: moneyline, spread, total_points, alternate_spread, alternate_total_points, team_total, alternate_team_total, moneyline_h1, spread_h1, total_points_h1."
2026-10-06,401871090,False,2026-10-07T00:00:00Z,Troy Trojans,Southern Mississippi Golden Eagles,alternate_spread,home,-27.5,500,fanduel,0.16453940659402363,-0.0021272600726430224,"10 market(s) allowlisted for NCAAF: moneyline, spread, total_points, alternate_spread, alternate_total_points, team_total, alternate_team_total, moneyline_h1, spread_h1, total_points_h1."
2026-10-06,401871090,False,2026-10-07T00:00:00Z,Troy Trojans,Southern Mississippi Golden Eagles,alternate_spread,home,-26.5,450,fanduel,0.18276344813493792,0.0009452663167560937,"10 market(s) allowlisted for NCAAF: moneyline, spread, total_points, alternate_spread, alternate_total_points, team_total, alternate_team_total, moneyline_h1, spread_h1, total_points_h1."
2026-10-06,401871090,False,2026-10-07T00:00:00Z,Troy Trojans,Southern Mississippi Golden Eagles,alternate_spread,home,-25.5,420,fanduel,0.19057002748993293,-0.0017376648177593879,"10 market(s) allowlisted for NCAAF: moneyline, spread, total_points, alternate_spread, alternate_total_points, team_total, alternate_team_total, moneyline_h1, spread_h1, total_points_h1."
2026-10-06,401871090,False,2026-10-07T00:00:00Z,Troy Trojans,Southern Mississippi Golden Eagles,alternate_spread,home,-24.5,360,fanduel,0.21335780009024793,-0.004033504257578147,"10 market(s) allowlisted for NCAAF: moneyline, spread, total_points, alternate_spread, alternate_total_points, team_total, alternate_team_total, moneyline_h1, spread_h1, total_points_h1."
2026-10-06,401871090,False,2026-10-07T00:00:00Z,Troy Trojans,Southern Mississippi Golden Eagles,alternate_spread,home,-23.5,320,fanduel,0.22990040892105476,-0.008194829174183321,"10 market(s) allowlisted for NCAAF: moneyline, spread, total_points, alternate_spread, alternate_total_points, team_total, alternate_team_total, moneyline_h1, spread_h1, total_points_h1."
2026-10-06,401871090,False,2026-10-07T00:00:00Z,Troy Trojans,Southern Mississippi Golden Eagles,alternate_spread,home,-22.5,300,fanduel,0.24312869070712576,-0.006871309292874245,"10 market(s) allowlisted for NCAAF: moneyline, spread, total_points, alternate_spread, alternate_total_points, team_total, alternate_team_total, moneyline_h1, spread_h1, total_points_h1."
2026-10-06,401871090,False,2026-10-07T00:00:00Z,Troy Trojans,Southern Mississippi Golden Eagles,alternate_spread,home,-21.5,285,fanduel,0.2610624911112682,0.0013222313710085087,"10 market(s) allowlisted for NCAAF: moneyline, spread, total_points, alternate_spread, alternate_total_points, team_total, alternate_team_total, moneyline_h1, spread_h1, total_points_h1."
2026-10-06,401871090,False,2026-10-07T00:00:00Z,Troy Trojans,Southern Mississippi Golden Eagles,alternate_spread,home,-20.5,235,fanduel,0.28639507839605916,-0.012112384290507983,"10 market(s) allowlisted for NCAAF: moneyline, spread, total_points, alternate_spread, alternate_total_points, team_total, alternate_team_total, moneyline_h1, spread_h1, total_points_h1."
2026-10-06,401871090,False,2026-10-07T00:00:00Z,Troy Trojans,Southern Mississippi Golden Eagles,alternate_spread,home,-19.5,220,fanduel,0.30435955017690697,-0.008140449823093032,"10 market(s) allowlisted for NCAAF: moneyline, spread, total_points, alternate_spread, alternate_total_points, team_total, alternate_team_total, moneyline_h1, spread_h1, total_points_h1."
2026-10-06,401871090,False,2026-10-07T00:00:00Z,Troy Trojans,Southern Mississippi Golden Eagles,alternate_spread,home,-18.5,200,fanduel,0.31890008911169687,-0.014433244221636443,"10 market(s) allowlisted for NCAAF: moneyline, spread, total_points, alternate_spread, alternate_total_points, team_total, alternate_team_total, moneyline_h1, spread_h1, total_points_h1."
2026-10-06,401871090,False,2026-10-07T00:00:00Z,Troy Trojans,Southern Mississippi Golden Eagles,alternate_spread,home,-17.5,180,fanduel,0.3374276493922284,-0.019715207750628738,"10 market(s) allowlisted for NCAAF: moneyline, spread, total_points, alternate_spread, alternate_total_points, team_total, alternate_team_total, moneyline_h1, spread_h1, total_points_h1."
2026-10-06,401871090,False,2026-10-07T00:00:00Z,Troy Trojans,Southern Mississippi Golden Eagles,alternate_spread,home,-16.5,154,fanduel,0.36699625087894816,-0.026704536522626665,"10 market(s) allowlisted for NCAAF: moneyline, spread, total_points, alternate_spread, alternate_total_points, team_total, alternate_team_total, moneyline_h1, spread_h1, total_points_h1."
2026-10-06,401871090,False,2026-10-07T00:00:00Z,Troy Trojans,Southern Mississippi Golden Eagles,alternate_spread,home,-15.5,144,fanduel,0.3828912466466712,-0.026944818927099323,"10 market(s) allowlisted for NCAAF: moneyline, spread, total_points, alternate_spread, alternate_total_points, team_total, alternate_team_total, moneyline_h1, spread_h1, total_points_h1."
2026-10-06,401871090,False,2026-10-07T00:00:00Z,Troy Trojans,Southern Mississippi Golden Eagles,alternate_spread,home,-14.5,136,fanduel,0.40964041123535133,-0.014088402323970683,"10 market(s) allowlisted for NCAAF: moneyline, spread, total_points, alternate_spread, alternate_total_points, team_total, alternate_team_total, moneyline_h1, spread_h1, total_points_h1."
2026-10-06,401871090,False,2026-10-07T00:00:00Z,Troy Trojans,Southern Mississippi Golden Eagles,alternate_spread,home,-13.5,114,fanduel,0.44642109547260467,-0.020868624153563553,"10 market(s) allowlisted for NCAAF: moneyline, spread, total_points, alternate_spread, alternate_total_points, team_total, alternate_team_total, moneyline_h1, spread_h1, total_points_h1."
2026-10-06,401871090,False,2026-10-07T00:00:00Z,Troy Trojans,Southern Mississippi Golden Eagles,alternate_spread,home,-12.5,106,fanduel,0.46323370219844384,-0.02220319100543966,"10 market(s) allowlisted for NCAAF: moneyline, spread, total_points, alternate_spread, alternate_total_points, team_total, alternate_team_total, moneyline_h1, spread_h1, total_points_h1."
2026-10-06,401871090,False,2026-10-07T00:00:00Z,Troy Trojans,Southern Mississippi Golden Eagles,alternate_spread,home,-11.5,-104,fanduel,0.4796105461049607,-0.03019337546366674,"10 market(s) allowlisted for NCAAF: moneyline, spread, total_points, alternate_spread, alternate_total_points, team_total, alternate_team_total, moneyline_h1, spread_h1, total_points_h1."
2026-10-06,401871090,False,2026-10-07T00:00:00Z,Troy Trojans,Southern Mississippi Golden Eagles,alternate_spread,home,-10.5,-113,fanduel,0.5000000233801055,-0.030516408544777107,"10 market(s) allowlisted for NCAAF: moneyline, spread, total_points, alternate_spread, alternate_total_points, team_total, alternate_team_total, moneyline_h1, spread_h1, total_points_h1."
2026-10-06,401871090,False,2026-10-07T00:00:00Z,Troy Trojans,Southern Mississippi Golden Eagles,alternate_spread,home,-9.5,-132,fanduel,0.5438121031464834,-0.02515341409489591,"10 market(s) allowlisted for NCAAF: moneyline, spread, total_points, alternate_spread, alternate_total_points, team_total, alternate_team_total, moneyline_h1, spread_h1, total_points_h1."
2026-10-06,401871090,False,2026-10-07T00:00:00Z,Troy Trojans,Southern Mississippi Golden Eagles,alternate_spread,home,-8.5,-140,fanduel,0.561706640897614,-0.021626692435719352,"10 market(s) allowlisted for NCAAF: moneyline, spread, total_points, alternate_spread, alternate_total_points, team_total, alternate_team_total, moneyline_h1, spread_h1, total_points_h1."
2026-10-06,401871090,False,2026-10-07T00:00:00Z,Troy Trojans,Southern Mississippi Golden Eagles,alternate_spread,home,-7.5,-154,fanduel,0.5832371627494309,-0.023062049848994293,"10 market(s) allowlisted for NCAAF: moneyline, spread, total_points, alternate_spread, alternate_total_points, team_total, alternate_team_total, moneyline_h1, spread_h1, total_points_h1."
2026-10-06,401871090,False,2026-10-07T00:00:00Z,Troy Trojans,Southern Mississippi Golden Eagles,alternate_spread,home,-6.5,-200,fanduel,0.6302243935211354,-0.03644227314553128,"10 market(s) allowlisted for NCAAF: moneyline, spread, total_points, alternate_spread, alternate_total_points, team_total, alternate_team_total, moneyline_h1, spread_h1, total_points_h1."
2026-10-06,401871090,False,2026-10-07T00:00:00Z,Troy Trojans,Southern Mississippi Golden Eagles,alternate_spread,home,-5.5,-220,fanduel,0.6478671483673499,-0.03963285163265007,"10 market(s) allowlisted for NCAAF: moneyline, spread, total_points, alternate_spread, alternate_total_points, team_total, alternate_team_total, moneyline_h1, spread_h1, total_points_h1."
2026-10-06,401871090,False,2026-10-07T00:00:00Z,Troy Trojans,Southern Mississippi Golden Eagles,alternate_spread,home,-4.5,-245,fanduel,0.6626363909602514,-0.04750853657598053,"10 market(s) allowlisted for NCAAF: moneyline, spread, total_points, alternate_spread, alternate_total_points, team_total, alternate_team_total, moneyline_h1, spread_h1, total_points_h1."
2026-10-06,401871090,False,2026-10-07T00:00:00Z,Troy Trojans,Southern Mississippi Golden Eagles,alternate_spread,home,-3.5,-280,fanduel,0.6912283559577963,-0.04561374930536155,"10 market(s) allowlisted for NCAAF: moneyline, spread, total_points, alternate_spread, alternate_total_points, team_total, alternate_team_total, moneyline_h1, spread_h1, total_points_h1."
2026-10-06,401871090,False,2026-10-07T00:00:00Z,Troy Trojans,Southern Mississippi Golden Eagles,alternate_spread,home,-2.5,-360,fanduel,0.7320917169373848,-0.05051697871478911,"10 market(s) allowlisted for NCAAF: moneyline, spread, total_points, alternate_spread, alternate_total_points, team_total, alternate_team_total, moneyline_h1, spread_h1, total_points_h1."
2026-10-06,401871090,False,2026-10-07T00:00:00Z,Troy Trojans,Southern Mississippi Golden Eagles,alternate_spread,home,-1.5,-400,fanduel,0.7557447911409592,-0.044255208859040884,"10 market(s) allowlisted for NCAAF: moneyline, spread, total_points, alternate_spread, alternate_total_points, team_total, alternate_team_total, moneyline_h1, spread_h1, total_points_h1."
2026-10-06,401871090,False,2026-10-07T00:00:00Z,Troy Trojans,Southern Mississippi Golden Eagles,alternate_spread,home,1.5,-500,fanduel,0.7883530890763457,-0.044980244256987656,"10 market(s) allowlisted for NCAAF: moneyline, spread, total_points, alternate_spread, alternate_total_points, team_total, alternate_team_total, moneyline_h1, spread_h1, total_points_h1."
2026-10-06,401871090,False,2026-10-07T00:00:00Z,Troy Trojans,Southern Mississippi Golden Eagles,alternate_spread,home,2.5,-530,fanduel,0.804284080116942,-0.03698576115289931,"10 market(s) allowlisted for NCAAF: moneyline, spread, total_points, alternate_spread, alternate_total_points, team_total, alternate_team_total, moneyline_h1, spread_h1, total_points_h1."
2026-10-06,401871090,False,2026-10-07T00:00:00Z,Troy Trojans,Southern Mississippi Golden Eagles,alternate_spread,home,3.5,-770,fanduel,0.837586761034856,-0.04747071022951188,"10 market(s) allowlisted for NCAAF: moneyline, spread, total_points, alternate_spread, alternate_total_points, team_total, alternate_team_total, moneyline_h1, spread_h1, total_points_h1."
2026-10-06,401871090,False,2026-10-07T00:00:00Z,Troy Trojans,Southern Mississippi Golden Eagles,alternate_spread,home,4.5,-900,fanduel,0.8516920503752363,-0.0483079496247637,"10 market(s) allowlisted for NCAAF: moneyline, spread, total_points, alternate_spread, alternate_total_points, team_total, alternate_team_total, moneyline_h1, spread_h1, total_points_h1."
2026-10-06,401871090,False,2026-10-07T00:00:00Z,Troy Trojans,Southern Mississippi Golden Eagles,alternate_spread,home,5.5,-1000,fanduel,0.8629790442178624,-0.04611186487304664,"10 market(s) allowlisted for NCAAF: moneyline, spread, total_points, alternate_spread, alternate_total_points, team_total, alternate_team_total, moneyline_h1, spread_h1, total_points_h1."
2026-10-06,401871090,False,2026-10-07T00:00:00Z,Troy Trojans,Southern Mississippi Golden Eagles,alternate_spread,home,6.5,-1200,fanduel,0.8708736006046227,-0.05220332247230042,"10 market(s) allowlisted for NCAAF: moneyline, spread, total_points, alternate_spread, alternate_total_points, team_total, alternate_team_total, moneyline_h1, spread_h1, total_points_h1."
2026-10-06,401871090,False,2026-10-07T00:00:00Z,Troy Trojans,Southern Mississippi Golden Eagles,alternate_spread,home,7.5,-2000,fanduel,0.900619986785419,-0.05176096559553334,"10 market(s) allowlisted for NCAAF: moneyline, spread, total_points, alternate_spread, alternate_total_points, team_total, alternate_team_total, moneyline_h1, spread_h1, total_points_h1."
2026-10-06,401871090,False,2026-10-07T00:00:00Z,Troy Trojans,Southern Mississippi Golden Eagles,alternate_spread,home,8.5,-2500,fanduel,0.9166563928465237,-0.04488206869193789,"10 market(s) allowlisted for NCAAF: moneyline, spread, total_points, alternate_spread, alternate_total_points, team_total, alternate_team_total, moneyline_h1, spread_h1, total_points_h1."
2026-10-06,401871090,False,2026-10-07T00:00:00Z,Troy Trojans,Southern Mississippi Golden Eagles,alternate_spread,home,9.5,-2500,fanduel,0.923962591283632,-0.03757587025482956,"10 market(s) allowlisted for NCAAF: moneyline, spread, total_points, alternate_spread, alternate_total_points, team_total, alternate_team_total, moneyline_h1, spread_h1, total_points_h1."
2026-10-06,401871090,False,2026-10-07T00:00:00Z,Troy Trojans,Southern Mississippi Golden Eagles,alternate_spread,home,10.5,-3500,fanduel,0.9385271876542671,-0.033695034567955084,"10 market(s) allowlisted for NCAAF: moneyline, spread, total_points, alternate_spread, alternate_total_points, team_total, alternate_team_total, moneyline_h1, spread_h1, total_points_h1."
2026-10-06,401871090,False,2026-10-07T00:00:00Z,Troy Trojans,Southern Mississippi Golden Eagles,alternate_spread,home,11.5,-4000,fanduel,0.942423757159115,-0.03318599893844598,"10 market(s) allowlisted for NCAAF: moneyline, spread, total_points, alternate_spread, alternate_total_points, team_total, alternate_team_total, moneyline_h1, spread_h1, total_points_h1."
2026-10-06,401871090,False,2026-10-07T00:00:00Z,Troy Trojans,Southern Mississippi Golden Eagles,alternate_spread,home,12.5,-4000,fanduel,0.9468406727327408,-0.028769083364820203,"10 market(s) allowlisted for NCAAF: moneyline, spread, total_points, alternate_spread, alternate_total_points, team_total, alternate_team_total, moneyline_h1, spread_h1, total_points_h1."
2026-10-06,401871090,False,2026-10-07T00:00:00Z,Troy Trojans,Southern Mississippi Golden Eagles,alternate_spread,home,13.5,-5000,fanduel,0.9516476903371716,-0.028744466525573498,"10 market(s) allowlisted for NCAAF: moneyline, spread, total_points, alternate_spread, alternate_total_points, team_total, alternate_team_total, moneyline_h1, spread_h1, total_points_h1."
2026-10-06,401871090,False,2026-10-07T00:00:00Z,Troy Trojans,Southern Mississippi Golden Eagles,alternate_spread,home,14.5,-6000,fanduel,0.9574907924260443,-0.02611576495100487,"10 market(s) allowlisted for NCAAF: moneyline, spread, total_points, alternate_spread, alternate_total_points, team_total, alternate_team_total, moneyline_h1, spread_h1, total_points_h1."
2026-10-06,401871090,False,2026-10-07T00:00:00Z,Troy Trojans,Southern Mississippi Golden Eagles,alternate_spread,home,15.5,-6000,fanduel,0.9628345435130319,-0.02077201386401728,"10 market(s) allowlisted for NCAAF: moneyline, spread, total_points, alternate_spread, alternate_total_points, team_total, alternate_team_total, moneyline_h1, spread_h1, total_points_h1."
2026-10-06,401871090,False,2026-10-07T00:00:00Z,Troy Trojans,Southern Mississippi Golden Eagles,alternate_total_points,over,20.5,-50000,fanduel,0.9878549717191003,-0.010149020296867706,"10 market(s) allowlisted for NCAAF: moneyline, spread, total_points, alternate_spread, alternate_total_points, team_total, alternate_team_total, moneyline_h1, spread_h1, total_points_h1."
2026-10-06,401871090,False,2026-10-07T00:00:00Z,Troy Trojans,Southern Mississippi Golden Eagles,alternate_total_points,over,21.5,-50000,fanduel,0.9835892533958428,-0.014414738620125211,"10 market(s) allowlisted for NCAAF: moneyline, spread, total_points, alternate_spread, alternate_total_points, team_total, alternate_team_total, moneyline_h1, spread_h1, total_points_h1."
2026-10-06,401871090,False,2026-10-07T00:00:00Z,Troy Trojans,Southern Mississippi Golden Eagles,alternate_total_points,over,22.5,-50000,fanduel,0.9807388890708291,-0.017265102945138944,"10 market(s) allowlisted for NCAAF: moneyline, spread, total_points, alternate_spread, alternate_total_points, team_total, alternate_team_total, moneyline_h1, spread_h1, total_points_h1."
2026-10-06,401871090,False,2026-10-07T00:00:00Z,Troy Trojans,Southern Mississippi Golden Eagles,alternate_total_points,over,23.5,-20000,fanduel,0.9761158197170228,-0.0189090559048678,"10 market(s) allowlisted for NCAAF: moneyline, spread, total_points, alternate_spread, alternate_total_points, team_total, alternate_team_total, moneyline_h1, spread_h1, total_points_h1."
2026-10-06,401871090,False,2026-10-07T00:00:00Z,Troy Trojans,Southern Mississippi Golden Eagles,alternate_total_points,over,24.5,-10000,fanduel,0.9700882973888766,-0.020010712512113504,"10 market(s) allowlisted for NCAAF: moneyline, spread, total_points, alternate_spread, alternate_total_points, team_total, alternate_team_total, moneyline_h1, spread_h1, total_points_h1."
2026-10-06,401871090,False,2026-10-07T00:00:00Z,Troy Trojans,Southern Mississippi Golden Eagles,alternate_total_points,over,25.5,-10000,fanduel,0.9682144173170495,-0.0218845925839406,"10 market(s) allowlisted for NCAAF: moneyline, spread, total_points, alternate_spread, alternate_total_points, team_total, alternate_team_total, moneyline_h1, spread_h1, total_points_h1."
2026-10-06,401871090,False,2026-10-07T00:00:00Z,Troy Trojans,Southern Mississippi Golden Eagles,alternate_total_points,over,26.5,-7000,fanduel,0.9659736120507286,-0.019941880907017873,"10 market(s) allowlisted for NCAAF: moneyline, spread, total_points, alternate_spread, alternate_total_points, team_total, alternate_team_total, moneyline_h1, spread_h1, total_points_h1."
2026-10-06,401871090,False,2026-10-07T00:00:00Z,Troy Trojans,Southern Mississippi Golden Eagles,alternate_total_points,over,27.5,-6000,fanduel,0.9574523926500594,-0.026154164726989726,"10 market(s) allowlisted for NCAAF: moneyline, spread, total_points, alternate_spread, alternate_total_points, team_total, alternate_team_total, moneyline_h1, spread_h1, total_points_h1."
2026-10-06,401871090,False,2026-10-07T00:00:00Z,Troy Trojans,Southern Mississippi Golden Eagles,alternate_total_points,over,28.5,-5000,fanduel,0.9529740862274386,-0.027418070635306435,"10 market(s) allowlisted for NCAAF: moneyline, spread, total_points, alternate_spread, alternate_total_points, team_total, alternate_team_total, moneyline_h1, spread_h1, total_points_h1."
2026-10-06,401871090,False,2026-10-07T00:00:00Z,Troy Trojans,Southern Mississippi Golden Eagles,alternate_total_points,over,29.5,-4500,fanduel,0.9464020048744965,-0.031858864690720856,"10 market(s) allowlisted for NCAAF: moneyline, spread, total_points, alternate_spread, alternate_total_points, team_total, alternate_team_total, moneyline_h1, spread_h1, total_points_h1."
2026-10-06,401871090,False,2026-10-07T00:00:00Z,Troy Trojans,Southern Mississippi Golden Eagles,alternate_total_points,over,30.5,-3000,fanduel,0.9318331395906448,-0.03590879589322615,"10 market(s) allowlisted for NCAAF: moneyline, spread, total_points, alternate_spread, alternate_total_points, team_total, alternate_team_total, moneyline_h1, spread_h1, total_points_h1."
2026-10-06,401871090,False,2026-10-07T00:00:00Z,Troy Trojans,Southern Mississippi Golden Eagles,alternate_total_points,over,31.5,-2200,fanduel,0.9175174659148316,-0.03900427321560318,"10 market(s) allowlisted for NCAAF: moneyline, spread, total_points, alternate_spread, alternate_total_points, team_total, alternate_team_total, moneyline_h1, spread_h1, total_points_h1."
2026-10-06,401871090,False,2026-10-07T00:00:00Z,Troy Trojans,Southern Mississippi Golden Eagles,alternate_total_points,over,32.5,-2000,fanduel,0.9111400947543794,-0.041240857626572924,"10 market(s) allowlisted for NCAAF: moneyline, spread, total_points, alternate_spread, alternate_total_points, team_total, alternate_team_total, moneyline_h1, spread_h1, total_points_h1."
2026-10-06,401871090,False,2026-10-07T00:00:00Z,Troy Trojans,Southern Mississippi Golden Eagles,alternate_total_points,over,33.5,-1600,fanduel,0.8950442567919147,-0.0461322137963206,"10 market(s) allowlisted for NCAAF: moneyline, spread, total_points, alternate_spread, alternate_total_points, team_total, alternate_team_total, moneyline_h1, spread_h1, total_points_h1."
2026-10-06,401871090,False,2026-10-07T00:00:00Z,Troy Trojans,Southern Mississippi Golden Eagles,alternate_total_points,over,34.5,-1100,fanduel,0.8787938615412355,-0.03787280512543112,"10 market(s) allowlisted for NCAAF: moneyline, spread, total_points, alternate_spread, alternate_total_points, team_total, alternate_team_total, moneyline_h1, spread_h1, total_points_h1."
2026-10-06,401871090,False,2026-10-07T00:00:00Z,Troy Trojans,Southern Mississippi Golden Eagles,alternate_total_points,over,35.5,-1000,fanduel,0.866414107878004,-0.04267680121290507,"10 market(s) allowlisted for NCAAF: moneyline, spread, total_points, alternate_spread, alternate_total_points, team_total, alternate_team_total, moneyline_h1, spread_h1, total_points_h1."
2026-10-06,401871090,False,2026-10-07T00:00:00Z,Troy Trojans,Southern Mississippi Golden Eagles,alternate_total_points,over,36.5,-850,fanduel,0.8558930017862266,-0.03884384031903654,"10 market(s) allowlisted for NCAAF: moneyline, spread, total_points, alternate_spread, alternate_total_points, team_total, alternate_team_total, moneyline_h1, spread_h1, total_points_h1."
2026-10-06,401871090,False,2026-10-07T00:00:00Z,Troy Trojans,Southern Mississippi Golden Eagles,alternate_total_points,over,37.5,-670,fanduel,0.8361684120185509,-0.03396145811131923,"10 market(s) allowlisted for NCAAF: moneyline, spread, total_points, alternate_spread, alternate_total_points, team_total, alternate_team_total, moneyline_h1, spread_h1, total_points_h1."
2026-10-06,401871090,False,2026-10-07T00:00:00Z,Troy Trojans,Southern Mississippi Golden Eagles,alternate_total_points,over,38.5,-530,fanduel,0.8095658484366843,-0.031703992833156946,"10 market(s) allowlisted for NCAAF: moneyline, spread, total_points, alternate_spread, alternate_total_points, team_total, alternate_team_total, moneyline_h1, spread_h1, total_points_h1."
2026-10-06,401871090,False,2026-10-07T00:00:00Z,Troy Trojans,Southern Mississippi Golden Eagles,alternate_total_points,over,39.5,-520,fanduel,0.799870713760439,-0.038838963658915926,"10 market(s) allowlisted for NCAAF: moneyline, spread, total_points, alternate_spread, alternate_total_points, team_total, alternate_team_total, moneyline_h1, spread_h1, total_points_h1."
2026-10-06,401871090,False,2026-10-07T00:00:00Z,Troy Trojans,Southern Mississippi Golden Eagles,alternate_total_points,over,40.5,-460,fanduel,0.7818077084572461,-0.03962086297132528,"10 market(s) allowlisted for NCAAF: moneyline, spread, total_points, alternate_spread, alternate_total_points, team_total, alternate_team_total, moneyline_h1, spread_h1, total_points_h1."
2026-10-06,401871090,False,2026-10-07T00:00:00Z,Troy Trojans,Southern Mississippi Golden Eagles,alternate_total_points,over,41.5,-370,fanduel,0.7518497002376628,-0.03538434231552867,"10 market(s) allowlisted for NCAAF: moneyline, spread, total_points, alternate_spread, alternate_total_points, team_total, alternate_team_total, moneyline_h1, spread_h1, total_points_h1."
2026-10-06,401871090,False,2026-10-07T00:00:00Z,Troy Trojans,Southern Mississippi Golden Eagles,alternate_total_points,over,42.5,-340,fanduel,0.7390825959369586,-0.03364467679031413,"10 market(s) allowlisted for NCAAF: moneyline, spread, total_points, alternate_spread, alternate_total_points, team_total, alternate_team_total, moneyline_h1, spread_h1, total_points_h1."
2026-10-06,401871090,False,2026-10-07T00:00:00Z,Troy Trojans,Southern Mississippi Golden Eagles,alternate_total_points,over,43.5,-310,fanduel,0.725836365034909,-0.030261195940700758,"10 market(s) allowlisted for NCAAF: moneyline, spread, total_points, alternate_spread, alternate_total_points, team_total, alternate_team_total, moneyline_h1, spread_h1, total_points_h1."
2026-10-06,401871090,False,2026-10-07T00:00:00Z,Troy Trojans,Southern Mississippi Golden Eagles,alternate_total_points,over,44.5,-265,fanduel,0.6953050095037486,-0.03072238775652536,"10 market(s) allowlisted for NCAAF: moneyline, spread, total_points, alternate_spread, alternate_total_points, team_total, alternate_team_total, moneyline_h1, spread_h1, total_points_h1."
2026-10-06,401871090,False,2026-10-07T00:00:00Z,Troy Trojans,Southern Mississippi Golden Eagles,alternate_total_points,over,45.5,-225,fanduel,0.6596770855135339,-0.03263060679415841,"10 market(s) allowlisted for NCAAF: moneyline, spread, total_points, alternate_spread, alternate_total_points, team_total, alternate_team_total, moneyline_h1, spread_h1, total_points_h1."
2026-10-06,401871090,False,2026-10-07T00:00:00Z,Troy Trojans,Southern Mississippi Golden Eagles,alternate_total_points,over,46.5,-210,fanduel,0.6426596870684056,-0.03475966777030404,"10 market(s) allowlisted for NCAAF: moneyline, spread, total_points, alternate_spread, alternate_total_points, team_total, alternate_team_total, moneyline_h1, spread_h1, total_points_h1."
2026-10-06,401871090,False,2026-10-07T00:00:00Z,Troy Trojans,Southern Mississippi Golden Eagles,alternate_total_points,over,47.5,-184,fanduel,0.6194220782729762,-0.028465245670685757,"10 market(s) allowlisted for NCAAF: moneyline, spread, total_points, alternate_spread, alternate_total_points, team_total, alternate_team_total, moneyline_h1, spread_h1, total_points_h1."
2026-10-06,401871090,False,2026-10-07T00:00:00Z,Troy Trojans,Southern Mississippi Golden Eagles,alternate_total_points,over,48.5,-162,fanduel,0.5889009090399843,-0.029419701647038665,"10 market(s) allowlisted for NCAAF: moneyline, spread, total_points, alternate_spread, alternate_total_points, team_total, alternate_team_total, moneyline_h1, spread_h1, total_points_h1."
2026-10-06,401871090,False,2026-10-07T00:00:00Z,Troy Trojans,Southern Mississippi Golden Eagles,alternate_total_points,over,49.5,-142,fanduel,0.5602955081468228,-0.026481351357309446,"10 market(s) allowlisted for NCAAF: moneyline, spread, total_points, alternate_spread, alternate_total_points, team_total, alternate_team_total, moneyline_h1, spread_h1, total_points_h1."
2026-10-06,401871090,False,2026-10-07T00:00:00Z,Troy Trojans,Southern Mississippi Golden Eagles,alternate_total_points,over,50.5,-130,fanduel,0.5375393987768339,-0.027677992527513906,"10 market(s) allowlisted for NCAAF: moneyline, spread, total_points, alternate_spread, alternate_total_points, team_total, alternate_team_total, moneyline_h1, spread_h1, total_points_h1."
2026-10-06,401871090,False,2026-10-07T00:00:00Z,Troy Trojans,Southern Mississippi Golden Eagles,alternate_total_points,over,51.5,-113,fanduel,0.5000000213343904,-0.03051641059049226,"10 market(s) allowlisted for NCAAF: moneyline, spread, total_points, alternate_spread, alternate_total_points, team_total, alternate_team_total, moneyline_h1, spread_h1, total_points_h1."
2026-10-06,401871090,False,2026-10-07T00:00:00Z,Troy Trojans,Southern Mississippi Golden Eagles,alternate_total_points,over,52.5,102,fanduel,0.4785799143193249,-0.01646959063117015,"10 market(s) allowlisted for NCAAF: moneyline, spread, total_points, alternate_spread, alternate_total_points, team_total, alternate_team_total, moneyline_h1, spread_h1, total_points_h1."
2026-10-06,401871090,False,2026-10-07T00:00:00Z,Troy Trojans,Southern Mississippi Golden Eagles,alternate_total_points,over,53.5,108,fanduel,0.46038656179159976,-0.020382668977631024,"10 market(s) allowlisted for NCAAF: moneyline, spread, total_points, alternate_spread, alternate_total_points, team_total, alternate_team_total, moneyline_h1, spread_h1, total_points_h1."
2026-10-06,401871090,False,2026-10-07T00:00:00Z,Troy Trojans,Southern Mississippi Golden Eagles,alternate_total_points,over,54.5,122,fanduel,0.4397562208976271,-0.010694229552823342,"10 market(s) allowlisted for NCAAF: moneyline, spread, total_points, alternate_spread, alternate_total_points, team_total, alternate_team_total, moneyline_h1, spread_h1, total_points_h1."
2026-10-06,401871090,False,2026-10-07T00:00:00Z,Troy Trojans,Southern Mississippi Golden Eagles,alternate_total_points,over,55.5,140,fanduel,0.407050445695053,-0.009616220971613687,"10 market(s) allowlisted for NCAAF: moneyline, spread, total_points, alternate_spread, alternate_total_points, team_total, alternate_team_total, moneyline_h1, spread_h1, total_points_h1."
2026-10-06,401871090,False,2026-10-07T00:00:00Z,Troy Trojans,Southern Mississippi Golden Eagles,alternate_total_points,over,56.5,150,fanduel,0.3829963768490221,-0.01700362315097792,"10 market(s) allowlisted for NCAAF: moneyline, spread, total_points, alternate_spread, alternate_total_points, team_total, alternate_team_total, moneyline_h1, spread_h1, total_points_h1."
2026-10-06,401871090,False,2026-10-07T00:00:00Z,Troy Trojans,Southern Mississippi Golden Eagles,alternate_total_points,over,57.5,164,fanduel,0.3606654228660665,-0.018122455921812275,"10 market(s) allowlisted for NCAAF: moneyline, spread, total_points, alternate_spread, alternate_total_points, team_total, alternate_team_total, moneyline_h1, spread_h1, total_points_h1."
2026-10-06,401871090,False,2026-10-07T00:00:00Z,Troy Trojans,Southern Mississippi Golden Eagles,alternate_total_points,over,58.5,186,fanduel,0.3345231483601712,-0.015127201290178416,"10 market(s) allowlisted for NCAAF: moneyline, spread, total_points, alternate_spread, alternate_total_points, team_total, alternate_team_total, moneyline_h1, spread_h1, total_points_h1."
2026-10-06,401871090,False,2026-10-07T00:00:00Z,Troy Trojans,Southern Mississippi Golden Eagles,alternate_total_points,over,59.5,210,fanduel,0.30918069334973775,-0.013399951811552568,"10 market(s) allowlisted for NCAAF: moneyline, spread, total_points, alternate_spread, alternate_total_points, team_total, alternate_team_total, moneyline_h1, spread_h1, total_points_h1."
2026-10-06,401871090,False,2026-10-07T00:00:00Z,Troy Trojans,Southern Mississippi Golden Eagles,alternate_total_points,over,60.5,220,fanduel,0.2970154583010732,-0.015484541698926824,"10 market(s) allowlisted for NCAAF: moneyline, spread, total_points, alternate_spread, alternate_total_points, team_total, alternate_team_total, moneyline_h1, spread_h1, total_points_h1."
2026-10-06,401871090,False,2026-10-07T00:00:00Z,Troy Trojans,Southern Mississippi Golden Eagles,alternate_total_points,over,61.5,240,fanduel,0.2754005703389285,-0.01871707671989503,"10 market(s) allowlisted for NCAAF: moneyline, spread, total_points, alternate_spread, alternate_total_points, team_total, alternate_team_total, moneyline_h1, spread_h1, total_points_h1."
2026-10-06,401871090,False,2026-10-07T00:00:00Z,Troy Trojans,Southern Mississippi Golden Eagles,alternate_total_points,over,62.5,265,fanduel,0.253513261556381,-0.020459341183345026,"10 market(s) allowlisted for NCAAF: moneyline, spread, total_points, alternate_spread, alternate_total_points, team_total, alternate_team_total, moneyline_h1, spread_h1, total_points_h1."
2026-10-06,401871090,False,2026-10-07T00:00:00Z,Troy Trojans,Southern Mississippi Golden Eagles,alternate_total_points,over,63.5,300,fanduel,0.2358309050202421,-0.014169094979757907,"10 market(s) allowlisted for NCAAF: moneyline, spread, total_points, alternate_spread, alternate_total_points, team_total, alternate_team_total, moneyline_h1, spread_h1, total_points_h1."
2026-10-06,401871090,False,2026-10-07T00:00:00Z,Troy Trojans,Southern Mississippi Golden Eagles,alternate_total_points,over,64.5,320,fanduel,0.22378088884545924,-0.01431434924977884,"10 market(s) allowlisted for NCAAF: moneyline, spread, total_points, alternate_spread, alternate_total_points, team_total, alternate_team_total, moneyline_h1, spread_h1, total_points_h1."
2026-10-06,401871090,False,2026-10-07T00:00:00Z,Troy Trojans,Southern Mississippi Golden Eagles,alternate_total_points,over,65.5,360,fanduel,0.20038076459406404,-0.017010539753762044,"10 market(s) allowlisted for NCAAF: moneyline, spread, total_points, alternate_spread, alternate_total_points, team_total, alternate_team_total, moneyline_h1, spread_h1, total_points_h1."
2026-10-06,401871090,False,2026-10-07T00:00:00Z,Troy Trojans,Southern Mississippi Golden Eagles,alternate_total_points,over,66.5,400,fanduel,0.1809323465469069,-0.01906765345309311,"10 market(s) allowlisted for NCAAF: moneyline, spread, total_points, alternate_spread, alternate_total_points, team_total, alternate_team_total, moneyline_h1, spread_h1, total_points_h1."
2026-10-06,401871090,False,2026-10-07T00:00:00Z,Troy Trojans,Southern Mississippi Golden Eagles,alternate_total_points,over,67.5,430,fanduel,0.16935544543027325,-0.019323799852745627,"10 market(s) allowlisted for NCAAF: moneyline, spread, total_points, alternate_spread, alternate_total_points, team_total, alternate_team_total, moneyline_h1, spread_h1, total_points_h1."
2026-10-06,401871090,False,2026-10-07T00:00:00Z,Troy Trojans,Southern Mississippi Golden Eagles,alternate_total_points,over,68.5,470,fanduel,0.1553415858415185,-0.020097010649709562,"10 market(s) allowlisted for NCAAF: moneyline, spread, total_points, alternate_spread, alternate_total_points, team_total, alternate_team_total, moneyline_h1, spread_h1, total_points_h1."
2026-10-06,401871090,False,2026-10-07T00:00:00Z,Troy Trojans,Southern Mississippi Golden Eagles,alternate_total_points,over,69.5,540,fanduel,0.13805390289333078,-0.018196097106669223,"10 market(s) allowlisted for NCAAF: moneyline, spread, total_points, alternate_spread, alternate_total_points, team_total, alternate_team_total, moneyline_h1, spread_h1, total_points_h1."
2026-10-06,401871090,False,2026-10-07T00:00:00Z,Troy Trojans,Southern Mississippi Golden Eagles,alternate_total_points,over,70.5,600,fanduel,0.12664767507600377,-0.016209467781139075,"10 market(s) allowlisted for NCAAF: moneyline, spread, total_points, alternate_spread, alternate_total_points, team_total, alternate_team_total, moneyline_h1, spread_h1, total_points_h1."
2026-10-06,401871090,False,2026-10-07T00:00:00Z,Troy Trojans,Southern Mississippi Golden Eagles,alternate_total_points,over,71.5,630,fanduel,0.11805360038370866,-0.01893270098615435,"10 market(s) allowlisted for NCAAF: moneyline, spread, total_points, alternate_spread, alternate_total_points, team_total, alternate_team_total, moneyline_h1, spread_h1, total_points_h1."
2026-10-06,401871090,False,2026-10-07T00:00:00Z,Troy Trojans,Southern Mississippi Golden Eagles,alternate_total_points,over,72.5,750,fanduel,0.10718712381598164,-0.010459935007547772,"10 market(s) allowlisted for NCAAF: moneyline, spread, total_points, alternate_spread, alternate_total_points, team_total, alternate_team_total, moneyline_h1, spread_h1, total_points_h1."
2026-10-06,401871090,False,2026-10-07T00:00:00Z,Troy Trojans,Southern Mississippi Golden Eagles,alternate_total_points,over,73.5,830,fanduel,0.09401969213040277,-0.013507189590027335,"10 market(s) allowlisted for NCAAF: moneyline, spread, total_points, alternate_spread, alternate_total_points, team_total, alternate_team_total, moneyline_h1, spread_h1, total_points_h1."
2026-10-06,401871090,False,2026-10-07T00:00:00Z,Troy Trojans,Southern Mississippi Golden Eagles,alternate_total_points,over,74.5,870,fanduel,0.08657792087436667,-0.01651486263078797,"10 market(s) allowlisted for NCAAF: moneyline, spread, total_points, alternate_spread, alternate_total_points, team_total, alternate_team_total, moneyline_h1, spread_h1, total_points_h1."
2026-10-06,401871090,False,2026-10-07T00:00:00Z,Troy Trojans,Southern Mississippi Golden Eagles,alternate_total_points,over,75.5,900,fanduel,0.0764603185590252,-0.023539681440974805,"10 market(s) allowlisted for NCAAF: moneyline, spread, total_points, alternate_spread, alternate_total_points, team_total, alternate_team_total, moneyline_h1, spread_h1, total_points_h1."
2026-10-06,401871090,False,2026-10-07T00:00:00Z,Troy Trojans,Southern Mississippi Golden Eagles,alternate_total_points,over,76.5,1060,fanduel,0.07138376514133227,-0.014823131410391877,"10 market(s) allowlisted for NCAAF: moneyline, spread, total_points, alternate_spread, alternate_total_points, team_total, alternate_team_total, moneyline_h1, spread_h1, total_points_h1."
2026-10-06,401871090,False,2026-10-07T00:00:00Z,Troy Trojans,Southern Mississippi Golden Eagles,alternate_total_points,over,77.5,1100,fanduel,0.06553461409212538,-0.017798719241207947,"10 market(s) allowlisted for NCAAF: moneyline, spread, total_points, alternate_spread, alternate_total_points, team_total, alternate_team_total, moneyline_h1, spread_h1, total_points_h1."
2026-10-06,401871090,False,2026-10-07T00:00:00Z,Troy Trojans,Southern Mississippi Golden Eagles,alternate_total_points,over,78.5,1100,fanduel,0.06262406638973546,-0.02070926694359787,"10 market(s) allowlisted for NCAAF: moneyline, spread, total_points, alternate_spread, alternate_total_points, team_total, alternate_team_total, moneyline_h1, spread_h1, total_points_h1."
2026-10-06,401871090,False,2026-10-07T00:00:00Z,Troy Trojans,Southern Mississippi Golden Eagles,alternate_total_points,over,79.5,1300,fanduel,0.05210901469954745,-0.019319556729023975,"10 market(s) allowlisted for NCAAF: moneyline, spread, total_points, alternate_spread, alternate_total_points, team_total, alternate_team_total, moneyline_h1, spread_h1, total_points_h1."
2026-10-06,401871090,False,2026-10-07T00:00:00Z,Troy Trojans,Southern Mississippi Golden Eagles,alternate_total_points,under,20.5,3500,fanduel,0.012145028280900121,-0.015632749496877655,"10 market(s) allowlisted for NCAAF: moneyline, spread, total_points, alternate_spread, alternate_total_points, team_total, alternate_team_total, moneyline_h1, spread_h1, total_points_h1."
2026-10-06,401871090,False,2026-10-07T00:00:00Z,Troy Trojans,Southern Mississippi Golden Eagles,alternate_total_points,under,21.5,3500,fanduel,0.016410746604157672,-0.011367031173620104,"10 market(s) allowlisted for NCAAF: moneyline, spread, total_points, alternate_spread, alternate_total_points, team_total, alternate_team_total, moneyline_h1, spread_h1, total_points_h1."
2026-10-06,401871090,False,2026-10-07T00:00:00Z,Troy Trojans,Southern Mississippi Golden Eagles,alternate_total_points,under,22.5,3000,fanduel,0.01926111092917124,-0.01299695358695779,"10 market(s) allowlisted for NCAAF: moneyline, spread, total_points, alternate_spread, alternate_total_points, team_total, alternate_team_total, moneyline_h1, spread_h1, total_points_h1."
2026-10-06,401871090,False,2026-10-07T00:00:00Z,Troy Trojans,Southern Mississippi Golden Eagles,alternate_total_points,under,23.5,2200,fanduel,0.023884180282977688,-0.01959408058658753,"10 market(s) allowlisted for NCAAF: moneyline, spread, total_points, alternate_spread, alternate_total_points, team_total, alternate_team_total, moneyline_h1, spread_h1, total_points_h1."
2026-10-06,401871090,False,2026-10-07T00:00:00Z,Troy Trojans,Southern Mississippi Golden Eagles,alternate_total_points,under,24.5,1800,fanduel,0.029911702611123824,-0.022719876336244595,"10 market(s) allowlisted for NCAAF: moneyline, spread, total_points, alternate_spread, alternate_total_points, team_total, alternate_team_total, moneyline_h1, spread_h1, total_points_h1."
2026-10-06,401871090,False,2026-10-07T00:00:00Z,Troy Trojans,Southern Mississippi Golden Eagles,alternate_total_points,under,25.5,1700,fanduel,0.03178558268295093,-0.02376997287260462,"10 market(s) allowlisted for NCAAF: moneyline, spread, total_points, alternate_spread, alternate_total_points, team_total, alternate_team_total, moneyline_h1, spread_h1, total_points_h1."
2026-10-06,401871090,False,2026-10-07T00:00:00Z,Troy Trojans,Southern Mississippi Golden Eagles,alternate_total_points,under,26.5,1500,fanduel,0.03402638794927185,-0.028473612050728153,"10 market(s) allowlisted for NCAAF: moneyline, spread, total_points, alternate_spread, alternate_total_points, team_total, alternate_team_total, moneyline_h1, spread_h1, total_points_h1."
2026-10-06,401871090,False,2026-10-07T00:00:00Z,Troy Trojans,Southern Mississippi Golden Eagles,alternate_total_points,under,27.5,1400,fanduel,0.04254760734994095,-0.024119059316725713,"10 market(s) allowlisted for NCAAF: moneyline, spread, total_points, alternate_spread, alternate_total_points, team_total, alternate_team_total, moneyline_h1, spread_h1, total_points_h1."
2026-10-06,401871090,False,2026-10-07T00:00:00Z,Troy Trojans,Southern Mississippi Golden Eagles,alternate_total_points,under,28.5,1300,fanduel,0.04702591377256177,-0.024402657656009658,"10 market(s) allowlisted for NCAAF: moneyline, spread, total_points, alternate_spread, alternate_total_points, team_total, alternate_team_total, moneyline_h1, spread_h1, total_points_h1."
2026-10-06,401871090,False,2026-10-07T00:00:00Z,Troy Trojans,Southern Mississippi Golden Eagles,alternate_total_points,under,29.5,1200,fanduel,0.05359799512550377,-0.023325081797573158,"10 market(s) allowlisted for NCAAF: moneyline, spread, total_points, alternate_spread, alternate_total_points, team_total, alternate_team_total, moneyline_h1, spread_h1, total_points_h1."
2026-10-06,401871090,False,2026-10-07T00:00:00Z,Troy Trojans,Southern Mississippi Golden Eagles,alternate_total_points,under,30.5,1000,fanduel,0.06816686040935557,-0.02274223049973534,"10 market(s) allowlisted for NCAAF: moneyline, spread, total_points, alternate_spread, alternate_total_points, team_total, alternate_team_total, moneyline_h1, spread_h1, total_points_h1."
2026-10-06,401871090,False,2026-10-07T00:00:00Z,Troy Trojans,Southern Mississippi Golden Eagles,alternate_total_points,under,31.5,870,fanduel,0.08248253408516873,-0.020610249419985904,"10 market(s) allowlisted for NCAAF: moneyline, spread, total_points, alternate_spread, alternate_total_points, team_total, alternate_team_total, moneyline_h1, spread_h1, total_points_h1."
2026-10-06,401871090,False,2026-10-07T00:00:00Z,Troy Trojans,Southern Mississippi Golden Eagles,alternate_total_points,under,32.5,830,fanduel,0.088859905245621,-0.01866697647480911,"10 market(s) allowlisted for NCAAF: moneyline, spread, total_points, alternate_spread, alternate_total_points, team_total, alternate_team_total, moneyline_h1, spread_h1, total_points_h1."
2026-10-06,401871090,False,2026-10-07T00:00:00Z,Troy Trojans,Southern Mississippi Golden Eagles,alternate_total_points,under,33.5,750,fanduel,0.1049557432080856,-0.012691315615443816,"10 market(s) allowlisted for NCAAF: moneyline, spread, total_points, alternate_spread, alternate_total_points, team_total, alternate_team_total, moneyline_h1, spread_h1, total_points_h1."
2026-10-06,401871090,False,2026-10-07T00:00:00Z,Troy Trojans,Southern Mississippi Golden Eagles,alternate_total_points,under,34.5,600,fanduel,0.12120613845876484,-0.021651004398378013,"10 market(s) allowlisted for NCAAF: moneyline, spread, total_points, alternate_spread, alternate_total_points, team_total, alternate_team_total, moneyline_h1, spread_h1, total_points_h1."
2026-10-06,401871090,False,2026-10-07T00:00:00Z,Troy Trojans,Southern Mississippi Golden Eagles,alternate_total_points,under,35.5,560,fanduel,0.13358589212199629,-0.017929259393155234,"10 market(s) allowlisted for NCAAF: moneyline, spread, total_points, alternate_spread, alternate_total_points, team_total, alternate_team_total, moneyline_h1, spread_h1, total_points_h1."
2026-10-06,401871090,False,2026-10-07T00:00:00Z,Troy Trojans,Southern Mississippi Golden Eagles,alternate_total_points,under,36.5,500,fanduel,0.1441069982137737,-0.02255966845289295,"10 market(s) allowlisted for NCAAF: moneyline, spread, total_points, alternate_spread, alternate_total_points, team_total, alternate_team_total, moneyline_h1, spread_h1, total_points_h1."
2026-10-06,401871090,False,2026-10-07T00:00:00Z,Troy Trojans,Southern Mississippi Golden Eagles,alternate_total_points,under,37.5,430,fanduel,0.16383158798144956,-0.02484765730156932,"10 market(s) allowlisted for NCAAF: moneyline, spread, total_points, alternate_spread, alternate_total_points, team_total, alternate_team_total, moneyline_h1, spread_h1, total_points_h1."
2026-10-06,401871090,False,2026-10-07T00:00:00Z,Troy Trojans,Southern Mississippi Golden Eagles,alternate_total_points,under,38.5,360,fanduel,0.19043415156331608,-0.026957152784509997,"10 market(s) allowlisted for NCAAF: moneyline, spread, total_points, alternate_spread, alternate_total_points, team_total, alternate_team_total, moneyline_h1, spread_h1, total_points_h1."
2026-10-06,401871090,False,2026-10-07T00:00:00Z,Troy Trojans,Southern Mississippi Golden Eagles,alternate_total_points,under,39.5,350,fanduel,0.20012928623956158,-0.022092935982660628,"10 market(s) allowlisted for NCAAF: moneyline, spread, total_points, alternate_spread, alternate_total_points, team_total, alternate_team_total, moneyline_h1, spread_h1, total_points_h1."
2026-10-06,401871090,False,2026-10-07T00:00:00Z,Troy Trojans,Southern Mississippi Golden Eagles,alternate_total_points,under,40.5,320,fanduel,0.21819229154275432,-0.019902946552483758,"10 market(s) allowlisted for NCAAF: moneyline, spread, total_points, alternate_spread, alternate_total_points, team_total, alternate_team_total, moneyline_h1, spread_h1, total_points_h1."
2026-10-06,401871090,False,2026-10-07T00:00:00Z,Troy Trojans,Southern Mississippi Golden Eagles,alternate_total_points,under,41.5,265,fanduel,0.24815029976233777,-0.025822302977388245,"10 market(s) allowlisted for NCAAF: moneyline, spread, total_points, alternate_spread, alternate_total_points, team_total, alternate_team_total, moneyline_h1, spread_h1, total_points_h1."
2026-10-06,401871090,False,2026-10-07T00:00:00Z,Troy Trojans,Southern Mississippi Golden Eagles,alternate_total_points,under,42.5,250,fanduel,0.260917404063042,-0.02479688165124372,"10 market(s) allowlisted for NCAAF: moneyline, spread, total_points, alternate_spread, alternate_total_points, team_total, alternate_team_total, moneyline_h1, spread_h1, total_points_h1."
2026-10-06,401871090,False,2026-10-07T00:00:00Z,Troy Trojans,Southern Mississippi Golden Eagles,alternate_total_points,under,43.5,230,fanduel,0.2741636349650916,-0.02886666806521143,"10 market(s) allowlisted for NCAAF: moneyline, spread, total_points, alternate_spread, alternate_total_points, team_total, alternate_team_total, moneyline_h1, spread_h1, total_points_h1."
2026-10-06,401871090,False,2026-10-07T00:00:00Z,Troy Trojans,Southern Mississippi Golden Eagles,alternate_total_points,under,44.5,200,fanduel,0.30469499049625215,-0.028638342837081165,"10 market(s) allowlisted for NCAAF: moneyline, spread, total_points, alternate_spread, alternate_total_points, team_total, alternate_team_total, moneyline_h1, spread_h1, total_points_h1."
2026-10-06,401871090,False,2026-10-07T00:00:00Z,Troy Trojans,Southern Mississippi Golden Eagles,alternate_total_points,under,45.5,172,fanduel,0.34032291448646684,-0.027324144337062595,"10 market(s) allowlisted for NCAAF: moneyline, spread, total_points, alternate_spread, alternate_total_points, team_total, alternate_team_total, moneyline_h1, spread_h1, total_points_h1."
2026-10-06,401871090,False,2026-10-07T00:00:00Z,Troy Trojans,Southern Mississippi Golden Eagles,alternate_total_points,under,46.5,162,fanduel,0.35734031293159507,-0.024339076381382052,"10 market(s) allowlisted for NCAAF: moneyline, spread, total_points, alternate_spread, alternate_total_points, team_total, alternate_team_total, moneyline_h1, spread_h1, total_points_h1."
2026-10-06,401871090,False,2026-10-07T00:00:00Z,Troy Trojans,Southern Mississippi Golden Eagles,alternate_total_points,under,47.5,142,fanduel,0.3805779217270244,-0.032645218768843354,"10 market(s) allowlisted for NCAAF: moneyline, spread, total_points, alternate_spread, alternate_total_points, team_total, alternate_team_total, moneyline_h1, spread_h1, total_points_h1."
2026-10-06,401871090,False,2026-10-07T00:00:00Z,Troy Trojans,Southern Mississippi Golden Eagles,alternate_total_points,under,48.5,126,fanduel,0.41109909096001646,-0.031378785146178256,"10 market(s) allowlisted for NCAAF: moneyline, spread, total_points, alternate_spread, alternate_total_points, team_total, alternate_team_total, moneyline_h1, spread_h1, total_points_h1."
2026-10-06,401871090,False,2026-10-07T00:00:00Z,Troy Trojans,Southern Mississippi Golden Eagles,alternate_total_points,under,49.5,112,fanduel,0.4397044918531777,-0.03199362135436945,"10 market(s) allowlisted for NCAAF: moneyline, spread, total_points, alternate_spread, alternate_total_points, team_total, alternate_team_total, moneyline_h1, spread_h1, total_points_h1."
2026-10-06,401871090,False,2026-10-07T00:00:00Z,Troy Trojans,Southern Mississippi Golden Eagles,alternate_total_points,under,50.5,102,fanduel,0.4624606012231667,-0.03258890372732837,"10 market(s) allowlisted for NCAAF: moneyline, spread, total_points, alternate_spread, alternate_total_points, team_total, alternate_team_total, moneyline_h1, spread_h1, total_points_h1."
2026-10-06,401871090,False,2026-10-07T00:00:00Z,Troy Trojans,Southern Mississippi Golden Eagles,alternate_total_points,under,51.5,-113,fanduel,0.4999999786656099,-0.030516453259272713,"10 market(s) allowlisted for NCAAF: moneyline, spread, total_points, alternate_spread, alternate_total_points, team_total, alternate_team_total, moneyline_h1, spread_h1, total_points_h1."
2026-10-06,401871090,False,2026-10-07T00:00:00Z,Troy Trojans,Southern Mississippi Golden Eagles,alternate_total_points,under,52.5,-130,fanduel,0.5214200856806752,-0.04379730562367257,"10 market(s) allowlisted for NCAAF: moneyline, spread, total_points, alternate_spread, alternate_total_points, team_total, alternate_team_total, moneyline_h1, spread_h1, total_points_h1."
2026-10-06,401871090,False,2026-10-07T00:00:00Z,Troy Trojans,Southern Mississippi Golden Eagles,alternate_total_points,under,53.5,-138,fanduel,0.5396134382084004,-0.04021849456470894,"10 market(s) allowlisted for NCAAF: moneyline, spread, total_points, alternate_spread, alternate_total_points, team_total, alternate_team_total, moneyline_h1, spread_h1, total_points_h1."
2026-10-06,401871090,False,2026-10-07T00:00:00Z,Troy Trojans,Southern Mississippi Golden Eagles,alternate_total_points,under,54.5,-156,fanduel,0.560243779102373,-0.049131220897627004,"10 market(s) allowlisted for NCAAF: moneyline, spread, total_points, alternate_spread, alternate_total_points, team_total, alternate_team_total, moneyline_h1, spread_h1, total_points_h1."
2026-10-06,401871090,False,2026-10-07T00:00:00Z,Troy Trojans,Southern Mississippi Golden Eagles,alternate_total_points,under,55.5,-180,fanduel,0.5929495543049471,-0.04990758855219579,"10 market(s) allowlisted for NCAAF: moneyline, spread, total_points, alternate_spread, alternate_total_points, team_total, alternate_team_total, moneyline_h1, spread_h1, total_points_h1."
2026-10-06,401871090,False,2026-10-07T00:00:00Z,Troy Trojans,Southern Mississippi Golden Eagles,alternate_total_points,under,56.5,-196,fanduel,0.6170036231509781,-0.04515853901118405,"10 market(s) allowlisted for NCAAF: moneyline, spread, total_points, alternate_spread, alternate_total_points, team_total, alternate_team_total, moneyline_h1, spread_h1, total_points_h1."
2026-10-06,401871090,False,2026-10-07T00:00:00Z,Troy Trojans,Southern Mississippi Golden Eagles,alternate_total_points,under,57.5,-215,fanduel,0.6393345771339336,-0.043205105405748956,"10 market(s) allowlisted for NCAAF: moneyline, spread, total_points, alternate_spread, alternate_total_points, team_total, alternate_team_total, moneyline_h1, spread_h1, total_points_h1."
2026-10-06,401871090,False,2026-10-07T00:00:00Z,Troy Trojans,Southern Mississippi Golden Eagles,alternate_total_points,under,58.5,-245,fanduel,0.6654768516398288,-0.04466807589640309,"10 market(s) allowlisted for NCAAF: moneyline, spread, total_points, alternate_spread, alternate_total_points, team_total, alternate_team_total, moneyline_h1, spread_h1, total_points_h1."
2026-10-06,401871090,False,2026-10-07T00:00:00Z,Troy Trojans,Southern Mississippi Golden Eagles,alternate_total_points,under,59.5,-280,fanduel,0.6908193066502623,-0.0460227986128956,"10 market(s) allowlisted for NCAAF: moneyline, spread, total_points, alternate_spread, alternate_total_points, team_total, alternate_team_total, moneyline_h1, spread_h1, total_points_h1."
2026-10-06,401871090,False,2026-10-07T00:00:00Z,Troy Trojans,Southern Mississippi Golden Eagles,alternate_total_points,under,60.5,-295,fanduel,0.7029845416989268,-0.0438509013390479,"10 market(s) allowlisted for NCAAF: moneyline, spread, total_points, alternate_spread, alternate_total_points, team_total, alternate_team_total, moneyline_h1, spread_h1, total_points_h1."
2026-10-06,401871090,False,2026-10-07T00:00:00Z,Troy Trojans,Southern Mississippi Golden Eagles,alternate_total_points,under,61.5,-330,fanduel,0.7245994296610714,-0.04284243080404493,"10 market(s) allowlisted for NCAAF: moneyline, spread, total_points, alternate_spread, alternate_total_points, team_total, alternate_team_total, moneyline_h1, spread_h1, total_points_h1."
2026-10-06,401871090,False,2026-10-07T00:00:00Z,Troy Trojans,Southern Mississippi Golden Eagles,alternate_total_points,under,62.5,-370,fanduel,0.7464867384436189,-0.04074730410957261,"10 market(s) allowlisted for NCAAF: moneyline, spread, total_points, alternate_spread, alternate_total_points, team_total, alternate_team_total, moneyline_h1, spread_h1, total_points_h1."
2026-10-06,401871090,False,2026-10-07T00:00:00Z,Troy Trojans,Southern Mississippi Golden Eagles,alternate_total_points,under,63.5,-430,fanduel,0.7641690949797578,-0.04715165973722335,"10 market(s) allowlisted for NCAAF: moneyline, spread, total_points, alternate_spread, alternate_total_points, team_total, alternate_team_total, moneyline_h1, spread_h1, total_points_h1."
2026-10-06,401871090,False,2026-10-07T00:00:00Z,Troy Trojans,Southern Mississippi Golden Eagles,alternate_total_points,under,64.5,-460,fanduel,0.7762191111545407,-0.04520946027403072,"10 market(s) allowlisted for NCAAF: moneyline, spread, total_points, alternate_spread, alternate_total_points, team_total, alternate_team_total, moneyline_h1, spread_h1, total_points_h1."
2026-10-06,401871090,False,2026-10-07T00:00:00Z,Troy Trojans,Southern Mississippi Golden Eagles,alternate_total_points,under,65.5,-530,fanduel,0.7996192354059358,-0.041650605863905454,"10 market(s) allowlisted for NCAAF: moneyline, spread, total_points, alternate_spread, alternate_total_points, team_total, alternate_team_total, moneyline_h1, spread_h1, total_points_h1."
2026-10-06,401871090,False,2026-10-07T00:00:00Z,Troy Trojans,Southern Mississippi Golden Eagles,alternate_total_points,under,66.5,-620,fanduel,0.819067653453093,-0.0420434576580182,"10 market(s) allowlisted for NCAAF: moneyline, spread, total_points, alternate_spread, alternate_total_points, team_total, alternate_team_total, moneyline_h1, spread_h1, total_points_h1."
2026-10-06,401871090,False,2026-10-07T00:00:00Z,Troy Trojans,Southern Mississippi Golden Eagles,alternate_total_points,under,67.5,-670,fanduel,0.8306445545697266,-0.03948531556014345,"10 market(s) allowlisted for NCAAF: moneyline, spread, total_points, alternate_spread, alternate_total_points, team_total, alternate_team_total, moneyline_h1, spread_h1, total_points_h1."
2026-10-06,401871090,False,2026-10-07T00:00:00Z,Troy Trojans,Southern Mississippi Golden Eagles,alternate_total_points,under,68.5,-770,fanduel,0.8446584141584814,-0.04039905710588643,"10 market(s) allowlisted for NCAAF: moneyline, spread, total_points, alternate_spread, alternate_total_points, team_total, alternate_team_total, moneyline_h1, spread_h1, total_points_h1."
2026-10-06,401871090,False,2026-10-07T00:00:00Z,Troy Trojans,Southern Mississippi Golden Eagles,alternate_total_points,under,69.5,-950,fanduel,0.861946097106669,-0.04281580765523574,"10 market(s) allowlisted for NCAAF: moneyline, spread, total_points, alternate_spread, alternate_total_points, team_total, alternate_team_total, moneyline_h1, spread_h1, total_points_h1."
2026-10-06,401871090,False,2026-10-07T00:00:00Z,Troy Trojans,Southern Mississippi Golden Eagles,alternate_total_points,under,70.5,-1100,fanduel,0.8733523249239961,-0.04331434174267057,"10 market(s) allowlisted for NCAAF: moneyline, spread, total_points, alternate_spread, alternate_total_points, team_total, alternate_team_total, moneyline_h1, spread_h1, total_points_h1."
2026-10-06,401871090,False,2026-10-07T00:00:00Z,Troy Trojans,Southern Mississippi Golden Eagles,alternate_total_points,under,71.5,-1200,fanduel,0.8819463996162912,-0.04113052346063195,"10 market(s) allowlisted for NCAAF: moneyline, spread, total_points, alternate_spread, alternate_total_points, team_total, alternate_team_total, moneyline_h1, spread_h1, total_points_h1."
2026-10-06,401871090,False,2026-10-07T00:00:00Z,Troy Trojans,Southern Mississippi Golden Eagles,alternate_total_points,under,72.5,-1600,fanduel,0.8928128761840182,-0.048363594404217114,"10 market(s) allowlisted for NCAAF: moneyline, spread, total_points, alternate_spread, alternate_total_points, team_total, alternate_team_total, moneyline_h1, spread_h1, total_points_h1."
2026-10-06,401871090,False,2026-10-07T00:00:00Z,Troy Trojans,Southern Mississippi Golden Eagles,alternate_total_points,under,73.5,-2000,fanduel,0.905980307869597,-0.04640064451135528,"10 market(s) allowlisted for NCAAF: moneyline, spread, total_points, alternate_spread, alternate_total_points, team_total, alternate_team_total, moneyline_h1, spread_h1, total_points_h1."
2026-10-06,401871090,False,2026-10-07T00:00:00Z,Troy Trojans,Southern Mississippi Golden Eagles,alternate_total_points,under,74.5,-2200,fanduel,0.9134220791256332,-0.04309966000480159,"10 market(s) allowlisted for NCAAF: moneyline, spread, total_points, alternate_spread, alternate_total_points, team_total, alternate_team_total, moneyline_h1, spread_h1, total_points_h1."
2026-10-06,401871090,False,2026-10-07T00:00:00Z,Troy Trojans,Southern Mississippi Golden Eagles,alternate_total_points,under,75.5,-2500,fanduel,0.9235396814409746,-0.03799878009748692,"10 market(s) allowlisted for NCAAF: moneyline, spread, total_points, alternate_spread, alternate_total_points, team_total, alternate_team_total, moneyline_h1, spread_h1, total_points_h1."
2026-10-06,401871090,False,2026-10-07T00:00:00Z,Troy Trojans,Southern Mississippi Golden Eagles,alternate_total_points,under,76.5,-3500,fanduel,0.9286162348586676,-0.04360598736355459,"10 market(s) allowlisted for NCAAF: moneyline, spread, total_points, alternate_spread, alternate_total_points, team_total, alternate_team_total, moneyline_h1, spread_h1, total_points_h1."
2026-10-06,401871090,False,2026-10-07T00:00:00Z,Troy Trojans,Southern Mississippi Golden Eagles,alternate_total_points,under,77.5,-4000,fanduel,0.9344653859078745,-0.04114437018968642,"10 market(s) allowlisted for NCAAF: moneyline, spread, total_points, alternate_spread, alternate_total_points, team_total, alternate_team_total, moneyline_h1, spread_h1, total_points_h1."
2026-10-06,401871090,False,2026-10-07T00:00:00Z,Troy Trojans,Southern Mississippi Golden Eagles,alternate_total_points,under,78.5,-4000,fanduel,0.9373759336102645,-0.038233822487296454,"10 market(s) allowlisted for NCAAF: moneyline, spread, total_points, alternate_spread, alternate_total_points, team_total, alternate_team_total, moneyline_h1, spread_h1, total_points_h1."
2026-10-06,401871090,False,2026-10-07T00:00:00Z,Troy Trojans,Southern Mississippi Golden Eagles,alternate_total_points,under,79.5,-5000,fanduel,0.9478909853004526,-0.032501171562292486,"10 market(s) allowlisted for NCAAF: moneyline, spread, total_points, alternate_spread, alternate_total_points, team_total, alternate_team_total, moneyline_h1, spread_h1, total_points_h1."
2026-10-06,401871090,False,2026-10-07T00:00:00Z,Troy Trojans,Southern Mississippi Golden Eagles,alternate_spread,away,-11.5,920,draftkings,0.05757624284088515,-0.040462972845389356,"10 market(s) allowlisted for NCAAF: moneyline, spread, total_points, alternate_spread, alternate_total_points, team_total, alternate_team_total, moneyline_h1, spread_h1, total_points_h1."
2026-10-06,401871090,False,2026-10-07T00:00:00Z,Troy Trojans,Southern Mississippi Golden Eagles,alternate_spread,away,-10.5,870,draftkings,0.061472812345733055,-0.04161997115942158,"10 market(s) allowlisted for NCAAF: moneyline, spread, total_points, alternate_spread, alternate_total_points, team_total, alternate_team_total, moneyline_h1, spread_h1, total_points_h1."
2026-10-06,401871090,False,2026-10-07T00:00:00Z,Troy Trojans,Southern Mississippi Golden Eagles,alternate_spread,away,-9.5,760,draftkings,0.07603740871636812,-0.04024166105107374,"10 market(s) allowlisted for NCAAF: moneyline, spread, total_points, alternate_spread, alternate_total_points, team_total, alternate_team_total, moneyline_h1, spread_h1, total_points_h1."
2026-10-06,401871090,False,2026-10-07T00:00:00Z,Troy Trojans,Southern Mississippi Golden Eagles,alternate_spread,away,-8.5,720,draftkings,0.08334360715347644,-0.03860761235871868,"10 market(s) allowlisted for NCAAF: moneyline, spread, total_points, alternate_spread, alternate_total_points, team_total, alternate_team_total, moneyline_h1, spread_h1, total_points_h1."
2026-10-06,401871090,False,2026-10-07T00:00:00Z,Troy Trojans,Southern Mississippi Golden Eagles,alternate_spread,away,-7.5,680,draftkings,0.0993800132145812,-0.02882511499054699,"10 market(s) allowlisted for NCAAF: moneyline, spread, total_points, alternate_spread, alternate_total_points, team_total, alternate_team_total, moneyline_h1, spread_h1, total_points_h1."
2026-10-06,401871090,False,2026-10-07T00:00:00Z,Troy Trojans,Southern Mississippi Golden Eagles,alternate_spread,away,-6.5,558,draftkings,0.1291263993953774,-0.0228492844952001,"10 market(s) allowlisted for NCAAF: moneyline, spread, total_points, alternate_spread, alternate_total_points, team_total, alternate_team_total, moneyline_h1, spread_h1, total_points_h1."
2026-10-06,401871090,False,2026-10-07T00:00:00Z,Troy Trojans,Southern Mississippi Golden Eagles,alternate_spread,away,-5.5,509,draftkings,0.13702095578213763,-0.02718265669733691,"10 market(s) allowlisted for NCAAF: moneyline, spread, total_points, alternate_spread, alternate_total_points, team_total, alternate_team_total, moneyline_h1, spread_h1, total_points_h1."
2026-10-06,401871090,False,2026-10-07T00:00:00Z,Troy Trojans,Southern Mississippi Golden Eagles,alternate_spread,away,-4.5,467,draftkings,0.1483079496247639,-0.02805889340874579,"10 market(s) allowlisted for NCAAF: moneyline, spread, total_points, alternate_spread, alternate_total_points, team_total, alternate_team_total, moneyline_h1, spread_h1, total_points_h1."
2026-10-06,401871090,False,2026-10-07T00:00:00Z,Troy Trojans,Southern Mississippi Golden Eagles,alternate_spread,away,-3.5,430,draftkings,0.16241323896514417,-0.026266006317874707,"10 market(s) allowlisted for NCAAF: moneyline, spread, total_points, alternate_spread, alternate_total_points, team_total, alternate_team_total, moneyline_h1, spread_h1, total_points_h1."
2026-10-06,401871090,False,2026-10-07T00:00:00Z,Troy Trojans,Southern Mississippi Golden Eagles,alternate_spread,away,-2.5,346,draftkings,0.19571591988305817,-0.02849932675371314,"10 market(s) allowlisted for NCAAF: moneyline, spread, total_points, alternate_spread, alternate_total_points, team_total, alternate_team_total, moneyline_h1, spread_h1, total_points_h1."
2026-10-06,401871090,False,2026-10-07T00:00:00Z,Troy Trojans,Southern Mississippi Golden Eagles,alternate_spread,away,-1.5,317,draftkings,0.21164691092365426,-0.028161242553563975,"10 market(s) allowlisted for NCAAF: moneyline, spread, total_points, alternate_spread, alternate_total_points, team_total, alternate_team_total, moneyline_h1, spread_h1, total_points_h1."
2026-10-06,401871090,False,2026-10-07T00:00:00Z,Troy Trojans,Southern Mississippi Golden Eagles,alternate_spread,away,1.5,269,draftkings,0.24425520885904095,-0.026747501168059296,"10 market(s) allowlisted for NCAAF: moneyline, spread, total_points, alternate_spread, alternate_total_points, team_total, alternate_team_total, moneyline_h1, spread_h1, total_points_h1."
2026-10-06,401871090,False,2026-10-07T00:00:00Z,Troy Trojans,Southern Mississippi Golden Eagles,alternate_spread,away,2.5,247,draftkings,0.26790828306261527,-0.020276154977730554,"10 market(s) allowlisted for NCAAF: moneyline, spread, total_points, alternate_spread, alternate_total_points, team_total, alternate_team_total, moneyline_h1, spread_h1, total_points_h1."
2026-10-06,401871090,False,2026-10-07T00:00:00Z,Troy Trojans,Southern Mississippi Golden Eagles,alternate_spread,away,3.5,191,draftkings,0.30877164404220364,-0.034870967641645156,"10 market(s) allowlisted for NCAAF: moneyline, spread, total_points, alternate_spread, alternate_total_points, team_total, alternate_team_total, moneyline_h1, spread_h1, total_points_h1."
2026-10-06,401871090,False,2026-10-07T00:00:00Z,Troy Trojans,Southern Mississippi Golden Eagles,alternate_spread,away,4.5,173,draftkings,0.33736360903974866,-0.028936757260617618,"10 market(s) allowlisted for NCAAF: moneyline, spread, total_points, alternate_spread, alternate_total_points, team_total, alternate_team_total, moneyline_h1, spread_h1, total_points_h1."
2026-10-06,401871090,False,2026-10-07T00:00:00Z,Troy Trojans,Southern Mississippi Golden Eagles,alternate_spread,away,5.5,158,draftkings,0.3521328516326502,-0.035464047592156045,"10 market(s) allowlisted for NCAAF: moneyline, spread, total_points, alternate_spread, alternate_total_points, team_total, alternate_team_total, moneyline_h1, spread_h1, total_points_h1."
2026-10-06,401871090,False,2026-10-07T00:00:00Z,Troy Trojans,Southern Mississippi Golden Eagles,alternate_spread,away,6.5,144,draftkings,0.36977560647886465,-0.040060459094905854,"10 market(s) allowlisted for NCAAF: moneyline, spread, total_points, alternate_spread, alternate_total_points, team_total, alternate_team_total, moneyline_h1, spread_h1, total_points_h1."
2026-10-06,401871090,False,2026-10-07T00:00:00Z,Troy Trojans,Southern Mississippi Golden Eagles,alternate_spread,away,7.5,115,draftkings,0.4167628372505691,-0.04835344181919832,"10 market(s) allowlisted for NCAAF: moneyline, spread, total_points, alternate_spread, alternate_total_points, team_total, alternate_team_total, moneyline_h1, spread_h1, total_points_h1."
2026-10-06,401871090,False,2026-10-07T00:00:00Z,Troy Trojans,Southern Mississippi Golden Eagles,alternate_spread,away,8.5,106,draftkings,0.43829335910238604,-0.047143534101497464,"10 market(s) allowlisted for NCAAF: moneyline, spread, total_points, alternate_spread, alternate_total_points, team_total, alternate_team_total, moneyline_h1, spread_h1, total_points_h1."
2026-10-06,401871090,False,2026-10-07T00:00:00Z,Troy Trojans,Southern Mississippi Golden Eagles,alternate_spread,away,9.5,100,draftkings,0.4561878968535166,-0.04381210314648343,"10 market(s) allowlisted for NCAAF: moneyline, spread, total_points, alternate_spread, alternate_total_points, team_total, alternate_team_total, moneyline_h1, spread_h1, total_points_h1."
2026-10-06,401871090,False,2026-10-07T00:00:00Z,Troy Trojans,Southern Mississippi Golden Eagles,alternate_spread,away,11.5,-129,draftkings,0.5203894538950394,-0.04292932339753697,"10 market(s) allowlisted for NCAAF: moneyline, spread, total_points, alternate_spread, alternate_total_points, team_total, alternate_team_total, moneyline_h1, spread_h1, total_points_h1."
2026-10-06,401871090,False,2026-10-07T00:00:00Z,Troy Trojans,Southern Mississippi Golden Eagles,alternate_spread,away,12.5,-139,draftkings,0.5367662978015562,-0.044823660357439676,"10 market(s) allowlisted for NCAAF: moneyline, spread, total_points, alternate_spread, alternate_total_points, team_total, alternate_team_total, moneyline_h1, spread_h1, total_points_h1."
2026-10-06,401871090,False,2026-10-07T00:00:00Z,Troy Trojans,Southern Mississippi Golden Eagles,alternate_spread,away,13.5,-151,draftkings,0.5535789045273953,-0.04801472097061266,"10 market(s) allowlisted for NCAAF: moneyline, spread, total_points, alternate_spread, alternate_total_points, team_total, alternate_team_total, moneyline_h1, spread_h1, total_points_h1."
2026-10-06,401871090,False,2026-10-07T00:00:00Z,Troy Trojans,Southern Mississippi Golden Eagles,alternate_spread,away,14.5,-180,draftkings,0.5903595887646487,-0.052497554092494236,"10 market(s) allowlisted for NCAAF: moneyline, spread, total_points, alternate_spread, alternate_total_points, team_total, alternate_team_total, moneyline_h1, spread_h1, total_points_h1."
2026-10-06,401871090,False,2026-10-07T00:00:00Z,Troy Trojans,Southern Mississippi Golden Eagles,alternate_spread,away,15.5,-195,draftkings,0.6171087533533289,-0.043908195799213456,"10 market(s) allowlisted for NCAAF: moneyline, spread, total_points, alternate_spread, alternate_total_points, team_total, alternate_team_total, moneyline_h1, spread_h1, total_points_h1."
2026-10-06,401871090,False,2026-10-07T00:00:00Z,Troy Trojans,Southern Mississippi Golden Eagles,alternate_spread,away,16.5,-209,draftkings,0.633003749121052,-0.043371655409692345,"10 market(s) allowlisted for NCAAF: moneyline, spread, total_points, alternate_spread, alternate_total_points, team_total, alternate_team_total, moneyline_h1, spread_h1, total_points_h1."
2026-10-06,401871090,False,2026-10-07T00:00:00Z,Troy Trojans,Southern Mississippi Golden Eagles,alternate_spread,away,17.5,-245,draftkings,0.6625723506077718,-0.047572576928460175,"10 market(s) allowlisted for NCAAF: moneyline, spread, total_points, alternate_spread, alternate_total_points, team_total, alternate_team_total, moneyline_h1, spread_h1, total_points_h1."
2026-10-06,401871090,False,2026-10-07T00:00:00Z,Troy Trojans,Southern Mississippi Golden Eagles,alternate_spread,away,18.5,-275,draftkings,0.6810999108883032,-0.05223342244503004,"10 market(s) allowlisted for NCAAF: moneyline, spread, total_points, alternate_spread, alternate_total_points, team_total, alternate_team_total, moneyline_h1, spread_h1, total_points_h1."
2026-10-06,401871090,False,2026-10-07T00:00:00Z,Troy Trojans,Southern Mississippi Golden Eagles,alternate_spread,away,19.5,-302,draftkings,0.6956404498230931,-0.05560333127143424,"10 market(s) allowlisted for NCAAF: moneyline, spread, total_points, alternate_spread, alternate_total_points, team_total, alternate_team_total, moneyline_h1, spread_h1, total_points_h1."
2026-10-06,401871090,False,2026-10-07T00:00:00Z,Troy Trojans,Southern Mississippi Golden Eagles,alternate_spread,away,20.5,-335,draftkings,0.713604921603941,-0.056510020924794624,"10 market(s) allowlisted for NCAAF: moneyline, spread, total_points, alternate_spread, alternate_total_points, team_total, alternate_team_total, moneyline_h1, spread_h1, total_points_h1."
2026-10-06,401871090,False,2026-10-07T00:00:00Z,Troy Trojans,Southern Mississippi Golden Eagles,alternate_spread,away,21.5,-417,draftkings,0.7389375088887319,-0.0676388934323513,"10 market(s) allowlisted for NCAAF: moneyline, spread, total_points, alternate_spread, alternate_total_points, team_total, alternate_team_total, moneyline_h1, spread_h1, total_points_h1."
2026-10-06,401871090,False,2026-10-07T00:00:00Z,Troy Trojans,Southern Mississippi Golden Eagles,alternate_spread,away,22.5,-451,draftkings,0.7568713092928743,-0.06164048744033812,"10 market(s) allowlisted for NCAAF: moneyline, spread, total_points, alternate_spread, alternate_total_points, team_total, alternate_team_total, moneyline_h1, spread_h1, total_points_h1."
2026-10-06,401871090,False,2026-10-07T00:00:00Z,Troy Trojans,Southern Mississippi Golden Eagles,alternate_spread,away,23.5,-495,draftkings,0.7700995910789452,-0.06183318203029853,"10 market(s) allowlisted for NCAAF: moneyline, spread, total_points, alternate_spread, alternate_total_points, team_total, alternate_team_total, moneyline_h1, spread_h1, total_points_h1."
2026-10-06,401871090,False,2026-10-07T00:00:00Z,Troy Trojans,Southern Mississippi Golden Eagles,alternate_spread,away,24.5,-620,draftkings,0.786642199909752,-0.07446891120135912,"10 market(s) allowlisted for NCAAF: moneyline, spread, total_points, alternate_spread, alternate_total_points, team_total, alternate_team_total, moneyline_h1, spread_h1, total_points_h1."
2026-10-06,401871090,False,2026-10-07T00:00:00Z,Troy Trojans,Southern Mississippi Golden Eagles,alternate_spread,away,25.5,-730,draftkings,0.8094299725100671,-0.07008809977908947,"10 market(s) allowlisted for NCAAF: moneyline, spread, total_points, alternate_spread, alternate_total_points, team_total, alternate_team_total, moneyline_h1, spread_h1, total_points_h1."
2026-10-06,401871090,False,2026-10-07T00:00:00Z,Troy Trojans,Southern Mississippi Golden Eagles,alternate_spread,away,26.5,-800,draftkings,0.817236551865062,-0.07165233702382678,"10 market(s) allowlisted for NCAAF: moneyline, spread, total_points, alternate_spread, alternate_total_points, team_total, alternate_team_total, moneyline_h1, spread_h1, total_points_h1."
2026-10-06,401871090,False,2026-10-07T00:00:00Z,Troy Trojans,Southern Mississippi Golden Eagles,alternate_spread,away,27.5,-950,draftkings,0.8354605934059763,-0.06930131135592843,"10 market(s) allowlisted for NCAAF: moneyline, spread, total_points, alternate_spread, alternate_total_points, team_total, alternate_team_total, moneyline_h1, spread_h1, total_points_h1."
2026-10-06,401871090,False,2026-10-07T00:00:00Z,Troy Trojans,Southern Mississippi Golden Eagles,alternate_spread,away,28.5,-1260,draftkings,0.8569244012793998,-0.06954618695589432,"10 market(s) allowlisted for NCAAF: moneyline, spread, total_points, alternate_spread, alternate_total_points, team_total, alternate_team_total, moneyline_h1, spread_h1, total_points_h1."
2026-10-06,401871090,False,2026-10-07T00:00:00Z,Troy Trojans,Southern Mississippi Golden Eagles,alternate_spread,away,29.5,-1420,draftkings,0.8688911786568718,-0.06531934765891767,"10 market(s) allowlisted for NCAAF: moneyline, spread, total_points, alternate_spread, alternate_total_points, team_total, alternate_team_total, moneyline_h1, spread_h1, total_points_h1."
2026-10-06,401871090,False,2026-10-07T00:00:00Z,Troy Trojans,Southern Mississippi Golden Eagles,alternate_spread,away,30.5,-1660,draftkings,0.8793116780392489,-0.06387014014256931,"10 market(s) allowlisted for NCAAF: moneyline, spread, total_points, alternate_spread, alternate_total_points, team_total, alternate_team_total, moneyline_h1, spread_h1, total_points_h1."
2026-10-06,401871090,False,2026-10-07T00:00:00Z,Troy Trojans,Southern Mississippi Golden Eagles,alternate_spread,away,31.5,-2400,draftkings,0.8976946029747591,-0.06230539702524085,"10 market(s) allowlisted for NCAAF: moneyline, spread, total_points, alternate_spread, alternate_total_points, team_total, alternate_team_total, moneyline_h1, spread_h1, total_points_h1."
2026-10-06,401871090,False,2026-10-07T00:00:00Z,Troy Trojans,Southern Mississippi Golden Eagles,alternate_spread,away,32.5,-3200,draftkings,0.913705649165798,-0.05599132053117173,"10 market(s) allowlisted for NCAAF: moneyline, spread, total_points, alternate_spread, alternate_total_points, team_total, alternate_team_total, moneyline_h1, spread_h1, total_points_h1."
2026-10-06,401871090,False,2026-10-07T00:00:00Z,Troy Trojans,Southern Mississippi Golden Eagles,alternate_spread,home,11.5,-3500,draftkings,0.942423757159115,-0.029798465063107238,"10 market(s) allowlisted for NCAAF: moneyline, spread, total_points, alternate_spread, alternate_total_points, team_total, alternate_team_total, moneyline_h1, spread_h1, total_points_h1."
2026-10-06,401871090,False,2026-10-07T00:00:00Z,Troy Trojans,Southern Mississippi Golden Eagles,alternate_spread,home,10.5,-2900,draftkings,0.9385271876542671,-0.02813947901239955,"10 market(s) allowlisted for NCAAF: moneyline, spread, total_points, alternate_spread, alternate_total_points, team_total, alternate_team_total, moneyline_h1, spread_h1, total_points_h1."
2026-10-06,401871090,False,2026-10-07T00:00:00Z,Troy Trojans,Southern Mississippi Golden Eagles,alternate_spread,home,9.5,-2100,draftkings,0.923962591283632,-0.03058286326182258,"10 market(s) allowlisted for NCAAF: moneyline, spread, total_points, alternate_spread, alternate_total_points, team_total, alternate_team_total, moneyline_h1, spread_h1, total_points_h1."
2026-10-06,401871090,False,2026-10-07T00:00:00Z,Troy Trojans,Southern Mississippi Golden Eagles,alternate_spread,home,8.5,-1860,draftkings,0.9166563928465237,-0.03232319899021108,"10 market(s) allowlisted for NCAAF: moneyline, spread, total_points, alternate_spread, alternate_total_points, team_total, alternate_team_total, moneyline_h1, spread_h1, total_points_h1."
2026-10-06,401871090,False,2026-10-07T00:00:00Z,Troy Trojans,Southern Mississippi Golden Eagles,alternate_spread,home,7.5,-1600,draftkings,0.900619986785419,-0.04055648380281629,"10 market(s) allowlisted for NCAAF: moneyline, spread, total_points, alternate_spread, alternate_total_points, team_total, alternate_team_total, moneyline_h1, spread_h1, total_points_h1."
2026-10-06,401871090,False,2026-10-07T00:00:00Z,Troy Trojans,Southern Mississippi Golden Eagles,alternate_spread,home,6.5,-1120,draftkings,0.8708736006046227,-0.04715918628062321,"10 market(s) allowlisted for NCAAF: moneyline, spread, total_points, alternate_spread, alternate_total_points, team_total, alternate_team_total, moneyline_h1, spread_h1, total_points_h1."
2026-10-06,401871090,False,2026-10-07T00:00:00Z,Troy Trojans,Southern Mississippi Golden Eagles,alternate_spread,home,5.5,-960,draftkings,0.8629790442178624,-0.042681333140628164,"10 market(s) allowlisted for NCAAF: moneyline, spread, total_points, alternate_spread, alternate_total_points, team_total, alternate_team_total, moneyline_h1, spread_h1, total_points_h1."
2026-10-06,401871090,False,2026-10-07T00:00:00Z,Troy Trojans,Southern Mississippi Golden Eagles,alternate_spread,home,4.5,-840,draftkings,0.8516920503752363,-0.04192497090135938,"10 market(s) allowlisted for NCAAF: moneyline, spread, total_points, alternate_spread, alternate_total_points, team_total, alternate_team_total, moneyline_h1, spread_h1, total_points_h1."
2026-10-06,401871090,False,2026-10-07T00:00:00Z,Troy Trojans,Southern Mississippi Golden Eagles,alternate_spread,home,3.5,-740,draftkings,0.837586761034856,-0.04336561991752497,"10 market(s) allowlisted for NCAAF: moneyline, spread, total_points, alternate_spread, alternate_total_points, team_total, alternate_team_total, moneyline_h1, spread_h1, total_points_h1."
2026-10-06,401871090,False,2026-10-07T00:00:00Z,Troy Trojans,Southern Mississippi Golden Eagles,alternate_spread,home,2.5,-547,draftkings,0.804284080116942,-0.04115641447347529,"10 market(s) allowlisted for NCAAF: moneyline, spread, total_points, alternate_spread, alternate_total_points, team_total, alternate_team_total, moneyline_h1, spread_h1, total_points_h1."
2026-10-06,401871090,False,2026-10-07T00:00:00Z,Troy Trojans,Southern Mississippi Golden Eagles,alternate_spread,home,1.5,-488,draftkings,0.7883530890763457,-0.041578883712769965,"10 market(s) allowlisted for NCAAF: moneyline, spread, total_points, alternate_spread, alternate_total_points, team_total, alternate_team_total, moneyline_h1, spread_h1, total_points_h1."
2026-10-06,401871090,False,2026-10-07T00:00:00Z,Troy Trojans,Southern Mississippi Golden Eagles,alternate_spread,home,-1.5,-397,draftkings,0.7557447911409592,-0.04304796539827627,"10 market(s) allowlisted for NCAAF: moneyline, spread, total_points, alternate_spread, alternate_total_points, team_total, alternate_team_total, moneyline_h1, spread_h1, total_points_h1."
2026-10-06,401871090,False,2026-10-07T00:00:00Z,Troy Trojans,Southern Mississippi Golden Eagles,alternate_spread,home,-2.5,-357,draftkings,0.7320917169373848,-0.04908990231863264,"10 market(s) allowlisted for NCAAF: moneyline, spread, total_points, alternate_spread, alternate_total_points, team_total, alternate_team_total, moneyline_h1, spread_h1, total_points_h1."
2026-10-06,401871090,False,2026-10-07T00:00:00Z,Troy Trojans,Southern Mississippi Golden Eagles,alternate_spread,home,-3.5,-266,draftkings,0.6912283559577963,-0.03554760032635673,"10 market(s) allowlisted for NCAAF: moneyline, spread, total_points, alternate_spread, alternate_total_points, team_total, alternate_team_total, moneyline_h1, spread_h1, total_points_h1."
2026-10-06,401871090,False,2026-10-07T00:00:00Z,Troy Trojans,Southern Mississippi Golden Eagles,alternate_spread,home,-4.5,-238,draftkings,0.6626363909602514,-0.04150562087406817,"10 market(s) allowlisted for NCAAF: moneyline, spread, total_points, alternate_spread, alternate_total_points, team_total, alternate_team_total, moneyline_h1, spread_h1, total_points_h1."
2026-10-06,401871090,False,2026-10-07T00:00:00Z,Troy Trojans,Southern Mississippi Golden Eagles,alternate_spread,home,-5.5,-215,draftkings,0.6478671483673499,-0.034672534172332625,"10 market(s) allowlisted for NCAAF: moneyline, spread, total_points, alternate_spread, alternate_total_points, team_total, alternate_team_total, moneyline_h1, spread_h1, total_points_h1."
2026-10-06,401871090,False,2026-10-07T00:00:00Z,Troy Trojans,Southern Mississippi Golden Eagles,alternate_spread,home,-6.5,-194,draftkings,0.6302243935211354,-0.029639552057095897,"10 market(s) allowlisted for NCAAF: moneyline, spread, total_points, alternate_spread, alternate_total_points, team_total, alternate_team_total, moneyline_h1, spread_h1, total_points_h1."
2026-10-06,401871090,False,2026-10-07T00:00:00Z,Troy Trojans,Southern Mississippi Golden Eagles,alternate_spread,home,-7.5,-153,draftkings,0.5832371627494309,-0.021505920254521582,"10 market(s) allowlisted for NCAAF: moneyline, spread, total_points, alternate_spread, alternate_total_points, team_total, alternate_team_total, moneyline_h1, spread_h1, total_points_h1."
2026-10-06,401871090,False,2026-10-07T00:00:00Z,Troy Trojans,Southern Mississippi Golden Eagles,alternate_spread,home,-8.5,-141,draftkings,0.561706640897614,-0.023355599766286428,"10 market(s) allowlisted for NCAAF: moneyline, spread, total_points, alternate_spread, alternate_total_points, team_total, alternate_team_total, moneyline_h1, spread_h1, total_points_h1."
2026-10-06,401871090,False,2026-10-07T00:00:00Z,Troy Trojans,Southern Mississippi Golden Eagles,alternate_spread,home,-9.5,-133,draftkings,0.5438121031464834,-0.027003347497293384,"10 market(s) allowlisted for NCAAF: moneyline, spread, total_points, alternate_spread, alternate_total_points, team_total, alternate_team_total, moneyline_h1, spread_h1, total_points_h1."
2026-10-06,401871090,False,2026-10-07T00:00:00Z,Troy Trojans,Southern Mississippi Golden Eagles,alternate_spread,home,-11.5,-103,draftkings,0.4796105461049607,-0.027778616456615723,"10 market(s) allowlisted for NCAAF: moneyline, spread, total_points, alternate_spread, alternate_total_points, team_total, alternate_team_total, moneyline_h1, spread_h1, total_points_h1."
2026-10-06,401871090,False,2026-10-07T00:00:00Z,Troy Trojans,Southern Mississippi Golden Eagles,alternate_spread,home,-12.5,105,draftkings,0.46323370219844384,-0.024571175850336635,"10 market(s) allowlisted for NCAAF: moneyline, spread, total_points, alternate_spread, alternate_total_points, team_total, alternate_team_total, moneyline_h1, spread_h1, total_points_h1."
2026-10-06,401871090,False,2026-10-07T00:00:00Z,Troy Trojans,Southern Mississippi Golden Eagles,alternate_spread,home,-13.5,113,draftkings,0.44642109547260467,-0.023062472602512707,"10 market(s) allowlisted for NCAAF: moneyline, spread, total_points, alternate_spread, alternate_total_points, team_total, alternate_team_total, moneyline_h1, spread_h1, total_points_h1."
2026-10-06,401871090,False,2026-10-07T00:00:00Z,Troy Trojans,Southern Mississippi Golden Eagles,alternate_spread,home,-14.5,134,draftkings,0.40964041123535133,-0.017710016115076,"10 market(s) allowlisted for NCAAF: moneyline, spread, total_points, alternate_spread, alternate_total_points, team_total, alternate_team_total, moneyline_h1, spread_h1, total_points_h1."
2026-10-06,401871090,False,2026-10-07T00:00:00Z,Troy Trojans,Southern Mississippi Golden Eagles,alternate_spread,home,-15.5,144,draftkings,0.3828912466466712,-0.026944818927099323,"10 market(s) allowlisted for NCAAF: moneyline, spread, total_points, alternate_spread, alternate_total_points, team_total, alternate_team_total, moneyline_h1, spread_h1, total_points_h1."
2026-10-06,401871090,False,2026-10-07T00:00:00Z,Troy Trojans,Southern Mississippi Golden Eagles,alternate_spread,home,-16.5,154,draftkings,0.36699625087894816,-0.026704536522626665,"10 market(s) allowlisted for NCAAF: moneyline, spread, total_points, alternate_spread, alternate_total_points, team_total, alternate_team_total, moneyline_h1, spread_h1, total_points_h1."
2026-10-06,401871090,False,2026-10-07T00:00:00Z,Troy Trojans,Southern Mississippi Golden Eagles,alternate_spread,home,-17.5,178,draftkings,0.3374276493922284,-0.02228458082359891,"10 market(s) allowlisted for NCAAF: moneyline, spread, total_points, alternate_spread, alternate_total_points, team_total, alternate_team_total, moneyline_h1, spread_h1, total_points_h1."
2026-10-06,401871090,False,2026-10-07T00:00:00Z,Troy Trojans,Southern Mississippi Golden Eagles,alternate_spread,home,-18.5,197,draftkings,0.31890008911169687,-0.01780024758863985,"10 market(s) allowlisted for NCAAF: moneyline, spread, total_points, alternate_spread, alternate_total_points, team_total, alternate_team_total, moneyline_h1, spread_h1, total_points_h1."
2026-10-06,401871090,False,2026-10-07T00:00:00Z,Troy Trojans,Southern Mississippi Golden Eagles,alternate_spread,home,-19.5,214,draftkings,0.30435955017690697,-0.014111787402710851,"10 market(s) allowlisted for NCAAF: moneyline, spread, total_points, alternate_spread, alternate_total_points, team_total, alternate_team_total, moneyline_h1, spread_h1, total_points_h1."
2026-10-06,401871090,False,2026-10-07T00:00:00Z,Troy Trojans,Southern Mississippi Golden Eagles,alternate_spread,home,-20.5,234,draftkings,0.28639507839605916,-0.013006119208731237,"10 market(s) allowlisted for NCAAF: moneyline, spread, total_points, alternate_spread, alternate_total_points, team_total, alternate_team_total, moneyline_h1, spread_h1, total_points_h1."
2026-10-06,401871090,False,2026-10-07T00:00:00Z,Troy Trojans,Southern Mississippi Golden Eagles,alternate_spread,home,-21.5,280,draftkings,0.2610624911112682,-0.002095403625573866,"10 market(s) allowlisted for NCAAF: moneyline, spread, total_points, alternate_spread, alternate_total_points, team_total, alternate_team_total, moneyline_h1, spread_h1, total_points_h1."
2026-10-06,401871090,False,2026-10-07T00:00:00Z,Troy Trojans,Southern Mississippi Golden Eagles,alternate_spread,home,-22.5,298,draftkings,0.24312869070712576,-0.008127590699909398,"10 market(s) allowlisted for NCAAF: moneyline, spread, total_points, alternate_spread, alternate_total_points, team_total, alternate_team_total, moneyline_h1, spread_h1, total_points_h1."
2026-10-06,401871090,False,2026-10-07T00:00:00Z,Troy Trojans,Southern Mississippi Golden Eagles,alternate_spread,home,-23.5,320,draftkings,0.22990040892105476,-0.008194829174183321,"10 market(s) allowlisted for NCAAF: moneyline, spread, total_points, alternate_spread, alternate_total_points, team_total, alternate_team_total, moneyline_h1, spread_h1, total_points_h1."
2026-10-06,401871090,False,2026-10-07T00:00:00Z,Troy Trojans,Southern Mississippi Golden Eagles,alternate_spread,home,-24.5,376,draftkings,0.21335780009024793,0.003273766476802553,"10 market(s) allowlisted for NCAAF: moneyline, spread, total_points, alternate_spread, alternate_total_points, team_total, alternate_team_total, moneyline_h1, spread_h1, total_points_h1."
2026-10-06,401871090,False,2026-10-07T00:00:00Z,Troy Trojans,Southern Mississippi Golden Eagles,alternate_spread,home,-25.5,424,draftkings,0.19057002748993293,-0.0002696671665556316,"10 market(s) allowlisted for NCAAF: moneyline, spread, total_points, alternate_spread, alternate_total_points, team_total, alternate_team_total, moneyline_h1, spread_h1, total_points_h1."
2026-10-06,401871090,False,2026-10-07T00:00:00Z,Troy Trojans,Southern Mississippi Golden Eagles,alternate_spread,home,-26.5,452,draftkings,0.18276344813493792,0.001604027845082845,"10 market(s) allowlisted for NCAAF: moneyline, spread, total_points, alternate_spread, alternate_total_points, team_total, alternate_team_total, moneyline_h1, spread_h1, total_points_h1."
2026-10-06,401871090,False,2026-10-07T00:00:00Z,Troy Trojans,Southern Mississippi Golden Eagles,alternate_spread,home,-27.5,504,draftkings,0.16453940659402363,-0.001023507313261146,"10 market(s) allowlisted for NCAAF: moneyline, spread, total_points, alternate_spread, alternate_total_points, team_total, alternate_team_total, moneyline_h1, spread_h1, total_points_h1."
2026-10-06,401871090,False,2026-10-07T00:00:00Z,Troy Trojans,Southern Mississippi Golden Eagles,alternate_spread,home,-28.5,595,draftkings,0.14307559872060008,-0.000809293365730851,"10 market(s) allowlisted for NCAAF: moneyline, spread, total_points, alternate_spread, alternate_total_points, team_total, alternate_team_total, moneyline_h1, spread_h1, total_points_h1."
2026-10-06,401871090,False,2026-10-07T00:00:00Z,Troy Trojans,Southern Mississippi Golden Eagles,alternate_spread,home,-29.5,630,draftkings,0.13110882134312815,-0.005877480026734855,"10 market(s) allowlisted for NCAAF: moneyline, spread, total_points, alternate_spread, alternate_total_points, team_total, alternate_team_total, moneyline_h1, spread_h1, total_points_h1."
2026-10-06,401871090,False,2026-10-07T00:00:00Z,Troy Trojans,Southern Mississippi Golden Eagles,alternate_spread,home,-30.5,690,draftkings,0.12068832196075104,-0.005893956520261631,"10 market(s) allowlisted for NCAAF: moneyline, spread, total_points, alternate_spread, alternate_total_points, team_total, alternate_team_total, moneyline_h1, spread_h1, total_points_h1."
2026-10-06,401871090,False,2026-10-07T00:00:00Z,Troy Trojans,Southern Mississippi Golden Eagles,alternate_spread,home,-31.5,810,draftkings,0.10230539702524082,-0.007584712864869073,"10 market(s) allowlisted for NCAAF: moneyline, spread, total_points, alternate_spread, alternate_total_points, team_total, alternate_team_total, moneyline_h1, spread_h1, total_points_h1."
2026-10-06,401871090,False,2026-10-07T00:00:00Z,Troy Trojans,Southern Mississippi Golden Eagles,alternate_spread,home,-32.5,890,draftkings,0.08629435083420195,-0.014715750175899059,"10 market(s) allowlisted for NCAAF: moneyline, spread, total_points, alternate_spread, alternate_total_points, team_total, alternate_team_total, moneyline_h1, spread_h1, total_points_h1."
2026-10-06,401871090,False,2026-10-07T00:00:00Z,Troy Trojans,Southern Mississippi Golden Eagles,alternate_total_points,over,31.5,-2100,draftkings,0.9175174659148316,-0.037027988630622954,"10 market(s) allowlisted for NCAAF: moneyline, spread, total_points, alternate_spread, alternate_total_points, team_total, alternate_team_total, moneyline_h1, spread_h1, total_points_h1."
2026-10-06,401871090,False,2026-10-07T00:00:00Z,Troy Trojans,Southern Mississippi Golden Eagles,alternate_total_points,over,32.5,-1920,draftkings,0.9111400947543794,-0.03935495475057105,"10 market(s) allowlisted for NCAAF: moneyline, spread, total_points, alternate_spread, alternate_total_points, team_total, alternate_team_total, moneyline_h1, spread_h1, total_points_h1."
2026-10-06,401871090,False,2026-10-07T00:00:00Z,Troy Trojans,Southern Mississippi Golden Eagles,alternate_total_points,over,33.5,-1480,draftkings,0.8950442567919147,-0.041664603967578984,"10 market(s) allowlisted for NCAAF: moneyline, spread, total_points, alternate_spread, alternate_total_points, team_total, alternate_team_total, moneyline_h1, spread_h1, total_points_h1."
2026-10-06,401871090,False,2026-10-07T00:00:00Z,Troy Trojans,Southern Mississippi Golden Eagles,alternate_total_points,over,34.5,-1160,draftkings,0.8787938615412355,-0.041841059093685073,"10 market(s) allowlisted for NCAAF: moneyline, spread, total_points, alternate_spread, alternate_total_points, team_total, alternate_team_total, moneyline_h1, spread_h1, total_points_h1."
2026-10-06,401871090,False,2026-10-07T00:00:00Z,Troy Trojans,Southern Mississippi Golden Eagles,alternate_total_points,over,35.5,-1000,draftkings,0.866414107878004,-0.04267680121290507,"10 market(s) allowlisted for NCAAF: moneyline, spread, total_points, alternate_spread, alternate_total_points, team_total, alternate_team_total, moneyline_h1, spread_h1, total_points_h1."
2026-10-06,401871090,False,2026-10-07T00:00:00Z,Troy Trojans,Southern Mississippi Golden Eagles,alternate_total_points,over,36.5,-860,draftkings,0.8558930017862266,-0.039940331547106744,"10 market(s) allowlisted for NCAAF: moneyline, spread, total_points, alternate_spread, alternate_total_points, team_total, alternate_team_total, moneyline_h1, spread_h1, total_points_h1."
2026-10-06,401871090,False,2026-10-07T00:00:00Z,Troy Trojans,Southern Mississippi Golden Eagles,alternate_total_points,over,37.5,-660,draftkings,0.8361684120185509,-0.03225264061302813,"10 market(s) allowlisted for NCAAF: moneyline, spread, total_points, alternate_spread, alternate_total_points, team_total, alternate_team_total, moneyline_h1, spread_h1, total_points_h1."
2026-10-06,401871090,False,2026-10-07T00:00:00Z,Troy Trojans,Southern Mississippi Golden Eagles,alternate_total_points,over,38.5,-566,draftkings,0.8095658484366843,-0.04028400141316557,"10 market(s) allowlisted for NCAAF: moneyline, spread, total_points, alternate_spread, alternate_total_points, team_total, alternate_team_total, moneyline_h1, spread_h1, total_points_h1."
2026-10-06,401871090,False,2026-10-07T00:00:00Z,Troy Trojans,Southern Mississippi Golden Eagles,alternate_total_points,over,39.5,-514,draftkings,0.799870713760439,-0.03726283672816044,"10 market(s) allowlisted for NCAAF: moneyline, spread, total_points, alternate_spread, alternate_total_points, team_total, alternate_team_total, moneyline_h1, spread_h1, total_points_h1."
2026-10-06,401871090,False,2026-10-07T00:00:00Z,Troy Trojans,Southern Mississippi Golden Eagles,alternate_total_points,over,40.5,-446,draftkings,0.7818077084572461,-0.035042108392570714,"10 market(s) allowlisted for NCAAF: moneyline, spread, total_points, alternate_spread, alternate_total_points, team_total, alternate_team_total, moneyline_h1, spread_h1, total_points_h1."
2026-10-06,401871090,False,2026-10-07T00:00:00Z,Troy Trojans,Southern Mississippi Golden Eagles,alternate_total_points,over,41.5,-366,draftkings,0.7518497002376628,-0.03355802508422556,"10 market(s) allowlisted for NCAAF: moneyline, spread, total_points, alternate_spread, alternate_total_points, team_total, alternate_team_total, moneyline_h1, spread_h1, total_points_h1."
2026-10-06,401871090,False,2026-10-07T00:00:00Z,Troy Trojans,Southern Mississippi Golden Eagles,alternate_total_points,over,42.5,-335,draftkings,0.7390825959369586,-0.031032346591777005,"10 market(s) allowlisted for NCAAF: moneyline, spread, total_points, alternate_spread, alternate_total_points, team_total, alternate_team_total, moneyline_h1, spread_h1, total_points_h1."
2026-10-06,401871090,False,2026-10-07T00:00:00Z,Troy Trojans,Southern Mississippi Golden Eagles,alternate_total_points,over,43.5,-298,draftkings,0.725836365034909,-0.022907353558055843,"10 market(s) allowlisted for NCAAF: moneyline, spread, total_points, alternate_spread, alternate_total_points, team_total, alternate_team_total, moneyline_h1, spread_h1, total_points_h1."
2026-10-06,401871090,False,2026-10-07T00:00:00Z,Troy Trojans,Southern Mississippi Golden Eagles,alternate_total_points,over,44.5,-255,draftkings,0.6953050095037486,-0.023004849651180992,"10 market(s) allowlisted for NCAAF: moneyline, spread, total_points, alternate_spread, alternate_total_points, team_total, alternate_team_total, moneyline_h1, spread_h1, total_points_h1."
2026-10-06,401871090,False,2026-10-07T00:00:00Z,Troy Trojans,Southern Mississippi Golden Eagles,alternate_total_points,over,45.5,-221,draftkings,0.6596770855135339,-0.02879643473568727,"10 market(s) allowlisted for NCAAF: moneyline, spread, total_points, alternate_spread, alternate_total_points, team_total, alternate_team_total, moneyline_h1, spread_h1, total_points_h1."
2026-10-06,401871090,False,2026-10-07T00:00:00Z,Troy Trojans,Southern Mississippi Golden Eagles,alternate_total_points,over,46.5,-208,draftkings,0.6426596870684056,-0.032664988256269734,"10 market(s) allowlisted for NCAAF: moneyline, spread, total_points, alternate_spread, alternate_total_points, team_total, alternate_team_total, moneyline_h1, spread_h1, total_points_h1."
2026-10-06,401871090,False,2026-10-07T00:00:00Z,Troy Trojans,Southern Mississippi Golden Eagles,alternate_total_points,over,47.5,-181,draftkings,0.6194220782729762,-0.024706035606027354,"10 market(s) allowlisted for NCAAF: moneyline, spread, total_points, alternate_spread, alternate_total_points, team_total, alternate_team_total, moneyline_h1, spread_h1, total_points_h1."
2026-10-06,401871090,False,2026-10-07T00:00:00Z,Troy Trojans,Southern Mississippi Golden Eagles,alternate_total_points,over,48.5,-160,draftkings,0.5889009090399843,-0.026483706344631153,"10 market(s) allowlisted for NCAAF: moneyline, spread, total_points, alternate_spread, alternate_total_points, team_total, alternate_team_total, moneyline_h1, spread_h1, total_points_h1."
2026-10-06,401871090,False,2026-10-07T00:00:00Z,Troy Trojans,Southern Mississippi Golden Eagles,alternate_total_points,over,49.5,-146,draftkings,0.5602955081468228,-0.03320042681252677,"10 market(s) allowlisted for NCAAF: moneyline, spread, total_points, alternate_spread, alternate_total_points, team_total, alternate_team_total, moneyline_h1, spread_h1, total_points_h1."
2026-10-06,401871090,False,2026-10-07T00:00:00Z,Troy Trojans,Southern Mississippi Golden Eagles,alternate_total_points,over,50.5,-134,draftkings,0.5375393987768339,-0.03511017387273874,"10 market(s) allowlisted for NCAAF: moneyline, spread, total_points, alternate_spread, alternate_total_points, team_total, alternate_team_total, moneyline_h1, spread_h1, total_points_h1."
2026-10-06,401871090,False,2026-10-07T00:00:00Z,Troy Trojans,Southern Mississippi Golden Eagles,alternate_total_points,over,52.5,-103,draftkings,0.4785799143193249,-0.028809248242251506,"10 market(s) allowlisted for NCAAF: moneyline, spread, total_points, alternate_spread, alternate_total_points, team_total, alternate_team_total, moneyline_h1, spread_h1, total_points_h1."
2026-10-06,401871090,False,2026-10-07T00:00:00Z,Troy Trojans,Southern Mississippi Golden Eagles,alternate_total_points,over,53.5,104,draftkings,0.46038656179159976,-0.02980951663977277,"10 market(s) allowlisted for NCAAF: moneyline, spread, total_points, alternate_spread, alternate_total_points, team_total, alternate_team_total, moneyline_h1, spread_h1, total_points_h1."
2026-10-06,401871090,False,2026-10-07T00:00:00Z,Troy Trojans,Southern Mississippi Golden Eagles,alternate_total_points,over,54.5,116,draftkings,0.4397562208976271,-0.02320674206533585,"10 market(s) allowlisted for NCAAF: moneyline, spread, total_points, alternate_spread, alternate_total_points, team_total, alternate_team_total, moneyline_h1, spread_h1, total_points_h1."
2026-10-06,401871090,False,2026-10-07T00:00:00Z,Troy Trojans,Southern Mississippi Golden Eagles,alternate_total_points,over,55.5,134,draftkings,0.407050445695053,-0.020299981655374333,"10 market(s) allowlisted for NCAAF: moneyline, spread, total_points, alternate_spread, alternate_total_points, team_total, alternate_team_total, moneyline_h1, spread_h1, total_points_h1."
2026-10-06,401871090,False,2026-10-07T00:00:00Z,Troy Trojans,Southern Mississippi Golden Eagles,alternate_total_points,over,56.5,144,draftkings,0.3829963768490221,-0.0268396887247484,"10 market(s) allowlisted for NCAAF: moneyline, spread, total_points, alternate_spread, alternate_total_points, team_total, alternate_team_total, moneyline_h1, spread_h1, total_points_h1."
2026-10-06,401871090,False,2026-10-07T00:00:00Z,Troy Trojans,Southern Mississippi Golden Eagles,alternate_total_points,over,57.5,159,draftkings,0.3606654228660665,-0.025434963234319596,"10 market(s) allowlisted for NCAAF: moneyline, spread, total_points, alternate_spread, alternate_total_points, team_total, alternate_team_total, moneyline_h1, spread_h1, total_points_h1."
2026-10-06,401871090,False,2026-10-07T00:00:00Z,Troy Trojans,Southern Mississippi Golden Eagles,alternate_total_points,over,58.5,179,draftkings,0.3345231483601712,-0.023899790707929136,"10 market(s) allowlisted for NCAAF: moneyline, spread, total_points, alternate_spread, alternate_total_points, team_total, alternate_team_total, moneyline_h1, spread_h1, total_points_h1."
2026-10-06,401871090,False,2026-10-07T00:00:00Z,Troy Trojans,Southern Mississippi Golden Eagles,alternate_total_points,over,59.5,201,draftkings,0.30918069334973775,-0.023045220271524725,"10 market(s) allowlisted for NCAAF: moneyline, spread, total_points, alternate_spread, alternate_total_points, team_total, alternate_team_total, moneyline_h1, spread_h1, total_points_h1."
2026-10-06,401871090,False,2026-10-07T00:00:00Z,Troy Trojans,Southern Mississippi Golden Eagles,alternate_total_points,over,60.5,214,draftkings,0.2970154583010732,-0.021455879278544643,"10 market(s) allowlisted for NCAAF: moneyline, spread, total_points, alternate_spread, alternate_total_points, team_total, alternate_team_total, moneyline_h1, spread_h1, total_points_h1."
2026-10-06,401871090,False,2026-10-07T00:00:00Z,Troy Trojans,Southern Mississippi Golden Eagles,alternate_total_points,over,61.5,241,draftkings,0.2754005703389285,-0.017854561625880894,"10 market(s) allowlisted for NCAAF: moneyline, spread, total_points, alternate_spread, alternate_total_points, team_total, alternate_team_total, moneyline_h1, spread_h1, total_points_h1."
2026-10-06,401871090,False,2026-10-07T00:00:00Z,Troy Trojans,Southern Mississippi Golden Eagles,alternate_total_points,over,62.5,268,draftkings,0.253513261556381,-0.018225868878401608,"10 market(s) allowlisted for NCAAF: moneyline, spread, total_points, alternate_spread, alternate_total_points, team_total, alternate_team_total, moneyline_h1, spread_h1, total_points_h1."
2026-10-06,401871090,False,2026-10-07T00:00:00Z,Troy Trojans,Southern Mississippi Golden Eagles,alternate_total_points,over,63.5,293,draftkings,0.2358309050202421,-0.018622021188409305,"10 market(s) allowlisted for NCAAF: moneyline, spread, total_points, alternate_spread, alternate_total_points, team_total, alternate_team_total, moneyline_h1, spread_h1, total_points_h1."
2026-10-06,401871090,False,2026-10-07T00:00:00Z,Troy Trojans,Southern Mississippi Golden Eagles,alternate_total_points,over,64.5,316,draftkings,0.22378088884545924,-0.01660372653915615,"10 market(s) allowlisted for NCAAF: moneyline, spread, total_points, alternate_spread, alternate_total_points, team_total, alternate_team_total, moneyline_h1, spread_h1, total_points_h1."
2026-10-06,401871090,False,2026-10-07T00:00:00Z,Troy Trojans,Southern Mississippi Golden Eagles,alternate_total_points,over,65.5,363,draftkings,0.20038076459406404,-0.015601956788225374,"10 market(s) allowlisted for NCAAF: moneyline, spread, total_points, alternate_spread, alternate_total_points, team_total, alternate_team_total, moneyline_h1, spread_h1, total_points_h1."
2026-10-06,401871090,False,2026-10-07T00:00:00Z,Troy Trojans,Southern Mississippi Golden Eagles,alternate_total_points,over,66.5,400,draftkings,0.1809323465469069,-0.01906765345309311,"10 market(s) allowlisted for NCAAF: moneyline, spread, total_points, alternate_spread, alternate_total_points, team_total, alternate_team_total, moneyline_h1, spread_h1, total_points_h1."
2026-10-06,401871090,False,2026-10-07T00:00:00Z,Troy Trojans,Southern Mississippi Golden Eagles,alternate_total_points,over,67.5,431,draftkings,0.16935544543027325,-0.0189684717072032,"10 market(s) allowlisted for NCAAF: moneyline, spread, total_points, alternate_spread, alternate_total_points, team_total, alternate_team_total, moneyline_h1, spread_h1, total_points_h1."
2026-10-06,401871090,False,2026-10-07T00:00:00Z,Troy Trojans,Southern Mississippi Golden Eagles,alternate_total_points,over,68.5,471,draftkings,0.1553415858415185,-0.01978976266986504,"10 market(s) allowlisted for NCAAF: moneyline, spread, total_points, alternate_spread, alternate_total_points, team_total, alternate_team_total, moneyline_h1, spread_h1, total_points_h1."
2026-10-06,401871090,False,2026-10-07T00:00:00Z,Troy Trojans,Southern Mississippi Golden Eagles,alternate_total_points,over,69.5,534,draftkings,0.13805390289333078,-0.019674803731274892,"10 market(s) allowlisted for NCAAF: moneyline, spread, total_points, alternate_spread, alternate_total_points, team_total, alternate_team_total, moneyline_h1, spread_h1, total_points_h1."
2026-10-06,401871090,False,2026-10-07T00:00:00Z,Troy Trojans,Southern Mississippi Golden Eagles,alternate_total_points,over,70.5,570,draftkings,0.12664767507600377,-0.022606056267279795,"10 market(s) allowlisted for NCAAF: moneyline, spread, total_points, alternate_spread, alternate_total_points, team_total, alternate_team_total, moneyline_h1, spread_h1, total_points_h1."
2026-10-06,401871090,False,2026-10-07T00:00:00Z,Troy Trojans,Southern Mississippi Golden Eagles,alternate_total_points,over,71.5,620,draftkings,0.11805360038370866,-0.02083528850518024,"10 market(s) allowlisted for NCAAF: moneyline, spread, total_points, alternate_spread, alternate_total_points, team_total, alternate_team_total, moneyline_h1, spread_h1, total_points_h1."
2026-10-06,401871090,False,2026-10-07T00:00:00Z,Troy Trojans,Southern Mississippi Golden Eagles,alternate_total_points,over,72.5,680,draftkings,0.10718712381598164,-0.021018004389146555,"10 market(s) allowlisted for NCAAF: moneyline, spread, total_points, alternate_spread, alternate_total_points, team_total, alternate_team_total, moneyline_h1, spread_h1, total_points_h1."
2026-10-06,401871090,False,2026-10-07T00:00:00Z,Troy Trojans,Southern Mississippi Golden Eagles,alternate_total_points,over,73.5,760,draftkings,0.09401969213040277,-0.022259377637039085,"10 market(s) allowlisted for NCAAF: moneyline, spread, total_points, alternate_spread, alternate_total_points, team_total, alternate_team_total, moneyline_h1, spread_h1, total_points_h1."
2026-10-06,401871090,False,2026-10-07T00:00:00Z,Troy Trojans,Southern Mississippi Golden Eagles,alternate_total_points,under,31.5,770,draftkings,0.08248253408516873,-0.03245999465046345,"10 market(s) allowlisted for NCAAF: moneyline, spread, total_points, alternate_spread, alternate_total_points, team_total, alternate_team_total, moneyline_h1, spread_h1, total_points_h1."
2026-10-06,401871090,False,2026-10-07T00:00:00Z,Troy Trojans,Southern Mississippi Golden Eagles,alternate_total_points,under,32.5,740,draftkings,0.088859905245621,-0.030187713801998042,"10 market(s) allowlisted for NCAAF: moneyline, spread, total_points, alternate_spread, alternate_total_points, team_total, alternate_team_total, moneyline_h1, spread_h1, total_points_h1."
2026-10-06,401871090,False,2026-10-07T00:00:00Z,Troy Trojans,Southern Mississippi Golden Eagles,alternate_total_points,under,33.5,650,draftkings,0.1049557432080856,-0.028377590125247737,"10 market(s) allowlisted for NCAAF: moneyline, spread, total_points, alternate_spread, alternate_total_points, team_total, alternate_team_total, moneyline_h1, spread_h1, total_points_h1."
2026-10-06,401871090,False,2026-10-07T00:00:00Z,Troy Trojans,Southern Mississippi Golden Eagles,alternate_total_points,under,34.5,570,draftkings,0.12120613845876484,-0.028047592884518732,"10 market(s) allowlisted for NCAAF: moneyline, spread, total_points, alternate_spread, alternate_total_points, team_total, alternate_team_total, moneyline_h1, spread_h1, total_points_h1."
2026-10-06,401871090,False,2026-10-07T00:00:00Z,Troy Trojans,Southern Mississippi Golden Eagles,alternate_total_points,under,35.5,521,draftkings,0.13358589212199629,-0.027444703691208217,"10 market(s) allowlisted for NCAAF: moneyline, spread, total_points, alternate_spread, alternate_total_points, team_total, alternate_team_total, moneyline_h1, spread_h1, total_points_h1."
2026-10-06,401871090,False,2026-10-07T00:00:00Z,Troy Trojans,Southern Mississippi Golden Eagles,alternate_total_points,under,36.5,476,draftkings,0.1441069982137737,-0.029504112897337398,"10 market(s) allowlisted for NCAAF: moneyline, spread, total_points, alternate_spread, alternate_total_points, team_total, alternate_team_total, moneyline_h1, spread_h1, total_points_h1."
2026-10-06,401871090,False,2026-10-07T00:00:00Z,Troy Trojans,Southern Mississippi Golden Eagles,alternate_total_points,under,37.5,396,draftkings,0.16383158798144956,-0.03778131524435688,"10 market(s) allowlisted for NCAAF: moneyline, spread, total_points, alternate_spread, alternate_total_points, team_total, alternate_team_total, moneyline_h1, spread_h1, total_points_h1."
2026-10-06,401871090,False,2026-10-07T00:00:00Z,Troy Trojans,Southern Mississippi Golden Eagles,alternate_total_points,under,38.5,355,draftkings,0.19043415156331608,-0.029346068216903692,"10 market(s) allowlisted for NCAAF: moneyline, spread, total_points, alternate_spread, alternate_total_points, team_total, alternate_team_total, moneyline_h1, spread_h1, total_points_h1."
2026-10-06,401871090,False,2026-10-07T00:00:00Z,Troy Trojans,Southern Mississippi Golden Eagles,alternate_total_points,under,39.5,330,draftkings,0.20012928623956158,-0.032428853295322135,"10 market(s) allowlisted for NCAAF: moneyline, spread, total_points, alternate_spread, alternate_total_points, team_total, alternate_team_total, moneyline_h1, spread_h1, total_points_h1."
2026-10-06,401871090,False,2026-10-07T00:00:00Z,Troy Trojans,Southern Mississippi Golden Eagles,alternate_total_points,under,40.5,295,draftkings,0.21819229154275432,-0.03497226541927101,"10 market(s) allowlisted for NCAAF: moneyline, spread, total_points, alternate_spread, alternate_total_points, team_total, alternate_team_total, moneyline_h1, spread_h1, total_points_h1."
2026-10-06,401871090,False,2026-10-07T00:00:00Z,Troy Trojans,Southern Mississippi Golden Eagles,alternate_total_points,under,41.5,251,draftkings,0.24815029976233777,-0.03674998513794714,"10 market(s) allowlisted for NCAAF: moneyline, spread, total_points, alternate_spread, alternate_total_points, team_total, alternate_team_total, moneyline_h1, spread_h1, total_points_h1."
2026-10-06,401871090,False,2026-10-07T00:00:00Z,Troy Trojans,Southern Mississippi Golden Eagles,alternate_total_points,under,42.5,234,draftkings,0.260917404063042,-0.03848379354174841,"10 market(s) allowlisted for NCAAF: moneyline, spread, total_points, alternate_spread, alternate_total_points, team_total, alternate_team_total, moneyline_h1, spread_h1, total_points_h1."
2026-10-06,401871090,False,2026-10-07T00:00:00Z,Troy Trojans,Southern Mississippi Golden Eagles,alternate_total_points,under,43.5,211,draftkings,0.2741636349650916,-0.04737977339503702,"10 market(s) allowlisted for NCAAF: moneyline, spread, total_points, alternate_spread, alternate_total_points, team_total, alternate_team_total, moneyline_h1, spread_h1, total_points_h1."
2026-10-06,401871090,False,2026-10-07T00:00:00Z,Troy Trojans,Southern Mississippi Golden Eagles,alternate_total_points,under,44.5,184,draftkings,0.30469499049625215,-0.047417685560085854,"10 market(s) allowlisted for NCAAF: moneyline, spread, total_points, alternate_spread, alternate_total_points, team_total, alternate_team_total, moneyline_h1, spread_h1, total_points_h1."
2026-10-06,401871090,False,2026-10-07T00:00:00Z,Troy Trojans,Southern Mississippi Golden Eagles,alternate_total_points,under,45.5,162,draftkings,0.34032291448646684,-0.04135647482651028,"10 market(s) allowlisted for NCAAF: moneyline, spread, total_points, alternate_spread, alternate_total_points, team_total, alternate_team_total, moneyline_h1, spread_h1, total_points_h1."
2026-10-06,401871090,False,2026-10-07T00:00:00Z,Troy Trojans,Southern Mississippi Golden Eagles,alternate_total_points,under,46.5,153,draftkings,0.35734031293159507,-0.03791660406445235,"10 market(s) allowlisted for NCAAF: moneyline, spread, total_points, alternate_spread, alternate_total_points, team_total, alternate_team_total, moneyline_h1, spread_h1, total_points_h1."
2026-10-06,401871090,False,2026-10-07T00:00:00Z,Troy Trojans,Southern Mississippi Golden Eagles,alternate_total_points,under,47.5,135,draftkings,0.3805779217270244,-0.0449539931665926,"10 market(s) allowlisted for NCAAF: moneyline, spread, total_points, alternate_spread, alternate_total_points, team_total, alternate_team_total, moneyline_h1, spread_h1, total_points_h1."
2026-10-06,401871090,False,2026-10-07T00:00:00Z,Troy Trojans,Southern Mississippi Golden Eagles,alternate_total_points,under,48.5,120,draftkings,0.41109909096001646,-0.043446363585438075,"10 market(s) allowlisted for NCAAF: moneyline, spread, total_points, alternate_spread, alternate_total_points, team_total, alternate_team_total, moneyline_h1, spread_h1, total_points_h1."
2026-10-06,401871090,False,2026-10-07T00:00:00Z,Troy Trojans,Southern Mississippi Golden Eagles,alternate_total_points,under,49.5,109,draftkings,0.4397044918531777,-0.03876440766835337,"10 market(s) allowlisted for NCAAF: moneyline, spread, total_points, alternate_spread, alternate_total_points, team_total, alternate_team_total, moneyline_h1, spread_h1, total_points_h1."
2026-10-06,401871090,False,2026-10-07T00:00:00Z,Troy Trojans,Southern Mississippi Golden Eagles,alternate_total_points,under,50.5,100,draftkings,0.4624606012231667,-0.03753939877683332,"10 market(s) allowlisted for NCAAF: moneyline, spread, total_points, alternate_spread, alternate_total_points, team_total, alternate_team_total, moneyline_h1, spread_h1, total_points_h1."
2026-10-06,401871090,False,2026-10-07T00:00:00Z,Troy Trojans,Southern Mississippi Golden Eagles,alternate_total_points,under,52.5,-129,draftkings,0.5214200856806752,-0.041898691611901184,"10 market(s) allowlisted for NCAAF: moneyline, spread, total_points, alternate_spread, alternate_total_points, team_total, alternate_team_total, moneyline_h1, spread_h1, total_points_h1."
2026-10-06,401871090,False,2026-10-07T00:00:00Z,Troy Trojans,Southern Mississippi Golden Eagles,alternate_total_points,under,53.5,-138,draftkings,0.5396134382084004,-0.04021849456470894,"10 market(s) allowlisted for NCAAF: moneyline, spread, total_points, alternate_spread, alternate_total_points, team_total, alternate_team_total, moneyline_h1, spread_h1, total_points_h1."
2026-10-06,401871090,False,2026-10-07T00:00:00Z,Troy Trojans,Southern Mississippi Golden Eagles,alternate_total_points,under,54.5,-155,draftkings,0.560243779102373,-0.047599358152528914,"10 market(s) allowlisted for NCAAF: moneyline, spread, total_points, alternate_spread, alternate_total_points, team_total, alternate_team_total, moneyline_h1, spread_h1, total_points_h1."
2026-10-06,401871090,False,2026-10-07T00:00:00Z,Troy Trojans,Southern Mississippi Golden Eagles,alternate_total_points,under,55.5,-179,draftkings,0.5929495543049471,-0.04862750662695248,"10 market(s) allowlisted for NCAAF: moneyline, spread, total_points, alternate_spread, alternate_total_points, team_total, alternate_team_total, moneyline_h1, spread_h1, total_points_h1."
2026-10-06,401871090,False,2026-10-07T00:00:00Z,Troy Trojans,Southern Mississippi Golden Eagles,alternate_total_points,under,56.5,-194,draftkings,0.6170036231509781,-0.04286032242725313,"10 market(s) allowlisted for NCAAF: moneyline, spread, total_points, alternate_spread, alternate_total_points, team_total, alternate_team_total, moneyline_h1, spread_h1, total_points_h1."
2026-10-06,401871090,False,2026-10-07T00:00:00Z,Troy Trojans,Southern Mississippi Golden Eagles,alternate_total_points,under,57.5,-217,draftkings,0.6393345771339336,-0.045208009616855005,"10 market(s) allowlisted for NCAAF: moneyline, spread, total_points, alternate_spread, alternate_total_points, team_total, alternate_team_total, moneyline_h1, spread_h1, total_points_h1."
2026-10-06,401871090,False,2026-10-07T00:00:00Z,Troy Trojans,Southern Mississippi Golden Eagles,alternate_total_points,under,58.5,-247,draftkings,0.6654768516398288,-0.046338710319825394,"10 market(s) allowlisted for NCAAF: moneyline, spread, total_points, alternate_spread, alternate_total_points, team_total, alternate_team_total, moneyline_h1, spread_h1, total_points_h1."
2026-10-06,401871090,False,2026-10-07T00:00:00Z,Troy Trojans,Southern Mississippi Golden Eagles,alternate_total_points,under,59.5,-282,draftkings,0.6908193066502623,-0.047400588637695806,"10 market(s) allowlisted for NCAAF: moneyline, spread, total_points, alternate_spread, alternate_total_points, team_total, alternate_team_total, moneyline_h1, spread_h1, total_points_h1."
2026-10-06,401871090,False,2026-10-07T00:00:00Z,Troy Trojans,Southern Mississippi Golden Eagles,alternate_total_points,under,60.5,-302,draftkings,0.7029845416989268,-0.04825923939560062,"10 market(s) allowlisted for NCAAF: moneyline, spread, total_points, alternate_spread, alternate_total_points, team_total, alternate_team_total, moneyline_h1, spread_h1, total_points_h1."
2026-10-06,401871090,False,2026-10-07T00:00:00Z,Troy Trojans,Southern Mississippi Golden Eagles,alternate_total_points,under,61.5,-348,draftkings,0.7245994296610714,-0.05218628462464292,"10 market(s) allowlisted for NCAAF: moneyline, spread, total_points, alternate_spread, alternate_total_points, team_total, alternate_team_total, moneyline_h1, spread_h1, total_points_h1."
2026-10-06,401871090,False,2026-10-07T00:00:00Z,Troy Trojans,Southern Mississippi Golden Eagles,alternate_total_points,under,62.5,-395,draftkings,0.7464867384436189,-0.05149305953617911,"10 market(s) allowlisted for NCAAF: moneyline, spread, total_points, alternate_spread, alternate_total_points, team_total, alternate_team_total, moneyline_h1, spread_h1, total_points_h1."
2026-10-06,401871090,False,2026-10-07T00:00:00Z,Troy Trojans,Southern Mississippi Golden Eagles,alternate_total_points,under,63.5,-441,draftkings,0.7641690949797578,-0.050988021471258804,"10 market(s) allowlisted for NCAAF: moneyline, spread, total_points, alternate_spread, alternate_total_points, team_total, alternate_team_total, moneyline_h1, spread_h1, total_points_h1."
2026-10-06,401871090,False,2026-10-07T00:00:00Z,Troy Trojans,Southern Mississippi Golden Eagles,alternate_total_points,under,64.5,-486,draftkings,0.7762191111545407,-0.053132424681636814,"10 market(s) allowlisted for NCAAF: moneyline, spread, total_points, alternate_spread, alternate_total_points, team_total, alternate_team_total, moneyline_h1, spread_h1, total_points_h1."
2026-10-06,401871090,False,2026-10-07T00:00:00Z,Troy Trojans,Southern Mississippi Golden Eagles,alternate_total_points,under,65.5,-584,draftkings,0.7996192354059358,-0.0541819341847074,"10 market(s) allowlisted for NCAAF: moneyline, spread, total_points, alternate_spread, alternate_total_points, team_total, alternate_team_total, moneyline_h1, spread_h1, total_points_h1."
2026-10-06,401871090,False,2026-10-07T00:00:00Z,Troy Trojans,Southern Mississippi Golden Eagles,alternate_total_points,under,66.5,-670,draftkings,0.819067653453093,-0.05106221667677713,"10 market(s) allowlisted for NCAAF: moneyline, spread, total_points, alternate_spread, alternate_total_points, team_total, alternate_team_total, moneyline_h1, spread_h1, total_points_h1."
2026-10-06,401871090,False,2026-10-07T00:00:00Z,Troy Trojans,Southern Mississippi Golden Eagles,alternate_total_points,under,67.5,-750,draftkings,0.8306445545697266,-0.05170838660674393,"10 market(s) allowlisted for NCAAF: moneyline, spread, total_points, alternate_spread, alternate_total_points, team_total, alternate_team_total, moneyline_h1, spread_h1, total_points_h1."
2026-10-06,401871090,False,2026-10-07T00:00:00Z,Troy Trojans,Southern Mississippi Golden Eagles,alternate_total_points,under,68.5,-850,draftkings,0.8446584141584814,-0.050078427946781745,"10 market(s) allowlisted for NCAAF: moneyline, spread, total_points, alternate_spread, alternate_total_points, team_total, alternate_team_total, moneyline_h1, spread_h1, total_points_h1."
2026-10-06,401871090,False,2026-10-07T00:00:00Z,Troy Trojans,Southern Mississippi Golden Eagles,alternate_total_points,under,69.5,-1040,draftkings,0.861946097106669,-0.050334604647716885,"10 market(s) allowlisted for NCAAF: moneyline, spread, total_points, alternate_spread, alternate_total_points, team_total, alternate_team_total, moneyline_h1, spread_h1, total_points_h1."
2026-10-06,401871090,False,2026-10-07T00:00:00Z,Troy Trojans,Southern Mississippi Golden Eagles,alternate_total_points,under,70.5,-1160,draftkings,0.8733523249239961,-0.047282595710924524,"10 market(s) allowlisted for NCAAF: moneyline, spread, total_points, alternate_spread, alternate_total_points, team_total, alternate_team_total, moneyline_h1, spread_h1, total_points_h1."
2026-10-06,401871090,False,2026-10-07T00:00:00Z,Troy Trojans,Southern Mississippi Golden Eagles,alternate_total_points,under,71.5,-1360,draftkings,0.8819463996162912,-0.049560449698777265,"10 market(s) allowlisted for NCAAF: moneyline, spread, total_points, alternate_spread, alternate_total_points, team_total, alternate_team_total, moneyline_h1, spread_h1, total_points_h1."
2026-10-06,401871090,False,2026-10-07T00:00:00Z,Troy Trojans,Southern Mississippi Golden Eagles,alternate_total_points,under,72.5,-1640,draftkings,0.8928128761840182,-0.0497158594481657,"10 market(s) allowlisted for NCAAF: moneyline, spread, total_points, alternate_spread, alternate_total_points, team_total, alternate_team_total, moneyline_h1, spread_h1, total_points_h1."
2026-10-06,401871090,False,2026-10-07T00:00:00Z,Troy Trojans,Southern Mississippi Golden Eagles,alternate_total_points,under,73.5,-2100,draftkings,0.905980307869597,-0.04856514667585754,"10 market(s) allowlisted for NCAAF: moneyline, spread, total_points, alternate_spread, alternate_total_points, team_total, alternate_team_total, moneyline_h1, spread_h1, total_points_h1."
2026-10-06,401871090,False,2026-10-07T00:00:00Z,Troy Trojans,Southern Mississippi Golden Eagles,alternate_spread,away,12.0,-134,betrivers,0.529053683487685,-0.04359588916188761,"10 market(s) allowlisted for NCAAF: moneyline, spread, total_points, alternate_spread, alternate_total_points, team_total, alternate_team_total, moneyline_h1, spread_h1, total_points_h1."
2026-10-06,401871090,False,2026-10-07T00:00:00Z,Troy Trojans,Southern Mississippi Golden Eagles,alternate_spread,away,8.5,108,betrivers,0.43829335910238604,-0.042475871666844744,"10 market(s) allowlisted for NCAAF: moneyline, spread, total_points, alternate_spread, alternate_total_points, team_total, alternate_team_total, moneyline_h1, spread_h1, total_points_h1."
2026-10-06,401871090,False,2026-10-07T00:00:00Z,Troy Trojans,Southern Mississippi Golden Eagles,alternate_spread,away,11.5,-129,betrivers,0.5203894538950394,-0.04292932339753697,"10 market(s) allowlisted for NCAAF: moneyline, spread, total_points, alternate_spread, alternate_total_points, team_total, alternate_team_total, moneyline_h1, spread_h1, total_points_h1."
2026-10-06,401871090,False,2026-10-07T00:00:00Z,Troy Trojans,Southern Mississippi Golden Eagles,alternate_spread,away,15.5,-205,betrivers,0.6171087533533289,-0.055022394187654644,"10 market(s) allowlisted for NCAAF: moneyline, spread, total_points, alternate_spread, alternate_total_points, team_total, alternate_team_total, moneyline_h1, spread_h1, total_points_h1."
2026-10-06,401871090,False,2026-10-07T00:00:00Z,Troy Trojans,Southern Mississippi Golden Eagles,alternate_spread,away,14.5,-182,betrivers,0.5903595887646487,-0.05503048215733719,"10 market(s) allowlisted for NCAAF: moneyline, spread, total_points, alternate_spread, alternate_total_points, team_total, alternate_team_total, moneyline_h1, spread_h1, total_points_h1."
2026-10-06,401871090,False,2026-10-07T00:00:00Z,Troy Trojans,Southern Mississippi Golden Eagles,alternate_spread,away,9.0,106,betrivers,0.446279321264299,-0.03915757193958452,"10 market(s) allowlisted for NCAAF: moneyline, spread, total_points, alternate_spread, alternate_total_points, team_total, alternate_team_total, moneyline_h1, spread_h1, total_points_h1."
2026-10-06,401871090,False,2026-10-07T00:00:00Z,Troy Trojans,Southern Mississippi Golden Eagles,alternate_spread,away,5.0,170,betrivers,0.34242090647637957,-0.027949463893990778,"10 market(s) allowlisted for NCAAF: moneyline, spread, total_points, alternate_spread, alternate_total_points, team_total, alternate_team_total, moneyline_h1, spread_h1, total_points_h1."
2026-10-06,401871090,False,2026-10-07T00:00:00Z,Troy Trojans,Southern Mississippi Golden Eagles,alternate_spread,away,7.5,118,betrivers,0.4167628372505691,-0.04195275907970614,"10 market(s) allowlisted for NCAAF: moneyline, spread, total_points, alternate_spread, alternate_total_points, team_total, alternate_team_total, moneyline_h1, spread_h1, total_points_h1."
2026-10-06,401871090,False,2026-10-07T00:00:00Z,Troy Trojans,Southern Mississippi Golden Eagles,alternate_spread,away,8.0,114,betrivers,0.42593340575049904,-0.04135631387566918,"10 market(s) allowlisted for NCAAF: moneyline, spread, total_points, alternate_spread, alternate_total_points, team_total, alternate_team_total, moneyline_h1, spread_h1, total_points_h1."
2026-10-06,401871090,False,2026-10-07T00:00:00Z,Troy Trojans,Southern Mississippi Golden Eagles,alternate_spread,away,12.5,-139,betrivers,0.5367662978015562,-0.044823660357439676,"10 market(s) allowlisted for NCAAF: moneyline, spread, total_points, alternate_spread, alternate_total_points, team_total, alternate_team_total, moneyline_h1, spread_h1, total_points_h1."
2026-10-06,401871090,False,2026-10-07T00:00:00Z,Troy Trojans,Southern Mississippi Golden Eagles,alternate_spread,away,13.5,-162,betrivers,0.5535789045273953,-0.0647417061596276,"10 market(s) allowlisted for NCAAF: moneyline, spread, total_points, alternate_spread, alternate_total_points, team_total, alternate_team_total, moneyline_h1, spread_h1, total_points_h1."
2026-10-06,401871090,False,2026-10-07T00:00:00Z,Troy Trojans,Southern Mississippi Golden Eagles,alternate_spread,away,19.0,-335,betrivers,0.6911495985355741,-0.07896534399316146,"10 market(s) allowlisted for NCAAF: moneyline, spread, total_points, alternate_spread, alternate_total_points, team_total, alternate_team_total, moneyline_h1, spread_h1, total_points_h1."
2026-10-06,401871090,False,2026-10-07T00:00:00Z,Troy Trojans,Southern Mississippi Golden Eagles,alternate_spread,away,19.5,-375,betrivers,0.6956404498230931,-0.09383323438743318,"10 market(s) allowlisted for NCAAF: moneyline, spread, total_points, alternate_spread, alternate_total_points, team_total, alternate_team_total, moneyline_h1, spread_h1, total_points_h1."
2026-10-06,401871090,False,2026-10-07T00:00:00Z,Troy Trojans,Southern Mississippi Golden Eagles,alternate_spread,away,9.5,102,betrivers,0.4561878968535166,-0.03886160809697847,"10 market(s) allowlisted for NCAAF: moneyline, spread, total_points, alternate_spread, alternate_total_points, team_total, alternate_team_total, moneyline_h1, spread_h1, total_points_h1."
2026-10-06,401871090,False,2026-10-07T00:00:00Z,Troy Trojans,Southern Mississippi Golden Eagles,alternate_spread,away,10.5,-113,betrivers,0.49999997661989454,-0.030516455304988088,"10 market(s) allowlisted for NCAAF: moneyline, spread, total_points, alternate_spread, alternate_total_points, team_total, alternate_team_total, moneyline_h1, spread_h1, total_points_h1."
2026-10-06,401871090,False,2026-10-07T00:00:00Z,Troy Trojans,Southern Mississippi Golden Eagles,alternate_spread,away,4.5,175,betrivers,0.33736360903974866,-0.02627275459661499,"10 market(s) allowlisted for NCAAF: moneyline, spread, total_points, alternate_spread, alternate_total_points, team_total, alternate_team_total, moneyline_h1, spread_h1, total_points_h1."
2026-10-06,401871090,False,2026-10-07T00:00:00Z,Troy Trojans,Southern Mississippi Golden Eagles,alternate_spread,away,18.5,-305,betrivers,0.6810999108883032,-0.0719865088647832,"10 market(s) allowlisted for NCAAF: moneyline, spread, total_points, alternate_spread, alternate_total_points, team_total, alternate_team_total, moneyline_h1, spread_h1, total_points_h1."
2026-10-06,401871090,False,2026-10-07T00:00:00Z,Troy Trojans,Southern Mississippi Golden Eagles,alternate_spread,away,18.0,-305,betrivers,0.6750799347938419,-0.07800648495924456,"10 market(s) allowlisted for NCAAF: moneyline, spread, total_points, alternate_spread, alternate_total_points, team_total, alternate_team_total, moneyline_h1, spread_h1, total_points_h1."
2026-10-06,401871090,False,2026-10-07T00:00:00Z,Troy Trojans,Southern Mississippi Golden Eagles,alternate_spread,away,15.0,-200,betrivers,0.6065852371091448,-0.060081429557521826,"10 market(s) allowlisted for NCAAF: moneyline, spread, total_points, alternate_spread, alternate_total_points, team_total, alternate_team_total, moneyline_h1, spread_h1, total_points_h1."
2026-10-06,401871090,False,2026-10-07T00:00:00Z,Troy Trojans,Southern Mississippi Golden Eagles,alternate_spread,away,4.0,188,betrivers,0.3178598826819703,-0.029362339540251914,"10 market(s) allowlisted for NCAAF: moneyline, spread, total_points, alternate_spread, alternate_total_points, team_total, alternate_team_total, moneyline_h1, spread_h1, total_points_h1."
2026-10-06,401871090,False,2026-10-07T00:00:00Z,Troy Trojans,Southern Mississippi Golden Eagles,alternate_spread,away,6.0,160,betrivers,0.3584570209766455,-0.026158363638739135,"10 market(s) allowlisted for NCAAF: moneyline, spread, total_points, alternate_spread, alternate_total_points, team_total, alternate_team_total, moneyline_h1, spread_h1, total_points_h1."
2026-10-06,401871090,False,2026-10-07T00:00:00Z,Troy Trojans,Southern Mississippi Golden Eagles,alternate_spread,away,3.5,200,betrivers,0.30877164404220364,-0.024561689291129674,"10 market(s) allowlisted for NCAAF: moneyline, spread, total_points, alternate_spread, alternate_total_points, team_total, alternate_team_total, moneyline_h1, spread_h1, total_points_h1."
2026-10-06,401871090,False,2026-10-07T00:00:00Z,Troy Trojans,Southern Mississippi Golden Eagles,alternate_spread,away,11.0,-120,betrivers,0.5104069066439891,-0.03504763881055628,"10 market(s) allowlisted for NCAAF: moneyline, spread, total_points, alternate_spread, alternate_total_points, team_total, alternate_team_total, moneyline_h1, spread_h1, total_points_h1."
2026-10-06,401871090,False,2026-10-07T00:00:00Z,Troy Trojans,Southern Mississippi Golden Eagles,alternate_spread,away,17.0,-245,betrivers,0.6522910842444154,-0.05785384329181653,"10 market(s) allowlisted for NCAAF: moneyline, spread, total_points, alternate_spread, alternate_total_points, team_total, alternate_team_total, moneyline_h1, spread_h1, total_points_h1."
2026-10-06,401871090,False,2026-10-07T00:00:00Z,Troy Trojans,Southern Mississippi Golden Eagles,alternate_spread,away,14.0,-175,betrivers,0.5747174038853566,-0.06164623247827972,"10 market(s) allowlisted for NCAAF: moneyline, spread, total_points, alternate_spread, alternate_total_points, team_total, alternate_team_total, moneyline_h1, spread_h1, total_points_h1."
2026-10-06,401871090,False,2026-10-07T00:00:00Z,Troy Trojans,Southern Mississippi Golden Eagles,alternate_spread,away,6.5,148,betrivers,0.36977560647886465,-0.03345019997274823,"10 market(s) allowlisted for NCAAF: moneyline, spread, total_points, alternate_spread, alternate_total_points, team_total, alternate_team_total, moneyline_h1, spread_h1, total_points_h1."
2026-10-06,401871090,False,2026-10-07T00:00:00Z,Troy Trojans,Southern Mississippi Golden Eagles,alternate_spread,away,17.5,-278,betrivers,0.6625723506077718,-0.07287738484196371,"10 market(s) allowlisted for NCAAF: moneyline, spread, total_points, alternate_spread, alternate_total_points, team_total, alternate_team_total, moneyline_h1, spread_h1, total_points_h1."
2026-10-06,401871090,False,2026-10-07T00:00:00Z,Troy Trojans,Southern Mississippi Golden Eagles,alternate_spread,away,5.5,165,betrivers,0.3521328516326502,-0.025225638933387584,"10 market(s) allowlisted for NCAAF: moneyline, spread, total_points, alternate_spread, alternate_total_points, team_total, alternate_team_total, moneyline_h1, spread_h1, total_points_h1."
2026-10-06,401871090,False,2026-10-07T00:00:00Z,Troy Trojans,Southern Mississippi Golden Eagles,alternate_spread,away,16.0,-215,betrivers,0.6270761257176511,-0.05546355682203141,"10 market(s) allowlisted for NCAAF: moneyline, spread, total_points, alternate_spread, alternate_total_points, team_total, alternate_team_total, moneyline_h1, spread_h1, total_points_h1."
2026-10-06,401871090,False,2026-10-07T00:00:00Z,Troy Trojans,Southern Mississippi Golden Eagles,alternate_spread,away,16.5,-225,betrivers,0.633003749121052,-0.05930394318664034,"10 market(s) allowlisted for NCAAF: moneyline, spread, total_points, alternate_spread, alternate_total_points, team_total, alternate_team_total, moneyline_h1, spread_h1, total_points_h1."
2026-10-06,401871090,False,2026-10-07T00:00:00Z,Troy Trojans,Southern Mississippi Golden Eagles,alternate_spread,away,13.0,-152,betrivers,0.5459450573446067,-0.0572295458299964,"10 market(s) allowlisted for NCAAF: moneyline, spread, total_points, alternate_spread, alternate_total_points, team_total, alternate_team_total, moneyline_h1, spread_h1, total_points_h1."
2026-10-06,401871090,False,2026-10-07T00:00:00Z,Troy Trojans,Southern Mississippi Golden Eagles,alternate_spread,away,7.0,138,betrivers,0.38800697998862216,-0.032161087238268604,"10 market(s) allowlisted for NCAAF: moneyline, spread, total_points, alternate_spread, alternate_total_points, team_total, alternate_team_total, moneyline_h1, spread_h1, total_points_h1."
2026-10-06,401871090,False,2026-10-07T00:00:00Z,Troy Trojans,Southern Mississippi Golden Eagles,alternate_spread,away,10.0,-106,betrivers,0.4770902112443104,-0.03747289555180611,"10 market(s) allowlisted for NCAAF: moneyline, spread, total_points, alternate_spread, alternate_total_points, team_total, alternate_team_total, moneyline_h1, spread_h1, total_points_h1."
2026-10-06,401871090,False,2026-10-07T00:00:00Z,Troy Trojans,Southern Mississippi Golden Eagles,alternate_spread,home,-12.0,105,betrivers,0.47094631651231506,-0.016858561536465422,"10 market(s) allowlisted for NCAAF: moneyline, spread, total_points, alternate_spread, alternate_total_points, team_total, alternate_team_total, moneyline_h1, spread_h1, total_points_h1."
2026-10-06,401871090,False,2026-10-07T00:00:00Z,Troy Trojans,Southern Mississippi Golden Eagles,alternate_spread,home,-8.5,-134,betrivers,0.561706640897614,-0.010942931751958596,"10 market(s) allowlisted for NCAAF: moneyline, spread, total_points, alternate_spread, alternate_total_points, team_total, alternate_team_total, moneyline_h1, spread_h1, total_points_h1."
2026-10-06,401871090,False,2026-10-07T00:00:00Z,Troy Trojans,Southern Mississippi Golden Eagles,alternate_spread,home,-11.5,100,betrivers,0.4796105461049607,-0.020389453895039322,"10 market(s) allowlisted for NCAAF: moneyline, spread, total_points, alternate_spread, alternate_total_points, team_total, alternate_team_total, moneyline_h1, spread_h1, total_points_h1."
2026-10-06,401871090,False,2026-10-07T00:00:00Z,Troy Trojans,Southern Mississippi Golden Eagles,alternate_spread,home,-15.5,160,betrivers,0.3828912466466712,-0.0017241379687134573,"10 market(s) allowlisted for NCAAF: moneyline, spread, total_points, alternate_spread, alternate_total_points, team_total, alternate_team_total, moneyline_h1, spread_h1, total_points_h1."
2026-10-06,401871090,False,2026-10-07T00:00:00Z,Troy Trojans,Southern Mississippi Golden Eagles,alternate_spread,home,-14.5,145,betrivers,0.40964041123535133,0.0014771459292288736,"10 market(s) allowlisted for NCAAF: moneyline, spread, total_points, alternate_spread, alternate_total_points, team_total, alternate_team_total, moneyline_h1, spread_h1, total_points_h1."
2026-10-06,401871090,False,2026-10-07T00:00:00Z,Troy Trojans,Southern Mississippi Golden Eagles,alternate_spread,home,-9.0,-132,betrivers,0.5537206787357011,-0.01524483850567826,"10 market(s) allowlisted for NCAAF: moneyline, spread, total_points, alternate_spread, alternate_total_points, team_total, alternate_team_total, moneyline_h1, spread_h1, total_points_h1."
2026-10-06,401871090,False,2026-10-07T00:00:00Z,Troy Trojans,Southern Mississippi Golden Eagles,alternate_spread,home,-5.0,-235,betrivers,0.6575790935236207,-0.04391344378981221,"10 market(s) allowlisted for NCAAF: moneyline, spread, total_points, alternate_spread, alternate_total_points, team_total, alternate_team_total, moneyline_h1, spread_h1, total_points_h1."
2026-10-06,401871090,False,2026-10-07T00:00:00Z,Troy Trojans,Southern Mississippi Golden Eagles,alternate_spread,home,-7.5,-148,betrivers,0.5832371627494309,-0.013537030798956184,"10 market(s) allowlisted for NCAAF: moneyline, spread, total_points, alternate_spread, alternate_total_points, team_total, alternate_team_total, moneyline_h1, spread_h1, total_points_h1."
2026-10-06,401871090,False,2026-10-07T00:00:00Z,Troy Trojans,Southern Mississippi Golden Eagles,alternate_spread,home,-8.0,-141,betrivers,0.574066594249501,-0.01099564641439943,"10 market(s) allowlisted for NCAAF: moneyline, spread, total_points, alternate_spread, alternate_total_points, team_total, alternate_team_total, moneyline_h1, spread_h1, total_points_h1."
2026-10-06,401871090,False,2026-10-07T00:00:00Z,Troy Trojans,Southern Mississippi Golden Eagles,alternate_spread,home,-12.5,108,betrivers,0.46323370219844384,-0.01753552857078694,"10 market(s) allowlisted for NCAAF: moneyline, spread, total_points, alternate_spread, alternate_total_points, team_total, alternate_team_total, moneyline_h1, spread_h1, total_points_h1."
2026-10-06,401871090,False,2026-10-07T00:00:00Z,Troy Trojans,Southern Mississippi Golden Eagles,alternate_spread,home,-13.5,128,betrivers,0.44642109547260467,0.007824604244534517,"10 market(s) allowlisted for NCAAF: moneyline, spread, total_points, alternate_spread, alternate_total_points, team_total, alternate_team_total, moneyline_h1, spread_h1, total_points_h1."
2026-10-06,401871090,False,2026-10-07T00:00:00Z,Troy Trojans,Southern Mississippi Golden Eagles,alternate_spread,home,-19.0,225,betrivers,0.30885040146442594,0.0011580937721182294,"10 market(s) allowlisted for NCAAF: moneyline, spread, total_points, alternate_spread, alternate_total_points, team_total, alternate_team_total, moneyline_h1, spread_h1, total_points_h1."
2026-10-06,401871090,False,2026-10-07T00:00:00Z,Troy Trojans,Southern Mississippi Golden Eagles,alternate_spread,home,-19.5,235,betrivers,0.30435955017690697,0.00585208749033983,"10 market(s) allowlisted for NCAAF: moneyline, spread, total_points, alternate_spread, alternate_total_points, team_total, alternate_team_total, moneyline_h1, spread_h1, total_points_h1."
2026-10-06,401871090,False,2026-10-07T00:00:00Z,Troy Trojans,Southern Mississippi Golden Eagles,alternate_spread,home,-9.5,-127,betrivers,0.5438121031464834,-0.01565926249228311,"10 market(s) allowlisted for NCAAF: moneyline, spread, total_points, alternate_spread, alternate_total_points, team_total, alternate_team_total, moneyline_h1, spread_h1, total_points_h1."
2026-10-06,401871090,False,2026-10-07T00:00:00Z,Troy Trojans,Southern Mississippi Golden Eagles,alternate_spread,home,-10.5,-109,betrivers,0.5000000233801055,-0.021531077098363327,"10 market(s) allowlisted for NCAAF: moneyline, spread, total_points, alternate_spread, alternate_total_points, team_total, alternate_team_total, moneyline_h1, spread_h1, total_points_h1."
2026-10-06,401871090,False,2026-10-07T00:00:00Z,Troy Trojans,Southern Mississippi Golden Eagles,alternate_spread,home,-4.5,-245,betrivers,0.6626363909602514,-0.04750853657598053,"10 market(s) allowlisted for NCAAF: moneyline, spread, total_points, alternate_spread, alternate_total_points, team_total, alternate_team_total, moneyline_h1, spread_h1, total_points_h1."
2026-10-06,401871090,False,2026-10-07T00:00:00Z,Troy Trojans,Southern Mississippi Golden Eagles,alternate_spread,home,-18.5,215,betrivers,0.31890008911169687,0.001439771651379429,"10 market(s) allowlisted for NCAAF: moneyline, spread, total_points, alternate_spread, alternate_total_points, team_total, alternate_team_total, moneyline_h1, spread_h1, total_points_h1."
2026-10-06,401871090,False,2026-10-07T00:00:00Z,Troy Trojans,Southern Mississippi Golden Eagles,alternate_spread,home,-18.0,205,betrivers,0.3249200652061582,-0.002948787252858187,"10 market(s) allowlisted for NCAAF: moneyline, spread, total_points, alternate_spread, alternate_total_points, team_total, alternate_team_total, moneyline_h1, spread_h1, total_points_h1."
2026-10-06,401871090,False,2026-10-07T00:00:00Z,Troy Trojans,Southern Mississippi Golden Eagles,alternate_spread,home,-15.0,155,betrivers,0.3934147628908553,0.0012579001457572736,"10 market(s) allowlisted for NCAAF: moneyline, spread, total_points, alternate_spread, alternate_total_points, team_total, alternate_team_total, moneyline_h1, spread_h1, total_points_h1."
2026-10-06,401871090,False,2026-10-07T00:00:00Z,Troy Trojans,Southern Mississippi Golden Eagles,alternate_spread,home,-4.0,-275,betrivers,0.6821401173180297,-0.05119321601530358,"10 market(s) allowlisted for NCAAF: moneyline, spread, total_points, alternate_spread, alternate_total_points, team_total, alternate_team_total, moneyline_h1, spread_h1, total_points_h1."
2026-10-06,401871090,False,2026-10-07T00:00:00Z,Troy Trojans,Southern Mississippi Golden Eagles,alternate_spread,home,-6.0,-205,betrivers,0.6415429790233546,-0.030588168517629022,"10 market(s) allowlisted for NCAAF: moneyline, spread, total_points, alternate_spread, alternate_total_points, team_total, alternate_team_total, moneyline_h1, spread_h1, total_points_h1."
2026-10-06,401871090,False,2026-10-07T00:00:00Z,Troy Trojans,Southern Mississippi Golden Eagles,alternate_spread,home,-3.5,-295,betrivers,0.6912283559577963,-0.05560708708017836,"10 market(s) allowlisted for NCAAF: moneyline, spread, total_points, alternate_spread, alternate_total_points, team_total, alternate_team_total, moneyline_h1, spread_h1, total_points_h1."
2026-10-06,401871090,False,2026-10-07T00:00:00Z,Troy Trojans,Southern Mississippi Golden Eagles,alternate_spread,home,-11.0,-105,betrivers,0.489593093356011,-0.022602028595208545,"10 market(s) allowlisted for NCAAF: moneyline, spread, total_points, alternate_spread, alternate_total_points, team_total, alternate_team_total, moneyline_h1, spread_h1, total_points_h1."
2026-10-06,401871090,False,2026-10-07T00:00:00Z,Troy Trojans,Southern Mississippi Golden Eagles,alternate_spread,home,-17.0,180,betrivers,0.3477089157555847,-0.009433941387272438,"10 market(s) allowlisted for NCAAF: moneyline, spread, total_points, alternate_spread, alternate_total_points, team_total, alternate_team_total, moneyline_h1, spread_h1, total_points_h1."
2026-10-06,401871090,False,2026-10-07T00:00:00Z,Troy Trojans,Southern Mississippi Golden Eagles,alternate_spread,home,-14.0,138,betrivers,0.42528259611464336,0.005114528887752601,"10 market(s) allowlisted for NCAAF: moneyline, spread, total_points, alternate_spread, alternate_total_points, team_total, alternate_team_total, moneyline_h1, spread_h1, total_points_h1."
2026-10-06,401871090,False,2026-10-07T00:00:00Z,Troy Trojans,Southern Mississippi Golden Eagles,alternate_spread,home,-6.5,-190,betrivers,0.6302243935211354,-0.024948020271968074,"10 market(s) allowlisted for NCAAF: moneyline, spread, total_points, alternate_spread, alternate_total_points, team_total, alternate_team_total, moneyline_h1, spread_h1, total_points_h1."
2026-10-06,401871090,False,2026-10-07T00:00:00Z,Troy Trojans,Southern Mississippi Golden Eagles,alternate_spread,home,-17.5,190,betrivers,0.3374276493922284,-0.007399936814668162,"10 market(s) allowlisted for NCAAF: moneyline, spread, total_points, alternate_spread, alternate_total_points, team_total, alternate_team_total, moneyline_h1, spread_h1, total_points_h1."
2026-10-06,401871090,False,2026-10-07T00:00:00Z,Troy Trojans,Southern Mississippi Golden Eagles,alternate_spread,home,-5.5,-225,betrivers,0.6478671483673499,-0.04444054394034236,"10 market(s) allowlisted for NCAAF: moneyline, spread, total_points, alternate_spread, alternate_total_points, team_total, alternate_team_total, moneyline_h1, spread_h1, total_points_h1."
2026-10-06,401871090,False,2026-10-07T00:00:00Z,Troy Trojans,Southern Mississippi Golden Eagles,alternate_spread,home,-16.0,163,betrivers,0.37292387428234897,-0.007304262599780287,"10 market(s) allowlisted for NCAAF: moneyline, spread, total_points, alternate_spread, alternate_total_points, team_total, alternate_team_total, moneyline_h1, spread_h1, total_points_h1."
2026-10-06,401871090,False,2026-10-07T00:00:00Z,Troy Trojans,Southern Mississippi Golden Eagles,alternate_spread,home,-16.5,165,betrivers,0.36699625087894816,-0.010362239687089603,"10 market(s) allowlisted for NCAAF: moneyline, spread, total_points, alternate_spread, alternate_total_points, team_total, alternate_team_total, moneyline_h1, spread_h1, total_points_h1."
2026-10-06,401871090,False,2026-10-07T00:00:00Z,Troy Trojans,Southern Mississippi Golden Eagles,alternate_spread,home,-13.0,120,betrivers,0.45405494265539326,-0.0004905118900612737,"10 market(s) allowlisted for NCAAF: moneyline, spread, total_points, alternate_spread, alternate_total_points, team_total, alternate_team_total, moneyline_h1, spread_h1, total_points_h1."
2026-10-06,401871090,False,2026-10-07T00:00:00Z,Troy Trojans,Southern Mississippi Golden Eagles,alternate_spread,home,-7.0,-175,betrivers,0.6119930200113779,-0.024370616352258456,"10 market(s) allowlisted for NCAAF: moneyline, spread, total_points, alternate_spread, alternate_total_points, team_total, alternate_team_total, moneyline_h1, spread_h1, total_points_h1."
2026-10-06,401871090,False,2026-10-07T00:00:00Z,Troy Trojans,Southern Mississippi Golden Eagles,alternate_spread,home,-10.0,-120,betrivers,0.5229097887556896,-0.022544756698855806,"10 market(s) allowlisted for NCAAF: moneyline, spread, total_points, alternate_spread, alternate_total_points, team_total, alternate_team_total, moneyline_h1, spread_h1, total_points_h1."
2026-10-06,401871090,False,2026-10-07T00:00:00Z,Troy Trojans,Southern Mississippi Golden Eagles,alternate_spread,away,9.5,105,fanatics,0.4561878968535166,-0.031616981195263905,"10 market(s) allowlisted for NCAAF: moneyline, spread, total_points, alternate_spread, alternate_total_points, team_total, alternate_team_total, moneyline_h1, spread_h1, total_points_h1."
2026-10-06,401871090,False,2026-10-07T00:00:00Z,Troy Trojans,Southern Mississippi Golden Eagles,alternate_spread,away,-5.5,525,fanatics,0.13702095578213763,-0.02297904421786237,"10 market(s) allowlisted for NCAAF: moneyline, spread, total_points, alternate_spread, alternate_total_points, team_total, alternate_team_total, moneyline_h1, spread_h1, total_points_h1."
2026-10-06,401871090,False,2026-10-07T00:00:00Z,Troy Trojans,Southern Mississippi Golden Eagles,alternate_spread,away,-4.5,475,fanatics,0.1483079496247639,-0.025605093853496963,"10 market(s) allowlisted for NCAAF: moneyline, spread, total_points, alternate_spread, alternate_total_points, team_total, alternate_team_total, moneyline_h1, spread_h1, total_points_h1."
2026-10-06,401871090,False,2026-10-07T00:00:00Z,Troy Trojans,Southern Mississippi Golden Eagles,alternate_spread,away,13.5,-140,fanatics,0.5535789045273953,-0.029754428805938038,"10 market(s) allowlisted for NCAAF: moneyline, spread, total_points, alternate_spread, alternate_total_points, team_total, alternate_team_total, moneyline_h1, spread_h1, total_points_h1."
2026-10-06,401871090,False,2026-10-07T00:00:00Z,Troy Trojans,Southern Mississippi Golden Eagles,alternate_spread,away,-2.5,350,fanatics,0.19571591988305817,-0.02650630233916404,"10 market(s) allowlisted for NCAAF: moneyline, spread, total_points, alternate_spread, alternate_total_points, team_total, alternate_team_total, moneyline_h1, spread_h1, total_points_h1."
2026-10-06,401871090,False,2026-10-07T00:00:00Z,Troy Trojans,Southern Mississippi Golden Eagles,alternate_spread,away,36.5,-3000,fanatics,0.9504378315856179,-0.017304103898253098,"10 market(s) allowlisted for NCAAF: moneyline, spread, total_points, alternate_spread, alternate_total_points, team_total, alternate_team_total, moneyline_h1, spread_h1, total_points_h1."
2026-10-06,401871090,False,2026-10-07T00:00:00Z,Troy Trojans,Southern Mississippi Golden Eagles,alternate_spread,away,-1.5,330,fanatics,0.21164691092365426,-0.02091122861122946,"10 market(s) allowlisted for NCAAF: moneyline, spread, total_points, alternate_spread, alternate_total_points, team_total, alternate_team_total, moneyline_h1, spread_h1, total_points_h1."
2026-10-06,401871090,False,2026-10-07T00:00:00Z,Troy Trojans,Southern Mississippi Golden Eagles,alternate_spread,away,8.5,110,fanatics,0.43829335910238604,-0.037897117088090126,"10 market(s) allowlisted for NCAAF: moneyline, spread, total_points, alternate_spread, alternate_total_points, team_total, alternate_team_total, moneyline_h1, spread_h1, total_points_h1."
2026-10-06,401871090,False,2026-10-07T00:00:00Z,Troy Trojans,Southern Mississippi Golden Eagles,alternate_spread,away,-8.5,850,fanatics,0.08334360715347644,-0.021919550741260396,"10 market(s) allowlisted for NCAAF: moneyline, spread, total_points, alternate_spread, alternate_total_points, team_total, alternate_team_total, moneyline_h1, spread_h1, total_points_h1."
2026-10-06,401871090,False,2026-10-07T00:00:00Z,Troy Trojans,Southern Mississippi Golden Eagles,alternate_spread,away,24.5,-475,fanatics,0.786642199909752,-0.0394447566119871,"10 market(s) allowlisted for NCAAF: moneyline, spread, total_points, alternate_spread, alternate_total_points, team_total, alternate_team_total, moneyline_h1, spread_h1, total_points_h1."
2026-10-06,401871090,False,2026-10-07T00:00:00Z,Troy Trojans,Southern Mississippi Golden Eagles,alternate_spread,away,-3.0,410,fanatics,0.1680083680374343,-0.02807006333511472,"10 market(s) allowlisted for NCAAF: moneyline, spread, total_points, alternate_spread, alternate_total_points, team_total, alternate_team_total, moneyline_h1, spread_h1, total_points_h1."
2026-10-06,401871090,False,2026-10-07T00:00:00Z,Troy Trojans,Southern Mississippi Golden Eagles,alternate_spread,away,-1.0,320,fanatics,0.21485940831238678,-0.023235829782851297,"10 market(s) allowlisted for NCAAF: moneyline, spread, total_points, alternate_spread, alternate_total_points, team_total, alternate_team_total, moneyline_h1, spread_h1, total_points_h1."
2026-10-06,401871090,False,2026-10-07T00:00:00Z,Troy Trojans,Southern Mississippi Golden Eagles,alternate_spread,away,-6.0,550,fanatics,0.13015390675118174,-0.023692247094972113,"10 market(s) allowlisted for NCAAF: moneyline, spread, total_points, alternate_spread, alternate_total_points, team_total, alternate_team_total, moneyline_h1, spread_h1, total_points_h1."
2026-10-06,401871090,False,2026-10-07T00:00:00Z,Troy Trojans,Southern Mississippi Golden Eagles,alternate_spread,away,-4.0,475,fanatics,0.15042980555757057,-0.023483237920690292,"10 market(s) allowlisted for NCAAF: moneyline, spread, total_points, alternate_spread, alternate_total_points, team_total, alternate_team_total, moneyline_h1, spread_h1, total_points_h1."
2026-10-06,401871090,False,2026-10-07T00:00:00Z,Troy Trojans,Southern Mississippi Golden Eagles,alternate_spread,away,12.5,-125,fanatics,0.5367662978015562,-0.018789257753999422,"10 market(s) allowlisted for NCAAF: moneyline, spread, total_points, alternate_spread, alternate_total_points, team_total, alternate_team_total, moneyline_h1, spread_h1, total_points_h1."
2026-10-06,401871090,False,2026-10-07T00:00:00Z,Troy Trojans,Southern Mississippi Golden Eagles,alternate_spread,away,35.5,-2800,fanatics,0.9476136750651144,-0.017903566314195984,"10 market(s) allowlisted for NCAAF: moneyline, spread, total_points, alternate_spread, alternate_total_points, team_total, alternate_team_total, moneyline_h1, spread_h1, total_points_h1."
2026-10-06,401871090,False,2026-10-07T00:00:00Z,Troy Trojans,Southern Mississippi Golden Eagles,alternate_spread,away,-7.0,700,fanatics,0.10242684160009692,-0.02257315839990308,"10 market(s) allowlisted for NCAAF: moneyline, spread, total_points, alternate_spread, alternate_total_points, team_total, alternate_team_total, moneyline_h1, spread_h1, total_points_h1."
2026-10-06,401871090,False,2026-10-07T00:00:00Z,Troy Trojans,Southern Mississippi Golden Eagles,alternate_spread,away,-9.0,850,fanatics,0.07659704190421582,-0.02866611599052102,"10 market(s) allowlisted for NCAAF: moneyline, spread, total_points, alternate_spread, alternate_total_points, team_total, alternate_team_total, moneyline_h1, spread_h1, total_points_h1."
2026-10-06,401871090,False,2026-10-07T00:00:00Z,Troy Trojans,Southern Mississippi Golden Eagles,alternate_spread,away,23.5,-400,fanatics,0.7700995910789452,-0.029900408921054833,"10 market(s) allowlisted for NCAAF: moneyline, spread, total_points, alternate_spread, alternate_total_points, team_total, alternate_team_total, moneyline_h1, spread_h1, total_points_h1."
2026-10-06,401871090,False,2026-10-07T00:00:00Z,Troy Trojans,Southern Mississippi Golden Eagles,alternate_spread,away,7.5,120,fanatics,0.4167628372505691,-0.03778261729488541,"10 market(s) allowlisted for NCAAF: moneyline, spread, total_points, alternate_spread, alternate_total_points, team_total, alternate_team_total, moneyline_h1, spread_h1, total_points_h1."
2026-10-06,401871090,False,2026-10-07T00:00:00Z,Troy Trojans,Southern Mississippi Golden Eagles,alternate_spread,away,-7.5,750,fanatics,0.0993800132145812,-0.018267045608948207,"10 market(s) allowlisted for NCAAF: moneyline, spread, total_points, alternate_spread, alternate_total_points, team_total, alternate_team_total, moneyline_h1, spread_h1, total_points_h1."
2026-10-06,401871090,False,2026-10-07T00:00:00Z,Troy Trojans,Southern Mississippi Golden Eagles,alternate_spread,away,30.5,-1100,fanatics,0.8793116780392489,-0.03735498862741771,"10 market(s) allowlisted for NCAAF: moneyline, spread, total_points, alternate_spread, alternate_total_points, team_total, alternate_team_total, moneyline_h1, spread_h1, total_points_h1."
2026-10-06,401871090,False,2026-10-07T00:00:00Z,Troy Trojans,Southern Mississippi Golden Eagles,alternate_spread,away,12.0,-125,fanatics,0.529053683487685,-0.02650187206787058,"10 market(s) allowlisted for NCAAF: moneyline, spread, total_points, alternate_spread, alternate_total_points, team_total, alternate_team_total, moneyline_h1, spread_h1, total_points_h1."
2026-10-06,401871090,False,2026-10-07T00:00:00Z,Troy Trojans,Southern Mississippi Golden Eagles,alternate_spread,away,15.5,-180,fanatics,0.6171087533533289,-0.025748389503813973,"10 market(s) allowlisted for NCAAF: moneyline, spread, total_points, alternate_spread, alternate_total_points, team_total, alternate_team_total, moneyline_h1, spread_h1, total_points_h1."
2026-10-06,401871090,False,2026-10-07T00:00:00Z,Troy Trojans,Southern Mississippi Golden Eagles,alternate_spread,away,11.0,-115,fanatics,0.5104069066439891,-0.024476814286243376,"10 market(s) allowlisted for NCAAF: moneyline, spread, total_points, alternate_spread, alternate_total_points, team_total, alternate_team_total, moneyline_h1, spread_h1, total_points_h1."
2026-10-06,401871090,False,2026-10-07T00:00:00Z,Troy Trojans,Southern Mississippi Golden Eagles,alternate_spread,away,10.0,-105,fanatics,0.4770902112443104,-0.03510491070690913,"10 market(s) allowlisted for NCAAF: moneyline, spread, total_points, alternate_spread, alternate_total_points, team_total, alternate_team_total, moneyline_h1, spread_h1, total_points_h1."
2026-10-06,401871090,False,2026-10-07T00:00:00Z,Troy Trojans,Southern Mississippi Golden Eagles,alternate_spread,away,15.0,-175,fanatics,0.6065852371091448,-0.02977839925449155,"10 market(s) allowlisted for NCAAF: moneyline, spread, total_points, alternate_spread, alternate_total_points, team_total, alternate_team_total, moneyline_h1, spread_h1, total_points_h1."
2026-10-06,401871090,False,2026-10-07T00:00:00Z,Troy Trojans,Southern Mississippi Golden Eagles,alternate_spread,away,13.0,-135,fanatics,0.5459450573446067,-0.028523027761776287,"10 market(s) allowlisted for NCAAF: moneyline, spread, total_points, alternate_spread, alternate_total_points, team_total, alternate_team_total, moneyline_h1, spread_h1, total_points_h1."
2026-10-06,401871090,False,2026-10-07T00:00:00Z,Troy Trojans,Southern Mississippi Golden Eagles,alternate_spread,away,14.0,-155,fanatics,0.5747174038853566,-0.033125733369545274,"10 market(s) allowlisted for NCAAF: moneyline, spread, total_points, alternate_spread, alternate_total_points, team_total, alternate_team_total, moneyline_h1, spread_h1, total_points_h1."
2026-10-06,401871090,False,2026-10-07T00:00:00Z,Troy Trojans,Southern Mississippi Golden Eagles,alternate_spread,away,18.0,-235,fanatics,0.6750799347938419,-0.02641260251959099,"10 market(s) allowlisted for NCAAF: moneyline, spread, total_points, alternate_spread, alternate_total_points, team_total, alternate_team_total, moneyline_h1, spread_h1, total_points_h1."
2026-10-06,401871090,False,2026-10-07T00:00:00Z,Troy Trojans,Southern Mississippi Golden Eagles,alternate_spread,away,16.0,-190,fanatics,0.6270761257176511,-0.02809628807545228,"10 market(s) allowlisted for NCAAF: moneyline, spread, total_points, alternate_spread, alternate_total_points, team_total, alternate_team_total, moneyline_h1, spread_h1, total_points_h1."
2026-10-06,401871090,False,2026-10-07T00:00:00Z,Troy Trojans,Southern Mississippi Golden Eagles,alternate_spread,away,17.0,-205,fanatics,0.6522910842444154,-0.019840063296568178,"10 market(s) allowlisted for NCAAF: moneyline, spread, total_points, alternate_spread, alternate_total_points, team_total, alternate_team_total, moneyline_h1, spread_h1, total_points_h1."
2026-10-06,401871090,False,2026-10-07T00:00:00Z,Troy Trojans,Southern Mississippi Golden Eagles,alternate_spread,away,6.5,150,fanatics,0.36977560647886465,-0.030224393521135373,"10 market(s) allowlisted for NCAAF: moneyline, spread, total_points, alternate_spread, alternate_total_points, team_total, alternate_team_total, moneyline_h1, spread_h1, total_points_h1."
2026-10-06,401871090,False,2026-10-07T00:00:00Z,Troy Trojans,Southern Mississippi Golden Eagles,alternate_spread,away,19.0,-250,fanatics,0.6911495985355741,-0.023136115750140185,"10 market(s) allowlisted for NCAAF: moneyline, spread, total_points, alternate_spread, alternate_total_points, team_total, alternate_team_total, moneyline_h1, spread_h1, total_points_h1."
2026-10-06,401871090,False,2026-10-07T00:00:00Z,Troy Trojans,Southern Mississippi Golden Eagles,alternate_spread,away,21.0,-330,fanatics,0.7321522319249338,-0.03528962854018247,"10 market(s) allowlisted for NCAAF: moneyline, spread, total_points, alternate_spread, alternate_total_points, team_total, alternate_team_total, moneyline_h1, spread_h1, total_points_h1."
2026-10-06,401871090,False,2026-10-07T00:00:00Z,Troy Trojans,Southern Mississippi Golden Eagles,alternate_spread,away,20.0,-280,fanatics,0.7083658684778797,-0.02847623678527811,"10 market(s) allowlisted for NCAAF: moneyline, spread, total_points, alternate_spread, alternate_total_points, team_total, alternate_team_total, moneyline_h1, spread_h1, total_points_h1."
2026-10-06,401871090,False,2026-10-07T00:00:00Z,Troy Trojans,Southern Mississippi Golden Eagles,alternate_spread,away,23.0,-400,fanatics,0.7670176346995657,-0.0329823653004343,"10 market(s) allowlisted for NCAAF: moneyline, spread, total_points, alternate_spread, alternate_total_points, team_total, alternate_team_total, moneyline_h1, spread_h1, total_points_h1."
2026-10-06,401871090,False,2026-10-07T00:00:00Z,Troy Trojans,Southern Mississippi Golden Eagles,alternate_spread,away,24.0,-450,fanatics,0.7830533361119028,-0.03512848206991548,"10 market(s) allowlisted for NCAAF: moneyline, spread, total_points, alternate_spread, alternate_total_points, team_total, alternate_team_total, moneyline_h1, spread_h1, total_points_h1."
2026-10-06,401871090,False,2026-10-07T00:00:00Z,Troy Trojans,Southern Mississippi Golden Eagles,alternate_spread,away,26.0,-575,fanatics,0.8157985687748996,-0.036053283076952214,"10 market(s) allowlisted for NCAAF: moneyline, spread, total_points, alternate_spread, alternate_total_points, team_total, alternate_team_total, moneyline_h1, spread_h1, total_points_h1."
2026-10-06,401871090,False,2026-10-07T00:00:00Z,Troy Trojans,Southern Mississippi Golden Eagles,alternate_spread,away,26.5,-575,fanatics,0.817236551865062,-0.034615299986789805,"10 market(s) allowlisted for NCAAF: moneyline, spread, total_points, alternate_spread, alternate_total_points, team_total, alternate_team_total, moneyline_h1, spread_h1, total_points_h1."
2026-10-06,401871090,False,2026-10-07T00:00:00Z,Troy Trojans,Southern Mississippi Golden Eagles,alternate_spread,away,27.0,-650,fanatics,0.8324063599476696,-0.03426030671899705,"10 market(s) allowlisted for NCAAF: moneyline, spread, total_points, alternate_spread, alternate_total_points, team_total, alternate_team_total, moneyline_h1, spread_h1, total_points_h1."
2026-10-06,401871090,False,2026-10-07T00:00:00Z,Troy Trojans,Southern Mississippi Golden Eagles,alternate_spread,away,29.0,-950,fanatics,0.8673032259025388,-0.037458678859365935,"10 market(s) allowlisted for NCAAF: moneyline, spread, total_points, alternate_spread, alternate_total_points, team_total, alternate_team_total, moneyline_h1, spread_h1, total_points_h1."
2026-10-06,401871090,False,2026-10-07T00:00:00Z,Troy Trojans,Southern Mississippi Golden Eagles,alternate_spread,away,22.0,-375,fanatics,0.7524314645925309,-0.037042219617995475,"10 market(s) allowlisted for NCAAF: moneyline, spread, total_points, alternate_spread, alternate_total_points, team_total, alternate_team_total, moneyline_h1, spread_h1, total_points_h1."
2026-10-06,401871090,False,2026-10-07T00:00:00Z,Troy Trojans,Southern Mississippi Golden Eagles,alternate_spread,away,32.0,-1500,fanatics,0.9123015045035192,-0.02519849549648079,"10 market(s) allowlisted for NCAAF: moneyline, spread, total_points, alternate_spread, alternate_total_points, team_total, alternate_team_total, moneyline_h1, spread_h1, total_points_h1."
2026-10-06,401871090,False,2026-10-07T00:00:00Z,Troy Trojans,Southern Mississippi Golden Eagles,alternate_spread,away,25.0,-525,fanatics,0.8049860387062177,-0.035013961293782314,"10 market(s) allowlisted for NCAAF: moneyline, spread, total_points, alternate_spread, alternate_total_points, team_total, alternate_team_total, moneyline_h1, spread_h1, total_points_h1."
2026-10-06,401871090,False,2026-10-07T00:00:00Z,Troy Trojans,Southern Mississippi Golden Eagles,alternate_spread,away,35.0,-2500,fanatics,0.9467968977472289,-0.014741563791232704,"10 market(s) allowlisted for NCAAF: moneyline, spread, total_points, alternate_spread, alternate_total_points, team_total, alternate_team_total, moneyline_h1, spread_h1, total_points_h1."
2026-10-06,401871090,False,2026-10-07T00:00:00Z,Troy Trojans,Southern Mississippi Golden Eagles,alternate_spread,away,28.0,-850,fanatics,0.853786094094624,-0.04095074801063914,"10 market(s) allowlisted for NCAAF: moneyline, spread, total_points, alternate_spread, alternate_total_points, team_total, alternate_team_total, moneyline_h1, spread_h1, total_points_h1."
2026-10-06,401871090,False,2026-10-07T00:00:00Z,Troy Trojans,Southern Mississippi Golden Eagles,alternate_spread,away,-3.5,430,fanatics,0.16241323896514417,-0.026266006317874707,"10 market(s) allowlisted for NCAAF: moneyline, spread, total_points, alternate_spread, alternate_total_points, team_total, alternate_team_total, moneyline_h1, spread_h1, total_points_h1."
2026-10-06,401871090,False,2026-10-07T00:00:00Z,Troy Trojans,Southern Mississippi Golden Eagles,alternate_spread,away,30.0,-950,fanatics,0.8780408022948876,-0.0267211024670172,"10 market(s) allowlisted for NCAAF: moneyline, spread, total_points, alternate_spread, alternate_total_points, team_total, alternate_team_total, moneyline_h1, spread_h1, total_points_h1."
2026-10-06,401871090,False,2026-10-07T00:00:00Z,Troy Trojans,Southern Mississippi Golden Eagles,alternate_spread,away,14.5,-170,fanatics,0.5903595887646487,-0.03927004086498098,"10 market(s) allowlisted for NCAAF: moneyline, spread, total_points, alternate_spread, alternate_total_points, team_total, alternate_team_total, moneyline_h1, spread_h1, total_points_h1."
2026-10-06,401871090,False,2026-10-07T00:00:00Z,Troy Trojans,Southern Mississippi Golden Eagles,alternate_spread,away,31.0,-1200,fanatics,0.8957787108394384,-0.027298212237484742,"10 market(s) allowlisted for NCAAF: moneyline, spread, total_points, alternate_spread, alternate_total_points, team_total, alternate_team_total, moneyline_h1, spread_h1, total_points_h1."
2026-10-06,401871090,False,2026-10-07T00:00:00Z,Troy Trojans,Southern Mississippi Golden Eagles,alternate_spread,away,33.0,-1800,fanatics,0.9227335308532261,-0.024634890199405457,"10 market(s) allowlisted for NCAAF: moneyline, spread, total_points, alternate_spread, alternate_total_points, team_total, alternate_team_total, moneyline_h1, spread_h1, total_points_h1."
2026-10-06,401871090,False,2026-10-07T00:00:00Z,Troy Trojans,Southern Mississippi Golden Eagles,alternate_spread,away,34.0,-2000,fanatics,0.9316621453812877,-0.020718806999664663,"10 market(s) allowlisted for NCAAF: moneyline, spread, total_points, alternate_spread, alternate_total_points, team_total, alternate_team_total, moneyline_h1, spread_h1, total_points_h1."
2026-10-06,401871090,False,2026-10-07T00:00:00Z,Troy Trojans,Southern Mississippi Golden Eagles,alternate_spread,away,36.0,-3000,fanatics,0.9502974638440475,-0.017444471639823544,"10 market(s) allowlisted for NCAAF: moneyline, spread, total_points, alternate_spread, alternate_total_points, team_total, alternate_team_total, moneyline_h1, spread_h1, total_points_h1."
2026-10-06,401871090,False,2026-10-07T00:00:00Z,Troy Trojans,Southern Mississippi Golden Eagles,alternate_spread,away,5.5,160,fanatics,0.3521328516326502,-0.03248253298273446,"10 market(s) allowlisted for NCAAF: moneyline, spread, total_points, alternate_spread, alternate_total_points, team_total, alternate_team_total, moneyline_h1, spread_h1, total_points_h1."
2026-10-06,401871090,False,2026-10-07T00:00:00Z,Troy Trojans,Southern Mississippi Golden Eagles,alternate_spread,away,25.5,-550,fanatics,0.8094299725100671,-0.03672387364377905,"10 market(s) allowlisted for NCAAF: moneyline, spread, total_points, alternate_spread, alternate_total_points, team_total, alternate_team_total, moneyline_h1, spread_h1, total_points_h1."
2026-10-06,401871090,False,2026-10-07T00:00:00Z,Troy Trojans,Southern Mississippi Golden Eagles,alternate_spread,away,2.0,280,fanatics,0.25017255895981555,-0.012985335777026541,"10 market(s) allowlisted for NCAAF: moneyline, spread, total_points, alternate_spread, alternate_total_points, team_total, alternate_team_total, moneyline_h1, spread_h1, total_points_h1."
2026-10-06,401871090,False,2026-10-07T00:00:00Z,Troy Trojans,Southern Mississippi Golden Eagles,alternate_spread,away,32.5,-1500,fanatics,0.913705649165798,-0.023794350834202005,"10 market(s) allowlisted for NCAAF: moneyline, spread, total_points, alternate_spread, alternate_total_points, team_total, alternate_team_total, moneyline_h1, spread_h1, total_points_h1."
2026-10-06,401871090,False,2026-10-07T00:00:00Z,Troy Trojans,Southern Mississippi Golden Eagles,alternate_spread,away,5.0,170,fanatics,0.34242090647637957,-0.027949463893990778,"10 market(s) allowlisted for NCAAF: moneyline, spread, total_points, alternate_spread, alternate_total_points, team_total, alternate_team_total, moneyline_h1, spread_h1, total_points_h1."
2026-10-06,401871090,False,2026-10-07T00:00:00Z,Troy Trojans,Southern Mississippi Golden Eagles,alternate_spread,away,8.0,115,fanatics,0.42593340575049904,-0.039182873319268396,"10 market(s) allowlisted for NCAAF: moneyline, spread, total_points, alternate_spread, alternate_total_points, team_total, alternate_team_total, moneyline_h1, spread_h1, total_points_h1."
2026-10-06,401871090,False,2026-10-07T00:00:00Z,Troy Trojans,Southern Mississippi Golden Eagles,alternate_spread,away,17.5,-220,fanatics,0.6625723506077718,-0.024927649392228246,"10 market(s) allowlisted for NCAAF: moneyline, spread, total_points, alternate_spread, alternate_total_points, team_total, alternate_team_total, moneyline_h1, spread_h1, total_points_h1."
2026-10-06,401871090,False,2026-10-07T00:00:00Z,Troy Trojans,Southern Mississippi Golden Eagles,alternate_spread,away,-12.5,1100,fanatics,0.05315932726725925,-0.03017400606607408,"10 market(s) allowlisted for NCAAF: moneyline, spread, total_points, alternate_spread, alternate_total_points, team_total, alternate_team_total, moneyline_h1, spread_h1, total_points_h1."
2026-10-06,401871090,False,2026-10-07T00:00:00Z,Troy Trojans,Southern Mississippi Golden Eagles,alternate_spread,away,20.5,-285,fanatics,0.713604921603941,-0.02665481865579933,"10 market(s) allowlisted for NCAAF: moneyline, spread, total_points, alternate_spread, alternate_total_points, team_total, alternate_team_total, moneyline_h1, spread_h1, total_points_h1."
2026-10-06,401871090,False,2026-10-07T00:00:00Z,Troy Trojans,Southern Mississippi Golden Eagles,alternate_spread,away,1.0,290,fanatics,0.23374644883896592,-0.022663807571290467,"10 market(s) allowlisted for NCAAF: moneyline, spread, total_points, alternate_spread, alternate_total_points, team_total, alternate_team_total, moneyline_h1, spread_h1, total_points_h1."
2026-10-06,401871090,False,2026-10-07T00:00:00Z,Troy Trojans,Southern Mississippi Golden Eagles,alternate_spread,away,27.5,-650,fanatics,0.8354605934059763,-0.03120607326069036,"10 market(s) allowlisted for NCAAF: moneyline, spread, total_points, alternate_spread, alternate_total_points, team_total, alternate_team_total, moneyline_h1, spread_h1, total_points_h1."
2026-10-06,401871090,False,2026-10-07T00:00:00Z,Troy Trojans,Southern Mississippi Golden Eagles,alternate_spread,away,4.0,190,fanatics,0.3178598826819703,-0.02696770352492628,"10 market(s) allowlisted for NCAAF: moneyline, spread, total_points, alternate_spread, alternate_total_points, team_total, alternate_team_total, moneyline_h1, spread_h1, total_points_h1."
2026-10-06,401871090,False,2026-10-07T00:00:00Z,Troy Trojans,Southern Mississippi Golden Eagles,alternate_spread,away,3.5,200,fanatics,0.30877164404220364,-0.024561689291129674,"10 market(s) allowlisted for NCAAF: moneyline, spread, total_points, alternate_spread, alternate_total_points, team_total, alternate_team_total, moneyline_h1, spread_h1, total_points_h1."
2026-10-06,401871090,False,2026-10-07T00:00:00Z,Troy Trojans,Southern Mississippi Golden Eagles,alternate_spread,away,7.0,135,fanatics,0.38800697998862216,-0.03752493490499487,"10 market(s) allowlisted for NCAAF: moneyline, spread, total_points, alternate_spread, alternate_total_points, team_total, alternate_team_total, moneyline_h1, spread_h1, total_points_h1."
2026-10-06,401871090,False,2026-10-07T00:00:00Z,Troy Trojans,Southern Mississippi Golden Eagles,alternate_spread,away,-11.0,1050,fanatics,0.05780147028734218,-0.029155051451788254,"10 market(s) allowlisted for NCAAF: moneyline, spread, total_points, alternate_spread, alternate_total_points, team_total, alternate_team_total, moneyline_h1, spread_h1, total_points_h1."
2026-10-06,401871090,False,2026-10-07T00:00:00Z,Troy Trojans,Southern Mississippi Golden Eagles,alternate_spread,away,-9.5,850,fanatics,0.07603740871636812,-0.029225749178368718,"10 market(s) allowlisted for NCAAF: moneyline, spread, total_points, alternate_spread, alternate_total_points, team_total, alternate_team_total, moneyline_h1, spread_h1, total_points_h1."
2026-10-06,401871090,False,2026-10-07T00:00:00Z,Troy Trojans,Southern Mississippi Golden Eagles,alternate_spread,away,4.5,175,fanatics,0.33736360903974866,-0.02627275459661499,"10 market(s) allowlisted for NCAAF: moneyline, spread, total_points, alternate_spread, alternate_total_points, team_total, alternate_team_total, moneyline_h1, spread_h1, total_points_h1."
2026-10-06,401871090,False,2026-10-07T00:00:00Z,Troy Trojans,Southern Mississippi Golden Eagles,alternate_spread,away,-11.5,1050,fanatics,0.05757624284088515,-0.02938027889824528,"10 market(s) allowlisted for NCAAF: moneyline, spread, total_points, alternate_spread, alternate_total_points, team_total, alternate_team_total, moneyline_h1, spread_h1, total_points_h1."
2026-10-06,401871090,False,2026-10-07T00:00:00Z,Troy Trojans,Southern Mississippi Golden Eagles,alternate_spread,away,11.5,-120,fanatics,0.5203894538950394,-0.02506509155950598,"10 market(s) allowlisted for NCAAF: moneyline, spread, total_points, alternate_spread, alternate_total_points, team_total, alternate_team_total, moneyline_h1, spread_h1, total_points_h1."
2026-10-06,401871090,False,2026-10-07T00:00:00Z,Troy Trojans,Southern Mississippi Golden Eagles,alternate_spread,away,3.0,240,fanatics,0.27932233235948134,-0.014795314699342199,"10 market(s) allowlisted for NCAAF: moneyline, spread, total_points, alternate_spread, alternate_total_points, team_total, alternate_team_total, moneyline_h1, spread_h1, total_points_h1."
2026-10-06,401871090,False,2026-10-07T00:00:00Z,Troy Trojans,Southern Mississippi Golden Eagles,alternate_spread,away,-10.0,950,fanatics,0.062381371847741916,-0.032856723390353317,"10 market(s) allowlisted for NCAAF: moneyline, spread, total_points, alternate_spread, alternate_total_points, team_total, alternate_team_total, moneyline_h1, spread_h1, total_points_h1."
2026-10-06,401871090,False,2026-10-07T00:00:00Z,Troy Trojans,Southern Mississippi Golden Eagles,alternate_spread,away,6.0,155,fanatics,0.3584570209766455,-0.03369984176845253,"10 market(s) allowlisted for NCAAF: moneyline, spread, total_points, alternate_spread, alternate_total_points, team_total, alternate_team_total, moneyline_h1, spread_h1, total_points_h1."
2026-10-06,401871090,False,2026-10-07T00:00:00Z,Troy Trojans,Southern Mississippi Golden Eagles,alternate_spread,away,28.5,-850,fanatics,0.8569244012793998,-0.037812440825863325,"10 market(s) allowlisted for NCAAF: moneyline, spread, total_points, alternate_spread, alternate_total_points, team_total, alternate_team_total, moneyline_h1, spread_h1, total_points_h1."
2026-10-06,401871090,False,2026-10-07T00:00:00Z,Troy Trojans,Southern Mississippi Golden Eagles,alternate_spread,away,33.5,-1800,fanatics,0.9234894939980978,-0.02387892705453376,"10 market(s) allowlisted for NCAAF: moneyline, spread, total_points, alternate_spread, alternate_total_points, team_total, alternate_team_total, moneyline_h1, spread_h1, total_points_h1."
2026-10-06,401871090,False,2026-10-07T00:00:00Z,Troy Trojans,Southern Mississippi Golden Eagles,alternate_spread,away,-2.0,350,fanatics,0.19888434459491458,-0.02333787762730763,"10 market(s) allowlisted for NCAAF: moneyline, spread, total_points, alternate_spread, alternate_total_points, team_total, alternate_team_total, moneyline_h1, spread_h1, total_points_h1."
2026-10-06,401871090,False,2026-10-07T00:00:00Z,Troy Trojans,Southern Mississippi Golden Eagles,alternate_spread,away,9.0,105,fanatics,0.446279321264299,-0.0415255567844815,"10 market(s) allowlisted for NCAAF: moneyline, spread, total_points, alternate_spread, alternate_total_points, team_total, alternate_team_total, moneyline_h1, spread_h1, total_points_h1."
2026-10-06,401871090,False,2026-10-07T00:00:00Z,Troy Trojans,Southern Mississippi Golden Eagles,alternate_spread,away,-5.0,525,fanatics,0.1385851656940052,-0.021414834305994807,"10 market(s) allowlisted for NCAAF: moneyline, spread, total_points, alternate_spread, alternate_total_points, team_total, alternate_team_total, moneyline_h1, spread_h1, total_points_h1."
2026-10-06,401871090,False,2026-10-07T00:00:00Z,Troy Trojans,Southern Mississippi Golden Eagles,alternate_spread,away,31.5,-1200,fanatics,0.8976946029747591,-0.025382320102164013,"10 market(s) allowlisted for NCAAF: moneyline, spread, total_points, alternate_spread, alternate_total_points, team_total, alternate_team_total, moneyline_h1, spread_h1, total_points_h1."
2026-10-06,401871090,False,2026-10-07T00:00:00Z,Troy Trojans,Southern Mississippi Golden Eagles,alternate_spread,away,-8.0,850,fanatics,0.08470192156179727,-0.02056123633293956,"10 market(s) allowlisted for NCAAF: moneyline, spread, total_points, alternate_spread, alternate_total_points, team_total, alternate_team_total, moneyline_h1, spread_h1, total_points_h1."
2026-10-06,401871090,False,2026-10-07T00:00:00Z,Troy Trojans,Southern Mississippi Golden Eagles,alternate_spread,away,18.5,-240,fanatics,0.6810999108883032,-0.024782442052873277,"10 market(s) allowlisted for NCAAF: moneyline, spread, total_points, alternate_spread, alternate_total_points, team_total, alternate_team_total, moneyline_h1, spread_h1, total_points_h1."
2026-10-06,401871090,False,2026-10-07T00:00:00Z,Troy Trojans,Southern Mississippi Golden Eagles,alternate_spread,away,16.5,-190,fanatics,0.633003749121052,-0.022168664672051475,"10 market(s) allowlisted for NCAAF: moneyline, spread, total_points, alternate_spread, alternate_total_points, team_total, alternate_team_total, moneyline_h1, spread_h1, total_points_h1."
2026-10-06,401871090,False,2026-10-07T00:00:00Z,Troy Trojans,Southern Mississippi Golden Eagles,alternate_spread,away,2.5,265,fanatics,0.26790828306261527,-0.006064319677110741,"10 market(s) allowlisted for NCAAF: moneyline, spread, total_points, alternate_spread, alternate_total_points, team_total, alternate_team_total, moneyline_h1, spread_h1, total_points_h1."
2026-10-06,401871090,False,2026-10-07T00:00:00Z,Troy Trojans,Southern Mississippi Golden Eagles,alternate_spread,away,34.5,-2000,fanatics,0.9322616131871254,-0.020119339193826913,"10 market(s) allowlisted for NCAAF: moneyline, spread, total_points, alternate_spread, alternate_total_points, team_total, alternate_team_total, moneyline_h1, spread_h1, total_points_h1."
2026-10-06,401871090,False,2026-10-07T00:00:00Z,Troy Trojans,Southern Mississippi Golden Eagles,alternate_spread,away,21.5,-350,fanatics,0.7389375088887319,-0.038840268889045904,"10 market(s) allowlisted for NCAAF: moneyline, spread, total_points, alternate_spread, alternate_total_points, team_total, alternate_team_total, moneyline_h1, spread_h1, total_points_h1."
2026-10-06,401871090,False,2026-10-07T00:00:00Z,Troy Trojans,Southern Mississippi Golden Eagles,alternate_spread,away,19.5,-265,fanatics,0.6956404498230931,-0.030386947437180845,"10 market(s) allowlisted for NCAAF: moneyline, spread, total_points, alternate_spread, alternate_total_points, team_total, alternate_team_total, moneyline_h1, spread_h1, total_points_h1."
2026-10-06,401871090,False,2026-10-07T00:00:00Z,Troy Trojans,Southern Mississippi Golden Eagles,alternate_spread,away,-12.0,1100,fanatics,0.05339516922175119,-0.029938164111582136,"10 market(s) allowlisted for NCAAF: moneyline, spread, total_points, alternate_spread, alternate_total_points, team_total, alternate_team_total, moneyline_h1, spread_h1, total_points_h1."
2026-10-06,401871090,False,2026-10-07T00:00:00Z,Troy Trojans,Southern Mississippi Golden Eagles,alternate_spread,away,22.5,-375,fanatics,0.7568713092928743,-0.032602374917652055,"10 market(s) allowlisted for NCAAF: moneyline, spread, total_points, alternate_spread, alternate_total_points, team_total, alternate_team_total, moneyline_h1, spread_h1, total_points_h1."
2026-10-06,401871090,False,2026-10-07T00:00:00Z,Troy Trojans,Southern Mississippi Golden Eagles,alternate_spread,away,29.5,-950,fanatics,0.8688911786568718,-0.035870726105032946,"10 market(s) allowlisted for NCAAF: moneyline, spread, total_points, alternate_spread, alternate_total_points, team_total, alternate_team_total, moneyline_h1, spread_h1, total_points_h1."
2026-10-06,401871090,False,2026-10-07T00:00:00Z,Troy Trojans,Southern Mississippi Golden Eagles,alternate_spread,away,-10.5,950,fanatics,0.061472812345733055,-0.03376528289236218,"10 market(s) allowlisted for NCAAF: moneyline, spread, total_points, alternate_spread, alternate_total_points, team_total, alternate_team_total, moneyline_h1, spread_h1, total_points_h1."
2026-10-06,401871090,False,2026-10-07T00:00:00Z,Troy Trojans,Southern Mississippi Golden Eagles,alternate_spread,away,-6.5,550,fanatics,0.1291263993953774,-0.024719754450776454,"10 market(s) allowlisted for NCAAF: moneyline, spread, total_points, alternate_spread, alternate_total_points, team_total, alternate_team_total, moneyline_h1, spread_h1, total_points_h1."
2026-10-06,401871090,False,2026-10-07T00:00:00Z,Troy Trojans,Southern Mississippi Golden Eagles,alternate_spread,away,10.5,-115,fanatics,0.49999997661989454,-0.03488374431033797,"10 market(s) allowlisted for NCAAF: moneyline, spread, total_points, alternate_spread, alternate_total_points, team_total, alternate_team_total, moneyline_h1, spread_h1, total_points_h1."
2026-10-06,401871090,False,2026-10-07T00:00:00Z,Troy Trojans,Southern Mississippi Golden Eagles,alternate_spread,away,1.5,280,fanatics,0.24425520885904095,-0.01890268587780114,"10 market(s) allowlisted for NCAAF: moneyline, spread, total_points, alternate_spread, alternate_total_points, team_total, alternate_team_total, moneyline_h1, spread_h1, total_points_h1."
2026-10-06,401871090,False,2026-10-07T00:00:00Z,Troy Trojans,Southern Mississippi Golden Eagles,alternate_spread,home,-9.5,-125,fanatics,0.5438121031464834,-0.011743452409072153,"10 market(s) allowlisted for NCAAF: moneyline, spread, total_points, alternate_spread, alternate_total_points, team_total, alternate_team_total, moneyline_h1, spread_h1, total_points_h1."
2026-10-06,401871090,False,2026-10-07T00:00:00Z,Troy Trojans,Southern Mississippi Golden Eagles,alternate_spread,home,5.5,-900,fanatics,0.8629790442178624,-0.0370209557821376,"10 market(s) allowlisted for NCAAF: moneyline, spread, total_points, alternate_spread, alternate_total_points, team_total, alternate_team_total, moneyline_h1, spread_h1, total_points_h1."
2026-10-06,401871090,False,2026-10-07T00:00:00Z,Troy Trojans,Southern Mississippi Golden Eagles,alternate_spread,home,4.5,-800,fanatics,0.8516920503752363,-0.03719683851365252,"10 market(s) allowlisted for NCAAF: moneyline, spread, total_points, alternate_spread, alternate_total_points, team_total, alternate_team_total, moneyline_h1, spread_h1, total_points_h1."
2026-10-06,401871090,False,2026-10-07T00:00:00Z,Troy Trojans,Southern Mississippi Golden Eagles,alternate_spread,home,-13.5,115,fanatics,0.44642109547260467,-0.018695183597162768,"10 market(s) allowlisted for NCAAF: moneyline, spread, total_points, alternate_spread, alternate_total_points, team_total, alternate_team_total, moneyline_h1, spread_h1, total_points_h1."
2026-10-06,401871090,False,2026-10-07T00:00:00Z,Troy Trojans,Southern Mississippi Golden Eagles,alternate_spread,home,2.5,-525,fanatics,0.804284080116942,-0.035715919883058,"10 market(s) allowlisted for NCAAF: moneyline, spread, total_points, alternate_spread, alternate_total_points, team_total, alternate_team_total, moneyline_h1, spread_h1, total_points_h1."
2026-10-06,401871090,False,2026-10-07T00:00:00Z,Troy Trojans,Southern Mississippi Golden Eagles,alternate_spread,home,-36.5,1200,fanatics,0.04956216841438203,-0.027360908508694895,"10 market(s) allowlisted for NCAAF: moneyline, spread, total_points, alternate_spread, alternate_total_points, team_total, alternate_team_total, moneyline_h1, spread_h1, total_points_h1."
2026-10-06,401871090,False,2026-10-07T00:00:00Z,Troy Trojans,Southern Mississippi Golden Eagles,alternate_spread,home,1.5,-500,fanatics,0.7883530890763457,-0.044980244256987656,"10 market(s) allowlisted for NCAAF: moneyline, spread, total_points, alternate_spread, alternate_total_points, team_total, alternate_team_total, moneyline_h1, spread_h1, total_points_h1."
2026-10-06,401871090,False,2026-10-07T00:00:00Z,Troy Trojans,Southern Mississippi Golden Eagles,alternate_spread,home,-8.5,-135,fanatics,0.561706640897614,-0.012761444208769013,"10 market(s) allowlisted for NCAAF: moneyline, spread, total_points, alternate_spread, alternate_total_points, team_total, alternate_team_total, moneyline_h1, spread_h1, total_points_h1."
2026-10-06,401871090,False,2026-10-07T00:00:00Z,Troy Trojans,Southern Mississippi Golden Eagles,alternate_spread,home,8.5,-1800,fanatics,0.9166563928465237,-0.030712028206107855,"10 market(s) allowlisted for NCAAF: moneyline, spread, total_points, alternate_spread, alternate_total_points, team_total, alternate_team_total, moneyline_h1, spread_h1, total_points_h1."
2026-10-06,401871090,False,2026-10-07T00:00:00Z,Troy Trojans,Southern Mississippi Golden Eagles,alternate_spread,home,-24.5,320,fanatics,0.21335780009024793,-0.024737438004990148,"10 market(s) allowlisted for NCAAF: moneyline, spread, total_points, alternate_spread, alternate_total_points, team_total, alternate_team_total, moneyline_h1, spread_h1, total_points_h1."
2026-10-06,401871090,False,2026-10-07T00:00:00Z,Troy Trojans,Southern Mississippi Golden Eagles,alternate_spread,home,3.0,-650,fanatics,0.8319916319625659,-0.03467503470410083,"10 market(s) allowlisted for NCAAF: moneyline, spread, total_points, alternate_spread, alternate_total_points, team_total, alternate_team_total, moneyline_h1, spread_h1, total_points_h1."
2026-10-06,401871090,False,2026-10-07T00:00:00Z,Troy Trojans,Southern Mississippi Golden Eagles,alternate_spread,home,1.0,-475,fanatics,0.7851405916876132,-0.04094636483412595,"10 market(s) allowlisted for NCAAF: moneyline, spread, total_points, alternate_spread, alternate_total_points, team_total, alternate_team_total, moneyline_h1, spread_h1, total_points_h1."
2026-10-06,401871090,False,2026-10-07T00:00:00Z,Troy Trojans,Southern Mississippi Golden Eagles,alternate_spread,home,6.0,-950,fanatics,0.8698460932488182,-0.034915811513086537,"10 market(s) allowlisted for NCAAF: moneyline, spread, total_points, alternate_spread, alternate_total_points, team_total, alternate_team_total, moneyline_h1, spread_h1, total_points_h1."
2026-10-06,401871090,False,2026-10-07T00:00:00Z,Troy Trojans,Southern Mississippi Golden Eagles,alternate_spread,home,4.0,-800,fanatics,0.8495701944424295,-0.0393186944464593,"10 market(s) allowlisted for NCAAF: moneyline, spread, total_points, alternate_spread, alternate_total_points, team_total, alternate_team_total, moneyline_h1, spread_h1, total_points_h1."
2026-10-06,401871090,False,2026-10-07T00:00:00Z,Troy Trojans,Southern Mississippi Golden Eagles,alternate_spread,home,-12.5,105,fanatics,0.46323370219844384,-0.024571175850336635,"10 market(s) allowlisted for NCAAF: moneyline, spread, total_points, alternate_spread, alternate_total_points, team_total, alternate_team_total, moneyline_h1, spread_h1, total_points_h1."
2026-10-06,401871090,False,2026-10-07T00:00:00Z,Troy Trojans,Southern Mississippi Golden Eagles,alternate_spread,home,-35.5,1100,fanatics,0.05238632493488555,-0.03094700839844778,"10 market(s) allowlisted for NCAAF: moneyline, spread, total_points, alternate_spread, alternate_total_points, team_total, alternate_team_total, moneyline_h1, spread_h1, total_points_h1."
2026-10-06,401871090,False,2026-10-07T00:00:00Z,Troy Trojans,Southern Mississippi Golden Eagles,alternate_spread,home,7.0,-1400,fanatics,0.8975731583999031,-0.0357601749334302,"10 market(s) allowlisted for NCAAF: moneyline, spread, total_points, alternate_spread, alternate_total_points, team_total, alternate_team_total, moneyline_h1, spread_h1, total_points_h1."
2026-10-06,401871090,False,2026-10-07T00:00:00Z,Troy Trojans,Southern Mississippi Golden Eagles,alternate_spread,home,9.0,-1800,fanatics,0.9234029580957843,-0.023965462956847206,"10 market(s) allowlisted for NCAAF: moneyline, spread, total_points, alternate_spread, alternate_total_points, team_total, alternate_team_total, moneyline_h1, spread_h1, total_points_h1."
2026-10-06,401871090,False,2026-10-07T00:00:00Z,Troy Trojans,Southern Mississippi Golden Eagles,alternate_spread,home,-23.5,280,fanatics,0.22990040892105476,-0.03325748581578733,"10 market(s) allowlisted for NCAAF: moneyline, spread, total_points, alternate_spread, alternate_total_points, team_total, alternate_team_total, moneyline_h1, spread_h1, total_points_h1."
2026-10-06,401871090,False,2026-10-07T00:00:00Z,Troy Trojans,Southern Mississippi Golden Eagles,alternate_spread,home,-7.5,-145,fanatics,0.5832371627494309,-0.008599571944446605,"10 market(s) allowlisted for NCAAF: moneyline, spread, total_points, alternate_spread, alternate_total_points, team_total, alternate_team_total, moneyline_h1, spread_h1, total_points_h1."
2026-10-06,401871090,False,2026-10-07T00:00:00Z,Troy Trojans,Southern Mississippi Golden Eagles,alternate_spread,home,7.5,-1500,fanatics,0.900619986785419,-0.03688001321458101,"10 market(s) allowlisted for NCAAF: moneyline, spread, total_points, alternate_spread, alternate_total_points, team_total, alternate_team_total, moneyline_h1, spread_h1, total_points_h1."
2026-10-06,401871090,False,2026-10-07T00:00:00Z,Troy Trojans,Southern Mississippi Golden Eagles,alternate_spread,home,-30.5,600,fanatics,0.12068832196075104,-0.022168820896391814,"10 market(s) allowlisted for NCAAF: moneyline, spread, total_points, alternate_spread, alternate_total_points, team_total, alternate_team_total, moneyline_h1, spread_h1, total_points_h1."
2026-10-06,401871090,False,2026-10-07T00:00:00Z,Troy Trojans,Southern Mississippi Golden Eagles,alternate_spread,home,-12.0,105,fanatics,0.47094631651231506,-0.016858561536465422,"10 market(s) allowlisted for NCAAF: moneyline, spread, total_points, alternate_spread, alternate_total_points, team_total, alternate_team_total, moneyline_h1, spread_h1, total_points_h1."
2026-10-06,401871090,False,2026-10-07T00:00:00Z,Troy Trojans,Southern Mississippi Golden Eagles,alternate_spread,home,-15.5,145,fanatics,0.3828912466466712,-0.02527201865945128,"10 market(s) allowlisted for NCAAF: moneyline, spread, total_points, alternate_spread, alternate_total_points, team_total, alternate_team_total, moneyline_h1, spread_h1, total_points_h1."
2026-10-06,401871090,False,2026-10-07T00:00:00Z,Troy Trojans,Southern Mississippi Golden Eagles,alternate_spread,home,-11.0,-105,fanatics,0.489593093356011,-0.022602028595208545,"10 market(s) allowlisted for NCAAF: moneyline, spread, total_points, alternate_spread, alternate_total_points, team_total, alternate_team_total, moneyline_h1, spread_h1, total_points_h1."
2026-10-06,401871090,False,2026-10-07T00:00:00Z,Troy Trojans,Southern Mississippi Golden Eagles,alternate_spread,home,-10.0,-115,fanatics,0.5229097887556896,-0.0119739321745429,"10 market(s) allowlisted for NCAAF: moneyline, spread, total_points, alternate_spread, alternate_total_points, team_total, alternate_team_total, moneyline_h1, spread_h1, total_points_h1."
2026-10-06,401871090,False,2026-10-07T00:00:00Z,Troy Trojans,Southern Mississippi Golden Eagles,alternate_spread,home,-15.0,140,fanatics,0.3934147628908553,-0.023251903775811378,"10 market(s) allowlisted for NCAAF: moneyline, spread, total_points, alternate_spread, alternate_total_points, team_total, alternate_team_total, moneyline_h1, spread_h1, total_points_h1."
2026-10-06,401871090,False,2026-10-07T00:00:00Z,Troy Trojans,Southern Mississippi Golden Eagles,alternate_spread,home,-13.0,110,fanatics,0.45405494265539326,-0.022135533535082907,"10 market(s) allowlisted for NCAAF: moneyline, spread, total_points, alternate_spread, alternate_total_points, team_total, alternate_team_total, moneyline_h1, spread_h1, total_points_h1."
2026-10-06,401871090,False,2026-10-07T00:00:00Z,Troy Trojans,Southern Mississippi Golden Eagles,alternate_spread,home,-14.0,125,fanatics,0.42528259611464336,-0.019161848329801057,"10 market(s) allowlisted for NCAAF: moneyline, spread, total_points, alternate_spread, alternate_total_points, team_total, alternate_team_total, moneyline_h1, spread_h1, total_points_h1."
2026-10-06,401871090,False,2026-10-07T00:00:00Z,Troy Trojans,Southern Mississippi Golden Eagles,alternate_spread,home,-18.0,180,fanatics,0.3249200652061582,-0.03222279193669897,"10 market(s) allowlisted for NCAAF: moneyline, spread, total_points, alternate_spread, alternate_total_points, team_total, alternate_team_total, moneyline_h1, spread_h1, total_points_h1."
2026-10-06,401871090,False,2026-10-07T00:00:00Z,Troy Trojans,Southern Mississippi Golden Eagles,alternate_spread,home,-16.0,150,fanatics,0.37292387428234897,-0.027076125717651056,"10 market(s) allowlisted for NCAAF: moneyline, spread, total_points, alternate_spread, alternate_total_points, team_total, alternate_team_total, moneyline_h1, spread_h1, total_points_h1."
2026-10-06,401871090,False,2026-10-07T00:00:00Z,Troy Trojans,Southern Mississippi Golden Eagles,alternate_spread,home,-17.0,160,fanatics,0.3477089157555847,-0.036906468859799924,"10 market(s) allowlisted for NCAAF: moneyline, spread, total_points, alternate_spread, alternate_total_points, team_total, alternate_team_total, moneyline_h1, spread_h1, total_points_h1."
2026-10-06,401871090,False,2026-10-07T00:00:00Z,Troy Trojans,Southern Mississippi Golden Eagles,alternate_spread,home,-6.5,-190,fanatics,0.6302243935211354,-0.024948020271968074,"10 market(s) allowlisted for NCAAF: moneyline, spread, total_points, alternate_spread, alternate_total_points, team_total, alternate_team_total, moneyline_h1, spread_h1, total_points_h1."
2026-10-06,401871090,False,2026-10-07T00:00:00Z,Troy Trojans,Southern Mississippi Golden Eagles,alternate_spread,home,-19.0,190,fanatics,0.30885040146442594,-0.035977184742470636,"10 market(s) allowlisted for NCAAF: moneyline, spread, total_points, alternate_spread, alternate_total_points, team_total, alternate_team_total, moneyline_h1, spread_h1, total_points_h1."
2026-10-06,401871090,False,2026-10-07T00:00:00Z,Troy Trojans,Southern Mississippi Golden Eagles,alternate_spread,home,-21.0,240,fanatics,0.2678477680750663,-0.026269878983757267,"10 market(s) allowlisted for NCAAF: moneyline, spread, total_points, alternate_spread, alternate_total_points, team_total, alternate_team_total, moneyline_h1, spread_h1, total_points_h1."
2026-10-06,401871090,False,2026-10-07T00:00:00Z,Troy Trojans,Southern Mississippi Golden Eagles,alternate_spread,home,-20.0,210,fanatics,0.29163413152212037,-0.030946513639169948,"10 market(s) allowlisted for NCAAF: moneyline, spread, total_points, alternate_spread, alternate_total_points, team_total, alternate_team_total, moneyline_h1, spread_h1, total_points_h1."
2026-10-06,401871090,False,2026-10-07T00:00:00Z,Troy Trojans,Southern Mississippi Golden Eagles,alternate_spread,home,-23.0,280,fanatics,0.23298236530043423,-0.03017552943640786,"10 market(s) allowlisted for NCAAF: moneyline, spread, total_points, alternate_spread, alternate_total_points, team_total, alternate_team_total, moneyline_h1, spread_h1, total_points_h1."
2026-10-06,401871090,False,2026-10-07T00:00:00Z,Troy Trojans,Southern Mississippi Golden Eagles,alternate_spread,home,-24.0,310,fanatics,0.21694666388809725,-0.026955775136292992,"10 market(s) allowlisted for NCAAF: moneyline, spread, total_points, alternate_spread, alternate_total_points, team_total, alternate_team_total, moneyline_h1, spread_h1, total_points_h1."
2026-10-06,401871090,False,2026-10-07T00:00:00Z,Troy Trojans,Southern Mississippi Golden Eagles,alternate_spread,home,-26.0,375,fanatics,0.1842014312251003,-0.026324884564373374,"10 market(s) allowlisted for NCAAF: moneyline, spread, total_points, alternate_spread, alternate_total_points, team_total, alternate_team_total, moneyline_h1, spread_h1, total_points_h1."
2026-10-06,401871090,False,2026-10-07T00:00:00Z,Troy Trojans,Southern Mississippi Golden Eagles,alternate_spread,home,-26.5,375,fanatics,0.18276344813493792,-0.027762867654535756,"10 market(s) allowlisted for NCAAF: moneyline, spread, total_points, alternate_spread, alternate_total_points, team_total, alternate_team_total, moneyline_h1, spread_h1, total_points_h1."
2026-10-06,401871090,False,2026-10-07T00:00:00Z,Troy Trojans,Southern Mississippi Golden Eagles,alternate_spread,home,-27.0,410,fanatics,0.16759364005233035,-0.028484791320218666,"10 market(s) allowlisted for NCAAF: moneyline, spread, total_points, alternate_spread, alternate_total_points, team_total, alternate_team_total, moneyline_h1, spread_h1, total_points_h1."
2026-10-06,401871090,False,2026-10-07T00:00:00Z,Troy Trojans,Southern Mississippi Golden Eagles,alternate_spread,home,-29.0,550,fanatics,0.13269677409746117,-0.021149379748692687,"10 market(s) allowlisted for NCAAF: moneyline, spread, total_points, alternate_spread, alternate_total_points, team_total, alternate_team_total, moneyline_h1, spread_h1, total_points_h1."
2026-10-06,401871090,False,2026-10-07T00:00:00Z,Troy Trojans,Southern Mississippi Golden Eagles,alternate_spread,home,-22.0,265,fanatics,0.24756853540746918,-0.026404067332256836,"10 market(s) allowlisted for NCAAF: moneyline, spread, total_points, alternate_spread, alternate_total_points, team_total, alternate_team_total, moneyline_h1, spread_h1, total_points_h1."
2026-10-06,401871090,False,2026-10-07T00:00:00Z,Troy Trojans,Southern Mississippi Golden Eagles,alternate_spread,home,-32.0,750,fanatics,0.08769849549648072,-0.02994856332704869,"10 market(s) allowlisted for NCAAF: moneyline, spread, total_points, alternate_spread, alternate_total_points, team_total, alternate_team_total, moneyline_h1, spread_h1, total_points_h1."
2026-10-06,401871090,False,2026-10-07T00:00:00Z,Troy Trojans,Southern Mississippi Golden Eagles,alternate_spread,home,-25.0,350,fanatics,0.19501396129378226,-0.027208260928439948,"10 market(s) allowlisted for NCAAF: moneyline, spread, total_points, alternate_spread, alternate_total_points, team_total, alternate_team_total, moneyline_h1, spread_h1, total_points_h1."
2026-10-06,401871090,False,2026-10-07T00:00:00Z,Troy Trojans,Southern Mississippi Golden Eagles,alternate_spread,home,-35.0,1050,fanatics,0.05320310225277106,-0.03375341948635937,"10 market(s) allowlisted for NCAAF: moneyline, spread, total_points, alternate_spread, alternate_total_points, team_total, alternate_team_total, moneyline_h1, spread_h1, total_points_h1."
2026-10-06,401871090,False,2026-10-07T00:00:00Z,Troy Trojans,Southern Mississippi Golden Eagles,alternate_spread,home,-28.0,500,fanatics,0.1462139059053759,-0.020452760761290767,"10 market(s) allowlisted for NCAAF: moneyline, spread, total_points, alternate_spread, alternate_total_points, team_total, alternate_team_total, moneyline_h1, spread_h1, total_points_h1."
2026-10-06,401871090,False,2026-10-07T00:00:00Z,Troy Trojans,Southern Mississippi Golden Eagles,alternate_spread,home,3.5,-700,fanatics,0.837586761034856,-0.037413238965144036,"10 market(s) allowlisted for NCAAF: moneyline, spread, total_points, alternate_spread, alternate_total_points, team_total, alternate_team_total, moneyline_h1, spread_h1, total_points_h1."
2026-10-06,401871090,False,2026-10-07T00:00:00Z,Troy Trojans,Southern Mississippi Golden Eagles,alternate_spread,home,-30.0,550,fanatics,0.12195919770511236,-0.03188695614104149,"10 market(s) allowlisted for NCAAF: moneyline, spread, total_points, alternate_spread, alternate_total_points, team_total, alternate_team_total, moneyline_h1, spread_h1, total_points_h1."
2026-10-06,401871090,False,2026-10-07T00:00:00Z,Troy Trojans,Southern Mississippi Golden Eagles,alternate_spread,home,-14.5,135,fanatics,0.40964041123535133,-0.015891503658265693,"10 market(s) allowlisted for NCAAF: moneyline, spread, total_points, alternate_spread, alternate_total_points, team_total, alternate_team_total, moneyline_h1, spread_h1, total_points_h1."
2026-10-06,401871090,False,2026-10-07T00:00:00Z,Troy Trojans,Southern Mississippi Golden Eagles,alternate_spread,home,-31.0,650,fanatics,0.10422128916056152,-0.029112044172771814,"10 market(s) allowlisted for NCAAF: moneyline, spread, total_points, alternate_spread, alternate_total_points, team_total, alternate_team_total, moneyline_h1, spread_h1, total_points_h1."
2026-10-06,401871090,False,2026-10-07T00:00:00Z,Troy Trojans,Southern Mississippi Golden Eagles,alternate_spread,home,-33.0,850,fanatics,0.0772664691467739,-0.027996688747962933,"10 market(s) allowlisted for NCAAF: moneyline, spread, total_points, alternate_spread, alternate_total_points, team_total, alternate_team_total, moneyline_h1, spread_h1, total_points_h1."
2026-10-06,401871090,False,2026-10-07T00:00:00Z,Troy Trojans,Southern Mississippi Golden Eagles,alternate_spread,home,-34.0,900,fanatics,0.06833785461871232,-0.031662145381287685,"10 market(s) allowlisted for NCAAF: moneyline, spread, total_points, alternate_spread, alternate_total_points, team_total, alternate_team_total, moneyline_h1, spread_h1, total_points_h1."
2026-10-06,401871090,False,2026-10-07T00:00:00Z,Troy Trojans,Southern Mississippi Golden Eagles,alternate_spread,home,-36.0,1200,fanatics,0.04970253615595242,-0.027220540767124504,"10 market(s) allowlisted for NCAAF: moneyline, spread, total_points, alternate_spread, alternate_total_points, team_total, alternate_team_total, moneyline_h1, spread_h1, total_points_h1."
2026-10-06,401871090,False,2026-10-07T00:00:00Z,Troy Trojans,Southern Mississippi Golden Eagles,alternate_spread,home,-5.5,-205,fanatics,0.6478671483673499,-0.024263999173633644,"10 market(s) allowlisted for NCAAF: moneyline, spread, total_points, alternate_spread, alternate_total_points, team_total, alternate_team_total, moneyline_h1, spread_h1, total_points_h1."
2026-10-06,401871090,False,2026-10-07T00:00:00Z,Troy Trojans,Southern Mississippi Golden Eagles,alternate_spread,home,-25.5,360,fanatics,0.19057002748993293,-0.02682127685789315,"10 market(s) allowlisted for NCAAF: moneyline, spread, total_points, alternate_spread, alternate_total_points, team_total, alternate_team_total, moneyline_h1, spread_h1, total_points_h1."
2026-10-06,401871090,False,2026-10-07T00:00:00Z,Troy Trojans,Southern Mississippi Golden Eagles,alternate_spread,home,-2.0,-400,fanatics,0.7498274410401846,-0.05017255895981543,"10 market(s) allowlisted for NCAAF: moneyline, spread, total_points, alternate_spread, alternate_total_points, team_total, alternate_team_total, moneyline_h1, spread_h1, total_points_h1."
2026-10-06,401871090,False,2026-10-07T00:00:00Z,Troy Trojans,Southern Mississippi Golden Eagles,alternate_spread,home,-32.5,750,fanatics,0.08629435083420195,-0.03135270798932746,"10 market(s) allowlisted for NCAAF: moneyline, spread, total_points, alternate_spread, alternate_total_points, team_total, alternate_team_total, moneyline_h1, spread_h1, total_points_h1."
2026-10-06,401871090,False,2026-10-07T00:00:00Z,Troy Trojans,Southern Mississippi Golden Eagles,alternate_spread,home,-5.0,-220,fanatics,0.6575790935236207,-0.02992090647637935,"10 market(s) allowlisted for NCAAF: moneyline, spread, total_points, alternate_spread, alternate_total_points, team_total, alternate_team_total, moneyline_h1, spread_h1, total_points_h1."
2026-10-06,401871090,False,2026-10-07T00:00:00Z,Troy Trojans,Southern Mississippi Golden Eagles,alternate_spread,home,-8.0,-140,fanatics,0.574066594249501,-0.009266739083832354,"10 market(s) allowlisted for NCAAF: moneyline, spread, total_points, alternate_spread, alternate_total_points, team_total, alternate_team_total, moneyline_h1, spread_h1, total_points_h1."
2026-10-06,401871090,False,2026-10-07T00:00:00Z,Troy Trojans,Southern Mississippi Golden Eagles,alternate_spread,home,-17.5,170,fanatics,0.3374276493922284,-0.03294272097814194,"10 market(s) allowlisted for NCAAF: moneyline, spread, total_points, alternate_spread, alternate_total_points, team_total, alternate_team_total, moneyline_h1, spread_h1, total_points_h1."
2026-10-06,401871090,False,2026-10-07T00:00:00Z,Troy Trojans,Southern Mississippi Golden Eagles,alternate_spread,home,12.5,-2800,fanatics,0.9468406727327408,-0.018676568646569636,"10 market(s) allowlisted for NCAAF: moneyline, spread, total_points, alternate_spread, alternate_total_points, team_total, alternate_team_total, moneyline_h1, spread_h1, total_points_h1."
2026-10-06,401871090,False,2026-10-07T00:00:00Z,Troy Trojans,Southern Mississippi Golden Eagles,alternate_spread,home,-20.5,215,fanatics,0.28639507839605916,-0.031065239064258288,"10 market(s) allowlisted for NCAAF: moneyline, spread, total_points, alternate_spread, alternate_total_points, team_total, alternate_team_total, moneyline_h1, spread_h1, total_points_h1."
2026-10-06,401871090,False,2026-10-07T00:00:00Z,Troy Trojans,Southern Mississippi Golden Eagles,alternate_spread,home,-1.0,-425,fanatics,0.7662535511610342,-0.043270258362775316,"10 market(s) allowlisted for NCAAF: moneyline, spread, total_points, alternate_spread, alternate_total_points, team_total, alternate_team_total, moneyline_h1, spread_h1, total_points_h1."
2026-10-06,401871090,False,2026-10-07T00:00:00Z,Troy Trojans,Southern Mississippi Golden Eagles,alternate_spread,home,-27.5,410,fanatics,0.16453940659402363,-0.03153902477852538,"10 market(s) allowlisted for NCAAF: moneyline, spread, total_points, alternate_spread, alternate_total_points, team_total, alternate_team_total, moneyline_h1, spread_h1, total_points_h1."
2026-10-06,401871090,False,2026-10-07T00:00:00Z,Troy Trojans,Southern Mississippi Golden Eagles,alternate_spread,home,-4.0,-250,fanatics,0.6821401173180297,-0.0321455969676846,"10 market(s) allowlisted for NCAAF: moneyline, spread, total_points, alternate_spread, alternate_total_points, team_total, alternate_team_total, moneyline_h1, spread_h1, total_points_h1."
2026-10-06,401871090,False,2026-10-07T00:00:00Z,Troy Trojans,Southern Mississippi Golden Eagles,alternate_spread,home,-3.5,-265,fanatics,0.6912283559577963,-0.034799041302477685,"10 market(s) allowlisted for NCAAF: moneyline, spread, total_points, alternate_spread, alternate_total_points, team_total, alternate_team_total, moneyline_h1, spread_h1, total_points_h1."
2026-10-06,401871090,False,2026-10-07T00:00:00Z,Troy Trojans,Southern Mississippi Golden Eagles,alternate_spread,home,-7.0,-170,fanatics,0.6119930200113779,-0.017636609618251753,"10 market(s) allowlisted for NCAAF: moneyline, spread, total_points, alternate_spread, alternate_total_points, team_total, alternate_team_total, moneyline_h1, spread_h1, total_points_h1."
2026-10-06,401871090,False,2026-10-07T00:00:00Z,Troy Trojans,Southern Mississippi Golden Eagles,alternate_spread,home,11.0,-2500,fanatics,0.9421985297126579,-0.019339931825803625,"10 market(s) allowlisted for NCAAF: moneyline, spread, total_points, alternate_spread, alternate_total_points, team_total, alternate_team_total, moneyline_h1, spread_h1, total_points_h1."
2026-10-06,401871090,False,2026-10-07T00:00:00Z,Troy Trojans,Southern Mississippi Golden Eagles,alternate_spread,home,9.5,-1800,fanatics,0.923962591283632,-0.02340582976899952,"10 market(s) allowlisted for NCAAF: moneyline, spread, total_points, alternate_spread, alternate_total_points, team_total, alternate_team_total, moneyline_h1, spread_h1, total_points_h1."
2026-10-06,401871090,False,2026-10-07T00:00:00Z,Troy Trojans,Southern Mississippi Golden Eagles,alternate_spread,home,-4.5,-225,fanatics,0.6626363909602514,-0.029671301347440893,"10 market(s) allowlisted for NCAAF: moneyline, spread, total_points, alternate_spread, alternate_total_points, team_total, alternate_team_total, moneyline_h1, spread_h1, total_points_h1."
2026-10-06,401871090,False,2026-10-07T00:00:00Z,Troy Trojans,Southern Mississippi Golden Eagles,alternate_spread,home,11.5,-2500,fanatics,0.942423757159115,-0.019114704379346592,"10 market(s) allowlisted for NCAAF: moneyline, spread, total_points, alternate_spread, alternate_total_points, team_total, alternate_team_total, moneyline_h1, spread_h1, total_points_h1."
2026-10-06,401871090,False,2026-10-07T00:00:00Z,Troy Trojans,Southern Mississippi Golden Eagles,alternate_spread,home,-11.5,100,fanatics,0.4796105461049607,-0.020389453895039322,"10 market(s) allowlisted for NCAAF: moneyline, spread, total_points, alternate_spread, alternate_total_points, team_total, alternate_team_total, moneyline_h1, spread_h1, total_points_h1."
2026-10-06,401871090,False,2026-10-07T00:00:00Z,Troy Trojans,Southern Mississippi Golden Eagles,alternate_spread,home,-3.0,-330,fanatics,0.7206776676405187,-0.04676419282459765,"10 market(s) allowlisted for NCAAF: moneyline, spread, total_points, alternate_spread, alternate_total_points, team_total, alternate_team_total, moneyline_h1, spread_h1, total_points_h1."
2026-10-06,401871090,False,2026-10-07T00:00:00Z,Troy Trojans,Southern Mississippi Golden Eagles,alternate_spread,home,10.0,-2200,fanatics,0.9376186281522583,-0.01890311097817654,"10 market(s) allowlisted for NCAAF: moneyline, spread, total_points, alternate_spread, alternate_total_points, team_total, alternate_team_total, moneyline_h1, spread_h1, total_points_h1."
2026-10-06,401871090,False,2026-10-07T00:00:00Z,Troy Trojans,Southern Mississippi Golden Eagles,alternate_spread,home,-6.0,-195,fanatics,0.6415429790233546,-0.019473970129187834,"10 market(s) allowlisted for NCAAF: moneyline, spread, total_points, alternate_spread, alternate_total_points, team_total, alternate_team_total, moneyline_h1, spread_h1, total_points_h1."
2026-10-06,401871090,False,2026-10-07T00:00:00Z,Troy Trojans,Southern Mississippi Golden Eagles,alternate_spread,home,-28.5,500,fanatics,0.14307559872060008,-0.02359106794606658,"10 market(s) allowlisted for NCAAF: moneyline, spread, total_points, alternate_spread, alternate_total_points, team_total, alternate_team_total, moneyline_h1, spread_h1, total_points_h1."
2026-10-06,401871090,False,2026-10-07T00:00:00Z,Troy Trojans,Southern Mississippi Golden Eagles,alternate_spread,home,-33.5,850,fanatics,0.07651050600190219,-0.028752651892834644,"10 market(s) allowlisted for NCAAF: moneyline, spread, total_points, alternate_spread, alternate_total_points, team_total, alternate_team_total, moneyline_h1, spread_h1, total_points_h1."
2026-10-06,401871090,False,2026-10-07T00:00:00Z,Troy Trojans,Southern Mississippi Golden Eagles,alternate_spread,home,2.0,-525,fanatics,0.8011156554050854,-0.03888434459491452,"10 market(s) allowlisted for NCAAF: moneyline, spread, total_points, alternate_spread, alternate_total_points, team_total, alternate_team_total, moneyline_h1, spread_h1, total_points_h1."
2026-10-06,401871090,False,2026-10-07T00:00:00Z,Troy Trojans,Southern Mississippi Golden Eagles,alternate_spread,home,-9.0,-125,fanatics,0.5537206787357011,-0.001834876819854503,"10 market(s) allowlisted for NCAAF: moneyline, spread, total_points, alternate_spread, alternate_total_points, team_total, alternate_team_total, moneyline_h1, spread_h1, total_points_h1."
2026-10-06,401871090,False,2026-10-07T00:00:00Z,Troy Trojans,Southern Mississippi Golden Eagles,alternate_spread,home,5.0,-900,fanatics,0.861414834305995,-0.03858516569400505,"10 market(s) allowlisted for NCAAF: moneyline, spread, total_points, alternate_spread, alternate_total_points, team_total, alternate_team_total, moneyline_h1, spread_h1, total_points_h1."
2026-10-06,401871090,False,2026-10-07T00:00:00Z,Troy Trojans,Southern Mississippi Golden Eagles,alternate_spread,home,-31.5,650,fanatics,0.10230539702524082,-0.031027936308092516,"10 market(s) allowlisted for NCAAF: moneyline, spread, total_points, alternate_spread, alternate_total_points, team_total, alternate_team_total, moneyline_h1, spread_h1, total_points_h1."
2026-10-06,401871090,False,2026-10-07T00:00:00Z,Troy Trojans,Southern Mississippi Golden Eagles,alternate_spread,home,8.0,-1800,fanatics,0.915298078438203,-0.03207034261442854,"10 market(s) allowlisted for NCAAF: moneyline, spread, total_points, alternate_spread, alternate_total_points, team_total, alternate_team_total, moneyline_h1, spread_h1, total_points_h1."
2026-10-06,401871090,False,2026-10-07T00:00:00Z,Troy Trojans,Southern Mississippi Golden Eagles,alternate_spread,home,-18.5,185,fanatics,0.31890008911169687,-0.03197710387075925,"10 market(s) allowlisted for NCAAF: moneyline, spread, total_points, alternate_spread, alternate_total_points, team_total, alternate_team_total, moneyline_h1, spread_h1, total_points_h1."
2026-10-06,401871090,False,2026-10-07T00:00:00Z,Troy Trojans,Southern Mississippi Golden Eagles,alternate_spread,home,-16.5,150,fanatics,0.36699625087894816,-0.03300374912105186,"10 market(s) allowlisted for NCAAF: moneyline, spread, total_points, alternate_spread, alternate_total_points, team_total, alternate_team_total, moneyline_h1, spread_h1, total_points_h1."
2026-10-06,401871090,False,2026-10-07T00:00:00Z,Troy Trojans,Southern Mississippi Golden Eagles,alternate_spread,home,-2.5,-375,fanatics,0.7320917169373848,-0.05738196727314149,"10 market(s) allowlisted for NCAAF: moneyline, spread, total_points, alternate_spread, alternate_total_points, team_total, alternate_team_total, moneyline_h1, spread_h1, total_points_h1."
2026-10-06,401871090,False,2026-10-07T00:00:00Z,Troy Trojans,Southern Mississippi Golden Eagles,alternate_spread,home,-34.5,900,fanatics,0.06773838681287453,-0.032261613187125476,"10 market(s) allowlisted for NCAAF: moneyline, spread, total_points, alternate_spread, alternate_total_points, team_total, alternate_team_total, moneyline_h1, spread_h1, total_points_h1."
2026-10-06,401871090,False,2026-10-07T00:00:00Z,Troy Trojans,Southern Mississippi Golden Eagles,alternate_spread,home,-21.5,250,fanatics,0.2610624911112682,-0.024651794603017474,"10 market(s) allowlisted for NCAAF: moneyline, spread, total_points, alternate_spread, alternate_total_points, team_total, alternate_team_total, moneyline_h1, spread_h1, total_points_h1."
2026-10-06,401871090,False,2026-10-07T00:00:00Z,Troy Trojans,Southern Mississippi Golden Eagles,alternate_spread,home,-19.5,200,fanatics,0.30435955017690697,-0.028973783156426347,"10 market(s) allowlisted for NCAAF: moneyline, spread, total_points, alternate_spread, alternate_total_points, team_total, alternate_team_total, moneyline_h1, spread_h1, total_points_h1."
2026-10-06,401871090,False,2026-10-07T00:00:00Z,Troy Trojans,Southern Mississippi Golden Eagles,alternate_spread,home,12.0,-2800,fanatics,0.946604830778249,-0.018912410601061413,"10 market(s) allowlisted for NCAAF: moneyline, spread, total_points, alternate_spread, alternate_total_points, team_total, alternate_team_total, moneyline_h1, spread_h1, total_points_h1."
2026-10-06,401871090,False,2026-10-07T00:00:00Z,Troy Trojans,Southern Mississippi Golden Eagles,alternate_spread,home,-22.5,265,fanatics,0.24312869070712576,-0.030843912032600257,"10 market(s) allowlisted for NCAAF: moneyline, spread, total_points, alternate_spread, alternate_total_points, team_total, alternate_team_total, moneyline_h1, spread_h1, total_points_h1."
2026-10-06,401871090,False,2026-10-07T00:00:00Z,Troy Trojans,Southern Mississippi Golden Eagles,alternate_spread,home,-29.5,550,fanatics,0.13110882134312815,-0.022737332503025703,"10 market(s) allowlisted for NCAAF: moneyline, spread, total_points, alternate_spread, alternate_total_points, team_total, alternate_team_total, moneyline_h1, spread_h1, total_points_h1."
2026-10-06,401871090,False,2026-10-07T00:00:00Z,Troy Trojans,Southern Mississippi Golden Eagles,alternate_spread,home,10.5,-2200,fanatics,0.9385271876542671,-0.017994551476167686,"10 market(s) allowlisted for NCAAF: moneyline, spread, total_points, alternate_spread, alternate_total_points, team_total, alternate_team_total, moneyline_h1, spread_h1, total_points_h1."
2026-10-06,401871090,False,2026-10-07T00:00:00Z,Troy Trojans,Southern Mississippi Golden Eagles,alternate_spread,home,6.5,-950,fanatics,0.8708736006046227,-0.033888304157282056,"10 market(s) allowlisted for NCAAF: moneyline, spread, total_points, alternate_spread, alternate_total_points, team_total, alternate_team_total, moneyline_h1, spread_h1, total_points_h1."
2026-10-06,401871090,False,2026-10-07T00:00:00Z,Troy Trojans,Southern Mississippi Golden Eagles,alternate_spread,home,-10.5,-105,fanatics,0.5000000233801055,-0.012195098571114005,"10 market(s) allowlisted for NCAAF: moneyline, spread, total_points, alternate_spread, alternate_total_points, team_total, alternate_team_total, moneyline_h1, spread_h1, total_points_h1."
2026-10-06,401871090,False,2026-10-07T00:00:00Z,Troy Trojans,Southern Mississippi Golden Eagles,alternate_spread,home,-1.5,-400,fanatics,0.7557447911409592,-0.044255208859040884,"10 market(s) allowlisted for NCAAF: moneyline, spread, total_points, alternate_spread, alternate_total_points, team_total, alternate_team_total, moneyline_h1, spread_h1, total_points_h1."
2026-10-06,401871090,False,2026-10-07T00:00:00Z,Troy Trojans,Southern Mississippi Golden Eagles,alternate_total_points,over,44.0,-250,fanatics,0.7172021637530094,0.002916449467295079,"10 market(s) allowlisted for NCAAF: moneyline, spread, total_points, alternate_spread, alternate_total_points, team_total, alternate_team_total, moneyline_h1, spread_h1, total_points_h1."
2026-10-06,401871090,False,2026-10-07T00:00:00Z,Troy Trojans,Southern Mississippi Golden Eagles,alternate_total_points,over,42.0,-320,fanatics,0.7486405681543233,-0.013264193750438524,"10 market(s) allowlisted for NCAAF: moneyline, spread, total_points, alternate_spread, alternate_total_points, team_total, alternate_team_total, moneyline_h1, spread_h1, total_points_h1."
2026-10-06,401871090,False,2026-10-07T00:00:00Z,Troy Trojans,Southern Mississippi Golden Eagles,alternate_total_points,over,43.0,-285,fanatics,0.7355800279318301,-0.0046797123279102015,"10 market(s) allowlisted for NCAAF: moneyline, spread, total_points, alternate_spread, alternate_total_points, team_total, alternate_team_total, moneyline_h1, spread_h1, total_points_h1."
2026-10-06,401871090,False,2026-10-07T00:00:00Z,Troy Trojans,Southern Mississippi Golden Eagles,alternate_total_points,over,47.0,-180,fanatics,0.6341584031599411,-0.008698739697201807,"10 market(s) allowlisted for NCAAF: moneyline, spread, total_points, alternate_spread, alternate_total_points, team_total, alternate_team_total, moneyline_h1, spread_h1, total_points_h1."
2026-10-06,401871090,False,2026-10-07T00:00:00Z,Troy Trojans,Southern Mississippi Golden Eagles,alternate_total_points,over,45.0,-220,fanatics,0.6840483065862228,-0.003451693413777157,"10 market(s) allowlisted for NCAAF: moneyline, spread, total_points, alternate_spread, alternate_total_points, team_total, alternate_team_total, moneyline_h1, spread_h1, total_points_h1."
2026-10-06,401871090,False,2026-10-07T00:00:00Z,Troy Trojans,Southern Mississippi Golden Eagles,alternate_total_points,over,46.0,-195,fanatics,0.6537854139552959,-0.007231535197246508,"10 market(s) allowlisted for NCAAF: moneyline, spread, total_points, alternate_spread, alternate_total_points, team_total, alternate_team_total, moneyline_h1, spread_h1, total_points_h1."
2026-10-06,401871090,False,2026-10-07T00:00:00Z,Troy Trojans,Southern Mississippi Golden Eagles,alternate_total_points,over,66.5,375,fanatics,0.1809323465469069,-0.02959396924256677,"10 market(s) allowlisted for NCAAF: moneyline, spread, total_points, alternate_spread, alternate_total_points, team_total, alternate_team_total, moneyline_h1, spread_h1, total_points_h1."
2026-10-06,401871090,False,2026-10-07T00:00:00Z,Troy Trojans,Southern Mississippi Golden Eagles,alternate_total_points,over,48.0,-160,fanatics,0.6074407097409981,-0.007943905643617355,"10 market(s) allowlisted for NCAAF: moneyline, spread, total_points, alternate_spread, alternate_total_points, team_total, alternate_team_total, moneyline_h1, spread_h1, total_points_h1."
2026-10-06,401871090,False,2026-10-07T00:00:00Z,Troy Trojans,Southern Mississippi Golden Eagles,alternate_total_points,over,49.0,-140,fanatics,0.576794959187537,-0.006538374145796388,"10 market(s) allowlisted for NCAAF: moneyline, spread, total_points, alternate_spread, alternate_total_points, team_total, alternate_team_total, moneyline_h1, spread_h1, total_points_h1."
2026-10-06,401871090,False,2026-10-07T00:00:00Z,Troy Trojans,Southern Mississippi Golden Eagles,alternate_total_points,over,43.5,-265,fanatics,0.725836365034909,-0.00019103222536498432,"10 market(s) allowlisted for NCAAF: moneyline, spread, total_points, alternate_spread, alternate_total_points, team_total, alternate_team_total, moneyline_h1, spread_h1, total_points_h1."
2026-10-06,401871090,False,2026-10-07T00:00:00Z,Troy Trojans,Southern Mississippi Golden Eagles,alternate_total_points,over,50.0,-125,fanatics,0.5500565456902393,-0.005499009865316262,"10 market(s) allowlisted for NCAAF: moneyline, spread, total_points, alternate_spread, alternate_total_points, team_total, alternate_team_total, moneyline_h1, spread_h1, total_points_h1."
2026-10-06,401871090,False,2026-10-07T00:00:00Z,Troy Trojans,Southern Mississippi Golden Eagles,alternate_total_points,over,53.0,110,fanatics,0.46891774768167943,-0.007272728508796733,"10 market(s) allowlisted for NCAAF: moneyline, spread, total_points, alternate_spread, alternate_total_points, team_total, alternate_team_total, moneyline_h1, spread_h1, total_points_h1."
2026-10-06,401871090,False,2026-10-07T00:00:00Z,Troy Trojans,Southern Mississippi Golden Eagles,alternate_total_points,over,28.5,-2800,fanatics,0.9529740862274386,-0.012543155151871765,"10 market(s) allowlisted for NCAAF: moneyline, spread, total_points, alternate_spread, alternate_total_points, team_total, alternate_team_total, moneyline_h1, spread_h1, total_points_h1."
2026-10-06,401871090,False,2026-10-07T00:00:00Z,Troy Trojans,Southern Mississippi Golden Eagles,alternate_total_points,over,56.0,145,fanatics,0.39243606087497396,-0.0157272044311485,"10 market(s) allowlisted for NCAAF: moneyline, spread, total_points, alternate_spread, alternate_total_points, team_total, alternate_team_total, moneyline_h1, spread_h1, total_points_h1."
2026-10-06,401871090,False,2026-10-07T00:00:00Z,Troy Trojans,Southern Mississippi Golden Eagles,alternate_total_points,over,51.0,-115,fanatics,0.5195017953105812,-0.015381925619651349,"10 market(s) allowlisted for NCAAF: moneyline, spread, total_points, alternate_spread, alternate_total_points, team_total, alternate_team_total, moneyline_h1, spread_h1, total_points_h1."
2026-10-06,401871090,False,2026-10-07T00:00:00Z,Troy Trojans,Southern Mississippi Golden Eagles,alternate_total_points,over,52.0,100,fanatics,0.4890555362419373,-0.010944463758062684,"10 market(s) allowlisted for NCAAF: moneyline, spread, total_points, alternate_spread, alternate_total_points, team_total, alternate_team_total, moneyline_h1, spread_h1, total_points_h1."
2026-10-06,401871090,False,2026-10-07T00:00:00Z,Troy Trojans,Southern Mississippi Golden Eagles,alternate_total_points,over,59.0,190,fanatics,0.317219822428038,-0.027607763778858596,"10 market(s) allowlisted for NCAAF: moneyline, spread, total_points, alternate_spread, alternate_total_points, team_total, alternate_team_total, moneyline_h1, spread_h1, total_points_h1."
2026-10-06,401871090,False,2026-10-07T00:00:00Z,Troy Trojans,Southern Mississippi Golden Eagles,alternate_total_points,over,54.0,115,fanatics,0.4490196493314265,-0.016096629738340917,"10 market(s) allowlisted for NCAAF: moneyline, spread, total_points, alternate_spread, alternate_total_points, team_total, alternate_team_total, moneyline_h1, spread_h1, total_points_h1."
2026-10-06,401871090,False,2026-10-07T00:00:00Z,Troy Trojans,Southern Mississippi Golden Eagles,alternate_total_points,over,55.0,130,fanatics,0.42081347666507457,-0.013969132030577591,"10 market(s) allowlisted for NCAAF: moneyline, spread, total_points, alternate_spread, alternate_total_points, team_total, alternate_team_total, moneyline_h1, spread_h1, total_points_h1."
2026-10-06,401871090,False,2026-10-07T00:00:00Z,Troy Trojans,Southern Mississippi Golden Eagles,alternate_total_points,over,54.5,120,fanatics,0.4397562208976271,-0.014789233647827416,"10 market(s) allowlisted for NCAAF: moneyline, spread, total_points, alternate_spread, alternate_total_points, team_total, alternate_team_total, moneyline_h1, spread_h1, total_points_h1."
2026-10-06,401871090,False,2026-10-07T00:00:00Z,Troy Trojans,Southern Mississippi Golden Eagles,alternate_total_points,over,57.0,155,fanatics,0.36890338743503465,-0.023253475310063387,"10 market(s) allowlisted for NCAAF: moneyline, spread, total_points, alternate_spread, alternate_total_points, team_total, alternate_team_total, moneyline_h1, spread_h1, total_points_h1."
2026-10-06,401871090,False,2026-10-07T00:00:00Z,Troy Trojans,Southern Mississippi Golden Eagles,alternate_total_points,over,39.5,-450,fanatics,0.799870713760439,-0.018311104421379287,"10 market(s) allowlisted for NCAAF: moneyline, spread, total_points, alternate_spread, alternate_total_points, team_total, alternate_team_total, moneyline_h1, spread_h1, total_points_h1."
2026-10-06,401871090,False,2026-10-07T00:00:00Z,Troy Trojans,Southern Mississippi Golden Eagles,alternate_total_points,over,58.0,170,fanatics,0.3435031007126269,-0.026867269657743442,"10 market(s) allowlisted for NCAAF: moneyline, spread, total_points, alternate_spread, alternate_total_points, team_total, alternate_team_total, moneyline_h1, spread_h1, total_points_h1."
2026-10-06,401871090,False,2026-10-07T00:00:00Z,Troy Trojans,Southern Mississippi Golden Eagles,alternate_total_points,over,62.0,250,fanatics,0.2591861488279374,-0.026528136886348308,"10 market(s) allowlisted for NCAAF: moneyline, spread, total_points, alternate_spread, alternate_total_points, team_total, alternate_team_total, moneyline_h1, spread_h1, total_points_h1."
2026-10-06,401871090,False,2026-10-07T00:00:00Z,Troy Trojans,Southern Mississippi Golden Eagles,alternate_total_points,over,77.5,950,fanatics,0.06553461409212538,-0.02970348114596985,"10 market(s) allowlisted for NCAAF: moneyline, spread, total_points, alternate_spread, alternate_total_points, team_total, alternate_team_total, moneyline_h1, spread_h1, total_points_h1."
2026-10-06,401871090,False,2026-10-07T00:00:00Z,Troy Trojans,Southern Mississippi Golden Eagles,alternate_total_points,over,65.0,330,fanatics,0.205182050059615,-0.027376089475268706,"10 market(s) allowlisted for NCAAF: moneyline, spread, total_points, alternate_spread, alternate_total_points, team_total, alternate_team_total, moneyline_h1, spread_h1, total_points_h1."
2026-10-06,401871090,False,2026-10-07T00:00:00Z,Troy Trojans,Southern Mississippi Golden Eagles,alternate_total_points,over,68.0,430,fanatics,0.15754946187856864,-0.031129783404450245,"10 market(s) allowlisted for NCAAF: moneyline, spread, total_points, alternate_spread, alternate_total_points, team_total, alternate_team_total, moneyline_h1, spread_h1, total_points_h1."
2026-10-06,401871090,False,2026-10-07T00:00:00Z,Troy Trojans,Southern Mississippi Golden Eagles,alternate_total_points,over,60.0,210,fanatics,0.3006732186791435,-0.02190742648214683,"10 market(s) allowlisted for NCAAF: moneyline, spread, total_points, alternate_spread, alternate_total_points, team_total, alternate_team_total, moneyline_h1, spread_h1, total_points_h1."
2026-10-06,401871090,False,2026-10-07T00:00:00Z,Troy Trojans,Southern Mississippi Golden Eagles,alternate_total_points,over,61.0,230,fanatics,0.2814848334775895,-0.021545469552713525,"10 market(s) allowlisted for NCAAF: moneyline, spread, total_points, alternate_spread, alternate_total_points, team_total, alternate_team_total, moneyline_h1, spread_h1, total_points_h1."
2026-10-06,401871090,False,2026-10-07T00:00:00Z,Troy Trojans,Southern Mississippi Golden Eagles,alternate_total_points,over,71.0,600,fanatics,0.11907695664323177,-0.023780186213911078,"10 market(s) allowlisted for NCAAF: moneyline, spread, total_points, alternate_spread, alternate_total_points, team_total, alternate_team_total, moneyline_h1, spread_h1, total_points_h1."
2026-10-06,401871090,False,2026-10-07T00:00:00Z,Troy Trojans,Southern Mississippi Golden Eagles,alternate_total_points,over,63.0,280,fanatics,0.2400760147080858,-0.023081880028756302,"10 market(s) allowlisted for NCAAF: moneyline, spread, total_points, alternate_spread, alternate_total_points, team_total, alternate_team_total, moneyline_h1, spread_h1, total_points_h1."
2026-10-06,401871090,False,2026-10-07T00:00:00Z,Troy Trojans,Southern Mississippi Golden Eagles,alternate_total_points,over,74.0,750,fanatics,0.08722704458752711,-0.030420014236002296,"10 market(s) allowlisted for NCAAF: moneyline, spread, total_points, alternate_spread, alternate_total_points, team_total, alternate_team_total, moneyline_h1, spread_h1, total_points_h1."
2026-10-06,401871090,False,2026-10-07T00:00:00Z,Troy Trojans,Southern Mississippi Golden Eagles,alternate_total_points,over,31.5,-1500,fanatics,0.9175174659148316,-0.01998253408516837,"10 market(s) allowlisted for NCAAF: moneyline, spread, total_points, alternate_spread, alternate_total_points, team_total, alternate_team_total, moneyline_h1, spread_h1, total_points_h1."
2026-10-06,401871090,False,2026-10-07T00:00:00Z,Troy Trojans,Southern Mississippi Golden Eagles,alternate_total_points,over,64.0,290,fanatics,0.2265103421319043,-0.02989991427835209,"10 market(s) allowlisted for NCAAF: moneyline, spread, total_points, alternate_spread, alternate_total_points, team_total, alternate_team_total, moneyline_h1, spread_h1, total_points_h1."
2026-10-06,401871090,False,2026-10-07T00:00:00Z,Troy Trojans,Southern Mississippi Golden Eagles,alternate_total_points,over,42.5,-300,fanatics,0.7390825959369586,-0.010917404063041425,"10 market(s) allowlisted for NCAAF: moneyline, spread, total_points, alternate_spread, alternate_total_points, team_total, alternate_team_total, moneyline_h1, spread_h1, total_points_h1."
2026-10-06,401871090,False,2026-10-07T00:00:00Z,Troy Trojans,Southern Mississippi Golden Eagles,alternate_total_points,over,66.0,375,fanatics,0.1845209878572287,-0.02600532793224497,"10 market(s) allowlisted for NCAAF: moneyline, spread, total_points, alternate_spread, alternate_total_points, team_total, alternate_team_total, moneyline_h1, spread_h1, total_points_h1."
2026-10-06,401871090,False,2026-10-07T00:00:00Z,Troy Trojans,Southern Mississippi Golden Eagles,alternate_total_points,over,77.0,950,fanatics,0.06592019124792711,-0.02931790399016812,"10 market(s) allowlisted for NCAAF: moneyline, spread, total_points, alternate_spread, alternate_total_points, team_total, alternate_team_total, moneyline_h1, spread_h1, total_points_h1."
2026-10-06,401871090,False,2026-10-07T00:00:00Z,Troy Trojans,Southern Mississippi Golden Eagles,alternate_total_points,over,67.0,410,fanatics,0.17133902032600834,-0.024739411046540677,"10 market(s) allowlisted for NCAAF: moneyline, spread, total_points, alternate_spread, alternate_total_points, team_total, alternate_team_total, moneyline_h1, spread_h1, total_points_h1."
2026-10-06,401871090,False,2026-10-07T00:00:00Z,Troy Trojans,Southern Mississippi Golden Eagles,alternate_total_points,over,69.0,500,fanatics,0.14048252016164772,-0.026184146505018935,"10 market(s) allowlisted for NCAAF: moneyline, spread, total_points, alternate_spread, alternate_total_points, team_total, alternate_team_total, moneyline_h1, spread_h1, total_points_h1."
2026-10-06,401871090,False,2026-10-07T00:00:00Z,Troy Trojans,Southern Mississippi Golden Eagles,alternate_total_points,over,65.5,350,fanatics,0.20038076459406404,-0.021841457628158173,"10 market(s) allowlisted for NCAAF: moneyline, spread, total_points, alternate_spread, alternate_total_points, team_total, alternate_team_total, moneyline_h1, spread_h1, total_points_h1."
2026-10-06,401871090,False,2026-10-07T00:00:00Z,Troy Trojans,Southern Mississippi Golden Eagles,alternate_total_points,over,72.0,650,fanatics,0.10836466591895957,-0.024968667414373757,"10 market(s) allowlisted for NCAAF: moneyline, spread, total_points, alternate_spread, alternate_total_points, team_total, alternate_team_total, moneyline_h1, spread_h1, total_points_h1."
2026-10-06,401871090,False,2026-10-07T00:00:00Z,Troy Trojans,Southern Mississippi Golden Eagles,alternate_total_points,over,70.0,525,fanatics,0.12810891454068532,-0.03189108545931468,"10 market(s) allowlisted for NCAAF: moneyline, spread, total_points, alternate_spread, alternate_total_points, team_total, alternate_team_total, moneyline_h1, spread_h1, total_points_h1."
2026-10-06,401871090,False,2026-10-07T00:00:00Z,Troy Trojans,Southern Mississippi Golden Eagles,alternate_total_points,over,75.0,850,fanatics,0.07724182058178465,-0.028021337312952185,"10 market(s) allowlisted for NCAAF: moneyline, spread, total_points, alternate_spread, alternate_total_points, team_total, alternate_team_total, moneyline_h1, spread_h1, total_points_h1."
2026-10-06,401871090,False,2026-10-07T00:00:00Z,Troy Trojans,Southern Mississippi Golden Eagles,alternate_total_points,over,30.5,-1800,fanatics,0.9318331395906448,-0.015535281461986683,"10 market(s) allowlisted for NCAAF: moneyline, spread, total_points, alternate_spread, alternate_total_points, team_total, alternate_team_total, moneyline_h1, spread_h1, total_points_h1."
2026-10-06,401871090,False,2026-10-07T00:00:00Z,Troy Trojans,Southern Mississippi Golden Eagles,alternate_total_points,over,73.0,700,fanatics,0.09527420876572301,-0.029725791234276988,"10 market(s) allowlisted for NCAAF: moneyline, spread, total_points, alternate_spread, alternate_total_points, team_total, alternate_team_total, moneyline_h1, spread_h1, total_points_h1."
2026-10-06,401871090,False,2026-10-07T00:00:00Z,Troy Trojans,Southern Mississippi Golden Eagles,alternate_total_points,over,78.0,1050,fanatics,0.06280686877734969,-0.024149652961780746,"10 market(s) allowlisted for NCAAF: moneyline, spread, total_points, alternate_spread, alternate_total_points, team_total, alternate_team_total, moneyline_h1, spread_h1, total_points_h1."
2026-10-06,401871090,False,2026-10-07T00:00:00Z,Troy Trojans,Southern Mississippi Golden Eagles,alternate_total_points,over,76.0,900,fanatics,0.07174799768418856,-0.028252002315811445,"10 market(s) allowlisted for NCAAF: moneyline, spread, total_points, alternate_spread, alternate_total_points, team_total, alternate_team_total, moneyline_h1, spread_h1, total_points_h1."
2026-10-06,401871090,False,2026-10-07T00:00:00Z,Troy Trojans,Southern Mississippi Golden Eagles,alternate_total_points,over,76.5,900,fanatics,0.07138376514133227,-0.02861623485866774,"10 market(s) allowlisted for NCAAF: moneyline, spread, total_points, alternate_spread, alternate_total_points, team_total, alternate_team_total, moneyline_h1, spread_h1, total_points_h1."
2026-10-06,401871090,False,2026-10-07T00:00:00Z,Troy Trojans,Southern Mississippi Golden Eagles,alternate_total_points,over,79.0,1200,fanatics,0.05266276641050218,-0.024260310512574747,"10 market(s) allowlisted for NCAAF: moneyline, spread, total_points, alternate_spread, alternate_total_points, team_total, alternate_team_total, moneyline_h1, spread_h1, total_points_h1."
2026-10-06,401871090,False,2026-10-07T00:00:00Z,Troy Trojans,Southern Mississippi Golden Eagles,alternate_total_points,over,38.5,-500,fanatics,0.8095658484366843,-0.023767484896649038,"10 market(s) allowlisted for NCAAF: moneyline, spread, total_points, alternate_spread, alternate_total_points, team_total, alternate_team_total, moneyline_h1, spread_h1, total_points_h1."
2026-10-06,401871090,False,2026-10-07T00:00:00Z,Troy Trojans,Southern Mississippi Golden Eagles,alternate_total_points,over,53.5,110,fanatics,0.46038656179159976,-0.015803914398876406,"10 market(s) allowlisted for NCAAF: moneyline, spread, total_points, alternate_spread, alternate_total_points, team_total, alternate_team_total, moneyline_h1, spread_h1, total_points_h1."
2026-10-06,401871090,False,2026-10-07T00:00:00Z,Troy Trojans,Southern Mississippi Golden Eagles,alternate_total_points,over,75.5,850,fanatics,0.0764603185590252,-0.028802839335711636,"10 market(s) allowlisted for NCAAF: moneyline, spread, total_points, alternate_spread, alternate_total_points, team_total, alternate_team_total, moneyline_h1, spread_h1, total_points_h1."
2026-10-06,401871090,False,2026-10-07T00:00:00Z,Troy Trojans,Southern Mississippi Golden Eagles,alternate_total_points,over,49.5,-135,fanatics,0.5602955081468228,-0.014172576959560201,"10 market(s) allowlisted for NCAAF: moneyline, spread, total_points, alternate_spread, alternate_total_points, team_total, alternate_team_total, moneyline_h1, spread_h1, total_points_h1."
2026-10-06,401871090,False,2026-10-07T00:00:00Z,Troy Trojans,Southern Mississippi Golden Eagles,alternate_total_points,over,48.5,-145,fanatics,0.5889009090399843,-0.002935825653893276,"10 market(s) allowlisted for NCAAF: moneyline, spread, total_points, alternate_spread, alternate_total_points, team_total, alternate_team_total, moneyline_h1, spread_h1, total_points_h1."
2026-10-06,401871090,False,2026-10-07T00:00:00Z,Troy Trojans,Southern Mississippi Golden Eagles,alternate_total_points,over,63.5,280,fanatics,0.2358309050202421,-0.027326989716599998,"10 market(s) allowlisted for NCAAF: moneyline, spread, total_points, alternate_spread, alternate_total_points, team_total, alternate_team_total, moneyline_h1, spread_h1, total_points_h1."
2026-10-06,401871090,False,2026-10-07T00:00:00Z,Troy Trojans,Southern Mississippi Golden Eagles,alternate_total_points,over,36.5,-750,fanatics,0.8558930017862266,-0.026459939390243936,"10 market(s) allowlisted for NCAAF: moneyline, spread, total_points, alternate_spread, alternate_total_points, team_total, alternate_team_total, moneyline_h1, spread_h1, total_points_h1."
2026-10-06,401871090,False,2026-10-07T00:00:00Z,Troy Trojans,Southern Mississippi Golden Eagles,alternate_total_points,over,51.5,-105,fanatics,0.5000000213343904,-0.012195100616829158,"10 market(s) allowlisted for NCAAF: moneyline, spread, total_points, alternate_spread, alternate_total_points, team_total, alternate_team_total, moneyline_h1, spread_h1, total_points_h1."
2026-10-06,401871090,False,2026-10-07T00:00:00Z,Troy Trojans,Southern Mississippi Golden Eagles,alternate_total_points,over,64.5,310,fanatics,0.22378088884545924,-0.020121550178930997,"10 market(s) allowlisted for NCAAF: moneyline, spread, total_points, alternate_spread, alternate_total_points, team_total, alternate_team_total, moneyline_h1, spread_h1, total_points_h1."
2026-10-06,401871090,False,2026-10-07T00:00:00Z,Troy Trojans,Southern Mississippi Golden Eagles,alternate_total_points,over,41.5,-330,fanatics,0.7518497002376628,-0.015592160227453467,"10 market(s) allowlisted for NCAAF: moneyline, spread, total_points, alternate_spread, alternate_total_points, team_total, alternate_team_total, moneyline_h1, spread_h1, total_points_h1."
2026-10-06,401871090,False,2026-10-07T00:00:00Z,Troy Trojans,Southern Mississippi Golden Eagles,alternate_total_points,over,37.5,-575,fanatics,0.8361684120185509,-0.015683439833301005,"10 market(s) allowlisted for NCAAF: moneyline, spread, total_points, alternate_spread, alternate_total_points, team_total, alternate_team_total, moneyline_h1, spread_h1, total_points_h1."
2026-10-06,401871090,False,2026-10-07T00:00:00Z,Troy Trojans,Southern Mississippi Golden Eagles,alternate_total_points,over,69.5,500,fanatics,0.13805390289333078,-0.02861276377333588,"10 market(s) allowlisted for NCAAF: moneyline, spread, total_points, alternate_spread, alternate_total_points, team_total, alternate_team_total, moneyline_h1, spread_h1, total_points_h1."
2026-10-06,401871090,False,2026-10-07T00:00:00Z,Troy Trojans,Southern Mississippi Golden Eagles,alternate_total_points,over,52.5,105,fanatics,0.4785799143193249,-0.009224963729455582,"10 market(s) allowlisted for NCAAF: moneyline, spread, total_points, alternate_spread, alternate_total_points, team_total, alternate_team_total, moneyline_h1, spread_h1, total_points_h1."
2026-10-06,401871090,False,2026-10-07T00:00:00Z,Troy Trojans,Southern Mississippi Golden Eagles,alternate_total_points,over,57.5,160,fanatics,0.3606654228660665,-0.023949961749318127,"10 market(s) allowlisted for NCAAF: moneyline, spread, total_points, alternate_spread, alternate_total_points, team_total, alternate_team_total, moneyline_h1, spread_h1, total_points_h1."
2026-10-06,401871090,False,2026-10-07T00:00:00Z,Troy Trojans,Southern Mississippi Golden Eagles,alternate_total_points,over,59.5,200,fanatics,0.30918069334973775,-0.02415263998359557,"10 market(s) allowlisted for NCAAF: moneyline, spread, total_points, alternate_spread, alternate_total_points, team_total, alternate_team_total, moneyline_h1, spread_h1, total_points_h1."
2026-10-06,401871090,False,2026-10-07T00:00:00Z,Troy Trojans,Southern Mississippi Golden Eagles,alternate_total_points,over,40.5,-400,fanatics,0.7818077084572461,-0.018192291542753924,"10 market(s) allowlisted for NCAAF: moneyline, spread, total_points, alternate_spread, alternate_total_points, team_total, alternate_team_total, moneyline_h1, spread_h1, total_points_h1."
2026-10-06,401871090,False,2026-10-07T00:00:00Z,Troy Trojans,Southern Mississippi Golden Eagles,alternate_total_points,over,72.5,650,fanatics,0.10718712381598164,-0.026146209517351693,"10 market(s) allowlisted for NCAAF: moneyline, spread, total_points, alternate_spread, alternate_total_points, team_total, alternate_team_total, moneyline_h1, spread_h1, total_points_h1."
2026-10-06,401871090,False,2026-10-07T00:00:00Z,Troy Trojans,Southern Mississippi Golden Eagles,alternate_total_points,over,45.5,-205,fanatics,0.6596770855135339,-0.012454062027449697,"10 market(s) allowlisted for NCAAF: moneyline, spread, total_points, alternate_spread, alternate_total_points, team_total, alternate_team_total, moneyline_h1, spread_h1, total_points_h1."
2026-10-06,401871090,False,2026-10-07T00:00:00Z,Troy Trojans,Southern Mississippi Golden Eagles,alternate_total_points,over,74.5,750,fanatics,0.08657792087436667,-0.031069137949162745,"10 market(s) allowlisted for NCAAF: moneyline, spread, total_points, alternate_spread, alternate_total_points, team_total, alternate_team_total, moneyline_h1, spread_h1, total_points_h1."
2026-10-06,401871090,False,2026-10-07T00:00:00Z,Troy Trojans,Southern Mississippi Golden Eagles,alternate_total_points,over,60.5,210,fanatics,0.2970154583010732,-0.025565186860217137,"10 market(s) allowlisted for NCAAF: moneyline, spread, total_points, alternate_spread, alternate_total_points, team_total, alternate_team_total, moneyline_h1, spread_h1, total_points_h1."
2026-10-06,401871090,False,2026-10-07T00:00:00Z,Troy Trojans,Southern Mississippi Golden Eagles,alternate_total_points,over,47.5,-170,fanatics,0.6194220782729762,-0.01020755135665341,"10 market(s) allowlisted for NCAAF: moneyline, spread, total_points, alternate_spread, alternate_total_points, team_total, alternate_team_total, moneyline_h1, spread_h1, total_points_h1."
2026-10-06,401871090,False,2026-10-07T00:00:00Z,Troy Trojans,Southern Mississippi Golden Eagles,alternate_total_points,over,62.5,265,fanatics,0.253513261556381,-0.020459341183345026,"10 market(s) allowlisted for NCAAF: moneyline, spread, total_points, alternate_spread, alternate_total_points, team_total, alternate_team_total, moneyline_h1, spread_h1, total_points_h1."
2026-10-06,401871090,False,2026-10-07T00:00:00Z,Troy Trojans,Southern Mississippi Golden Eagles,alternate_total_points,over,58.5,180,fanatics,0.3345231483601712,-0.022619708782685932,"10 market(s) allowlisted for NCAAF: moneyline, spread, total_points, alternate_spread, alternate_total_points, team_total, alternate_team_total, moneyline_h1, spread_h1, total_points_h1."
2026-10-06,401871090,False,2026-10-07T00:00:00Z,Troy Trojans,Southern Mississippi Golden Eagles,alternate_total_points,over,35.5,-800,fanatics,0.866414107878004,-0.022474781010884848,"10 market(s) allowlisted for NCAAF: moneyline, spread, total_points, alternate_spread, alternate_total_points, team_total, alternate_team_total, moneyline_h1, spread_h1, total_points_h1."
2026-10-06,401871090,False,2026-10-07T00:00:00Z,Troy Trojans,Southern Mississippi Golden Eagles,alternate_total_points,over,73.5,700,fanatics,0.09401969213040277,-0.030980307869597226,"10 market(s) allowlisted for NCAAF: moneyline, spread, total_points, alternate_spread, alternate_total_points, team_total, alternate_team_total, moneyline_h1, spread_h1, total_points_h1."
2026-10-06,401871090,False,2026-10-07T00:00:00Z,Troy Trojans,Southern Mississippi Golden Eagles,alternate_total_points,over,46.5,-190,fanatics,0.6426596870684056,-0.012512726724697831,"10 market(s) allowlisted for NCAAF: moneyline, spread, total_points, alternate_spread, alternate_total_points, team_total, alternate_team_total, moneyline_h1, spread_h1, total_points_h1."
2026-10-06,401871090,False,2026-10-07T00:00:00Z,Troy Trojans,Southern Mississippi Golden Eagles,alternate_total_points,over,50.5,-125,fanatics,0.5375393987768339,-0.018016156778721704,"10 market(s) allowlisted for NCAAF: moneyline, spread, total_points, alternate_spread, alternate_total_points, team_total, alternate_team_total, moneyline_h1, spread_h1, total_points_h1."
2026-10-06,401871090,False,2026-10-07T00:00:00Z,Troy Trojans,Southern Mississippi Golden Eagles,alternate_total_points,over,33.5,-1100,fanatics,0.8950442567919147,-0.021622409874751947,"10 market(s) allowlisted for NCAAF: moneyline, spread, total_points, alternate_spread, alternate_total_points, team_total, alternate_team_total, moneyline_h1, spread_h1, total_points_h1."
2026-10-06,401871090,False,2026-10-07T00:00:00Z,Troy Trojans,Southern Mississippi Golden Eagles,alternate_total_points,over,61.5,235,fanatics,0.2754005703389285,-0.02310689234763863,"10 market(s) allowlisted for NCAAF: moneyline, spread, total_points, alternate_spread, alternate_total_points, team_total, alternate_team_total, moneyline_h1, spread_h1, total_points_h1."
2026-10-06,401871090,False,2026-10-07T00:00:00Z,Troy Trojans,Southern Mississippi Golden Eagles,alternate_total_points,over,34.5,-900,fanatics,0.8787938615412355,-0.021206138458764512,"10 market(s) allowlisted for NCAAF: moneyline, spread, total_points, alternate_spread, alternate_total_points, team_total, alternate_team_total, moneyline_h1, spread_h1, total_points_h1."
2026-10-06,401871090,False,2026-10-07T00:00:00Z,Troy Trojans,Southern Mississippi Golden Eagles,alternate_total_points,over,29.0,-2800,fanatics,0.9526629835040213,-0.012854257875289044,"10 market(s) allowlisted for NCAAF: moneyline, spread, total_points, alternate_spread, alternate_total_points, team_total, alternate_team_total, moneyline_h1, spread_h1, total_points_h1."
2026-10-06,401871090,False,2026-10-07T00:00:00Z,Troy Trojans,Southern Mississippi Golden Eagles,alternate_total_points,over,68.5,450,fanatics,0.1553415858415185,-0.026476595976663325,"10 market(s) allowlisted for NCAAF: moneyline, spread, total_points, alternate_spread, alternate_total_points, team_total, alternate_team_total, moneyline_h1, spread_h1, total_points_h1."
2026-10-06,401871090,False,2026-10-07T00:00:00Z,Troy Trojans,Southern Mississippi Golden Eagles,alternate_total_points,over,32.0,-1500,fanatics,0.9169880680138095,-0.0205119319861905,"10 market(s) allowlisted for NCAAF: moneyline, spread, total_points, alternate_spread, alternate_total_points, team_total, alternate_team_total, moneyline_h1, spread_h1, total_points_h1."
2026-10-06,401871090,False,2026-10-07T00:00:00Z,Troy Trojans,Southern Mississippi Golden Eagles,alternate_total_points,over,79.5,1200,fanatics,0.05210901469954745,-0.024814062223529477,"10 market(s) allowlisted for NCAAF: moneyline, spread, total_points, alternate_spread, alternate_total_points, team_total, alternate_team_total, moneyline_h1, spread_h1, total_points_h1."
2026-10-06,401871090,False,2026-10-07T00:00:00Z,Troy Trojans,Southern Mississippi Golden Eagles,alternate_total_points,over,35.0,-900,fanatics,0.877274550710826,-0.02272544928917397,"10 market(s) allowlisted for NCAAF: moneyline, spread, total_points, alternate_spread, alternate_total_points, team_total, alternate_team_total, moneyline_h1, spread_h1, total_points_h1."
2026-10-06,401871090,False,2026-10-07T00:00:00Z,Troy Trojans,Southern Mississippi Golden Eagles,alternate_total_points,over,38.0,-575,fanatics,0.8316909600827492,-0.02016089176910263,"10 market(s) allowlisted for NCAAF: moneyline, spread, total_points, alternate_spread, alternate_total_points, team_total, alternate_team_total, moneyline_h1, spread_h1, total_points_h1."
2026-10-06,401871090,False,2026-10-07T00:00:00Z,Troy Trojans,Southern Mississippi Golden Eagles,alternate_total_points,over,78.5,1050,fanatics,0.06262406638973546,-0.024332455349394974,"10 market(s) allowlisted for NCAAF: moneyline, spread, total_points, alternate_spread, alternate_total_points, team_total, alternate_team_total, moneyline_h1, spread_h1, total_points_h1."
2026-10-06,401871090,False,2026-10-07T00:00:00Z,Troy Trojans,Southern Mississippi Golden Eagles,alternate_total_points,over,41.0,-400,fanatics,0.7750692306193021,-0.024930769380697937,"10 market(s) allowlisted for NCAAF: moneyline, spread, total_points, alternate_spread, alternate_total_points, team_total, alternate_team_total, moneyline_h1, spread_h1, total_points_h1."
2026-10-06,401871090,False,2026-10-07T00:00:00Z,Troy Trojans,Southern Mississippi Golden Eagles,alternate_total_points,over,56.5,150,fanatics,0.3829963768490221,-0.01700362315097792,"10 market(s) allowlisted for NCAAF: moneyline, spread, total_points, alternate_spread, alternate_total_points, team_total, alternate_team_total, moneyline_h1, spread_h1, total_points_h1."
2026-10-06,401871090,False,2026-10-07T00:00:00Z,Troy Trojans,Southern Mississippi Golden Eagles,alternate_total_points,over,71.5,600,fanatics,0.11805360038370866,-0.024803542473434192,"10 market(s) allowlisted for NCAAF: moneyline, spread, total_points, alternate_spread, alternate_total_points, team_total, alternate_team_total, moneyline_h1, spread_h1, total_points_h1."
2026-10-06,401871090,False,2026-10-07T00:00:00Z,Troy Trojans,Southern Mississippi Golden Eagles,alternate_total_points,over,67.5,410,fanatics,0.16935544543027325,-0.026722985942275762,"10 market(s) allowlisted for NCAAF: moneyline, spread, total_points, alternate_spread, alternate_total_points, team_total, alternate_team_total, moneyline_h1, spread_h1, total_points_h1."
2026-10-06,401871090,False,2026-10-07T00:00:00Z,Troy Trojans,Southern Mississippi Golden Eagles,alternate_total_points,over,29.5,-2500,fanatics,0.9464020048744965,-0.015136456663965014,"10 market(s) allowlisted for NCAAF: moneyline, spread, total_points, alternate_spread, alternate_total_points, team_total, alternate_team_total, moneyline_h1, spread_h1, total_points_h1."
2026-10-06,401871090,False,2026-10-07T00:00:00Z,Troy Trojans,Southern Mississippi Golden Eagles,alternate_total_points,over,30.0,-2500,fanatics,0.9456095984414556,-0.01592886309700592,"10 market(s) allowlisted for NCAAF: moneyline, spread, total_points, alternate_spread, alternate_total_points, team_total, alternate_team_total, moneyline_h1, spread_h1, total_points_h1."
2026-10-06,401871090,False,2026-10-07T00:00:00Z,Troy Trojans,Southern Mississippi Golden Eagles,alternate_total_points,over,33.0,-1400,fanatics,0.9096864220376875,-0.02364691129564589,"10 market(s) allowlisted for NCAAF: moneyline, spread, total_points, alternate_spread, alternate_total_points, team_total, alternate_team_total, moneyline_h1, spread_h1, total_points_h1."
2026-10-06,401871090,False,2026-10-07T00:00:00Z,Troy Trojans,Southern Mississippi Golden Eagles,alternate_total_points,over,44.5,-235,fanatics,0.6953050095037486,-0.0061875278096842345,"10 market(s) allowlisted for NCAAF: moneyline, spread, total_points, alternate_spread, alternate_total_points, team_total, alternate_team_total, moneyline_h1, spread_h1, total_points_h1."
2026-10-06,401871090,False,2026-10-07T00:00:00Z,Troy Trojans,Southern Mississippi Golden Eagles,alternate_total_points,over,36.0,-800,fanatics,0.864993692190481,-0.023895196698407895,"10 market(s) allowlisted for NCAAF: moneyline, spread, total_points, alternate_spread, alternate_total_points, team_total, alternate_team_total, moneyline_h1, spread_h1, total_points_h1."
2026-10-06,401871090,False,2026-10-07T00:00:00Z,Troy Trojans,Southern Mississippi Golden Eagles,alternate_total_points,over,31.0,-1800,fanatics,0.9308431121517748,-0.016525308900856683,"10 market(s) allowlisted for NCAAF: moneyline, spread, total_points, alternate_spread, alternate_total_points, team_total, alternate_team_total, moneyline_h1, spread_h1, total_points_h1."
2026-10-06,401871090,False,2026-10-07T00:00:00Z,Troy Trojans,Southern Mississippi Golden Eagles,alternate_total_points,over,39.0,-500,fanatics,0.8077014884693533,-0.02563184486398007,"10 market(s) allowlisted for NCAAF: moneyline, spread, total_points, alternate_spread, alternate_total_points, team_total, alternate_team_total, moneyline_h1, spread_h1, total_points_h1."
2026-10-06,401871090,False,2026-10-07T00:00:00Z,Troy Trojans,Southern Mississippi Golden Eagles,alternate_total_points,over,34.0,-1100,fanatics,0.8933105104170994,-0.023356156249567217,"10 market(s) allowlisted for NCAAF: moneyline, spread, total_points, alternate_spread, alternate_total_points, team_total, alternate_team_total, moneyline_h1, spread_h1, total_points_h1."
2026-10-06,401871090,False,2026-10-07T00:00:00Z,Troy Trojans,Southern Mississippi Golden Eagles,alternate_total_points,over,55.5,135,fanatics,0.407050445695053,-0.018481469198564027,"10 market(s) allowlisted for NCAAF: moneyline, spread, total_points, alternate_spread, alternate_total_points, team_total, alternate_team_total, moneyline_h1, spread_h1, total_points_h1."
2026-10-06,401871090,False,2026-10-07T00:00:00Z,Troy Trojans,Southern Mississippi Golden Eagles,alternate_total_points,over,37.0,-700,fanatics,0.8529933560410129,-0.022006643958987104,"10 market(s) allowlisted for NCAAF: moneyline, spread, total_points, alternate_spread, alternate_total_points, team_total, alternate_team_total, moneyline_h1, spread_h1, total_points_h1."
2026-10-06,401871090,False,2026-10-07T00:00:00Z,Troy Trojans,Southern Mississippi Golden Eagles,alternate_total_points,over,70.5,525,fanatics,0.12664767507600377,-0.03335232492399623,"10 market(s) allowlisted for NCAAF: moneyline, spread, total_points, alternate_spread, alternate_total_points, team_total, alternate_team_total, moneyline_h1, spread_h1, total_points_h1."
2026-10-06,401871090,False,2026-10-07T00:00:00Z,Troy Trojans,Southern Mississippi Golden Eagles,alternate_total_points,over,32.5,-1400,fanatics,0.9111400947543794,-0.022193238578953944,"10 market(s) allowlisted for NCAAF: moneyline, spread, total_points, alternate_spread, alternate_total_points, team_total, alternate_team_total, moneyline_h1, spread_h1, total_points_h1."
2026-10-06,401871090,False,2026-10-07T00:00:00Z,Troy Trojans,Southern Mississippi Golden Eagles,alternate_total_points,over,40.0,-450,fanatics,0.7961892796376868,-0.021992538544131413,"10 market(s) allowlisted for NCAAF: moneyline, spread, total_points, alternate_spread, alternate_total_points, team_total, alternate_team_total, moneyline_h1, spread_h1, total_points_h1."
2026-10-06,401871090,False,2026-10-07T00:00:00Z,Troy Trojans,Southern Mississippi Golden Eagles,alternate_total_points,under,44.0,190,fanatics,0.2827978362469914,-0.06202974995990518,"10 market(s) allowlisted for NCAAF: moneyline, spread, total_points, alternate_spread, alternate_total_points, team_total, alternate_team_total, moneyline_h1, spread_h1, total_points_h1."
2026-10-06,401871090,False,2026-10-07T00:00:00Z,Troy Trojans,Southern Mississippi Golden Eagles,alternate_total_points,under,42.0,235,fanatics,0.2513594318456773,-0.047148030840889865,"10 market(s) allowlisted for NCAAF: moneyline, spread, total_points, alternate_spread, alternate_total_points, team_total, alternate_team_total, moneyline_h1, spread_h1, total_points_h1."
2026-10-06,401871090,False,2026-10-07T00:00:00Z,Troy Trojans,Southern Mississippi Golden Eagles,alternate_total_points,under,43.0,215,fanatics,0.2644199720681705,-0.05304034539214697,"10 market(s) allowlisted for NCAAF: moneyline, spread, total_points, alternate_spread, alternate_total_points, team_total, alternate_team_total, moneyline_h1, spread_h1, total_points_h1."
2026-10-06,401871090,False,2026-10-07T00:00:00Z,Troy Trojans,Southern Mississippi Golden Eagles,alternate_total_points,under,47.0,145,fanatics,0.36584159684005957,-0.04232166846606289,"10 market(s) allowlisted for NCAAF: moneyline, spread, total_points, alternate_spread, alternate_total_points, team_total, alternate_team_total, moneyline_h1, spread_h1, total_points_h1."
2026-10-06,401871090,False,2026-10-07T00:00:00Z,Troy Trojans,Southern Mississippi Golden Eagles,alternate_total_points,under,45.0,170,fanatics,0.3159516934137778,-0.05441867695659253,"10 market(s) allowlisted for NCAAF: moneyline, spread, total_points, alternate_spread, alternate_total_points, team_total, alternate_team_total, moneyline_h1, spread_h1, total_points_h1."
2026-10-06,401871090,False,2026-10-07T00:00:00Z,Troy Trojans,Southern Mississippi Golden Eagles,alternate_total_points,under,46.0,155,fanatics,0.3462145860447047,-0.04594227670039336,"10 market(s) allowlisted for NCAAF: moneyline, spread, total_points, alternate_spread, alternate_total_points, team_total, alternate_team_total, moneyline_h1, spread_h1, total_points_h1."
2026-10-06,401871090,False,2026-10-07T00:00:00Z,Troy Trojans,Southern Mississippi Golden Eagles,alternate_total_points,under,66.5,-575,fanatics,0.819067653453093,-0.0327841983987589,"10 market(s) allowlisted for NCAAF: moneyline, spread, total_points, alternate_spread, alternate_total_points, team_total, alternate_team_total, moneyline_h1, spread_h1, total_points_h1."
2026-10-06,401871090,False,2026-10-07T00:00:00Z,Troy Trojans,Southern Mississippi Golden Eagles,alternate_total_points,under,48.0,130,fanatics,0.3925592902590027,-0.04222331843664945,"10 market(s) allowlisted for NCAAF: moneyline, spread, total_points, alternate_spread, alternate_total_points, team_total, alternate_team_total, moneyline_h1, spread_h1, total_points_h1."
2026-10-06,401871090,False,2026-10-07T00:00:00Z,Troy Trojans,Southern Mississippi Golden Eagles,alternate_total_points,under,49.0,115,fanatics,0.4232050408124637,-0.04191123825730375,"10 market(s) allowlisted for NCAAF: moneyline, spread, total_points, alternate_spread, alternate_total_points, team_total, alternate_team_total, moneyline_h1, spread_h1, total_points_h1."
2026-10-06,401871090,False,2026-10-07T00:00:00Z,Troy Trojans,Southern Mississippi Golden Eagles,alternate_total_points,under,43.5,200,fanatics,0.2741636349650916,-0.05916969836824171,"10 market(s) allowlisted for NCAAF: moneyline, spread, total_points, alternate_spread, alternate_total_points, team_total, alternate_team_total, moneyline_h1, spread_h1, total_points_h1."
2026-10-06,401871090,False,2026-10-07T00:00:00Z,Troy Trojans,Southern Mississippi Golden Eagles,alternate_total_points,under,50.0,105,fanatics,0.4499434543097613,-0.037861423739019184,"10 market(s) allowlisted for NCAAF: moneyline, spread, total_points, alternate_spread, alternate_total_points, team_total, alternate_team_total, moneyline_h1, spread_h1, total_points_h1."
2026-10-06,401871090,False,2026-10-07T00:00:00Z,Troy Trojans,Southern Mississippi Golden Eagles,alternate_total_points,under,53.0,-135,fanatics,0.5310822523183207,-0.043385832788062295,"10 market(s) allowlisted for NCAAF: moneyline, spread, total_points, alternate_spread, alternate_total_points, team_total, alternate_team_total, moneyline_h1, spread_h1, total_points_h1."
2026-10-06,401871090,False,2026-10-07T00:00:00Z,Troy Trojans,Southern Mississippi Golden Eagles,alternate_total_points,under,28.5,1100,fanatics,0.04702591377256177,-0.03630741956077156,"10 market(s) allowlisted for NCAAF: moneyline, spread, total_points, alternate_spread, alternate_total_points, team_total, alternate_team_total, moneyline_h1, spread_h1, total_points_h1."
2026-10-06,401871090,False,2026-10-07T00:00:00Z,Troy Trojans,Southern Mississippi Golden Eagles,alternate_total_points,under,56.0,-180,fanatics,0.6075639391250263,-0.03529320373211664,"10 market(s) allowlisted for NCAAF: moneyline, spread, total_points, alternate_spread, alternate_total_points, team_total, alternate_team_total, moneyline_h1, spread_h1, total_points_h1."
2026-10-06,401871090,False,2026-10-07T00:00:00Z,Troy Trojans,Southern Mississippi Golden Eagles,alternate_total_points,under,51.0,-105,fanatics,0.4804982046894191,-0.031696917261800406,"10 market(s) allowlisted for NCAAF: moneyline, spread, total_points, alternate_spread, alternate_total_points, team_total, alternate_team_total, moneyline_h1, spread_h1, total_points_h1."
2026-10-06,401871090,False,2026-10-07T00:00:00Z,Troy Trojans,Southern Mississippi Golden Eagles,alternate_total_points,under,52.0,-120,fanatics,0.5109444637580628,-0.03451008169648262,"10 market(s) allowlisted for NCAAF: moneyline, spread, total_points, alternate_spread, alternate_total_points, team_total, alternate_team_total, moneyline_h1, spread_h1, total_points_h1."
2026-10-06,401871090,False,2026-10-07T00:00:00Z,Troy Trojans,Southern Mississippi Golden Eagles,alternate_total_points,under,59.0,-250,fanatics,0.6827801775719621,-0.031505536713752225,"10 market(s) allowlisted for NCAAF: moneyline, spread, total_points, alternate_spread, alternate_total_points, team_total, alternate_team_total, moneyline_h1, spread_h1, total_points_h1."
2026-10-06,401871090,False,2026-10-07T00:00:00Z,Troy Trojans,Southern Mississippi Golden Eagles,alternate_total_points,under,54.0,-140,fanatics,0.5509803506685736,-0.03235298266475972,"10 market(s) allowlisted for NCAAF: moneyline, spread, total_points, alternate_spread, alternate_total_points, team_total, alternate_team_total, moneyline_h1, spread_h1, total_points_h1."
2026-10-06,401871090,False,2026-10-07T00:00:00Z,Troy Trojans,Southern Mississippi Golden Eagles,alternate_total_points,under,55.0,-160,fanatics,0.5791865233349255,-0.036198092049689934,"10 market(s) allowlisted for NCAAF: moneyline, spread, total_points, alternate_spread, alternate_total_points, team_total, alternate_team_total, moneyline_h1, spread_h1, total_points_h1."
2026-10-06,401871090,False,2026-10-07T00:00:00Z,Troy Trojans,Southern Mississippi Golden Eagles,alternate_total_points,under,54.5,-145,fanatics,0.560243779102373,-0.031592955591504546,"10 market(s) allowlisted for NCAAF: moneyline, spread, total_points, alternate_spread, alternate_total_points, team_total, alternate_team_total, moneyline_h1, spread_h1, total_points_h1."
2026-10-06,401871090,False,2026-10-07T00:00:00Z,Troy Trojans,Southern Mississippi Golden Eagles,alternate_total_points,under,57.0,-195,fanatics,0.6310966125649654,-0.02992033658757698,"10 market(s) allowlisted for NCAAF: moneyline, spread, total_points, alternate_spread, alternate_total_points, team_total, alternate_team_total, moneyline_h1, spread_h1, total_points_h1."
2026-10-06,401871090,False,2026-10-07T00:00:00Z,Troy Trojans,Southern Mississippi Golden Eagles,alternate_total_points,under,39.5,310,fanatics,0.20012928623956158,-0.043773152784828656,"10 market(s) allowlisted for NCAAF: moneyline, spread, total_points, alternate_spread, alternate_total_points, team_total, alternate_team_total, moneyline_h1, spread_h1, total_points_h1."
2026-10-06,401871090,False,2026-10-07T00:00:00Z,Troy Trojans,Southern Mississippi Golden Eagles,alternate_total_points,under,58.0,-220,fanatics,0.6564968992873732,-0.031003100712626797,"10 market(s) allowlisted for NCAAF: moneyline, spread, total_points, alternate_spread, alternate_total_points, team_total, alternate_team_total, moneyline_h1, spread_h1, total_points_h1."
2026-10-06,401871090,False,2026-10-07T00:00:00Z,Troy Trojans,Southern Mississippi Golden Eagles,alternate_total_points,under,62.0,-350,fanatics,0.7408138511720626,-0.036963926605715236,"10 market(s) allowlisted for NCAAF: moneyline, spread, total_points, alternate_spread, alternate_total_points, team_total, alternate_team_total, moneyline_h1, spread_h1, total_points_h1."
2026-10-06,401871090,False,2026-10-07T00:00:00Z,Troy Trojans,Southern Mississippi Golden Eagles,alternate_total_points,under,77.5,-2200,fanatics,0.9344653859078745,-0.022056353222560277,"10 market(s) allowlisted for NCAAF: moneyline, spread, total_points, alternate_spread, alternate_total_points, team_total, alternate_team_total, moneyline_h1, spread_h1, total_points_h1."
2026-10-06,401871090,False,2026-10-07T00:00:00Z,Troy Trojans,Southern Mississippi Golden Eagles,alternate_total_points,under,65.0,-500,fanatics,0.7948179499403849,-0.038515383392948466,"10 market(s) allowlisted for NCAAF: moneyline, spread, total_points, alternate_spread, alternate_total_points, team_total, alternate_team_total, moneyline_h1, spread_h1, total_points_h1."
2026-10-06,401871090,False,2026-10-07T00:00:00Z,Troy Trojans,Southern Mississippi Golden Eagles,alternate_total_points,under,68.0,-700,fanatics,0.8424505381214313,-0.032549461878568664,"10 market(s) allowlisted for NCAAF: moneyline, spread, total_points, alternate_spread, alternate_total_points, team_total, alternate_team_total, moneyline_h1, spread_h1, total_points_h1."
2026-10-06,401871090,False,2026-10-07T00:00:00Z,Troy Trojans,Southern Mississippi Golden Eagles,alternate_total_points,under,60.0,-280,fanatics,0.6993267813208565,-0.03751532394230139,"10 market(s) allowlisted for NCAAF: moneyline, spread, total_points, alternate_spread, alternate_total_points, team_total, alternate_team_total, moneyline_h1, spread_h1, total_points_h1."
2026-10-06,401871090,False,2026-10-07T00:00:00Z,Troy Trojans,Southern Mississippi Golden Eagles,alternate_total_points,under,61.0,-310,fanatics,0.7185151665224103,-0.03758239445319944,"10 market(s) allowlisted for NCAAF: moneyline, spread, total_points, alternate_spread, alternate_total_points, team_total, alternate_team_total, moneyline_h1, spread_h1, total_points_h1."
2026-10-06,401871090,False,2026-10-07T00:00:00Z,Troy Trojans,Southern Mississippi Golden Eagles,alternate_total_points,under,71.0,-1100,fanatics,0.8809230433567681,-0.03574362330989855,"10 market(s) allowlisted for NCAAF: moneyline, spread, total_points, alternate_spread, alternate_total_points, team_total, alternate_team_total, moneyline_h1, spread_h1, total_points_h1."
2026-10-06,401871090,False,2026-10-07T00:00:00Z,Troy Trojans,Southern Mississippi Golden Eagles,alternate_total_points,under,63.0,-400,fanatics,0.7599239852919141,-0.04007601470808597,"10 market(s) allowlisted for NCAAF: moneyline, spread, total_points, alternate_spread, alternate_total_points, team_total, alternate_team_total, moneyline_h1, spread_h1, total_points_h1."
2026-10-06,401871090,False,2026-10-07T00:00:00Z,Troy Trojans,Southern Mississippi Golden Eagles,alternate_total_points,under,74.0,-1500,fanatics,0.9127729554124728,-0.02472704458752717,"10 market(s) allowlisted for NCAAF: moneyline, spread, total_points, alternate_spread, alternate_total_points, team_total, alternate_team_total, moneyline_h1, spread_h1, total_points_h1."
2026-10-06,401871090,False,2026-10-07T00:00:00Z,Troy Trojans,Southern Mississippi Golden Eagles,alternate_total_points,under,31.5,750,fanatics,0.08248253408516873,-0.03516452473836068,"10 market(s) allowlisted for NCAAF: moneyline, spread, total_points, alternate_spread, alternate_total_points, team_total, alternate_team_total, moneyline_h1, spread_h1, total_points_h1."
2026-10-06,401871090,False,2026-10-07T00:00:00Z,Troy Trojans,Southern Mississippi Golden Eagles,alternate_total_points,under,64.0,-425,fanatics,0.7734896578680956,-0.036034151655713886,"10 market(s) allowlisted for NCAAF: moneyline, spread, total_points, alternate_spread, alternate_total_points, team_total, alternate_team_total, moneyline_h1, spread_h1, total_points_h1."
2026-10-06,401871090,False,2026-10-07T00:00:00Z,Troy Trojans,Southern Mississippi Golden Eagles,alternate_total_points,under,42.5,220,fanatics,0.260917404063042,-0.05158259593695802,"10 market(s) allowlisted for NCAAF: moneyline, spread, total_points, alternate_spread, alternate_total_points, team_total, alternate_team_total, moneyline_h1, spread_h1, total_points_h1."
2026-10-06,401871090,False,2026-10-07T00:00:00Z,Troy Trojans,Southern Mississippi Golden Eagles,alternate_total_points,under,66.0,-575,fanatics,0.8154790121427712,-0.03637283970908067,"10 market(s) allowlisted for NCAAF: moneyline, spread, total_points, alternate_spread, alternate_total_points, team_total, alternate_team_total, moneyline_h1, spread_h1, total_points_h1."
2026-10-06,401871090,False,2026-10-07T00:00:00Z,Troy Trojans,Southern Mississippi Golden Eagles,alternate_total_points,under,77.0,-2200,fanatics,0.9340798087520727,-0.022441930378362063,"10 market(s) allowlisted for NCAAF: moneyline, spread, total_points, alternate_spread, alternate_total_points, team_total, alternate_team_total, moneyline_h1, spread_h1, total_points_h1."
2026-10-06,401871090,False,2026-10-07T00:00:00Z,Troy Trojans,Southern Mississippi Golden Eagles,alternate_total_points,under,67.0,-650,fanatics,0.8286609796739915,-0.03800568699267515,"10 market(s) allowlisted for NCAAF: moneyline, spread, total_points, alternate_spread, alternate_total_points, team_total, alternate_team_total, moneyline_h1, spread_h1, total_points_h1."
2026-10-06,401871090,False,2026-10-07T00:00:00Z,Troy Trojans,Southern Mississippi Golden Eagles,alternate_total_points,under,69.0,-850,fanatics,0.8595174798383521,-0.035219362266911025,"10 market(s) allowlisted for NCAAF: moneyline, spread, total_points, alternate_spread, alternate_total_points, team_total, alternate_team_total, moneyline_h1, spread_h1, total_points_h1."
2026-10-06,401871090,False,2026-10-07T00:00:00Z,Troy Trojans,Southern Mississippi Golden Eagles,alternate_total_points,under,65.5,-525,fanatics,0.7996192354059358,-0.040380764594064145,"10 market(s) allowlisted for NCAAF: moneyline, spread, total_points, alternate_spread, alternate_total_points, team_total, alternate_team_total, moneyline_h1, spread_h1, total_points_h1."
2026-10-06,401871090,False,2026-10-07T00:00:00Z,Troy Trojans,Southern Mississippi Golden Eagles,alternate_total_points,under,72.0,-1200,fanatics,0.8916353340810402,-0.031441588995882896,"10 market(s) allowlisted for NCAAF: moneyline, spread, total_points, alternate_spread, alternate_total_points, team_total, alternate_team_total, moneyline_h1, spread_h1, total_points_h1."
2026-10-06,401871090,False,2026-10-07T00:00:00Z,Troy Trojans,Southern Mississippi Golden Eagles,alternate_total_points,under,70.0,-900,fanatics,0.8718910854593145,-0.028108914540685537,"10 market(s) allowlisted for NCAAF: moneyline, spread, total_points, alternate_spread, alternate_total_points, team_total, alternate_team_total, moneyline_h1, spread_h1, total_points_h1."
2026-10-06,401871090,False,2026-10-07T00:00:00Z,Troy Trojans,Southern Mississippi Golden Eagles,alternate_total_points,under,75.0,-1800,fanatics,0.9227581794182151,-0.024610241634416385,"10 market(s) allowlisted for NCAAF: moneyline, spread, total_points, alternate_spread, alternate_total_points, team_total, alternate_team_total, moneyline_h1, spread_h1, total_points_h1."
2026-10-06,401871090,False,2026-10-07T00:00:00Z,Troy Trojans,Southern Mississippi Golden Eagles,alternate_total_points,under,30.5,850,fanatics,0.06816686040935557,-0.03709629748538126,"10 market(s) allowlisted for NCAAF: moneyline, spread, total_points, alternate_spread, alternate_total_points, team_total, alternate_team_total, moneyline_h1, spread_h1, total_points_h1."
2026-10-06,401871090,False,2026-10-07T00:00:00Z,Troy Trojans,Southern Mississippi Golden Eagles,alternate_total_points,under,73.0,-1400,fanatics,0.9047257912342768,-0.028607542099056582,"10 market(s) allowlisted for NCAAF: moneyline, spread, total_points, alternate_spread, alternate_total_points, team_total, alternate_team_total, moneyline_h1, spread_h1, total_points_h1."
2026-10-06,401871090,False,2026-10-07T00:00:00Z,Troy Trojans,Southern Mississippi Golden Eagles,alternate_total_points,under,78.0,-2500,fanatics,0.9371931312226502,-0.02434533031581132,"10 market(s) allowlisted for NCAAF: moneyline, spread, total_points, alternate_spread, alternate_total_points, team_total, alternate_team_total, moneyline_h1, spread_h1, total_points_h1."
2026-10-06,401871090,False,2026-10-07T00:00:00Z,Troy Trojans,Southern Mississippi Golden Eagles,alternate_total_points,under,76.0,-2000,fanatics,0.9282520023158113,-0.02412895006514104,"10 market(s) allowlisted for NCAAF: moneyline, spread, total_points, alternate_spread, alternate_total_points, team_total, alternate_team_total, moneyline_h1, spread_h1, total_points_h1."
2026-10-06,401871090,False,2026-10-07T00:00:00Z,Troy Trojans,Southern Mississippi Golden Eagles,alternate_total_points,under,76.5,-2000,fanatics,0.9286162348586676,-0.023764717522284706,"10 market(s) allowlisted for NCAAF: moneyline, spread, total_points, alternate_spread, alternate_total_points, team_total, alternate_team_total, moneyline_h1, spread_h1, total_points_h1."
2026-10-06,401871090,False,2026-10-07T00:00:00Z,Troy Trojans,Southern Mississippi Golden Eagles,alternate_total_points,under,79.0,-3000,fanatics,0.9473372335894978,-0.020404701894373156,"10 market(s) allowlisted for NCAAF: moneyline, spread, total_points, alternate_spread, alternate_total_points, team_total, alternate_team_total, moneyline_h1, spread_h1, total_points_h1."
2026-10-06,401871090,False,2026-10-07T00:00:00Z,Troy Trojans,Southern Mississippi Golden Eagles,alternate_total_points,under,38.5,330,fanatics,0.19043415156331608,-0.042123987971567634,"10 market(s) allowlisted for NCAAF: moneyline, spread, total_points, alternate_spread, alternate_total_points, team_total, alternate_team_total, moneyline_h1, spread_h1, total_points_h1."
2026-10-06,401871090,False,2026-10-07T00:00:00Z,Troy Trojans,Southern Mississippi Golden Eagles,alternate_total_points,under,53.5,-135,fanatics,0.5396134382084004,-0.03485464689798268,"10 market(s) allowlisted for NCAAF: moneyline, spread, total_points, alternate_spread, alternate_total_points, team_total, alternate_team_total, moneyline_h1, spread_h1, total_points_h1."
2026-10-06,401871090,False,2026-10-07T00:00:00Z,Troy Trojans,Southern Mississippi Golden Eagles,alternate_total_points,under,75.5,-1800,fanatics,0.9235396814409746,-0.02382873961165688,"10 market(s) allowlisted for NCAAF: moneyline, spread, total_points, alternate_spread, alternate_total_points, team_total, alternate_team_total, moneyline_h1, spread_h1, total_points_h1."
2026-10-06,401871090,False,2026-10-07T00:00:00Z,Troy Trojans,Southern Mississippi Golden Eagles,alternate_total_points,under,49.5,110,fanatics,0.4397044918531777,-0.03648598433729844,"10 market(s) allowlisted for NCAAF: moneyline, spread, total_points, alternate_spread, alternate_total_points, team_total, alternate_team_total, moneyline_h1, spread_h1, total_points_h1."
2026-10-06,401871090,False,2026-10-07T00:00:00Z,Troy Trojans,Southern Mississippi Golden Eagles,alternate_total_points,under,48.5,120,fanatics,0.41109909096001646,-0.043446363585438075,"10 market(s) allowlisted for NCAAF: moneyline, spread, total_points, alternate_spread, alternate_total_points, team_total, alternate_team_total, moneyline_h1, spread_h1, total_points_h1."
2026-10-06,401871090,False,2026-10-07T00:00:00Z,Troy Trojans,Southern Mississippi Golden Eagles,alternate_total_points,under,63.5,-400,fanatics,0.7641690949797578,-0.03583090502024222,"10 market(s) allowlisted for NCAAF: moneyline, spread, total_points, alternate_spread, alternate_total_points, team_total, alternate_team_total, moneyline_h1, spread_h1, total_points_h1."
2026-10-06,401871090,False,2026-10-07T00:00:00Z,Troy Trojans,Southern Mississippi Golden Eagles,alternate_total_points,under,36.5,450,fanatics,0.1441069982137737,-0.037711183604408116,"10 market(s) allowlisted for NCAAF: moneyline, spread, total_points, alternate_spread, alternate_total_points, team_total, alternate_team_total, moneyline_h1, spread_h1, total_points_h1."
2026-10-06,401871090,False,2026-10-07T00:00:00Z,Troy Trojans,Southern Mississippi Golden Eagles,alternate_total_points,under,51.5,-115,fanatics,0.4999999786656099,-0.0348837422646226,"10 market(s) allowlisted for NCAAF: moneyline, spread, total_points, alternate_spread, alternate_total_points, team_total, alternate_team_total, moneyline_h1, spread_h1, total_points_h1."
2026-10-06,401871090,False,2026-10-07T00:00:00Z,Troy Trojans,Southern Mississippi Golden Eagles,alternate_total_points,under,64.5,-450,fanatics,0.7762191111545407,-0.04196270702727756,"10 market(s) allowlisted for NCAAF: moneyline, spread, total_points, alternate_spread, alternate_total_points, team_total, alternate_team_total, moneyline_h1, spread_h1, total_points_h1."
2026-10-06,401871090,False,2026-10-07T00:00:00Z,Troy Trojans,Southern Mississippi Golden Eagles,alternate_total_points,under,41.5,240,fanatics,0.24815029976233777,-0.04596734729648577,"10 market(s) allowlisted for NCAAF: moneyline, spread, total_points, alternate_spread, alternate_total_points, team_total, alternate_team_total, moneyline_h1, spread_h1, total_points_h1."
2026-10-06,401871090,False,2026-10-07T00:00:00Z,Troy Trojans,Southern Mississippi Golden Eagles,alternate_total_points,under,37.5,375,fanatics,0.16383158798144956,-0.04669472780802411,"10 market(s) allowlisted for NCAAF: moneyline, spread, total_points, alternate_spread, alternate_total_points, team_total, alternate_team_total, moneyline_h1, spread_h1, total_points_h1."
2026-10-06,401871090,False,2026-10-07T00:00:00Z,Troy Trojans,Southern Mississippi Golden Eagles,alternate_total_points,under,69.5,-850,fanatics,0.861946097106669,-0.032790744998594135,"10 market(s) allowlisted for NCAAF: moneyline, spread, total_points, alternate_spread, alternate_total_points, team_total, alternate_team_total, moneyline_h1, spread_h1, total_points_h1."
2026-10-06,401871090,False,2026-10-07T00:00:00Z,Troy Trojans,Southern Mississippi Golden Eagles,alternate_total_points,under,52.5,-125,fanatics,0.5214200856806752,-0.034135469874880364,"10 market(s) allowlisted for NCAAF: moneyline, spread, total_points, alternate_spread, alternate_total_points, team_total, alternate_team_total, moneyline_h1, spread_h1, total_points_h1."
2026-10-06,401871090,False,2026-10-07T00:00:00Z,Troy Trojans,Southern Mississippi Golden Eagles,alternate_total_points,under,57.5,-205,fanatics,0.6393345771339336,-0.032796570407049974,"10 market(s) allowlisted for NCAAF: moneyline, spread, total_points, alternate_spread, alternate_total_points, team_total, alternate_team_total, moneyline_h1, spread_h1, total_points_h1."
2026-10-06,401871090,False,2026-10-07T00:00:00Z,Troy Trojans,Southern Mississippi Golden Eagles,alternate_total_points,under,59.5,-265,fanatics,0.6908193066502623,-0.03520809061001173,"10 market(s) allowlisted for NCAAF: moneyline, spread, total_points, alternate_spread, alternate_total_points, team_total, alternate_team_total, moneyline_h1, spread_h1, total_points_h1."
2026-10-06,401871090,False,2026-10-07T00:00:00Z,Troy Trojans,Southern Mississippi Golden Eagles,alternate_total_points,under,40.5,280,fanatics,0.21819229154275432,-0.044965603194087767,"10 market(s) allowlisted for NCAAF: moneyline, spread, total_points, alternate_spread, alternate_total_points, team_total, alternate_team_total, moneyline_h1, spread_h1, total_points_h1."
2026-10-06,401871090,False,2026-10-07T00:00:00Z,Troy Trojans,Southern Mississippi Golden Eagles,alternate_total_points,under,72.5,-1200,fanatics,0.8928128761840182,-0.03026404689290496,"10 market(s) allowlisted for NCAAF: moneyline, spread, total_points, alternate_spread, alternate_total_points, team_total, alternate_team_total, moneyline_h1, spread_h1, total_points_h1."
2026-10-06,401871090,False,2026-10-07T00:00:00Z,Troy Trojans,Southern Mississippi Golden Eagles,alternate_total_points,under,45.5,160,fanatics,0.34032291448646684,-0.044292470128917794,"10 market(s) allowlisted for NCAAF: moneyline, spread, total_points, alternate_spread, alternate_total_points, team_total, alternate_team_total, moneyline_h1, spread_h1, total_points_h1."
2026-10-06,401871090,False,2026-10-07T00:00:00Z,Troy Trojans,Southern Mississippi Golden Eagles,alternate_total_points,under,74.5,-1500,fanatics,0.9134220791256332,-0.024077920874366776,"10 market(s) allowlisted for NCAAF: moneyline, spread, total_points, alternate_spread, alternate_total_points, team_total, alternate_team_total, moneyline_h1, spread_h1, total_points_h1."
2026-10-06,401871090,False,2026-10-07T00:00:00Z,Troy Trojans,Southern Mississippi Golden Eagles,alternate_total_points,under,60.5,-280,fanatics,0.7029845416989268,-0.033857563564231086,"10 market(s) allowlisted for NCAAF: moneyline, spread, total_points, alternate_spread, alternate_total_points, team_total, alternate_team_total, moneyline_h1, spread_h1, total_points_h1."
2026-10-06,401871090,False,2026-10-07T00:00:00Z,Troy Trojans,Southern Mississippi Golden Eagles,alternate_total_points,under,47.5,135,fanatics,0.3805779217270244,-0.0449539931665926,"10 market(s) allowlisted for NCAAF: moneyline, spread, total_points, alternate_spread, alternate_total_points, team_total, alternate_team_total, moneyline_h1, spread_h1, total_points_h1."
2026-10-06,401871090,False,2026-10-07T00:00:00Z,Troy Trojans,Southern Mississippi Golden Eagles,alternate_total_points,under,62.5,-375,fanatics,0.7464867384436189,-0.042986945766907425,"10 market(s) allowlisted for NCAAF: moneyline, spread, total_points, alternate_spread, alternate_total_points, team_total, alternate_team_total, moneyline_h1, spread_h1, total_points_h1."
2026-10-06,401871090,False,2026-10-07T00:00:00Z,Troy Trojans,Southern Mississippi Golden Eagles,alternate_total_points,under,58.5,-235,fanatics,0.6654768516398288,-0.036015685673604025,"10 market(s) allowlisted for NCAAF: moneyline, spread, total_points, alternate_spread, alternate_total_points, team_total, alternate_team_total, moneyline_h1, spread_h1, total_points_h1."
2026-10-06,401871090,False,2026-10-07T00:00:00Z,Troy Trojans,Southern Mississippi Golden Eagles,alternate_total_points,under,35.5,475,fanatics,0.13358589212199629,-0.04032715135626458,"10 market(s) allowlisted for NCAAF: moneyline, spread, total_points, alternate_spread, alternate_total_points, team_total, alternate_team_total, moneyline_h1, spread_h1, total_points_h1."
2026-10-06,401871090,False,2026-10-07T00:00:00Z,Troy Trojans,Southern Mississippi Golden Eagles,alternate_total_points,under,73.5,-1400,fanatics,0.905980307869597,-0.027353025463736302,"10 market(s) allowlisted for NCAAF: moneyline, spread, total_points, alternate_spread, alternate_total_points, team_total, alternate_team_total, moneyline_h1, spread_h1, total_points_h1."
2026-10-06,401871090,False,2026-10-07T00:00:00Z,Troy Trojans,Southern Mississippi Golden Eagles,alternate_total_points,under,46.5,150,fanatics,0.35734031293159507,-0.04265968706840495,"10 market(s) allowlisted for NCAAF: moneyline, spread, total_points, alternate_spread, alternate_total_points, team_total, alternate_team_total, moneyline_h1, spread_h1, total_points_h1."
2026-10-06,401871090,False,2026-10-07T00:00:00Z,Troy Trojans,Southern Mississippi Golden Eagles,alternate_total_points,under,50.5,105,fanatics,0.4624606012231667,-0.0253442768256138,"10 market(s) allowlisted for NCAAF: moneyline, spread, total_points, alternate_spread, alternate_total_points, team_total, alternate_team_total, moneyline_h1, spread_h1, total_points_h1."
2026-10-06,401871090,False,2026-10-07T00:00:00Z,Troy Trojans,Southern Mississippi Golden Eagles,alternate_total_points,under,33.5,600,fanatics,0.1049557432080856,-0.037901399649057255,"10 market(s) allowlisted for NCAAF: moneyline, spread, total_points, alternate_spread, alternate_total_points, team_total, alternate_team_total, moneyline_h1, spread_h1, total_points_h1."
2026-10-06,401871090,False,2026-10-07T00:00:00Z,Troy Trojans,Southern Mississippi Golden Eagles,alternate_total_points,under,61.5,-320,fanatics,0.7245994296610714,-0.03730533224369048,"10 market(s) allowlisted for NCAAF: moneyline, spread, total_points, alternate_spread, alternate_total_points, team_total, alternate_team_total, moneyline_h1, spread_h1, total_points_h1."
2026-10-06,401871090,False,2026-10-07T00:00:00Z,Troy Trojans,Southern Mississippi Golden Eagles,alternate_total_points,under,34.5,525,fanatics,0.12120613845876484,-0.03879386154123517,"10 market(s) allowlisted for NCAAF: moneyline, spread, total_points, alternate_spread, alternate_total_points, team_total, alternate_team_total, moneyline_h1, spread_h1, total_points_h1."
2026-10-06,401871090,False,2026-10-07T00:00:00Z,Troy Trojans,Southern Mississippi Golden Eagles,alternate_total_points,under,29.0,1100,fanatics,0.0473370164959789,-0.03599631683735443,"10 market(s) allowlisted for NCAAF: moneyline, spread, total_points, alternate_spread, alternate_total_points, team_total, alternate_team_total, moneyline_h1, spread_h1, total_points_h1."
2026-10-06,401871090,False,2026-10-07T00:00:00Z,Troy Trojans,Southern Mississippi Golden Eagles,alternate_total_points,under,68.5,-750,fanatics,0.8446584141584814,-0.03769452701798914,"10 market(s) allowlisted for NCAAF: moneyline, spread, total_points, alternate_spread, alternate_total_points, team_total, alternate_team_total, moneyline_h1, spread_h1, total_points_h1."
2026-10-06,401871090,False,2026-10-07T00:00:00Z,Troy Trojans,Southern Mississippi Golden Eagles,alternate_total_points,under,32.0,750,fanatics,0.08301193198619089,-0.03463512683733852,"10 market(s) allowlisted for NCAAF: moneyline, spread, total_points, alternate_spread, alternate_total_points, team_total, alternate_team_total, moneyline_h1, spread_h1, total_points_h1."
2026-10-06,401871090,False,2026-10-07T00:00:00Z,Troy Trojans,Southern Mississippi Golden Eagles,alternate_total_points,under,79.5,-3000,fanatics,0.9478909853004526,-0.019850950183418425,"10 market(s) allowlisted for NCAAF: moneyline, spread, total_points, alternate_spread, alternate_total_points, team_total, alternate_team_total, moneyline_h1, spread_h1, total_points_h1."
2026-10-06,401871090,False,2026-10-07T00:00:00Z,Troy Trojans,Southern Mississippi Golden Eagles,alternate_total_points,under,35.0,525,fanatics,0.12272544928917421,-0.03727455071082579,"10 market(s) allowlisted for NCAAF: moneyline, spread, total_points, alternate_spread, alternate_total_points, team_total, alternate_team_total, moneyline_h1, spread_h1, total_points_h1."
2026-10-06,401871090,False,2026-10-07T00:00:00Z,Troy Trojans,Southern Mississippi Golden Eagles,alternate_total_points,under,38.0,375,fanatics,0.16830903991725116,-0.042217275872222515,"10 market(s) allowlisted for NCAAF: moneyline, spread, total_points, alternate_spread, alternate_total_points, team_total, alternate_team_total, moneyline_h1, spread_h1, total_points_h1."
2026-10-06,401871090,False,2026-10-07T00:00:00Z,Troy Trojans,Southern Mississippi Golden Eagles,alternate_total_points,under,78.5,-2500,fanatics,0.9373759336102645,-0.024162527928197064,"10 market(s) allowlisted for NCAAF: moneyline, spread, total_points, alternate_spread, alternate_total_points, team_total, alternate_team_total, moneyline_h1, spread_h1, total_points_h1."
2026-10-06,401871090,False,2026-10-07T00:00:00Z,Troy Trojans,Southern Mississippi Golden Eagles,alternate_total_points,under,41.0,280,fanatics,0.2249307693806985,-0.03822712535614359,"10 market(s) allowlisted for NCAAF: moneyline, spread, total_points, alternate_spread, alternate_total_points, team_total, alternate_team_total, moneyline_h1, spread_h1, total_points_h1."
2026-10-06,401871090,False,2026-10-07T00:00:00Z,Troy Trojans,Southern Mississippi Golden Eagles,alternate_total_points,under,56.5,-190,fanatics,0.6170036231509781,-0.038168790642125305,"10 market(s) allowlisted for NCAAF: moneyline, spread, total_points, alternate_spread, alternate_total_points, team_total, alternate_team_total, moneyline_h1, spread_h1, total_points_h1."
2026-10-06,401871090,False,2026-10-07T00:00:00Z,Troy Trojans,Southern Mississippi Golden Eagles,alternate_total_points,under,71.5,-1100,fanatics,0.8819463996162912,-0.03472026705037545,"10 market(s) allowlisted for NCAAF: moneyline, spread, total_points, alternate_spread, alternate_total_points, team_total, alternate_team_total, moneyline_h1, spread_h1, total_points_h1."
2026-10-06,401871090,False,2026-10-07T00:00:00Z,Troy Trojans,Southern Mississippi Golden Eagles,alternate_total_points,under,67.5,-650,fanatics,0.8306445545697266,-0.03602211209694006,"10 market(s) allowlisted for NCAAF: moneyline, spread, total_points, alternate_spread, alternate_total_points, team_total, alternate_team_total, moneyline_h1, spread_h1, total_points_h1."
2026-10-06,401871090,False,2026-10-07T00:00:00Z,Troy Trojans,Southern Mississippi Golden Eagles,alternate_total_points,under,29.5,1050,fanatics,0.05359799512550377,-0.03335852661362666,"10 market(s) allowlisted for NCAAF: moneyline, spread, total_points, alternate_spread, alternate_total_points, team_total, alternate_team_total, moneyline_h1, spread_h1, total_points_h1."
2026-10-06,401871090,False,2026-10-07T00:00:00Z,Troy Trojans,Southern Mississippi Golden Eagles,alternate_total_points,under,30.0,1050,fanatics,0.05439040155854481,-0.03256612018058562,"10 market(s) allowlisted for NCAAF: moneyline, spread, total_points, alternate_spread, alternate_total_points, team_total, alternate_team_total, moneyline_h1, spread_h1, total_points_h1."
2026-10-06,401871090,False,2026-10-07T00:00:00Z,Troy Trojans,Southern Mississippi Golden Eagles,alternate_total_points,under,33.0,700,fanatics,0.0903135779623128,-0.034686422037687195,"10 market(s) allowlisted for NCAAF: moneyline, spread, total_points, alternate_spread, alternate_total_points, team_total, alternate_team_total, moneyline_h1, spread_h1, total_points_h1."
2026-10-06,401871090,False,2026-10-07T00:00:00Z,Troy Trojans,Southern Mississippi Golden Eagles,alternate_total_points,under,44.5,180,fanatics,0.30469499049625215,-0.052447866646605,"10 market(s) allowlisted for NCAAF: moneyline, spread, total_points, alternate_spread, alternate_total_points, team_total, alternate_team_total, moneyline_h1, spread_h1, total_points_h1."
2026-10-06,401871090,False,2026-10-07T00:00:00Z,Troy Trojans,Southern Mississippi Golden Eagles,alternate_total_points,under,36.0,475,fanatics,0.1350063078095194,-0.03890673566874148,"10 market(s) allowlisted for NCAAF: moneyline, spread, total_points, alternate_spread, alternate_total_points, team_total, alternate_team_total, moneyline_h1, spread_h1, total_points_h1."
2026-10-06,401871090,False,2026-10-07T00:00:00Z,Troy Trojans,Southern Mississippi Golden Eagles,alternate_total_points,under,31.0,850,fanatics,0.06915688784822559,-0.03610627004651125,"10 market(s) allowlisted for NCAAF: moneyline, spread, total_points, alternate_spread, alternate_total_points, team_total, alternate_team_total, moneyline_h1, spread_h1, total_points_h1."
2026-10-06,401871090,False,2026-10-07T00:00:00Z,Troy Trojans,Southern Mississippi Golden Eagles,alternate_total_points,under,39.0,330,fanatics,0.19229851153064725,-0.040259628004236464,"10 market(s) allowlisted for NCAAF: moneyline, spread, total_points, alternate_spread, alternate_total_points, team_total, alternate_team_total, moneyline_h1, spread_h1, total_points_h1."
2026-10-06,401871090,False,2026-10-07T00:00:00Z,Troy Trojans,Southern Mississippi Golden Eagles,alternate_total_points,under,34.0,600,fanatics,0.10668948958290096,-0.03616765327424189,"10 market(s) allowlisted for NCAAF: moneyline, spread, total_points, alternate_spread, alternate_total_points, team_total, alternate_team_total, moneyline_h1, spread_h1, total_points_h1."
2026-10-06,401871090,False,2026-10-07T00:00:00Z,Troy Trojans,Southern Mississippi Golden Eagles,alternate_total_points,under,55.5,-170,fanatics,0.5929495543049471,-0.03668007532468254,"10 market(s) allowlisted for NCAAF: moneyline, spread, total_points, alternate_spread, alternate_total_points, team_total, alternate_team_total, moneyline_h1, spread_h1, total_points_h1."
2026-10-06,401871090,False,2026-10-07T00:00:00Z,Troy Trojans,Southern Mississippi Golden Eagles,alternate_total_points,under,37.0,430,fanatics,0.14700664395898752,-0.04167260132403136,"10 market(s) allowlisted for NCAAF: moneyline, spread, total_points, alternate_spread, alternate_total_points, team_total, alternate_team_total, moneyline_h1, spread_h1, total_points_h1."
2026-10-06,401871090,False,2026-10-07T00:00:00Z,Troy Trojans,Southern Mississippi Golden Eagles,alternate_total_points,under,70.5,-900,fanatics,0.8733523249239961,-0.026647675076003963,"10 market(s) allowlisted for NCAAF: moneyline, spread, total_points, alternate_spread, alternate_total_points, team_total, alternate_team_total, moneyline_h1, spread_h1, total_points_h1."
2026-10-06,401871090,False,2026-10-07T00:00:00Z,Troy Trojans,Southern Mississippi Golden Eagles,alternate_total_points,under,32.5,700,fanatics,0.088859905245621,-0.036140094754379,"10 market(s) allowlisted for NCAAF: moneyline, spread, total_points, alternate_spread, alternate_total_points, team_total, alternate_team_total, moneyline_h1, spread_h1, total_points_h1."
2026-10-06,401871090,False,2026-10-07T00:00:00Z,Troy Trojans,Southern Mississippi Golden Eagles,alternate_total_points,under,40.0,310,fanatics,0.20381072036231357,-0.04009171866207667,"10 market(s) allowlisted for NCAAF: moneyline, spread, total_points, alternate_spread, alternate_total_points, team_total, alternate_team_total, moneyline_h1, spread_h1, total_points_h1."
2026-10-06,401871090,False,2026-10-07T00:00:00Z,Troy Trojans,Southern Mississippi Golden Eagles,alternate_spread,away,10.0,-105,betmgm,0.4770902112443104,-0.03510491070690913,"10 market(s) allowlisted for NCAAF: moneyline, spread, total_points, alternate_spread, alternate_total_points, team_total, alternate_team_total, moneyline_h1, spread_h1, total_points_h1."
2026-10-06,401871090,False,2026-10-07T00:00:00Z,Troy Trojans,Southern Mississippi Golden Eagles,alternate_spread,away,10.5,-108,betmgm,0.49999997661989454,-0.019230792610874736,"10 market(s) allowlisted for NCAAF: moneyline, spread, total_points, alternate_spread, alternate_total_points, team_total, alternate_team_total, moneyline_h1, spread_h1, total_points_h1."
2026-10-06,401871090,False,2026-10-07T00:00:00Z,Troy Trojans,Southern Mississippi Golden Eagles,alternate_spread,away,11.5,-125,betmgm,0.5203894538950394,-0.03516610166051615,"10 market(s) allowlisted for NCAAF: moneyline, spread, total_points, alternate_spread, alternate_total_points, team_total, alternate_team_total, moneyline_h1, spread_h1, total_points_h1."
2026-10-06,401871090,False,2026-10-07T00:00:00Z,Troy Trojans,Southern Mississippi Golden Eagles,alternate_spread,away,11.0,-120,betmgm,0.5104069066439891,-0.03504763881055628,"10 market(s) allowlisted for NCAAF: moneyline, spread, total_points, alternate_spread, alternate_total_points, team_total, alternate_team_total, moneyline_h1, spread_h1, total_points_h1."
2026-10-06,401871090,False,2026-10-07T00:00:00Z,Troy Trojans,Southern Mississippi Golden Eagles,alternate_spread,away,9.5,100,betmgm,0.4561878968535166,-0.04381210314648343,"10 market(s) allowlisted for NCAAF: moneyline, spread, total_points, alternate_spread, alternate_total_points, team_total, alternate_team_total, moneyline_h1, spread_h1, total_points_h1."
2026-10-06,401871090,False,2026-10-07T00:00:00Z,Troy Trojans,Southern Mississippi Golden Eagles,alternate_spread,away,9.0,105,betmgm,0.446279321264299,-0.0415255567844815,"10 market(s) allowlisted for NCAAF: moneyline, spread, total_points, alternate_spread, alternate_total_points, team_total, alternate_team_total, moneyline_h1, spread_h1, total_points_h1."
2026-10-06,401871090,False,2026-10-07T00:00:00Z,Troy Trojans,Southern Mississippi Golden Eagles,alternate_spread,away,12.0,-130,betmgm,0.529053683487685,-0.03616370781666278,"10 market(s) allowlisted for NCAAF: moneyline, spread, total_points, alternate_spread, alternate_total_points, team_total, alternate_team_total, moneyline_h1, spread_h1, total_points_h1."
2026-10-06,401871090,False,2026-10-07T00:00:00Z,Troy Trojans,Southern Mississippi Golden Eagles,alternate_spread,away,8.5,105,betmgm,0.43829335910238604,-0.04951151894639444,"10 market(s) allowlisted for NCAAF: moneyline, spread, total_points, alternate_spread, alternate_total_points, team_total, alternate_team_total, moneyline_h1, spread_h1, total_points_h1."
2026-10-06,401871090,False,2026-10-07T00:00:00Z,Troy Trojans,Southern Mississippi Golden Eagles,alternate_spread,away,12.5,-130,betmgm,0.5367662978015562,-0.028451093502791625,"10 market(s) allowlisted for NCAAF: moneyline, spread, total_points, alternate_spread, alternate_total_points, team_total, alternate_team_total, moneyline_h1, spread_h1, total_points_h1."
2026-10-06,401871090,False,2026-10-07T00:00:00Z,Troy Trojans,Southern Mississippi Golden Eagles,alternate_spread,away,8.0,115,betmgm,0.42593340575049904,-0.039182873319268396,"10 market(s) allowlisted for NCAAF: moneyline, spread, total_points, alternate_spread, alternate_total_points, team_total, alternate_team_total, moneyline_h1, spread_h1, total_points_h1."
2026-10-06,401871090,False,2026-10-07T00:00:00Z,Troy Trojans,Southern Mississippi Golden Eagles,alternate_spread,away,13.0,-135,betmgm,0.5459450573446067,-0.028523027761776287,"10 market(s) allowlisted for NCAAF: moneyline, spread, total_points, alternate_spread, alternate_total_points, team_total, alternate_team_total, moneyline_h1, spread_h1, total_points_h1."
2026-10-06,401871090,False,2026-10-07T00:00:00Z,Troy Trojans,Southern Mississippi Golden Eagles,alternate_spread,away,7.5,120,betmgm,0.4167628372505691,-0.03778261729488541,"10 market(s) allowlisted for NCAAF: moneyline, spread, total_points, alternate_spread, alternate_total_points, team_total, alternate_team_total, moneyline_h1, spread_h1, total_points_h1."
2026-10-06,401871090,False,2026-10-07T00:00:00Z,Troy Trojans,Southern Mississippi Golden Eagles,alternate_spread,away,13.5,-140,betmgm,0.5535789045273953,-0.029754428805938038,"10 market(s) allowlisted for NCAAF: moneyline, spread, total_points, alternate_spread, alternate_total_points, team_total, alternate_team_total, moneyline_h1, spread_h1, total_points_h1."
2026-10-06,401871090,False,2026-10-07T00:00:00Z,Troy Trojans,Southern Mississippi Golden Eagles,alternate_spread,away,7.0,138,betmgm,0.38800697998862216,-0.032161087238268604,"10 market(s) allowlisted for NCAAF: moneyline, spread, total_points, alternate_spread, alternate_total_points, team_total, alternate_team_total, moneyline_h1, spread_h1, total_points_h1."
2026-10-06,401871090,False,2026-10-07T00:00:00Z,Troy Trojans,Southern Mississippi Golden Eagles,alternate_spread,away,6.5,150,betmgm,0.36977560647886465,-0.030224393521135373,"10 market(s) allowlisted for NCAAF: moneyline, spread, total_points, alternate_spread, alternate_total_points, team_total, alternate_team_total, moneyline_h1, spread_h1, total_points_h1."
2026-10-06,401871090,False,2026-10-07T00:00:00Z,Troy Trojans,Southern Mississippi Golden Eagles,alternate_spread,away,14.0,-155,betmgm,0.5747174038853566,-0.033125733369545274,"10 market(s) allowlisted for NCAAF: moneyline, spread, total_points, alternate_spread, alternate_total_points, team_total, alternate_team_total, moneyline_h1, spread_h1, total_points_h1."
2026-10-06,401871090,False,2026-10-07T00:00:00Z,Troy Trojans,Southern Mississippi Golden Eagles,alternate_spread,away,14.5,-165,betmgm,0.5903595887646487,-0.03228192066931357,"10 market(s) allowlisted for NCAAF: moneyline, spread, total_points, alternate_spread, alternate_total_points, team_total, alternate_team_total, moneyline_h1, spread_h1, total_points_h1."
2026-10-06,401871090,False,2026-10-07T00:00:00Z,Troy Trojans,Southern Mississippi Golden Eagles,alternate_spread,away,6.0,155,betmgm,0.3584570209766455,-0.03369984176845253,"10 market(s) allowlisted for NCAAF: moneyline, spread, total_points, alternate_spread, alternate_total_points, team_total, alternate_team_total, moneyline_h1, spread_h1, total_points_h1."
2026-10-06,401871090,False,2026-10-07T00:00:00Z,Troy Trojans,Southern Mississippi Golden Eagles,alternate_spread,away,15.0,-175,betmgm,0.6065852371091448,-0.02977839925449155,"10 market(s) allowlisted for NCAAF: moneyline, spread, total_points, alternate_spread, alternate_total_points, team_total, alternate_team_total, moneyline_h1, spread_h1, total_points_h1."
2026-10-06,401871090,False,2026-10-07T00:00:00Z,Troy Trojans,Southern Mississippi Golden Eagles,alternate_spread,away,5.5,160,betmgm,0.3521328516326502,-0.03248253298273446,"10 market(s) allowlisted for NCAAF: moneyline, spread, total_points, alternate_spread, alternate_total_points, team_total, alternate_team_total, moneyline_h1, spread_h1, total_points_h1."
2026-10-06,401871090,False,2026-10-07T00:00:00Z,Troy Trojans,Southern Mississippi Golden Eagles,alternate_spread,away,15.5,-175,betmgm,0.6171087533533289,-0.019254883010307422,"10 market(s) allowlisted for NCAAF: moneyline, spread, total_points, alternate_spread, alternate_total_points, team_total, alternate_team_total, moneyline_h1, spread_h1, total_points_h1."
2026-10-06,401871090,False,2026-10-07T00:00:00Z,Troy Trojans,Southern Mississippi Golden Eagles,alternate_spread,away,5.0,175,betmgm,0.34242090647637957,-0.021215457159984075,"10 market(s) allowlisted for NCAAF: moneyline, spread, total_points, alternate_spread, alternate_total_points, team_total, alternate_team_total, moneyline_h1, spread_h1, total_points_h1."
2026-10-06,401871090,False,2026-10-07T00:00:00Z,Troy Trojans,Southern Mississippi Golden Eagles,alternate_spread,away,16.0,-185,betmgm,0.6270761257176511,-0.022046681299892734,"10 market(s) allowlisted for NCAAF: moneyline, spread, total_points, alternate_spread, alternate_total_points, team_total, alternate_team_total, moneyline_h1, spread_h1, total_points_h1."
2026-10-06,401871090,False,2026-10-07T00:00:00Z,Troy Trojans,Southern Mississippi Golden Eagles,alternate_spread,away,4.5,180,betmgm,0.33736360903974866,-0.019779248103108493,"10 market(s) allowlisted for NCAAF: moneyline, spread, total_points, alternate_spread, alternate_total_points, team_total, alternate_team_total, moneyline_h1, spread_h1, total_points_h1."
2026-10-06,401871090,False,2026-10-07T00:00:00Z,Troy Trojans,Southern Mississippi Golden Eagles,alternate_spread,away,16.5,-190,betmgm,0.633003749121052,-0.022168664672051475,"10 market(s) allowlisted for NCAAF: moneyline, spread, total_points, alternate_spread, alternate_total_points, team_total, alternate_team_total, moneyline_h1, spread_h1, total_points_h1."
2026-10-06,401871090,False,2026-10-07T00:00:00Z,Troy Trojans,Southern Mississippi Golden Eagles,alternate_spread,away,4.0,195,betmgm,0.3178598826819703,-0.021123168165487316,"10 market(s) allowlisted for NCAAF: moneyline, spread, total_points, alternate_spread, alternate_total_points, team_total, alternate_team_total, moneyline_h1, spread_h1, total_points_h1."
2026-10-06,401871090,False,2026-10-07T00:00:00Z,Troy Trojans,Southern Mississippi Golden Eagles,alternate_spread,away,17.0,-210,betmgm,0.6522910842444154,-0.025128270594294233,"10 market(s) allowlisted for NCAAF: moneyline, spread, total_points, alternate_spread, alternate_total_points, team_total, alternate_team_total, moneyline_h1, spread_h1, total_points_h1."
2026-10-06,401871090,False,2026-10-07T00:00:00Z,Troy Trojans,Southern Mississippi Golden Eagles,alternate_spread,away,3.5,200,betmgm,0.30877164404220364,-0.024561689291129674,"10 market(s) allowlisted for NCAAF: moneyline, spread, total_points, alternate_spread, alternate_total_points, team_total, alternate_team_total, moneyline_h1, spread_h1, total_points_h1."
2026-10-06,401871090,False,2026-10-07T00:00:00Z,Troy Trojans,Southern Mississippi Golden Eagles,alternate_spread,away,17.5,-220,betmgm,0.6625723506077718,-0.024927649392228246,"10 market(s) allowlisted for NCAAF: moneyline, spread, total_points, alternate_spread, alternate_total_points, team_total, alternate_team_total, moneyline_h1, spread_h1, total_points_h1."
2026-10-06,401871090,False,2026-10-07T00:00:00Z,Troy Trojans,Southern Mississippi Golden Eagles,alternate_spread,home,-10.0,-125,betmgm,0.5229097887556896,-0.03264576679986597,"10 market(s) allowlisted for NCAAF: moneyline, spread, total_points, alternate_spread, alternate_total_points, team_total, alternate_team_total, moneyline_h1, spread_h1, total_points_h1."
2026-10-06,401871090,False,2026-10-07T00:00:00Z,Troy Trojans,Southern Mississippi Golden Eagles,alternate_spread,home,-10.5,-110,betmgm,0.5000000233801055,-0.023809500429418318,"10 market(s) allowlisted for NCAAF: moneyline, spread, total_points, alternate_spread, alternate_total_points, team_total, alternate_team_total, moneyline_h1, spread_h1, total_points_h1."
2026-10-06,401871090,False,2026-10-07T00:00:00Z,Troy Trojans,Southern Mississippi Golden Eagles,alternate_spread,home,-11.5,-108,betmgm,0.4796105461049607,-0.039620223125808596,"10 market(s) allowlisted for NCAAF: moneyline, spread, total_points, alternate_spread, alternate_total_points, team_total, alternate_team_total, moneyline_h1, spread_h1, total_points_h1."
2026-10-06,401871090,False,2026-10-07T00:00:00Z,Troy Trojans,Southern Mississippi Golden Eagles,alternate_spread,home,-11.0,-110,betmgm,0.489593093356011,-0.03421643045351286,"10 market(s) allowlisted for NCAAF: moneyline, spread, total_points, alternate_spread, alternate_total_points, team_total, alternate_team_total, moneyline_h1, spread_h1, total_points_h1."
2026-10-06,401871090,False,2026-10-07T00:00:00Z,Troy Trojans,Southern Mississippi Golden Eagles,alternate_spread,home,-9.5,-135,betmgm,0.5438121031464834,-0.030655981959899603,"10 market(s) allowlisted for NCAAF: moneyline, spread, total_points, alternate_spread, alternate_total_points, team_total, alternate_team_total, moneyline_h1, spread_h1, total_points_h1."
2026-10-06,401871090,False,2026-10-07T00:00:00Z,Troy Trojans,Southern Mississippi Golden Eagles,alternate_spread,home,-9.0,-135,betmgm,0.5537206787357011,-0.020747406370681953,"10 market(s) allowlisted for NCAAF: moneyline, spread, total_points, alternate_spread, alternate_total_points, team_total, alternate_team_total, moneyline_h1, spread_h1, total_points_h1."
2026-10-06,401871090,False,2026-10-07T00:00:00Z,Troy Trojans,Southern Mississippi Golden Eagles,alternate_spread,home,-12.0,-105,betmgm,0.47094631651231506,-0.04124880543890447,"10 market(s) allowlisted for NCAAF: moneyline, spread, total_points, alternate_spread, alternate_total_points, team_total, alternate_team_total, moneyline_h1, spread_h1, total_points_h1."
2026-10-06,401871090,False,2026-10-07T00:00:00Z,Troy Trojans,Southern Mississippi Golden Eagles,alternate_spread,home,-8.5,-140,betmgm,0.561706640897614,-0.021626692435719352,"10 market(s) allowlisted for NCAAF: moneyline, spread, total_points, alternate_spread, alternate_total_points, team_total, alternate_team_total, moneyline_h1, spread_h1, total_points_h1."
2026-10-06,401871090,False,2026-10-07T00:00:00Z,Troy Trojans,Southern Mississippi Golden Eagles,alternate_spread,home,-12.5,100,betmgm,0.46323370219844384,-0.03676629780155616,"10 market(s) allowlisted for NCAAF: moneyline, spread, total_points, alternate_spread, alternate_total_points, team_total, alternate_team_total, moneyline_h1, spread_h1, total_points_h1."
2026-10-06,401871090,False,2026-10-07T00:00:00Z,Troy Trojans,Southern Mississippi Golden Eagles,alternate_spread,home,-8.0,-150,betmgm,0.574066594249501,-0.02593340575049896,"10 market(s) allowlisted for NCAAF: moneyline, spread, total_points, alternate_spread, alternate_total_points, team_total, alternate_team_total, moneyline_h1, spread_h1, total_points_h1."
2026-10-06,401871090,False,2026-10-07T00:00:00Z,Troy Trojans,Southern Mississippi Golden Eagles,alternate_spread,home,-13.0,105,betmgm,0.45405494265539326,-0.03374993539338722,"10 market(s) allowlisted for NCAAF: moneyline, spread, total_points, alternate_spread, alternate_total_points, team_total, alternate_team_total, moneyline_h1, spread_h1, total_points_h1."
2026-10-06,401871090,False,2026-10-07T00:00:00Z,Troy Trojans,Southern Mississippi Golden Eagles,alternate_spread,home,-7.5,-160,betmgm,0.5832371627494309,-0.03214745263518448,"10 market(s) allowlisted for NCAAF: moneyline, spread, total_points, alternate_spread, alternate_total_points, team_total, alternate_team_total, moneyline_h1, spread_h1, total_points_h1."
2026-10-06,401871090,False,2026-10-07T00:00:00Z,Troy Trojans,Southern Mississippi Golden Eagles,alternate_spread,home,-13.5,105,betmgm,0.44642109547260467,-0.04138378257617581,"10 market(s) allowlisted for NCAAF: moneyline, spread, total_points, alternate_spread, alternate_total_points, team_total, alternate_team_total, moneyline_h1, spread_h1, total_points_h1."
2026-10-06,401871090,False,2026-10-07T00:00:00Z,Troy Trojans,Southern Mississippi Golden Eagles,alternate_spread,home,-7.0,-185,betmgm,0.6119930200113779,-0.03712978700616598,"10 market(s) allowlisted for NCAAF: moneyline, spread, total_points, alternate_spread, alternate_total_points, team_total, alternate_team_total, moneyline_h1, spread_h1, total_points_h1."
2026-10-06,401871090,False,2026-10-07T00:00:00Z,Troy Trojans,Southern Mississippi Golden Eagles,alternate_spread,home,-6.5,-200,betmgm,0.6302243935211354,-0.03644227314553128,"10 market(s) allowlisted for NCAAF: moneyline, spread, total_points, alternate_spread, alternate_total_points, team_total, alternate_team_total, moneyline_h1, spread_h1, total_points_h1."
2026-10-06,401871090,False,2026-10-07T00:00:00Z,Troy Trojans,Southern Mississippi Golden Eagles,alternate_spread,home,-14.0,115,betmgm,0.42528259611464336,-0.03983368295512407,"10 market(s) allowlisted for NCAAF: moneyline, spread, total_points, alternate_spread, alternate_total_points, team_total, alternate_team_total, moneyline_h1, spread_h1, total_points_h1."
2026-10-06,401871090,False,2026-10-07T00:00:00Z,Troy Trojans,Southern Mississippi Golden Eagles,alternate_spread,home,-14.5,125,betmgm,0.40964041123535133,-0.03480403320909309,"10 market(s) allowlisted for NCAAF: moneyline, spread, total_points, alternate_spread, alternate_total_points, team_total, alternate_team_total, moneyline_h1, spread_h1, total_points_h1."
2026-10-06,401871090,False,2026-10-07T00:00:00Z,Troy Trojans,Southern Mississippi Golden Eagles,alternate_spread,home,-6.0,-210,betmgm,0.6415429790233546,-0.03587637581535508,"10 market(s) allowlisted for NCAAF: moneyline, spread, total_points, alternate_spread, alternate_total_points, team_total, alternate_team_total, moneyline_h1, spread_h1, total_points_h1."
2026-10-06,401871090,False,2026-10-07T00:00:00Z,Troy Trojans,Southern Mississippi Golden Eagles,alternate_spread,home,-15.0,130,betmgm,0.3934147628908553,-0.041367845804796854,"10 market(s) allowlisted for NCAAF: moneyline, spread, total_points, alternate_spread, alternate_total_points, team_total, alternate_team_total, moneyline_h1, spread_h1, total_points_h1."
2026-10-06,401871090,False,2026-10-07T00:00:00Z,Troy Trojans,Southern Mississippi Golden Eagles,alternate_spread,home,-5.5,-220,betmgm,0.6478671483673499,-0.03963285163265007,"10 market(s) allowlisted for NCAAF: moneyline, spread, total_points, alternate_spread, alternate_total_points, team_total, alternate_team_total, moneyline_h1, spread_h1, total_points_h1."
2026-10-06,401871090,False,2026-10-07T00:00:00Z,Troy Trojans,Southern Mississippi Golden Eagles,alternate_spread,home,-15.5,130,betmgm,0.3828912466466712,-0.05189136204898098,"10 market(s) allowlisted for NCAAF: moneyline, spread, total_points, alternate_spread, alternate_total_points, team_total, alternate_team_total, moneyline_h1, spread_h1, total_points_h1."
2026-10-06,401871090,False,2026-10-07T00:00:00Z,Troy Trojans,Southern Mississippi Golden Eagles,alternate_spread,home,-5.0,-235,betmgm,0.6575790935236207,-0.04391344378981221,"10 market(s) allowlisted for NCAAF: moneyline, spread, total_points, alternate_spread, alternate_total_points, team_total, alternate_team_total, moneyline_h1, spread_h1, total_points_h1."
2026-10-06,401871090,False,2026-10-07T00:00:00Z,Troy Trojans,Southern Mississippi Golden Eagles,alternate_spread,home,-16.0,138,betmgm,0.37292387428234897,-0.047244192944541796,"10 market(s) allowlisted for NCAAF: moneyline, spread, total_points, alternate_spread, alternate_total_points, team_total, alternate_team_total, moneyline_h1, spread_h1, total_points_h1."
2026-10-06,401871090,False,2026-10-07T00:00:00Z,Troy Trojans,Southern Mississippi Golden Eagles,alternate_spread,home,-4.5,-235,betmgm,0.6626363909602514,-0.038856146353181464,"10 market(s) allowlisted for NCAAF: moneyline, spread, total_points, alternate_spread, alternate_total_points, team_total, alternate_team_total, moneyline_h1, spread_h1, total_points_h1."
2026-10-06,401871090,False,2026-10-07T00:00:00Z,Troy Trojans,Southern Mississippi Golden Eagles,alternate_spread,home,-16.5,140,betmgm,0.36699625087894816,-0.049670415787718525,"10 market(s) allowlisted for NCAAF: moneyline, spread, total_points, alternate_spread, alternate_total_points, team_total, alternate_team_total, moneyline_h1, spread_h1, total_points_h1."
2026-10-06,401871090,False,2026-10-07T00:00:00Z,Troy Trojans,Southern Mississippi Golden Eagles,alternate_spread,home,-4.0,-275,betmgm,0.6821401173180297,-0.05119321601530358,"10 market(s) allowlisted for NCAAF: moneyline, spread, total_points, alternate_spread, alternate_total_points, team_total, alternate_team_total, moneyline_h1, spread_h1, total_points_h1."
2026-10-06,401871090,False,2026-10-07T00:00:00Z,Troy Trojans,Southern Mississippi Golden Eagles,alternate_spread,home,-17.0,155,betmgm,0.3477089157555847,-0.04444794698951332,"10 market(s) allowlisted for NCAAF: moneyline, spread, total_points, alternate_spread, alternate_total_points, team_total, alternate_team_total, moneyline_h1, spread_h1, total_points_h1."
2026-10-06,401871090,False,2026-10-07T00:00:00Z,Troy Trojans,Southern Mississippi Golden Eagles,alternate_spread,home,-3.5,-275,betmgm,0.6912283559577963,-0.04210497737553698,"10 market(s) allowlisted for NCAAF: moneyline, spread, total_points, alternate_spread, alternate_total_points, team_total, alternate_team_total, moneyline_h1, spread_h1, total_points_h1."
2026-10-06,401871090,False,2026-10-07T00:00:00Z,Troy Trojans,Southern Mississippi Golden Eagles,alternate_spread,home,-17.5,160,betmgm,0.3374276493922284,-0.047187735223156224,"10 market(s) allowlisted for NCAAF: moneyline, spread, total_points, alternate_spread, alternate_total_points, team_total, alternate_team_total, moneyline_h1, spread_h1, total_points_h1."
2026-10-06,401871090,False,2026-10-07T00:00:00Z,Troy Trojans,Southern Mississippi Golden Eagles,alternate_total_points,over,49.5,-145,betmgm,0.5602955081468228,-0.03154122654705471,"10 market(s) allowlisted for NCAAF: moneyline, spread, total_points, alternate_spread, alternate_total_points, team_total, alternate_team_total, moneyline_h1, spread_h1, total_points_h1."
2026-10-06,401871090,False,2026-10-07T00:00:00Z,Troy Trojans,Southern Mississippi Golden Eagles,alternate_total_points,over,48.5,-160,betmgm,0.5889009090399843,-0.026483706344631153,"10 market(s) allowlisted for NCAAF: moneyline, spread, total_points, alternate_spread, alternate_total_points, team_total, alternate_team_total, moneyline_h1, spread_h1, total_points_h1."
2026-10-06,401871090,False,2026-10-07T00:00:00Z,Troy Trojans,Southern Mississippi Golden Eagles,alternate_total_points,over,50.5,-135,betmgm,0.5375393987768339,-0.036928686329549154,"10 market(s) allowlisted for NCAAF: moneyline, spread, total_points, alternate_spread, alternate_total_points, team_total, alternate_team_total, moneyline_h1, spread_h1, total_points_h1."
2026-10-06,401871090,False,2026-10-07T00:00:00Z,Troy Trojans,Southern Mississippi Golden Eagles,alternate_total_points,over,51.5,-108,betmgm,0.5000000213343904,-0.019230747896378908,"10 market(s) allowlisted for NCAAF: moneyline, spread, total_points, alternate_spread, alternate_total_points, team_total, alternate_team_total, moneyline_h1, spread_h1, total_points_h1."
2026-10-06,401871090,False,2026-10-07T00:00:00Z,Troy Trojans,Southern Mississippi Golden Eagles,alternate_total_points,over,52.5,100,betmgm,0.4785799143193249,-0.021420085680675105,"10 market(s) allowlisted for NCAAF: moneyline, spread, total_points, alternate_spread, alternate_total_points, team_total, alternate_team_total, moneyline_h1, spread_h1, total_points_h1."
2026-10-06,401871090,False,2026-10-07T00:00:00Z,Troy Trojans,Southern Mississippi Golden Eagles,alternate_total_points,over,47.5,-185,betmgm,0.6194220782729762,-0.02970072874456764,"10 market(s) allowlisted for NCAAF: moneyline, spread, total_points, alternate_spread, alternate_total_points, team_total, alternate_team_total, moneyline_h1, spread_h1, total_points_h1."
2026-10-06,401871090,False,2026-10-07T00:00:00Z,Troy Trojans,Southern Mississippi Golden Eagles,alternate_total_points,over,53.5,110,betmgm,0.46038656179159976,-0.015803914398876406,"10 market(s) allowlisted for NCAAF: moneyline, spread, total_points, alternate_spread, alternate_total_points, team_total, alternate_team_total, moneyline_h1, spread_h1, total_points_h1."
2026-10-06,401871090,False,2026-10-07T00:00:00Z,Troy Trojans,Southern Mississippi Golden Eagles,alternate_total_points,over,46.5,-210,betmgm,0.6426596870684056,-0.03475966777030404,"10 market(s) allowlisted for NCAAF: moneyline, spread, total_points, alternate_spread, alternate_total_points, team_total, alternate_team_total, moneyline_h1, spread_h1, total_points_h1."
2026-10-06,401871090,False,2026-10-07T00:00:00Z,Troy Trojans,Southern Mississippi Golden Eagles,alternate_total_points,over,54.5,120,betmgm,0.4397562208976271,-0.014789233647827416,"10 market(s) allowlisted for NCAAF: moneyline, spread, total_points, alternate_spread, alternate_total_points, team_total, alternate_team_total, moneyline_h1, spread_h1, total_points_h1."
2026-10-06,401871090,False,2026-10-07T00:00:00Z,Troy Trojans,Southern Mississippi Golden Eagles,alternate_total_points,over,45.5,-220,betmgm,0.6596770855135339,-0.02782291448646612,"10 market(s) allowlisted for NCAAF: moneyline, spread, total_points, alternate_spread, alternate_total_points, team_total, alternate_team_total, moneyline_h1, spread_h1, total_points_h1."
2026-10-06,401871090,False,2026-10-07T00:00:00Z,Troy Trojans,Southern Mississippi Golden Eagles,alternate_total_points,over,55.5,140,betmgm,0.407050445695053,-0.009616220971613687,"10 market(s) allowlisted for NCAAF: moneyline, spread, total_points, alternate_spread, alternate_total_points, team_total, alternate_team_total, moneyline_h1, spread_h1, total_points_h1."
2026-10-06,401871090,False,2026-10-07T00:00:00Z,Troy Trojans,Southern Mississippi Golden Eagles,alternate_total_points,over,44.5,-250,betmgm,0.6953050095037486,-0.018980704781965674,"10 market(s) allowlisted for NCAAF: moneyline, spread, total_points, alternate_spread, alternate_total_points, team_total, alternate_team_total, moneyline_h1, spread_h1, total_points_h1."
2026-10-06,401871090,False,2026-10-07T00:00:00Z,Troy Trojans,Southern Mississippi Golden Eagles,alternate_total_points,over,56.5,150,betmgm,0.3829963768490221,-0.01700362315097792,"10 market(s) allowlisted for NCAAF: moneyline, spread, total_points, alternate_spread, alternate_total_points, team_total, alternate_team_total, moneyline_h1, spread_h1, total_points_h1."
2026-10-06,401871090,False,2026-10-07T00:00:00Z,Troy Trojans,Southern Mississippi Golden Eagles,alternate_total_points,over,43.5,-300,betmgm,0.725836365034909,-0.024163634965090997,"10 market(s) allowlisted for NCAAF: moneyline, spread, total_points, alternate_spread, alternate_total_points, team_total, alternate_team_total, moneyline_h1, spread_h1, total_points_h1."
2026-10-06,401871090,False,2026-10-07T00:00:00Z,Troy Trojans,Southern Mississippi Golden Eagles,alternate_total_points,over,57.5,165,betmgm,0.3606654228660665,-0.016693067699971254,"10 market(s) allowlisted for NCAAF: moneyline, spread, total_points, alternate_spread, alternate_total_points, team_total, alternate_team_total, moneyline_h1, spread_h1, total_points_h1."
2026-10-06,401871090,False,2026-10-07T00:00:00Z,Troy Trojans,Southern Mississippi Golden Eagles,alternate_total_points,over,42.5,-350,betmgm,0.7390825959369586,-0.038695181840819215,"10 market(s) allowlisted for NCAAF: moneyline, spread, total_points, alternate_spread, alternate_total_points, team_total, alternate_team_total, moneyline_h1, spread_h1, total_points_h1."
2026-10-06,401871090,False,2026-10-07T00:00:00Z,Troy Trojans,Southern Mississippi Golden Eagles,alternate_total_points,over,58.5,190,betmgm,0.3345231483601712,-0.010304437846725356,"10 market(s) allowlisted for NCAAF: moneyline, spread, total_points, alternate_spread, alternate_total_points, team_total, alternate_team_total, moneyline_h1, spread_h1, total_points_h1."
2026-10-06,401871090,False,2026-10-07T00:00:00Z,Troy Trojans,Southern Mississippi Golden Eagles,alternate_total_points,over,41.5,-375,betmgm,0.7518497002376628,-0.037623983972863484,"10 market(s) allowlisted for NCAAF: moneyline, spread, total_points, alternate_spread, alternate_total_points, team_total, alternate_team_total, moneyline_h1, spread_h1, total_points_h1."
2026-10-06,401871090,False,2026-10-07T00:00:00Z,Troy Trojans,Southern Mississippi Golden Eagles,alternate_total_points,over,59.5,210,betmgm,0.30918069334973775,-0.013399951811552568,"10 market(s) allowlisted for NCAAF: moneyline, spread, total_points, alternate_spread, alternate_total_points, team_total, alternate_team_total, moneyline_h1, spread_h1, total_points_h1."
2026-10-06,401871090,False,2026-10-07T00:00:00Z,Troy Trojans,Southern Mississippi Golden Eagles,alternate_total_points,over,40.5,-450,betmgm,0.7818077084572461,-0.03637410972457211,"10 market(s) allowlisted for NCAAF: moneyline, spread, total_points, alternate_spread, alternate_total_points, team_total, alternate_team_total, moneyline_h1, spread_h1, total_points_h1."
2026-10-06,401871090,False,2026-10-07T00:00:00Z,Troy Trojans,Southern Mississippi Golden Eagles,alternate_total_points,over,60.5,230,betmgm,0.2970154583010732,-0.006014844729229862,"10 market(s) allowlisted for NCAAF: moneyline, spread, total_points, alternate_spread, alternate_total_points, team_total, alternate_team_total, moneyline_h1, spread_h1, total_points_h1."
2026-10-06,401871090,False,2026-10-07T00:00:00Z,Troy Trojans,Southern Mississippi Golden Eagles,alternate_total_points,over,39.5,-525,betmgm,0.799870713760439,-0.040129286239561024,"10 market(s) allowlisted for NCAAF: moneyline, spread, total_points, alternate_spread, alternate_total_points, team_total, alternate_team_total, moneyline_h1, spread_h1, total_points_h1."
2026-10-06,401871090,False,2026-10-07T00:00:00Z,Troy Trojans,Southern Mississippi Golden Eagles,alternate_total_points,over,61.5,250,betmgm,0.2754005703389285,-0.01031371537535719,"10 market(s) allowlisted for NCAAF: moneyline, spread, total_points, alternate_spread, alternate_total_points, team_total, alternate_team_total, moneyline_h1, spread_h1, total_points_h1."
2026-10-06,401871090,False,2026-10-07T00:00:00Z,Troy Trojans,Southern Mississippi Golden Eagles,alternate_total_points,over,62.5,290,betmgm,0.253513261556381,-0.002896994853875401,"10 market(s) allowlisted for NCAAF: moneyline, spread, total_points, alternate_spread, alternate_total_points, team_total, alternate_team_total, moneyline_h1, spread_h1, total_points_h1."
2026-10-06,401871090,False,2026-10-07T00:00:00Z,Troy Trojans,Southern Mississippi Golden Eagles,alternate_total_points,over,38.5,-550,betmgm,0.8095658484366843,-0.03658799771716181,"10 market(s) allowlisted for NCAAF: moneyline, spread, total_points, alternate_spread, alternate_total_points, team_total, alternate_team_total, moneyline_h1, spread_h1, total_points_h1."
2026-10-06,401871090,False,2026-10-07T00:00:00Z,Troy Trojans,Southern Mississippi Golden Eagles,alternate_total_points,over,37.5,-650,betmgm,0.8361684120185509,-0.03049825464811584,"10 market(s) allowlisted for NCAAF: moneyline, spread, total_points, alternate_spread, alternate_total_points, team_total, alternate_team_total, moneyline_h1, spread_h1, total_points_h1."
2026-10-06,401871090,False,2026-10-07T00:00:00Z,Troy Trojans,Southern Mississippi Golden Eagles,alternate_total_points,over,63.5,320,betmgm,0.2358309050202421,-0.002264333074995989,"10 market(s) allowlisted for NCAAF: moneyline, spread, total_points, alternate_spread, alternate_total_points, team_total, alternate_team_total, moneyline_h1, spread_h1, total_points_h1."
2026-10-06,401871090,False,2026-10-07T00:00:00Z,Troy Trojans,Southern Mississippi Golden Eagles,alternate_total_points,over,64.5,350,betmgm,0.22378088884545924,0.0015586666232370316,"10 market(s) allowlisted for NCAAF: moneyline, spread, total_points, alternate_spread, alternate_total_points, team_total, alternate_team_total, moneyline_h1, spread_h1, total_points_h1."
2026-10-06,401871090,False,2026-10-07T00:00:00Z,Troy Trojans,Southern Mississippi Golden Eagles,alternate_total_points,over,65.5,400,betmgm,0.20038076459406404,0.00038076459406402585,"10 market(s) allowlisted for NCAAF: moneyline, spread, total_points, alternate_spread, alternate_total_points, team_total, alternate_team_total, moneyline_h1, spread_h1, total_points_h1."
2026-10-06,401871090,False,2026-10-07T00:00:00Z,Troy Trojans,Southern Mississippi Golden Eagles,alternate_total_points,under,49.5,110,betmgm,0.4397044918531777,-0.03648598433729844,"10 market(s) allowlisted for NCAAF: moneyline, spread, total_points, alternate_spread, alternate_total_points, team_total, alternate_team_total, moneyline_h1, spread_h1, total_points_h1."
2026-10-06,401871090,False,2026-10-07T00:00:00Z,Troy Trojans,Southern Mississippi Golden Eagles,alternate_total_points,under,48.5,120,betmgm,0.41109909096001646,-0.043446363585438075,"10 market(s) allowlisted for NCAAF: moneyline, spread, total_points, alternate_spread, alternate_total_points, team_total, alternate_team_total, moneyline_h1, spread_h1, total_points_h1."
2026-10-06,401871090,False,2026-10-07T00:00:00Z,Troy Trojans,Southern Mississippi Golden Eagles,alternate_total_points,under,50.5,100,betmgm,0.4624606012231667,-0.03753939877683332,"10 market(s) allowlisted for NCAAF: moneyline, spread, total_points, alternate_spread, alternate_total_points, team_total, alternate_team_total, moneyline_h1, spread_h1, total_points_h1."
2026-10-06,401871090,False,2026-10-07T00:00:00Z,Troy Trojans,Southern Mississippi Golden Eagles,alternate_total_points,under,51.5,-110,betmgm,0.4999999786656099,-0.023809545143913924,"10 market(s) allowlisted for NCAAF: moneyline, spread, total_points, alternate_spread, alternate_total_points, team_total, alternate_team_total, moneyline_h1, spread_h1, total_points_h1."
2026-10-06,401871090,False,2026-10-07T00:00:00Z,Troy Trojans,Southern Mississippi Golden Eagles,alternate_total_points,under,52.5,-135,betmgm,0.5214200856806752,-0.053047999425707815,"10 market(s) allowlisted for NCAAF: moneyline, spread, total_points, alternate_spread, alternate_total_points, team_total, alternate_team_total, moneyline_h1, spread_h1, total_points_h1."
2026-10-06,401871090,False,2026-10-07T00:00:00Z,Troy Trojans,Southern Mississippi Golden Eagles,alternate_total_points,under,47.5,138,betmgm,0.3805779217270244,-0.039590145499866336,"10 market(s) allowlisted for NCAAF: moneyline, spread, total_points, alternate_spread, alternate_total_points, team_total, alternate_team_total, moneyline_h1, spread_h1, total_points_h1."
2026-10-06,401871090,False,2026-10-07T00:00:00Z,Troy Trojans,Southern Mississippi Golden Eagles,alternate_total_points,under,53.5,-145,betmgm,0.5396134382084004,-0.05222329648547719,"10 market(s) allowlisted for NCAAF: moneyline, spread, total_points, alternate_spread, alternate_total_points, team_total, alternate_team_total, moneyline_h1, spread_h1, total_points_h1."
2026-10-06,401871090,False,2026-10-07T00:00:00Z,Troy Trojans,Southern Mississippi Golden Eagles,alternate_total_points,under,46.5,155,betmgm,0.35734031293159507,-0.03481654981350296,"10 market(s) allowlisted for NCAAF: moneyline, spread, total_points, alternate_spread, alternate_total_points, team_total, alternate_team_total, moneyline_h1, spread_h1, total_points_h1."
2026-10-06,401871090,False,2026-10-07T00:00:00Z,Troy Trojans,Southern Mississippi Golden Eagles,alternate_total_points,under,54.5,-160,betmgm,0.560243779102373,-0.05514083628224242,"10 market(s) allowlisted for NCAAF: moneyline, spread, total_points, alternate_spread, alternate_total_points, team_total, alternate_team_total, moneyline_h1, spread_h1, total_points_h1."
2026-10-06,401871090,False,2026-10-07T00:00:00Z,Troy Trojans,Southern Mississippi Golden Eagles,alternate_total_points,under,45.5,165,betmgm,0.34032291448646684,-0.03703557607957092,"10 market(s) allowlisted for NCAAF: moneyline, spread, total_points, alternate_spread, alternate_total_points, team_total, alternate_team_total, moneyline_h1, spread_h1, total_points_h1."
2026-10-06,401871090,False,2026-10-07T00:00:00Z,Troy Trojans,Southern Mississippi Golden Eagles,alternate_total_points,under,55.5,-190,betmgm,0.5929495543049471,-0.06222285948815631,"10 market(s) allowlisted for NCAAF: moneyline, spread, total_points, alternate_spread, alternate_total_points, team_total, alternate_team_total, moneyline_h1, spread_h1, total_points_h1."
2026-10-06,401871090,False,2026-10-07T00:00:00Z,Troy Trojans,Southern Mississippi Golden Eagles,alternate_total_points,under,44.5,190,betmgm,0.30469499049625215,-0.040132595710644425,"10 market(s) allowlisted for NCAAF: moneyline, spread, total_points, alternate_spread, alternate_total_points, team_total, alternate_team_total, moneyline_h1, spread_h1, total_points_h1."
2026-10-06,401871090,False,2026-10-07T00:00:00Z,Troy Trojans,Southern Mississippi Golden Eagles,alternate_total_points,under,56.5,-210,betmgm,0.6170036231509781,-0.06041573168773151,"10 market(s) allowlisted for NCAAF: moneyline, spread, total_points, alternate_spread, alternate_total_points, team_total, alternate_team_total, moneyline_h1, spread_h1, total_points_h1."
2026-10-06,401871090,False,2026-10-07T00:00:00Z,Troy Trojans,Southern Mississippi Golden Eagles,alternate_total_points,under,43.5,220,betmgm,0.2741636349650916,-0.03833636503490839,"10 market(s) allowlisted for NCAAF: moneyline, spread, total_points, alternate_spread, alternate_total_points, team_total, alternate_team_total, moneyline_h1, spread_h1, total_points_h1."
2026-10-06,401871090,False,2026-10-07T00:00:00Z,Troy Trojans,Southern Mississippi Golden Eagles,alternate_total_points,under,57.5,-225,betmgm,0.6393345771339336,-0.05297311517375869,"10 market(s) allowlisted for NCAAF: moneyline, spread, total_points, alternate_spread, alternate_total_points, team_total, alternate_team_total, moneyline_h1, spread_h1, total_points_h1."
2026-10-06,401871090,False,2026-10-07T00:00:00Z,Troy Trojans,Southern Mississippi Golden Eagles,alternate_total_points,under,42.5,240,betmgm,0.260917404063042,-0.03320024299578156,"10 market(s) allowlisted for NCAAF: moneyline, spread, total_points, alternate_spread, alternate_total_points, team_total, alternate_team_total, moneyline_h1, spread_h1, total_points_h1."
2026-10-06,401871090,False,2026-10-07T00:00:00Z,Troy Trojans,Southern Mississippi Golden Eagles,alternate_total_points,under,58.5,-250,betmgm,0.6654768516398288,-0.048808862645885465,"10 market(s) allowlisted for NCAAF: moneyline, spread, total_points, alternate_spread, alternate_total_points, team_total, alternate_team_total, moneyline_h1, spread_h1, total_points_h1."
2026-10-06,401871090,False,2026-10-07T00:00:00Z,Troy Trojans,Southern Mississippi Golden Eagles,alternate_total_points,under,41.5,260,betmgm,0.24815029976233777,-0.029627478015440023,"10 market(s) allowlisted for NCAAF: moneyline, spread, total_points, alternate_spread, alternate_total_points, team_total, alternate_team_total, moneyline_h1, spread_h1, total_points_h1."
2026-10-06,401871090,False,2026-10-07T00:00:00Z,Troy Trojans,Southern Mississippi Golden Eagles,alternate_total_points,under,59.5,-295,betmgm,0.6908193066502623,-0.05601613638771241,"10 market(s) allowlisted for NCAAF: moneyline, spread, total_points, alternate_spread, alternate_total_points, team_total, alternate_team_total, moneyline_h1, spread_h1, total_points_h1."
2026-10-06,401871090,False,2026-10-07T00:00:00Z,Troy Trojans,Southern Mississippi Golden Eagles,alternate_total_points,under,40.5,310,betmgm,0.21819229154275432,-0.025710147481635914,"10 market(s) allowlisted for NCAAF: moneyline, spread, total_points, alternate_spread, alternate_total_points, team_total, alternate_team_total, moneyline_h1, spread_h1, total_points_h1."
2026-10-06,401871090,False,2026-10-07T00:00:00Z,Troy Trojans,Southern Mississippi Golden Eagles,alternate_total_points,under,60.5,-325,betmgm,0.7029845416989268,-0.061721340654014356,"10 market(s) allowlisted for NCAAF: moneyline, spread, total_points, alternate_spread, alternate_total_points, team_total, alternate_team_total, moneyline_h1, spread_h1, total_points_h1."
2026-10-06,401871090,False,2026-10-07T00:00:00Z,Troy Trojans,Southern Mississippi Golden Eagles,alternate_total_points,under,39.5,350,betmgm,0.20012928623956158,-0.022092935982660628,"10 market(s) allowlisted for NCAAF: moneyline, spread, total_points, alternate_spread, alternate_total_points, team_total, alternate_team_total, moneyline_h1, spread_h1, total_points_h1."
2026-10-06,401871090,False,2026-10-07T00:00:00Z,Troy Trojans,Southern Mississippi Golden Eagles,alternate_total_points,under,61.5,-350,betmgm,0.7245994296610714,-0.05317834811670641,"10 market(s) allowlisted for NCAAF: moneyline, spread, total_points, alternate_spread, alternate_total_points, team_total, alternate_team_total, moneyline_h1, spread_h1, total_points_h1."
2026-10-06,401871090,False,2026-10-07T00:00:00Z,Troy Trojans,Southern Mississippi Golden Eagles,alternate_total_points,under,62.5,-425,betmgm,0.7464867384436189,-0.06303707108019063,"10 market(s) allowlisted for NCAAF: moneyline, spread, total_points, alternate_spread, alternate_total_points, team_total, alternate_team_total, moneyline_h1, spread_h1, total_points_h1."
2026-10-06,401871090,False,2026-10-07T00:00:00Z,Troy Trojans,Southern Mississippi Golden Eagles,alternate_total_points,under,38.5,375,betmgm,0.19043415156331608,-0.02009216422615759,"10 market(s) allowlisted for NCAAF: moneyline, spread, total_points, alternate_spread, alternate_total_points, team_total, alternate_team_total, moneyline_h1, spread_h1, total_points_h1."
2026-10-06,401871090,False,2026-10-07T00:00:00Z,Troy Trojans,Southern Mississippi Golden Eagles,alternate_total_points,under,37.5,425,betmgm,0.16383158798144956,-0.026644602494740904,"10 market(s) allowlisted for NCAAF: moneyline, spread, total_points, alternate_spread, alternate_total_points, team_total, alternate_team_total, moneyline_h1, spread_h1, total_points_h1."
2026-10-06,401871090,False,2026-10-07T00:00:00Z,Troy Trojans,Southern Mississippi Golden Eagles,alternate_total_points,under,63.5,-475,betmgm,0.7641690949797578,-0.06191786154198131,"10 market(s) allowlisted for NCAAF: moneyline, spread, total_points, alternate_spread, alternate_total_points, team_total, alternate_team_total, moneyline_h1, spread_h1, total_points_h1."
2026-10-06,401871090,False,2026-10-07T00:00:00Z,Troy Trojans,Southern Mississippi Golden Eagles,alternate_total_points,under,64.5,-525,betmgm,0.7762191111545407,-0.0637808888454593,"10 market(s) allowlisted for NCAAF: moneyline, spread, total_points, alternate_spread, alternate_total_points, team_total, alternate_team_total, moneyline_h1, spread_h1, total_points_h1."
2026-10-06,401871090,False,2026-10-07T00:00:00Z,Troy Trojans,Southern Mississippi Golden Eagles,alternate_total_points,under,65.5,-625,betmgm,0.7996192354059358,-0.0624497301113055,"10 market(s) allowlisted for NCAAF: moneyline, spread, total_points, alternate_spread, alternate_total_points, team_total, alternate_team_total, moneyline_h1, spread_h1, total_points_h1."
2026-10-06,401871090,False,2026-10-07T00:00:00Z,Troy Trojans,Southern Mississippi Golden Eagles,alternate_spread,away,8.5,105,bovada,0.43829335910238604,-0.04951151894639444,"10 market(s) allowlisted for NCAAF: moneyline, spread, total_points, alternate_spread, alternate_total_points, team_total, alternate_team_total, moneyline_h1, spread_h1, total_points_h1."
2026-10-06,401871090,False,2026-10-07T00:00:00Z,Troy Trojans,Southern Mississippi Golden Eagles,alternate_spread,away,9.0,105,bovada,0.446279321264299,-0.0415255567844815,"10 market(s) allowlisted for NCAAF: moneyline, spread, total_points, alternate_spread, alternate_total_points, team_total, alternate_team_total, moneyline_h1, spread_h1, total_points_h1."
2026-10-06,401871090,False,2026-10-07T00:00:00Z,Troy Trojans,Southern Mississippi Golden Eagles,alternate_spread,away,9.5,100,bovada,0.4561878968535166,-0.04381210314648343,"10 market(s) allowlisted for NCAAF: moneyline, spread, total_points, alternate_spread, alternate_total_points, team_total, alternate_team_total, moneyline_h1, spread_h1, total_points_h1."
2026-10-06,401871090,False,2026-10-07T00:00:00Z,Troy Trojans,Southern Mississippi Golden Eagles,alternate_spread,away,10.0,-110,bovada,0.4770902112443104,-0.046719312565213444,"10 market(s) allowlisted for NCAAF: moneyline, spread, total_points, alternate_spread, alternate_total_points, team_total, alternate_team_total, moneyline_h1, spread_h1, total_points_h1."
2026-10-06,401871090,False,2026-10-07T00:00:00Z,Troy Trojans,Southern Mississippi Golden Eagles,alternate_spread,away,11.0,-125,bovada,0.5104069066439891,-0.04514864891156645,"10 market(s) allowlisted for NCAAF: moneyline, spread, total_points, alternate_spread, alternate_total_points, team_total, alternate_team_total, moneyline_h1, spread_h1, total_points_h1."
2026-10-06,401871090,False,2026-10-07T00:00:00Z,Troy Trojans,Southern Mississippi Golden Eagles,alternate_spread,away,11.5,-130,bovada,0.5203894538950394,-0.04482793740930835,"10 market(s) allowlisted for NCAAF: moneyline, spread, total_points, alternate_spread, alternate_total_points, team_total, alternate_team_total, moneyline_h1, spread_h1, total_points_h1."
2026-10-06,401871090,False,2026-10-07T00:00:00Z,Troy Trojans,Southern Mississippi Golden Eagles,alternate_spread,away,12.0,-135,bovada,0.529053683487685,-0.04541440161869803,"10 market(s) allowlisted for NCAAF: moneyline, spread, total_points, alternate_spread, alternate_total_points, team_total, alternate_team_total, moneyline_h1, spread_h1, total_points_h1."
2026-10-06,401871090,False,2026-10-07T00:00:00Z,Troy Trojans,Southern Mississippi Golden Eagles,alternate_spread,away,12.5,-145,bovada,0.5367662978015562,-0.055070436892321384,"10 market(s) allowlisted for NCAAF: moneyline, spread, total_points, alternate_spread, alternate_total_points, team_total, alternate_team_total, moneyline_h1, spread_h1, total_points_h1."
2026-10-06,401871090,False,2026-10-07T00:00:00Z,Troy Trojans,Southern Mississippi Golden Eagles,alternate_spread,home,-8.5,-135,bovada,0.561706640897614,-0.012761444208769013,"10 market(s) allowlisted for NCAAF: moneyline, spread, total_points, alternate_spread, alternate_total_points, team_total, alternate_team_total, moneyline_h1, spread_h1, total_points_h1."
2026-10-06,401871090,False,2026-10-07T00:00:00Z,Troy Trojans,Southern Mississippi Golden Eagles,alternate_spread,home,-9.0,-135,bovada,0.5537206787357011,-0.020747406370681953,"10 market(s) allowlisted for NCAAF: moneyline, spread, total_points, alternate_spread, alternate_total_points, team_total, alternate_team_total, moneyline_h1, spread_h1, total_points_h1."
2026-10-06,401871090,False,2026-10-07T00:00:00Z,Troy Trojans,Southern Mississippi Golden Eagles,alternate_spread,home,-9.5,-130,bovada,0.5438121031464834,-0.021405288157864355,"10 market(s) allowlisted for NCAAF: moneyline, spread, total_points, alternate_spread, alternate_total_points, team_total, alternate_team_total, moneyline_h1, spread_h1, total_points_h1."
2026-10-06,401871090,False,2026-10-07T00:00:00Z,Troy Trojans,Southern Mississippi Golden Eagles,alternate_spread,home,-10.0,-120,bovada,0.5229097887556896,-0.022544756698855806,"10 market(s) allowlisted for NCAAF: moneyline, spread, total_points, alternate_spread, alternate_total_points, team_total, alternate_team_total, moneyline_h1, spread_h1, total_points_h1."
2026-10-06,401871090,False,2026-10-07T00:00:00Z,Troy Trojans,Southern Mississippi Golden Eagles,alternate_spread,home,-11.0,-105,bovada,0.489593093356011,-0.022602028595208545,"10 market(s) allowlisted for NCAAF: moneyline, spread, total_points, alternate_spread, alternate_total_points, team_total, alternate_team_total, moneyline_h1, spread_h1, total_points_h1."
2026-10-06,401871090,False,2026-10-07T00:00:00Z,Troy Trojans,Southern Mississippi Golden Eagles,alternate_spread,home,-11.5,100,bovada,0.4796105461049607,-0.020389453895039322,"10 market(s) allowlisted for NCAAF: moneyline, spread, total_points, alternate_spread, alternate_total_points, team_total, alternate_team_total, moneyline_h1, spread_h1, total_points_h1."
2026-10-06,401871090,False,2026-10-07T00:00:00Z,Troy Trojans,Southern Mississippi Golden Eagles,alternate_spread,home,-12.0,105,bovada,0.47094631651231506,-0.016858561536465422,"10 market(s) allowlisted for NCAAF: moneyline, spread, total_points, alternate_spread, alternate_total_points, team_total, alternate_team_total, moneyline_h1, spread_h1, total_points_h1."
2026-10-06,401871090,False,2026-10-07T00:00:00Z,Troy Trojans,Southern Mississippi Golden Eagles,alternate_spread,home,-12.5,110,bovada,0.46323370219844384,-0.012956773992032322,"10 market(s) allowlisted for NCAAF: moneyline, spread, total_points, alternate_spread, alternate_total_points, team_total, alternate_team_total, moneyline_h1, spread_h1, total_points_h1."
2026-10-06,401871090,False,2026-10-07T00:00:00Z,Troy Trojans,Southern Mississippi Golden Eagles,alternate_total_points,over,49.5,-145,bovada,0.5602955081468228,-0.03154122654705471,"10 market(s) allowlisted for NCAAF: moneyline, spread, total_points, alternate_spread, alternate_total_points, team_total, alternate_team_total, moneyline_h1, spread_h1, total_points_h1."
2026-10-06,401871090,False,2026-10-07T00:00:00Z,Troy Trojans,Southern Mississippi Golden Eagles,alternate_total_points,over,50.0,-135,bovada,0.5500565456902393,-0.024411539416143713,"10 market(s) allowlisted for NCAAF: moneyline, spread, total_points, alternate_spread, alternate_total_points, team_total, alternate_team_total, moneyline_h1, spread_h1, total_points_h1."
2026-10-06,401871090,False,2026-10-07T00:00:00Z,Troy Trojans,Southern Mississippi Golden Eagles,alternate_total_points,over,50.5,-125,bovada,0.5375393987768339,-0.018016156778721704,"10 market(s) allowlisted for NCAAF: moneyline, spread, total_points, alternate_spread, alternate_total_points, team_total, alternate_team_total, moneyline_h1, spread_h1, total_points_h1."
2026-10-06,401871090,False,2026-10-07T00:00:00Z,Troy Trojans,Southern Mississippi Golden Eagles,alternate_total_points,over,51.0,-120,bovada,0.5195017953105812,-0.025952750143964254,"10 market(s) allowlisted for NCAAF: moneyline, spread, total_points, alternate_spread, alternate_total_points, team_total, alternate_team_total, moneyline_h1, spread_h1, total_points_h1."
2026-10-06,401871090,False,2026-10-07T00:00:00Z,Troy Trojans,Southern Mississippi Golden Eagles,alternate_total_points,over,52.0,-105,bovada,0.4890555362419373,-0.023139585709282207,"10 market(s) allowlisted for NCAAF: moneyline, spread, total_points, alternate_spread, alternate_total_points, team_total, alternate_team_total, moneyline_h1, spread_h1, total_points_h1."
2026-10-06,401871090,False,2026-10-07T00:00:00Z,Troy Trojans,Southern Mississippi Golden Eagles,alternate_total_points,over,52.5,100,bovada,0.4785799143193249,-0.021420085680675105,"10 market(s) allowlisted for NCAAF: moneyline, spread, total_points, alternate_spread, alternate_total_points, team_total, alternate_team_total, moneyline_h1, spread_h1, total_points_h1."
2026-10-06,401871090,False,2026-10-07T00:00:00Z,Troy Trojans,Southern Mississippi Golden Eagles,alternate_total_points,over,53.0,105,bovada,0.46891774768167943,-0.018887130367101046,"10 market(s) allowlisted for NCAAF: moneyline, spread, total_points, alternate_spread, alternate_total_points, team_total, alternate_team_total, moneyline_h1, spread_h1, total_points_h1."
2026-10-06,401871090,False,2026-10-07T00:00:00Z,Troy Trojans,Southern Mississippi Golden Eagles,alternate_total_points,over,53.5,110,bovada,0.46038656179159976,-0.015803914398876406,"10 market(s) allowlisted for NCAAF: moneyline, spread, total_points, alternate_spread, alternate_total_points, team_total, alternate_team_total, moneyline_h1, spread_h1, total_points_h1."
2026-10-06,401871090,False,2026-10-07T00:00:00Z,Troy Trojans,Southern Mississippi Golden Eagles,alternate_total_points,under,49.5,110,bovada,0.4397044918531777,-0.03648598433729844,"10 market(s) allowlisted for NCAAF: moneyline, spread, total_points, alternate_spread, alternate_total_points, team_total, alternate_team_total, moneyline_h1, spread_h1, total_points_h1."
2026-10-06,401871090,False,2026-10-07T00:00:00Z,Troy Trojans,Southern Mississippi Golden Eagles,alternate_total_points,under,50.0,105,bovada,0.4499434543097613,-0.037861423739019184,"10 market(s) allowlisted for NCAAF: moneyline, spread, total_points, alternate_spread, alternate_total_points, team_total, alternate_team_total, moneyline_h1, spread_h1, total_points_h1."
2026-10-06,401871090,False,2026-10-07T00:00:00Z,Troy Trojans,Southern Mississippi Golden Eagles,alternate_total_points,under,50.5,-105,bovada,0.4624606012231667,-0.049734520728052845,"10 market(s) allowlisted for NCAAF: moneyline, spread, total_points, alternate_spread, alternate_total_points, team_total, alternate_team_total, moneyline_h1, spread_h1, total_points_h1."
2026-10-06,401871090,False,2026-10-07T00:00:00Z,Troy Trojans,Southern Mississippi Golden Eagles,alternate_total_points,under,51.0,-110,bovada,0.4804982046894191,-0.04331131912010472,"10 market(s) allowlisted for NCAAF: moneyline, spread, total_points, alternate_spread, alternate_total_points, team_total, alternate_team_total, moneyline_h1, spread_h1, total_points_h1."
2026-10-06,401871090,False,2026-10-07T00:00:00Z,Troy Trojans,Southern Mississippi Golden Eagles,alternate_total_points,under,52.0,-125,bovada,0.5109444637580628,-0.044611091797492786,"10 market(s) allowlisted for NCAAF: moneyline, spread, total_points, alternate_spread, alternate_total_points, team_total, alternate_team_total, moneyline_h1, spread_h1, total_points_h1."
2026-10-06,401871090,False,2026-10-07T00:00:00Z,Troy Trojans,Southern Mississippi Golden Eagles,alternate_total_points,under,52.5,-130,bovada,0.5214200856806752,-0.04379730562367257,"10 market(s) allowlisted for NCAAF: moneyline, spread, total_points, alternate_spread, alternate_total_points, team_total, alternate_team_total, moneyline_h1, spread_h1, total_points_h1."
2026-10-06,401871090,False,2026-10-07T00:00:00Z,Troy Trojans,Southern Mississippi Golden Eagles,alternate_total_points,under,53.0,-135,bovada,0.5310822523183207,-0.043385832788062295,"10 market(s) allowlisted for NCAAF: moneyline, spread, total_points, alternate_spread, alternate_total_points, team_total, alternate_team_total, moneyline_h1, spread_h1, total_points_h1."
2026-10-06,401871090,False,2026-10-07T00:00:00Z,Troy Trojans,Southern Mississippi Golden Eagles,alternate_total_points,under,53.5,-145,bovada,0.5396134382084004,-0.05222329648547719,"10 market(s) allowlisted for NCAAF: moneyline, spread, total_points, alternate_spread, alternate_total_points, team_total, alternate_team_total, moneyline_h1, spread_h1, total_points_h1."
