snapshot_date,game_id,flipped,commence_time,home_team,away_team,market,selection,line,american_odds,book,model_probability,edge,gates_in_force
2026-10-07,401871051,False,2026-10-07T23:00:00Z,Kennesaw State Owls,Jacksonville State Gamecocks,moneyline,away,,-152,fanduel,0.5940404536027262,-0.00913414957187697,"10 market(s) allowlisted for NCAAF: moneyline, spread, total_points, alternate_spread, alternate_total_points, team_total, alternate_team_total, moneyline_h1, spread_h1, total_points_h1."
2026-10-07,401871051,False,2026-10-07T23:00:00Z,Kennesaw State Owls,Jacksonville State Gamecocks,moneyline,home,,126,fanduel,0.4059595463972736,-0.036518329708921105,"10 market(s) allowlisted for NCAAF: moneyline, spread, total_points, alternate_spread, alternate_total_points, team_total, alternate_team_total, moneyline_h1, spread_h1, total_points_h1."
2026-10-07,401871051,False,2026-10-07T23:00:00Z,Kennesaw State Owls,Jacksonville State Gamecocks,spread,away,-2.5,-122,fanduel,0.5331159156747057,-0.016433633874843867,"10 market(s) allowlisted for NCAAF: moneyline, spread, total_points, alternate_spread, alternate_total_points, team_total, alternate_team_total, moneyline_h1, spread_h1, total_points_h1."
2026-10-07,401871051,False,2026-10-07T23:00:00Z,Kennesaw State Owls,Jacksonville State Gamecocks,spread,home,2.5,100,fanduel,0.46688408432529405,-0.033115915674705954,"10 market(s) allowlisted for NCAAF: moneyline, spread, total_points, alternate_spread, alternate_total_points, team_total, alternate_team_total, moneyline_h1, spread_h1, total_points_h1."
2026-10-07,401871051,False,2026-10-07T23:00:00Z,Kennesaw State Owls,Jacksonville State Gamecocks,total_points,over,50.5,-110,fanduel,0.48846352582891017,-0.035345997980613664,"10 market(s) allowlisted for NCAAF: moneyline, spread, total_points, alternate_spread, alternate_total_points, team_total, alternate_team_total, moneyline_h1, spread_h1, total_points_h1."
2026-10-07,401871051,False,2026-10-07T23:00:00Z,Kennesaw State Owls,Jacksonville State Gamecocks,total_points,under,50.5,-110,fanduel,0.51153647417109,-0.012273049638433786,"10 market(s) allowlisted for NCAAF: moneyline, spread, total_points, alternate_spread, alternate_total_points, team_total, alternate_team_total, moneyline_h1, spread_h1, total_points_h1."
2026-10-07,401871051,False,2026-10-07T23:00:00Z,Kennesaw State Owls,Jacksonville State Gamecocks,moneyline,away,,-155,mybookieag,0.5940404536027262,-0.01380268365217574,"10 market(s) allowlisted for NCAAF: moneyline, spread, total_points, alternate_spread, alternate_total_points, team_total, alternate_team_total, moneyline_h1, spread_h1, total_points_h1."
2026-10-07,401871051,False,2026-10-07T23:00:00Z,Kennesaw State Owls,Jacksonville State Gamecocks,moneyline,home,,126,mybookieag,0.4059595463972736,-0.036518329708921105,"10 market(s) allowlisted for NCAAF: moneyline, spread, total_points, alternate_spread, alternate_total_points, team_total, alternate_team_total, moneyline_h1, spread_h1, total_points_h1."
2026-10-07,401871051,False,2026-10-07T23:00:00Z,Kennesaw State Owls,Jacksonville State Gamecocks,spread,away,-3.0,-110,mybookieag,0.5000000048851967,-0.023809518924327144,"10 market(s) allowlisted for NCAAF: moneyline, spread, total_points, alternate_spread, alternate_total_points, team_total, alternate_team_total, moneyline_h1, spread_h1, total_points_h1."
2026-10-07,401871051,False,2026-10-07T23:00:00Z,Kennesaw State Owls,Jacksonville State Gamecocks,spread,home,3.0,-110,mybookieag,0.49999999511480303,-0.023809528694720805,"10 market(s) allowlisted for NCAAF: moneyline, spread, total_points, alternate_spread, alternate_total_points, team_total, alternate_team_total, moneyline_h1, spread_h1, total_points_h1."
2026-10-07,401871051,False,2026-10-07T23:00:00Z,Kennesaw State Owls,Jacksonville State Gamecocks,total_points,over,50.0,-110,mybookieag,0.5000000044070639,-0.0238095194024599,"10 market(s) allowlisted for NCAAF: moneyline, spread, total_points, alternate_spread, alternate_total_points, team_total, alternate_team_total, moneyline_h1, spread_h1, total_points_h1."
2026-10-07,401871051,False,2026-10-07T23:00:00Z,Kennesaw State Owls,Jacksonville State Gamecocks,total_points,under,50.0,-110,mybookieag,0.49999999559293634,-0.023809528216587494,"10 market(s) allowlisted for NCAAF: moneyline, spread, total_points, alternate_spread, alternate_total_points, team_total, alternate_team_total, moneyline_h1, spread_h1, total_points_h1."
2026-10-07,401871051,False,2026-10-07T23:00:00Z,Kennesaw State Owls,Jacksonville State Gamecocks,moneyline,away,,-155,draftkings,0.5940404536027262,-0.01380268365217574,"10 market(s) allowlisted for NCAAF: moneyline, spread, total_points, alternate_spread, alternate_total_points, team_total, alternate_team_total, moneyline_h1, spread_h1, total_points_h1."
2026-10-07,401871051,False,2026-10-07T23:00:00Z,Kennesaw State Owls,Jacksonville State Gamecocks,moneyline,home,,130,draftkings,0.4059595463972736,-0.028823062298378554,"10 market(s) allowlisted for NCAAF: moneyline, spread, total_points, alternate_spread, alternate_total_points, team_total, alternate_team_total, moneyline_h1, spread_h1, total_points_h1."
2026-10-07,401871051,False,2026-10-07T23:00:00Z,Kennesaw State Owls,Jacksonville State Gamecocks,spread,away,-3.0,-110,draftkings,0.5000000048851967,-0.023809518924327144,"10 market(s) allowlisted for NCAAF: moneyline, spread, total_points, alternate_spread, alternate_total_points, team_total, alternate_team_total, moneyline_h1, spread_h1, total_points_h1."
2026-10-07,401871051,False,2026-10-07T23:00:00Z,Kennesaw State Owls,Jacksonville State Gamecocks,spread,home,3.0,-110,draftkings,0.49999999511480303,-0.023809528694720805,"10 market(s) allowlisted for NCAAF: moneyline, spread, total_points, alternate_spread, alternate_total_points, team_total, alternate_team_total, moneyline_h1, spread_h1, total_points_h1."
2026-10-07,401871051,False,2026-10-07T23:00:00Z,Kennesaw State Owls,Jacksonville State Gamecocks,total_points,over,50.5,-108,draftkings,0.48846352582891017,-0.0307672434018591,"10 market(s) allowlisted for NCAAF: moneyline, spread, total_points, alternate_spread, alternate_total_points, team_total, alternate_team_total, moneyline_h1, spread_h1, total_points_h1."
2026-10-07,401871051,False,2026-10-07T23:00:00Z,Kennesaw State Owls,Jacksonville State Gamecocks,total_points,under,50.5,-112,draftkings,0.51153647417109,-0.016765412621362774,"10 market(s) allowlisted for NCAAF: moneyline, spread, total_points, alternate_spread, alternate_total_points, team_total, alternate_team_total, moneyline_h1, spread_h1, total_points_h1."
2026-10-07,401871051,False,2026-10-07T23:00:00Z,Kennesaw State Owls,Jacksonville State Gamecocks,moneyline,away,,-150,betrivers,0.5940404536027262,-0.005959546397273807,"10 market(s) allowlisted for NCAAF: moneyline, spread, total_points, alternate_spread, alternate_total_points, team_total, alternate_team_total, moneyline_h1, spread_h1, total_points_h1."
2026-10-07,401871051,False,2026-10-07T23:00:00Z,Kennesaw State Owls,Jacksonville State Gamecocks,moneyline,home,,120,betrivers,0.4059595463972736,-0.04858590814818092,"10 market(s) allowlisted for NCAAF: moneyline, spread, total_points, alternate_spread, alternate_total_points, team_total, alternate_team_total, moneyline_h1, spread_h1, total_points_h1."
2026-10-07,401871051,False,2026-10-07T23:00:00Z,Kennesaw State Owls,Jacksonville State Gamecocks,spread,away,-3.0,-109,betrivers,0.5000000048851967,-0.021531095593272154,"10 market(s) allowlisted for NCAAF: moneyline, spread, total_points, alternate_spread, alternate_total_points, team_total, alternate_team_total, moneyline_h1, spread_h1, total_points_h1."
2026-10-07,401871051,False,2026-10-07T23:00:00Z,Kennesaw State Owls,Jacksonville State Gamecocks,spread,home,3.0,-114,betrivers,0.49999999511480303,-0.03271028525902869,"10 market(s) allowlisted for NCAAF: moneyline, spread, total_points, alternate_spread, alternate_total_points, team_total, alternate_team_total, moneyline_h1, spread_h1, total_points_h1."
2026-10-07,401871051,False,2026-10-07T23:00:00Z,Kennesaw State Owls,Jacksonville State Gamecocks,total_points,over,49.5,-110,betrivers,0.5115364827818494,-0.012273041027674458,"10 market(s) allowlisted for NCAAF: moneyline, spread, total_points, alternate_spread, alternate_total_points, team_total, alternate_team_total, moneyline_h1, spread_h1, total_points_h1."
2026-10-07,401871051,False,2026-10-07T23:00:00Z,Kennesaw State Owls,Jacksonville State Gamecocks,total_points,under,49.5,-112,betrivers,0.48846351721815057,-0.03983836957430226,"10 market(s) allowlisted for NCAAF: moneyline, spread, total_points, alternate_spread, alternate_total_points, team_total, alternate_team_total, moneyline_h1, spread_h1, total_points_h1."
2026-10-07,401871051,False,2026-10-07T23:00:00Z,Kennesaw State Owls,Jacksonville State Gamecocks,moneyline,away,,-155,fanatics,0.5940404536027262,-0.01380268365217574,"10 market(s) allowlisted for NCAAF: moneyline, spread, total_points, alternate_spread, alternate_total_points, team_total, alternate_team_total, moneyline_h1, spread_h1, total_points_h1."
2026-10-07,401871051,False,2026-10-07T23:00:00Z,Kennesaw State Owls,Jacksonville State Gamecocks,moneyline,home,,130,fanatics,0.4059595463972736,-0.028823062298378554,"10 market(s) allowlisted for NCAAF: moneyline, spread, total_points, alternate_spread, alternate_total_points, team_total, alternate_team_total, moneyline_h1, spread_h1, total_points_h1."
2026-10-07,401871051,False,2026-10-07T23:00:00Z,Kennesaw State Owls,Jacksonville State Gamecocks,spread,away,-3.0,-110,fanatics,0.5000000048851967,-0.023809518924327144,"10 market(s) allowlisted for NCAAF: moneyline, spread, total_points, alternate_spread, alternate_total_points, team_total, alternate_team_total, moneyline_h1, spread_h1, total_points_h1."
2026-10-07,401871051,False,2026-10-07T23:00:00Z,Kennesaw State Owls,Jacksonville State Gamecocks,spread,home,3.0,-110,fanatics,0.49999999511480303,-0.023809528694720805,"10 market(s) allowlisted for NCAAF: moneyline, spread, total_points, alternate_spread, alternate_total_points, team_total, alternate_team_total, moneyline_h1, spread_h1, total_points_h1."
2026-10-07,401871051,False,2026-10-07T23:00:00Z,Kennesaw State Owls,Jacksonville State Gamecocks,total_points,over,50.0,-110,fanatics,0.5000000044070639,-0.0238095194024599,"10 market(s) allowlisted for NCAAF: moneyline, spread, total_points, alternate_spread, alternate_total_points, team_total, alternate_team_total, moneyline_h1, spread_h1, total_points_h1."
2026-10-07,401871051,False,2026-10-07T23:00:00Z,Kennesaw State Owls,Jacksonville State Gamecocks,total_points,under,50.0,-110,fanatics,0.49999999559293634,-0.023809528216587494,"10 market(s) allowlisted for NCAAF: moneyline, spread, total_points, alternate_spread, alternate_total_points, team_total, alternate_team_total, moneyline_h1, spread_h1, total_points_h1."
2026-10-07,401871051,False,2026-10-07T23:00:00Z,Kennesaw State Owls,Jacksonville State Gamecocks,moneyline,away,,-150,betmgm,0.5940404536027262,-0.005959546397273807,"10 market(s) allowlisted for NCAAF: moneyline, spread, total_points, alternate_spread, alternate_total_points, team_total, alternate_team_total, moneyline_h1, spread_h1, total_points_h1."
2026-10-07,401871051,False,2026-10-07T23:00:00Z,Kennesaw State Owls,Jacksonville State Gamecocks,moneyline,home,,125,betmgm,0.4059595463972736,-0.03848489804717081,"10 market(s) allowlisted for NCAAF: moneyline, spread, total_points, alternate_spread, alternate_total_points, team_total, alternate_team_total, moneyline_h1, spread_h1, total_points_h1."
2026-10-07,401871051,False,2026-10-07T23:00:00Z,Kennesaw State Owls,Jacksonville State Gamecocks,spread,away,-3.0,-108,betmgm,0.5000000048851967,-0.019230764345572582,"10 market(s) allowlisted for NCAAF: moneyline, spread, total_points, alternate_spread, alternate_total_points, team_total, alternate_team_total, moneyline_h1, spread_h1, total_points_h1."
2026-10-07,401871051,False,2026-10-07T23:00:00Z,Kennesaw State Owls,Jacksonville State Gamecocks,spread,home,3.0,-110,betmgm,0.49999999511480303,-0.023809528694720805,"10 market(s) allowlisted for NCAAF: moneyline, spread, total_points, alternate_spread, alternate_total_points, team_total, alternate_team_total, moneyline_h1, spread_h1, total_points_h1."
2026-10-07,401871051,False,2026-10-07T23:00:00Z,Kennesaw State Owls,Jacksonville State Gamecocks,total_points,over,50.5,-108,betmgm,0.48846352582891017,-0.0307672434018591,"10 market(s) allowlisted for NCAAF: moneyline, spread, total_points, alternate_spread, alternate_total_points, team_total, alternate_team_total, moneyline_h1, spread_h1, total_points_h1."
2026-10-07,401871051,False,2026-10-07T23:00:00Z,Kennesaw State Owls,Jacksonville State Gamecocks,total_points,under,50.5,-110,betmgm,0.51153647417109,-0.012273049638433786,"10 market(s) allowlisted for NCAAF: moneyline, spread, total_points, alternate_spread, alternate_total_points, team_total, alternate_team_total, moneyline_h1, spread_h1, total_points_h1."
2026-10-07,401871051,False,2026-10-07T23:00:00Z,Kennesaw State Owls,Jacksonville State Gamecocks,moneyline,away,,-150,betonlineag,0.5940404536027262,-0.005959546397273807,"10 market(s) allowlisted for NCAAF: moneyline, spread, total_points, alternate_spread, alternate_total_points, team_total, alternate_team_total, moneyline_h1, spread_h1, total_points_h1."
2026-10-07,401871051,False,2026-10-07T23:00:00Z,Kennesaw State Owls,Jacksonville State Gamecocks,moneyline,home,,130,betonlineag,0.4059595463972736,-0.028823062298378554,"10 market(s) allowlisted for NCAAF: moneyline, spread, total_points, alternate_spread, alternate_total_points, team_total, alternate_team_total, moneyline_h1, spread_h1, total_points_h1."
2026-10-07,401871051,False,2026-10-07T23:00:00Z,Kennesaw State Owls,Jacksonville State Gamecocks,spread,away,-3.0,-110,betonlineag,0.5000000048851967,-0.023809518924327144,"10 market(s) allowlisted for NCAAF: moneyline, spread, total_points, alternate_spread, alternate_total_points, team_total, alternate_team_total, moneyline_h1, spread_h1, total_points_h1."
2026-10-07,401871051,False,2026-10-07T23:00:00Z,Kennesaw State Owls,Jacksonville State Gamecocks,spread,home,3.0,-110,betonlineag,0.49999999511480303,-0.023809528694720805,"10 market(s) allowlisted for NCAAF: moneyline, spread, total_points, alternate_spread, alternate_total_points, team_total, alternate_team_total, moneyline_h1, spread_h1, total_points_h1."
2026-10-07,401871051,False,2026-10-07T23:00:00Z,Kennesaw State Owls,Jacksonville State Gamecocks,total_points,over,50.0,-113,betonlineag,0.5000000044070639,-0.03051642751781869,"10 market(s) allowlisted for NCAAF: moneyline, spread, total_points, alternate_spread, alternate_total_points, team_total, alternate_team_total, moneyline_h1, spread_h1, total_points_h1."
2026-10-07,401871051,False,2026-10-07T23:00:00Z,Kennesaw State Owls,Jacksonville State Gamecocks,total_points,under,50.0,-107,betonlineag,0.49999999559293634,-0.016908216967450096,"10 market(s) allowlisted for NCAAF: moneyline, spread, total_points, alternate_spread, alternate_total_points, team_total, alternate_team_total, moneyline_h1, spread_h1, total_points_h1."
2026-10-07,401871051,False,2026-10-07T23:00:00Z,Kennesaw State Owls,Jacksonville State Gamecocks,moneyline,away,,-150,lowvig,0.5940404536027262,-0.005959546397273807,"10 market(s) allowlisted for NCAAF: moneyline, spread, total_points, alternate_spread, alternate_total_points, team_total, alternate_team_total, moneyline_h1, spread_h1, total_points_h1."
2026-10-07,401871051,False,2026-10-07T23:00:00Z,Kennesaw State Owls,Jacksonville State Gamecocks,moneyline,home,,130,lowvig,0.4059595463972736,-0.028823062298378554,"10 market(s) allowlisted for NCAAF: moneyline, spread, total_points, alternate_spread, alternate_total_points, team_total, alternate_team_total, moneyline_h1, spread_h1, total_points_h1."
2026-10-07,401871051,False,2026-10-07T23:00:00Z,Kennesaw State Owls,Jacksonville State Gamecocks,spread,away,-3.0,-106,lowvig,0.5000000048851967,-0.014563101910919807,"10 market(s) allowlisted for NCAAF: moneyline, spread, total_points, alternate_spread, alternate_total_points, team_total, alternate_team_total, moneyline_h1, spread_h1, total_points_h1."
2026-10-07,401871051,False,2026-10-07T23:00:00Z,Kennesaw State Owls,Jacksonville State Gamecocks,spread,home,3.0,-106,lowvig,0.49999999511480303,-0.014563111681313468,"10 market(s) allowlisted for NCAAF: moneyline, spread, total_points, alternate_spread, alternate_total_points, team_total, alternate_team_total, moneyline_h1, spread_h1, total_points_h1."
2026-10-07,401871051,False,2026-10-07T23:00:00Z,Kennesaw State Owls,Jacksonville State Gamecocks,total_points,over,50.0,-112,lowvig,0.5000000044070639,-0.028301882385388888,"10 market(s) allowlisted for NCAAF: moneyline, spread, total_points, alternate_spread, alternate_total_points, team_total, alternate_team_total, moneyline_h1, spread_h1, total_points_h1."
2026-10-07,401871051,False,2026-10-07T23:00:00Z,Kennesaw State Owls,Jacksonville State Gamecocks,total_points,under,50.0,-105,lowvig,0.49999999559293634,-0.012195126358283181,"10 market(s) allowlisted for NCAAF: moneyline, spread, total_points, alternate_spread, alternate_total_points, team_total, alternate_team_total, moneyline_h1, spread_h1, total_points_h1."
2026-10-07,401871051,False,2026-10-07T23:00:00Z,Kennesaw State Owls,Jacksonville State Gamecocks,moneyline,away,,-150,williamhill_us,0.5940404536027262,-0.005959546397273807,"10 market(s) allowlisted for NCAAF: moneyline, spread, total_points, alternate_spread, alternate_total_points, team_total, alternate_team_total, moneyline_h1, spread_h1, total_points_h1."
2026-10-07,401871051,False,2026-10-07T23:00:00Z,Kennesaw State Owls,Jacksonville State Gamecocks,moneyline,home,,126,williamhill_us,0.4059595463972736,-0.036518329708921105,"10 market(s) allowlisted for NCAAF: moneyline, spread, total_points, alternate_spread, alternate_total_points, team_total, alternate_team_total, moneyline_h1, spread_h1, total_points_h1."
2026-10-07,401871051,False,2026-10-07T23:00:00Z,Kennesaw State Owls,Jacksonville State Gamecocks,spread,away,-3.0,-108,williamhill_us,0.5000000048851967,-0.019230764345572582,"10 market(s) allowlisted for NCAAF: moneyline, spread, total_points, alternate_spread, alternate_total_points, team_total, alternate_team_total, moneyline_h1, spread_h1, total_points_h1."
2026-10-07,401871051,False,2026-10-07T23:00:00Z,Kennesaw State Owls,Jacksonville State Gamecocks,spread,home,3.0,-112,williamhill_us,0.49999999511480303,-0.028301891677649793,"10 market(s) allowlisted for NCAAF: moneyline, spread, total_points, alternate_spread, alternate_total_points, team_total, alternate_team_total, moneyline_h1, spread_h1, total_points_h1."
2026-10-07,401871051,False,2026-10-07T23:00:00Z,Kennesaw State Owls,Jacksonville State Gamecocks,total_points,over,50.5,-110,williamhill_us,0.48846352582891017,-0.035345997980613664,"10 market(s) allowlisted for NCAAF: moneyline, spread, total_points, alternate_spread, alternate_total_points, team_total, alternate_team_total, moneyline_h1, spread_h1, total_points_h1."
2026-10-07,401871051,False,2026-10-07T23:00:00Z,Kennesaw State Owls,Jacksonville State Gamecocks,total_points,under,50.5,-109,williamhill_us,0.51153647417109,-0.009994626307378796,"10 market(s) allowlisted for NCAAF: moneyline, spread, total_points, alternate_spread, alternate_total_points, team_total, alternate_team_total, moneyline_h1, spread_h1, total_points_h1."
2026-10-07,401871051,False,2026-10-07T23:00:00Z,Kennesaw State Owls,Jacksonville State Gamecocks,moneyline,away,,-160,bovada,0.5940404536027262,-0.021344161781889248,"10 market(s) allowlisted for NCAAF: moneyline, spread, total_points, alternate_spread, alternate_total_points, team_total, alternate_team_total, moneyline_h1, spread_h1, total_points_h1."
2026-10-07,401871051,False,2026-10-07T23:00:00Z,Kennesaw State Owls,Jacksonville State Gamecocks,moneyline,home,,135,bovada,0.4059595463972736,-0.019572368496343417,"10 market(s) allowlisted for NCAAF: moneyline, spread, total_points, alternate_spread, alternate_total_points, team_total, alternate_team_total, moneyline_h1, spread_h1, total_points_h1."
2026-10-07,401871051,False,2026-10-07T23:00:00Z,Kennesaw State Owls,Jacksonville State Gamecocks,spread,away,-3.0,-110,bovada,0.5000000048851967,-0.023809518924327144,"10 market(s) allowlisted for NCAAF: moneyline, spread, total_points, alternate_spread, alternate_total_points, team_total, alternate_team_total, moneyline_h1, spread_h1, total_points_h1."
2026-10-07,401871051,False,2026-10-07T23:00:00Z,Kennesaw State Owls,Jacksonville State Gamecocks,spread,home,3.0,-110,bovada,0.49999999511480303,-0.023809528694720805,"10 market(s) allowlisted for NCAAF: moneyline, spread, total_points, alternate_spread, alternate_total_points, team_total, alternate_team_total, moneyline_h1, spread_h1, total_points_h1."
2026-10-07,401871051,False,2026-10-07T23:00:00Z,Kennesaw State Owls,Jacksonville State Gamecocks,total_points,over,50.0,-110,bovada,0.5000000044070639,-0.0238095194024599,"10 market(s) allowlisted for NCAAF: moneyline, spread, total_points, alternate_spread, alternate_total_points, team_total, alternate_team_total, moneyline_h1, spread_h1, total_points_h1."
2026-10-07,401871051,False,2026-10-07T23:00:00Z,Kennesaw State Owls,Jacksonville State Gamecocks,total_points,under,50.0,-110,bovada,0.49999999559293634,-0.023809528216587494,"10 market(s) allowlisted for NCAAF: moneyline, spread, total_points, alternate_spread, alternate_total_points, team_total, alternate_team_total, moneyline_h1, spread_h1, total_points_h1."
2026-10-07,401871051,False,2026-10-07T23:00:00Z,Kennesaw State Owls,Jacksonville State Gamecocks,moneyline,away,,-150,betus,0.5940404536027262,-0.005959546397273807,"10 market(s) allowlisted for NCAAF: moneyline, spread, total_points, alternate_spread, alternate_total_points, team_total, alternate_team_total, moneyline_h1, spread_h1, total_points_h1."
2026-10-07,401871051,False,2026-10-07T23:00:00Z,Kennesaw State Owls,Jacksonville State Gamecocks,moneyline,home,,129,betus,0.4059595463972736,-0.030721676310149992,"10 market(s) allowlisted for NCAAF: moneyline, spread, total_points, alternate_spread, alternate_total_points, team_total, alternate_team_total, moneyline_h1, spread_h1, total_points_h1."
2026-10-07,401871051,False,2026-10-07T23:00:00Z,Kennesaw State Owls,Jacksonville State Gamecocks,spread,away,-3.0,-110,betus,0.5000000048851967,-0.023809518924327144,"10 market(s) allowlisted for NCAAF: moneyline, spread, total_points, alternate_spread, alternate_total_points, team_total, alternate_team_total, moneyline_h1, spread_h1, total_points_h1."
2026-10-07,401871051,False,2026-10-07T23:00:00Z,Kennesaw State Owls,Jacksonville State Gamecocks,spread,home,3.0,-110,betus,0.49999999511480303,-0.023809528694720805,"10 market(s) allowlisted for NCAAF: moneyline, spread, total_points, alternate_spread, alternate_total_points, team_total, alternate_team_total, moneyline_h1, spread_h1, total_points_h1."
2026-10-07,401871051,False,2026-10-07T23:00:00Z,Kennesaw State Owls,Jacksonville State Gamecocks,total_points,over,50.0,-110,betus,0.5000000044070639,-0.0238095194024599,"10 market(s) allowlisted for NCAAF: moneyline, spread, total_points, alternate_spread, alternate_total_points, team_total, alternate_team_total, moneyline_h1, spread_h1, total_points_h1."
2026-10-07,401871051,False,2026-10-07T23:00:00Z,Kennesaw State Owls,Jacksonville State Gamecocks,total_points,under,50.0,-110,betus,0.49999999559293634,-0.023809528216587494,"10 market(s) allowlisted for NCAAF: moneyline, spread, total_points, alternate_spread, alternate_total_points, team_total, alternate_team_total, moneyline_h1, spread_h1, total_points_h1."
2026-10-07,401871066,False,2026-10-07T23:30:00Z,Florida International Panthers,New Mexico State Aggies,moneyline,home,,-245,fanduel,0.689197762513575,-0.02094716502265692,"10 market(s) allowlisted for NCAAF: moneyline, spread, total_points, alternate_spread, alternate_total_points, team_total, alternate_team_total, moneyline_h1, spread_h1, total_points_h1."
2026-10-07,401871066,False,2026-10-07T23:30:00Z,Florida International Panthers,New Mexico State Aggies,moneyline,away,,198,fanduel,0.31080223748642566,-0.024768232312232075,"10 market(s) allowlisted for NCAAF: moneyline, spread, total_points, alternate_spread, alternate_total_points, team_total, alternate_team_total, moneyline_h1, spread_h1, total_points_h1."
2026-10-07,401871066,False,2026-10-07T23:30:00Z,Florida International Panthers,New Mexico State Aggies,spread,home,-6.5,-110,fanduel,0.4999999968368236,-0.023809526972700223,"10 market(s) allowlisted for NCAAF: moneyline, spread, total_points, alternate_spread, alternate_total_points, team_total, alternate_team_total, moneyline_h1, spread_h1, total_points_h1."
2026-10-07,401871066,False,2026-10-07T23:30:00Z,Florida International Panthers,New Mexico State Aggies,spread,away,6.5,-110,fanduel,0.5000000031631767,-0.023809520646347115,"10 market(s) allowlisted for NCAAF: moneyline, spread, total_points, alternate_spread, alternate_total_points, team_total, alternate_team_total, moneyline_h1, spread_h1, total_points_h1."
2026-10-07,401871066,False,2026-10-07T23:30:00Z,Florida International Panthers,New Mexico State Aggies,total_points,over,46.5,-110,fanduel,0.499999993315831,-0.023809530493692832,"10 market(s) allowlisted for NCAAF: moneyline, spread, total_points, alternate_spread, alternate_total_points, team_total, alternate_team_total, moneyline_h1, spread_h1, total_points_h1."
2026-10-07,401871066,False,2026-10-07T23:30:00Z,Florida International Panthers,New Mexico State Aggies,total_points,under,46.5,-110,fanduel,0.5000000066841689,-0.02380951712535495,"10 market(s) allowlisted for NCAAF: moneyline, spread, total_points, alternate_spread, alternate_total_points, team_total, alternate_team_total, moneyline_h1, spread_h1, total_points_h1."
2026-10-07,401871066,False,2026-10-07T23:30:00Z,Florida International Panthers,New Mexico State Aggies,moneyline,home,,-250,mybookieag,0.689197762513575,-0.025087951772139294,"10 market(s) allowlisted for NCAAF: moneyline, spread, total_points, alternate_spread, alternate_total_points, team_total, alternate_team_total, moneyline_h1, spread_h1, total_points_h1."
2026-10-07,401871066,False,2026-10-07T23:30:00Z,Florida International Panthers,New Mexico State Aggies,moneyline,away,,198,mybookieag,0.31080223748642566,-0.024768232312232075,"10 market(s) allowlisted for NCAAF: moneyline, spread, total_points, alternate_spread, alternate_total_points, team_total, alternate_team_total, moneyline_h1, spread_h1, total_points_h1."
2026-10-07,401871066,False,2026-10-07T23:30:00Z,Florida International Panthers,New Mexico State Aggies,spread,home,-6.5,-115,mybookieag,0.4999999968368236,-0.0348837240934089,"10 market(s) allowlisted for NCAAF: moneyline, spread, total_points, alternate_spread, alternate_total_points, team_total, alternate_team_total, moneyline_h1, spread_h1, total_points_h1."
2026-10-07,401871066,False,2026-10-07T23:30:00Z,Florida International Panthers,New Mexico State Aggies,spread,away,6.5,-105,mybookieag,0.5000000031631767,-0.012195118788042802,"10 market(s) allowlisted for NCAAF: moneyline, spread, total_points, alternate_spread, alternate_total_points, team_total, alternate_team_total, moneyline_h1, spread_h1, total_points_h1."
2026-10-07,401871066,False,2026-10-07T23:30:00Z,Florida International Panthers,New Mexico State Aggies,total_points,over,46.0,-110,mybookieag,0.5089327796172572,-0.014876744192266589,"10 market(s) allowlisted for NCAAF: moneyline, spread, total_points, alternate_spread, alternate_total_points, team_total, alternate_team_total, moneyline_h1, spread_h1, total_points_h1."
2026-10-07,401871066,False,2026-10-07T23:30:00Z,Florida International Panthers,New Mexico State Aggies,total_points,under,46.0,-110,mybookieag,0.49106722038274264,-0.032742303426781194,"10 market(s) allowlisted for NCAAF: moneyline, spread, total_points, alternate_spread, alternate_total_points, team_total, alternate_team_total, moneyline_h1, spread_h1, total_points_h1."
2026-10-07,401871066,False,2026-10-07T23:30:00Z,Florida International Panthers,New Mexico State Aggies,moneyline,home,,-250,draftkings,0.689197762513575,-0.025087951772139294,"10 market(s) allowlisted for NCAAF: moneyline, spread, total_points, alternate_spread, alternate_total_points, team_total, alternate_team_total, moneyline_h1, spread_h1, total_points_h1."
2026-10-07,401871066,False,2026-10-07T23:30:00Z,Florida International Panthers,New Mexico State Aggies,moneyline,away,,205,draftkings,0.31080223748642566,-0.01706661497259071,"10 market(s) allowlisted for NCAAF: moneyline, spread, total_points, alternate_spread, alternate_total_points, team_total, alternate_team_total, moneyline_h1, spread_h1, total_points_h1."
2026-10-07,401871066,False,2026-10-07T23:30:00Z,Florida International Panthers,New Mexico State Aggies,spread,home,-6.5,-115,draftkings,0.4999999968368236,-0.0348837240934089,"10 market(s) allowlisted for NCAAF: moneyline, spread, total_points, alternate_spread, alternate_total_points, team_total, alternate_team_total, moneyline_h1, spread_h1, total_points_h1."
2026-10-07,401871066,False,2026-10-07T23:30:00Z,Florida International Panthers,New Mexico State Aggies,spread,away,6.5,-105,draftkings,0.5000000031631767,-0.012195118788042802,"10 market(s) allowlisted for NCAAF: moneyline, spread, total_points, alternate_spread, alternate_total_points, team_total, alternate_team_total, moneyline_h1, spread_h1, total_points_h1."
2026-10-07,401871066,False,2026-10-07T23:30:00Z,Florida International Panthers,New Mexico State Aggies,total_points,over,46.5,-110,draftkings,0.499999993315831,-0.023809530493692832,"10 market(s) allowlisted for NCAAF: moneyline, spread, total_points, alternate_spread, alternate_total_points, team_total, alternate_team_total, moneyline_h1, spread_h1, total_points_h1."
2026-10-07,401871066,False,2026-10-07T23:30:00Z,Florida International Panthers,New Mexico State Aggies,total_points,under,46.5,-110,draftkings,0.5000000066841689,-0.02380951712535495,"10 market(s) allowlisted for NCAAF: moneyline, spread, total_points, alternate_spread, alternate_total_points, team_total, alternate_team_total, moneyline_h1, spread_h1, total_points_h1."
2026-10-07,401871066,False,2026-10-07T23:30:00Z,Florida International Panthers,New Mexico State Aggies,moneyline,home,,-245,fanatics,0.689197762513575,-0.02094716502265692,"10 market(s) allowlisted for NCAAF: moneyline, spread, total_points, alternate_spread, alternate_total_points, team_total, alternate_team_total, moneyline_h1, spread_h1, total_points_h1."
2026-10-07,401871066,False,2026-10-07T23:30:00Z,Florida International Panthers,New Mexico State Aggies,moneyline,away,,200,fanatics,0.31080223748642566,-0.022531095846907656,"10 market(s) allowlisted for NCAAF: moneyline, spread, total_points, alternate_spread, alternate_total_points, team_total, alternate_team_total, moneyline_h1, spread_h1, total_points_h1."
2026-10-07,401871066,False,2026-10-07T23:30:00Z,Florida International Panthers,New Mexico State Aggies,spread,home,-6.5,-115,fanatics,0.4999999968368236,-0.0348837240934089,"10 market(s) allowlisted for NCAAF: moneyline, spread, total_points, alternate_spread, alternate_total_points, team_total, alternate_team_total, moneyline_h1, spread_h1, total_points_h1."
2026-10-07,401871066,False,2026-10-07T23:30:00Z,Florida International Panthers,New Mexico State Aggies,spread,away,6.5,-105,fanatics,0.5000000031631767,-0.012195118788042802,"10 market(s) allowlisted for NCAAF: moneyline, spread, total_points, alternate_spread, alternate_total_points, team_total, alternate_team_total, moneyline_h1, spread_h1, total_points_h1."
2026-10-07,401871066,False,2026-10-07T23:30:00Z,Florida International Panthers,New Mexico State Aggies,total_points,over,46.5,-110,fanatics,0.499999993315831,-0.023809530493692832,"10 market(s) allowlisted for NCAAF: moneyline, spread, total_points, alternate_spread, alternate_total_points, team_total, alternate_team_total, moneyline_h1, spread_h1, total_points_h1."
2026-10-07,401871066,False,2026-10-07T23:30:00Z,Florida International Panthers,New Mexico State Aggies,total_points,under,46.5,-110,fanatics,0.5000000066841689,-0.02380951712535495,"10 market(s) allowlisted for NCAAF: moneyline, spread, total_points, alternate_spread, alternate_total_points, team_total, alternate_team_total, moneyline_h1, spread_h1, total_points_h1."
2026-10-07,401871066,False,2026-10-07T23:30:00Z,Florida International Panthers,New Mexico State Aggies,moneyline,home,,-286,betrivers,0.689197762513575,-0.05173487997347159,"10 market(s) allowlisted for NCAAF: moneyline, spread, total_points, alternate_spread, alternate_total_points, team_total, alternate_team_total, moneyline_h1, spread_h1, total_points_h1."
2026-10-07,401871066,False,2026-10-07T23:30:00Z,Florida International Panthers,New Mexico State Aggies,moneyline,away,,220,betrivers,0.31080223748642566,-0.0016977625135743413,"10 market(s) allowlisted for NCAAF: moneyline, spread, total_points, alternate_spread, alternate_total_points, team_total, alternate_team_total, moneyline_h1, spread_h1, total_points_h1."
2026-10-07,401871066,False,2026-10-07T23:30:00Z,Florida International Panthers,New Mexico State Aggies,spread,home,-6.5,-114,betrivers,0.4999999968368236,-0.03271028353700811,"10 market(s) allowlisted for NCAAF: moneyline, spread, total_points, alternate_spread, alternate_total_points, team_total, alternate_team_total, moneyline_h1, spread_h1, total_points_h1."
2026-10-07,401871066,False,2026-10-07T23:30:00Z,Florida International Panthers,New Mexico State Aggies,spread,away,6.5,-109,betrivers,0.5000000031631767,-0.021531097315292125,"10 market(s) allowlisted for NCAAF: moneyline, spread, total_points, alternate_spread, alternate_total_points, team_total, alternate_team_total, moneyline_h1, spread_h1, total_points_h1."
2026-10-07,401871066,False,2026-10-07T23:30:00Z,Florida International Panthers,New Mexico State Aggies,total_points,over,46.5,-110,betrivers,0.499999993315831,-0.023809530493692832,"10 market(s) allowlisted for NCAAF: moneyline, spread, total_points, alternate_spread, alternate_total_points, team_total, alternate_team_total, moneyline_h1, spread_h1, total_points_h1."
2026-10-07,401871066,False,2026-10-07T23:30:00Z,Florida International Panthers,New Mexico State Aggies,total_points,under,46.5,-113,betrivers,0.5000000066841689,-0.03051642524071374,"10 market(s) allowlisted for NCAAF: moneyline, spread, total_points, alternate_spread, alternate_total_points, team_total, alternate_team_total, moneyline_h1, spread_h1, total_points_h1."
2026-10-07,401871066,False,2026-10-07T23:30:00Z,Florida International Panthers,New Mexico State Aggies,moneyline,home,,-250,betmgm,0.689197762513575,-0.025087951772139294,"10 market(s) allowlisted for NCAAF: moneyline, spread, total_points, alternate_spread, alternate_total_points, team_total, alternate_team_total, moneyline_h1, spread_h1, total_points_h1."
2026-10-07,401871066,False,2026-10-07T23:30:00Z,Florida International Panthers,New Mexico State Aggies,moneyline,away,,200,betmgm,0.31080223748642566,-0.022531095846907656,"10 market(s) allowlisted for NCAAF: moneyline, spread, total_points, alternate_spread, alternate_total_points, team_total, alternate_team_total, moneyline_h1, spread_h1, total_points_h1."
2026-10-07,401871066,False,2026-10-07T23:30:00Z,Florida International Panthers,New Mexico State Aggies,spread,home,-6.5,-112,betmgm,0.4999999968368236,-0.02830188995562921,"10 market(s) allowlisted for NCAAF: moneyline, spread, total_points, alternate_spread, alternate_total_points, team_total, alternate_team_total, moneyline_h1, spread_h1, total_points_h1."
2026-10-07,401871066,False,2026-10-07T23:30:00Z,Florida International Panthers,New Mexico State Aggies,spread,away,6.5,-105,betmgm,0.5000000031631767,-0.012195118788042802,"10 market(s) allowlisted for NCAAF: moneyline, spread, total_points, alternate_spread, alternate_total_points, team_total, alternate_team_total, moneyline_h1, spread_h1, total_points_h1."
2026-10-07,401871066,False,2026-10-07T23:30:00Z,Florida International Panthers,New Mexico State Aggies,total_points,over,46.5,-110,betmgm,0.499999993315831,-0.023809530493692832,"10 market(s) allowlisted for NCAAF: moneyline, spread, total_points, alternate_spread, alternate_total_points, team_total, alternate_team_total, moneyline_h1, spread_h1, total_points_h1."
2026-10-07,401871066,False,2026-10-07T23:30:00Z,Florida International Panthers,New Mexico State Aggies,total_points,under,46.5,-110,betmgm,0.5000000066841689,-0.02380951712535495,"10 market(s) allowlisted for NCAAF: moneyline, spread, total_points, alternate_spread, alternate_total_points, team_total, alternate_team_total, moneyline_h1, spread_h1, total_points_h1."
2026-10-07,401871066,False,2026-10-07T23:30:00Z,Florida International Panthers,New Mexico State Aggies,moneyline,home,,-252,lowvig,0.689197762513575,-0.026711328395515932,"10 market(s) allowlisted for NCAAF: moneyline, spread, total_points, alternate_spread, alternate_total_points, team_total, alternate_team_total, moneyline_h1, spread_h1, total_points_h1."
2026-10-07,401871066,False,2026-10-07T23:30:00Z,Florida International Panthers,New Mexico State Aggies,moneyline,away,,209,lowvig,0.31080223748642566,-0.01282235798282999,"10 market(s) allowlisted for NCAAF: moneyline, spread, total_points, alternate_spread, alternate_total_points, team_total, alternate_team_total, moneyline_h1, spread_h1, total_points_h1."
2026-10-07,401871066,False,2026-10-07T23:30:00Z,Florida International Panthers,New Mexico State Aggies,spread,home,-6.5,-111,lowvig,0.4999999968368236,-0.026066353874076853,"10 market(s) allowlisted for NCAAF: moneyline, spread, total_points, alternate_spread, alternate_total_points, team_total, alternate_team_total, moneyline_h1, spread_h1, total_points_h1."
2026-10-07,401871066,False,2026-10-07T23:30:00Z,Florida International Panthers,New Mexico State Aggies,spread,away,6.5,-101,lowvig,0.5000000031631767,-0.00248755902587805,"10 market(s) allowlisted for NCAAF: moneyline, spread, total_points, alternate_spread, alternate_total_points, team_total, alternate_team_total, moneyline_h1, spread_h1, total_points_h1."
2026-10-07,401871066,False,2026-10-07T23:30:00Z,Florida International Panthers,New Mexico State Aggies,total_points,over,46.5,-108,lowvig,0.499999993315831,-0.01923077591493827,"10 market(s) allowlisted for NCAAF: moneyline, spread, total_points, alternate_spread, alternate_total_points, team_total, alternate_team_total, moneyline_h1, spread_h1, total_points_h1."
2026-10-07,401871066,False,2026-10-07T23:30:00Z,Florida International Panthers,New Mexico State Aggies,total_points,under,46.5,-108,lowvig,0.5000000066841689,-0.01923076254660039,"10 market(s) allowlisted for NCAAF: moneyline, spread, total_points, alternate_spread, alternate_total_points, team_total, alternate_team_total, moneyline_h1, spread_h1, total_points_h1."
2026-10-07,401871066,False,2026-10-07T23:30:00Z,Florida International Panthers,New Mexico State Aggies,moneyline,home,,-252,betonlineag,0.689197762513575,-0.026711328395515932,"10 market(s) allowlisted for NCAAF: moneyline, spread, total_points, alternate_spread, alternate_total_points, team_total, alternate_team_total, moneyline_h1, spread_h1, total_points_h1."
2026-10-07,401871066,False,2026-10-07T23:30:00Z,Florida International Panthers,New Mexico State Aggies,moneyline,away,,209,betonlineag,0.31080223748642566,-0.01282235798282999,"10 market(s) allowlisted for NCAAF: moneyline, spread, total_points, alternate_spread, alternate_total_points, team_total, alternate_team_total, moneyline_h1, spread_h1, total_points_h1."
2026-10-07,401871066,False,2026-10-07T23:30:00Z,Florida International Panthers,New Mexico State Aggies,spread,home,-6.5,-116,betonlineag,0.4999999968368236,-0.03703704020021348,"10 market(s) allowlisted for NCAAF: moneyline, spread, total_points, alternate_spread, alternate_total_points, team_total, alternate_team_total, moneyline_h1, spread_h1, total_points_h1."
2026-10-07,401871066,False,2026-10-07T23:30:00Z,Florida International Panthers,New Mexico State Aggies,spread,away,6.5,-104,betonlineag,0.5000000031631767,-0.009803918405450696,"10 market(s) allowlisted for NCAAF: moneyline, spread, total_points, alternate_spread, alternate_total_points, team_total, alternate_team_total, moneyline_h1, spread_h1, total_points_h1."
2026-10-07,401871066,False,2026-10-07T23:30:00Z,Florida International Panthers,New Mexico State Aggies,total_points,over,46.5,-110,betonlineag,0.499999993315831,-0.023809530493692832,"10 market(s) allowlisted for NCAAF: moneyline, spread, total_points, alternate_spread, alternate_total_points, team_total, alternate_team_total, moneyline_h1, spread_h1, total_points_h1."
2026-10-07,401871066,False,2026-10-07T23:30:00Z,Florida International Panthers,New Mexico State Aggies,total_points,under,46.5,-110,betonlineag,0.5000000066841689,-0.02380951712535495,"10 market(s) allowlisted for NCAAF: moneyline, spread, total_points, alternate_spread, alternate_total_points, team_total, alternate_team_total, moneyline_h1, spread_h1, total_points_h1."
2026-10-07,401871066,False,2026-10-07T23:30:00Z,Florida International Panthers,New Mexico State Aggies,moneyline,home,,-245,williamhill_us,0.689197762513575,-0.02094716502265692,"10 market(s) allowlisted for NCAAF: moneyline, spread, total_points, alternate_spread, alternate_total_points, team_total, alternate_team_total, moneyline_h1, spread_h1, total_points_h1."
2026-10-07,401871066,False,2026-10-07T23:30:00Z,Florida International Panthers,New Mexico State Aggies,moneyline,away,,200,williamhill_us,0.31080223748642566,-0.022531095846907656,"10 market(s) allowlisted for NCAAF: moneyline, spread, total_points, alternate_spread, alternate_total_points, team_total, alternate_team_total, moneyline_h1, spread_h1, total_points_h1."
2026-10-07,401871066,False,2026-10-07T23:30:00Z,Florida International Panthers,New Mexico State Aggies,spread,home,-7.0,-110,williamhill_us,0.4734846588899917,-0.05032486491953214,"10 market(s) allowlisted for NCAAF: moneyline, spread, total_points, alternate_spread, alternate_total_points, team_total, alternate_team_total, moneyline_h1, spread_h1, total_points_h1."
2026-10-07,401871066,False,2026-10-07T23:30:00Z,Florida International Panthers,New Mexico State Aggies,spread,away,7.0,-110,williamhill_us,0.5265153411100086,0.002705817300484803,"10 market(s) allowlisted for NCAAF: moneyline, spread, total_points, alternate_spread, alternate_total_points, team_total, alternate_team_total, moneyline_h1, spread_h1, total_points_h1."
2026-10-07,401871066,False,2026-10-07T23:30:00Z,Florida International Panthers,New Mexico State Aggies,total_points,over,46.5,-113,williamhill_us,0.499999993315831,-0.03051643860905162,"10 market(s) allowlisted for NCAAF: moneyline, spread, total_points, alternate_spread, alternate_total_points, team_total, alternate_team_total, moneyline_h1, spread_h1, total_points_h1."
2026-10-07,401871066,False,2026-10-07T23:30:00Z,Florida International Panthers,New Mexico State Aggies,total_points,under,46.5,-107,williamhill_us,0.5000000066841689,-0.016908205876217552,"10 market(s) allowlisted for NCAAF: moneyline, spread, total_points, alternate_spread, alternate_total_points, team_total, alternate_team_total, moneyline_h1, spread_h1, total_points_h1."
2026-10-07,401871066,False,2026-10-07T23:30:00Z,Florida International Panthers,New Mexico State Aggies,moneyline,home,,-250,bovada,0.689197762513575,-0.025087951772139294,"10 market(s) allowlisted for NCAAF: moneyline, spread, total_points, alternate_spread, alternate_total_points, team_total, alternate_team_total, moneyline_h1, spread_h1, total_points_h1."
2026-10-07,401871066,False,2026-10-07T23:30:00Z,Florida International Panthers,New Mexico State Aggies,moneyline,away,,210,bovada,0.31080223748642566,-0.011778407674864655,"10 market(s) allowlisted for NCAAF: moneyline, spread, total_points, alternate_spread, alternate_total_points, team_total, alternate_team_total, moneyline_h1, spread_h1, total_points_h1."
2026-10-07,401871066,False,2026-10-07T23:30:00Z,Florida International Panthers,New Mexico State Aggies,spread,home,-6.5,-115,bovada,0.4999999968368236,-0.0348837240934089,"10 market(s) allowlisted for NCAAF: moneyline, spread, total_points, alternate_spread, alternate_total_points, team_total, alternate_team_total, moneyline_h1, spread_h1, total_points_h1."
2026-10-07,401871066,False,2026-10-07T23:30:00Z,Florida International Panthers,New Mexico State Aggies,spread,away,6.5,-105,bovada,0.5000000031631767,-0.012195118788042802,"10 market(s) allowlisted for NCAAF: moneyline, spread, total_points, alternate_spread, alternate_total_points, team_total, alternate_team_total, moneyline_h1, spread_h1, total_points_h1."
2026-10-07,401871066,False,2026-10-07T23:30:00Z,Florida International Panthers,New Mexico State Aggies,total_points,over,45.5,-110,bovada,0.5175519896878159,-0.0062575341217079306,"10 market(s) allowlisted for NCAAF: moneyline, spread, total_points, alternate_spread, alternate_total_points, team_total, alternate_team_total, moneyline_h1, spread_h1, total_points_h1."
2026-10-07,401871066,False,2026-10-07T23:30:00Z,Florida International Panthers,New Mexico State Aggies,total_points,under,45.5,-110,bovada,0.4824480103121841,-0.04136151349733974,"10 market(s) allowlisted for NCAAF: moneyline, spread, total_points, alternate_spread, alternate_total_points, team_total, alternate_team_total, moneyline_h1, spread_h1, total_points_h1."
2026-10-07,401871066,False,2026-10-07T23:30:00Z,Florida International Panthers,New Mexico State Aggies,moneyline,home,,-250,betus,0.689197762513575,-0.025087951772139294,"10 market(s) allowlisted for NCAAF: moneyline, spread, total_points, alternate_spread, alternate_total_points, team_total, alternate_team_total, moneyline_h1, spread_h1, total_points_h1."
2026-10-07,401871066,False,2026-10-07T23:30:00Z,Florida International Panthers,New Mexico State Aggies,moneyline,away,,210,betus,0.31080223748642566,-0.011778407674864655,"10 market(s) allowlisted for NCAAF: moneyline, spread, total_points, alternate_spread, alternate_total_points, team_total, alternate_team_total, moneyline_h1, spread_h1, total_points_h1."
2026-10-07,401871066,False,2026-10-07T23:30:00Z,Florida International Panthers,New Mexico State Aggies,spread,home,-6.5,-110,betus,0.4999999968368236,-0.023809526972700223,"10 market(s) allowlisted for NCAAF: moneyline, spread, total_points, alternate_spread, alternate_total_points, team_total, alternate_team_total, moneyline_h1, spread_h1, total_points_h1."
2026-10-07,401871066,False,2026-10-07T23:30:00Z,Florida International Panthers,New Mexico State Aggies,spread,away,6.5,-110,betus,0.5000000031631767,-0.023809520646347115,"10 market(s) allowlisted for NCAAF: moneyline, spread, total_points, alternate_spread, alternate_total_points, team_total, alternate_team_total, moneyline_h1, spread_h1, total_points_h1."
2026-10-07,401871066,False,2026-10-07T23:30:00Z,Florida International Panthers,New Mexico State Aggies,total_points,over,46.5,-110,betus,0.499999993315831,-0.023809530493692832,"10 market(s) allowlisted for NCAAF: moneyline, spread, total_points, alternate_spread, alternate_total_points, team_total, alternate_team_total, moneyline_h1, spread_h1, total_points_h1."
2026-10-07,401871066,False,2026-10-07T23:30:00Z,Florida International Panthers,New Mexico State Aggies,total_points,under,46.5,-110,betus,0.5000000066841689,-0.02380951712535495,"10 market(s) allowlisted for NCAAF: moneyline, spread, total_points, alternate_spread, alternate_total_points, team_total, alternate_team_total, moneyline_h1, spread_h1, total_points_h1."
2026-10-07,401871051,False,2026-10-07T23:00:00Z,Kennesaw State Owls,Jacksonville State Gamecocks,alternate_spread,away,22.5,-4500,fanduel,0.9595009319229024,-0.018759937642314983,"10 market(s) allowlisted for NCAAF: moneyline, spread, total_points, alternate_spread, alternate_total_points, team_total, alternate_team_total, moneyline_h1, spread_h1, total_points_h1."
2026-10-07,401871051,False,2026-10-07T23:00:00Z,Kennesaw State Owls,Jacksonville State Gamecocks,alternate_spread,away,21.5,-4000,fanduel,0.9574032678943514,-0.01820648820320958,"10 market(s) allowlisted for NCAAF: moneyline, spread, total_points, alternate_spread, alternate_total_points, team_total, alternate_team_total, moneyline_h1, spread_h1, total_points_h1."
2026-10-07,401871051,False,2026-10-07T23:00:00Z,Kennesaw State Owls,Jacksonville State Gamecocks,alternate_spread,away,20.5,-3000,fanduel,0.9442420219500796,-0.02349991353379144,"10 market(s) allowlisted for NCAAF: moneyline, spread, total_points, alternate_spread, alternate_total_points, team_total, alternate_team_total, moneyline_h1, spread_h1, total_points_h1."
2026-10-07,401871051,False,2026-10-07T23:00:00Z,Kennesaw State Owls,Jacksonville State Gamecocks,alternate_spread,away,19.5,-2500,fanduel,0.9360734398150659,-0.02546502172339571,"10 market(s) allowlisted for NCAAF: moneyline, spread, total_points, alternate_spread, alternate_total_points, team_total, alternate_team_total, moneyline_h1, spread_h1, total_points_h1."
2026-10-07,401871051,False,2026-10-07T23:00:00Z,Kennesaw State Owls,Jacksonville State Gamecocks,alternate_spread,away,18.5,-2000,fanduel,0.9274687299584453,-0.024912222422507013,"10 market(s) allowlisted for NCAAF: moneyline, spread, total_points, alternate_spread, alternate_total_points, team_total, alternate_team_total, moneyline_h1, spread_h1, total_points_h1."
2026-10-07,401871051,False,2026-10-07T23:00:00Z,Kennesaw State Owls,Jacksonville State Gamecocks,alternate_spread,away,17.5,-1600,fanduel,0.9216189514481444,-0.01955751914009085,"10 market(s) allowlisted for NCAAF: moneyline, spread, total_points, alternate_spread, alternate_total_points, team_total, alternate_team_total, moneyline_h1, spread_h1, total_points_h1."
2026-10-07,401871051,False,2026-10-07T23:00:00Z,Kennesaw State Owls,Jacksonville State Gamecocks,alternate_spread,away,16.5,-1200,fanduel,0.9125653591821898,-0.010511563894733289,"10 market(s) allowlisted for NCAAF: moneyline, spread, total_points, alternate_spread, alternate_total_points, team_total, alternate_team_total, moneyline_h1, spread_h1, total_points_h1."
2026-10-07,401871051,False,2026-10-07T23:00:00Z,Kennesaw State Owls,Jacksonville State Gamecocks,alternate_spread,away,15.5,-1100,fanduel,0.9026624442982197,-0.014004222368446895,"10 market(s) allowlisted for NCAAF: moneyline, spread, total_points, alternate_spread, alternate_total_points, team_total, alternate_team_total, moneyline_h1, spread_h1, total_points_h1."
2026-10-07,401871051,False,2026-10-07T23:00:00Z,Kennesaw State Owls,Jacksonville State Gamecocks,alternate_spread,away,14.5,-1000,fanduel,0.8895607492203332,-0.019530159870575825,"10 market(s) allowlisted for NCAAF: moneyline, spread, total_points, alternate_spread, alternate_total_points, team_total, alternate_team_total, moneyline_h1, spread_h1, total_points_h1."
2026-10-07,401871051,False,2026-10-07T23:00:00Z,Kennesaw State Owls,Jacksonville State Gamecocks,alternate_spread,away,13.5,-800,fanduel,0.8675420948339415,-0.021346794054947327,"10 market(s) allowlisted for NCAAF: moneyline, spread, total_points, alternate_spread, alternate_total_points, team_total, alternate_team_total, moneyline_h1, spread_h1, total_points_h1."
2026-10-07,401871051,False,2026-10-07T23:00:00Z,Kennesaw State Owls,Jacksonville State Gamecocks,alternate_spread,away,12.5,-720,fanduel,0.851419385641051,-0.026629394846753862,"10 market(s) allowlisted for NCAAF: moneyline, spread, total_points, alternate_spread, alternate_total_points, team_total, alternate_team_total, moneyline_h1, spread_h1, total_points_h1."
2026-10-07,401871051,False,2026-10-07T23:00:00Z,Kennesaw State Owls,Jacksonville State Gamecocks,alternate_spread,away,11.5,-650,fanduel,0.8475808756223225,-0.019085791044344158,"10 market(s) allowlisted for NCAAF: moneyline, spread, total_points, alternate_spread, alternate_total_points, team_total, alternate_team_total, moneyline_h1, spread_h1, total_points_h1."
2026-10-07,401871051,False,2026-10-07T23:00:00Z,Kennesaw State Owls,Jacksonville State Gamecocks,alternate_spread,away,10.5,-620,fanduel,0.8340549474173152,-0.02705616369379593,"10 market(s) allowlisted for NCAAF: moneyline, spread, total_points, alternate_spread, alternate_total_points, team_total, alternate_team_total, moneyline_h1, spread_h1, total_points_h1."
2026-10-07,401871051,False,2026-10-07T23:00:00Z,Kennesaw State Owls,Jacksonville State Gamecocks,alternate_spread,away,9.5,-500,fanduel,0.8198635837607151,-0.013469749572618261,"10 market(s) allowlisted for NCAAF: moneyline, spread, total_points, alternate_spread, alternate_total_points, team_total, alternate_team_total, moneyline_h1, spread_h1, total_points_h1."
2026-10-07,401871051,False,2026-10-07T23:00:00Z,Kennesaw State Owls,Jacksonville State Gamecocks,alternate_spread,away,8.5,-480,fanduel,0.8119595927229348,-0.015626614173616882,"10 market(s) allowlisted for NCAAF: moneyline, spread, total_points, alternate_spread, alternate_total_points, team_total, alternate_team_total, moneyline_h1, spread_h1, total_points_h1."
2026-10-07,401871051,False,2026-10-07T23:00:00Z,Kennesaw State Owls,Jacksonville State Gamecocks,alternate_spread,away,7.5,-430,fanduel,0.7923239434800413,-0.01899681123693986,"10 market(s) allowlisted for NCAAF: moneyline, spread, total_points, alternate_spread, alternate_total_points, team_total, alternate_team_total, moneyline_h1, spread_h1, total_points_h1."
2026-10-07,401871051,False,2026-10-07T23:00:00Z,Kennesaw State Owls,Jacksonville State Gamecocks,alternate_spread,away,6.5,-330,fanduel,0.7521008839208989,-0.0153409765442174,"10 market(s) allowlisted for NCAAF: moneyline, spread, total_points, alternate_spread, alternate_total_points, team_total, alternate_team_total, moneyline_h1, spread_h1, total_points_h1."
2026-10-07,401871051,False,2026-10-07T23:00:00Z,Kennesaw State Owls,Jacksonville State Gamecocks,alternate_spread,away,5.5,-290,fanduel,0.7290026619231138,-0.014587081666629809,"10 market(s) allowlisted for NCAAF: moneyline, spread, total_points, alternate_spread, alternate_total_points, team_total, alternate_team_total, moneyline_h1, spread_h1, total_points_h1."
2026-10-07,401871051,False,2026-10-07T23:00:00Z,Kennesaw State Owls,Jacksonville State Gamecocks,alternate_spread,away,4.5,-265,fanduel,0.7132183743535421,-0.012809022906731915,"10 market(s) allowlisted for NCAAF: moneyline, spread, total_points, alternate_spread, alternate_total_points, team_total, alternate_team_total, moneyline_h1, spread_h1, total_points_h1."
2026-10-07,401871051,False,2026-10-07T23:00:00Z,Kennesaw State Owls,Jacksonville State Gamecocks,alternate_spread,away,3.5,-230,fanduel,0.6973438783803906,0.0003741814106935637,"10 market(s) allowlisted for NCAAF: moneyline, spread, total_points, alternate_spread, alternate_total_points, team_total, alternate_team_total, moneyline_h1, spread_h1, total_points_h1."
2026-10-07,401871051,False,2026-10-07T23:00:00Z,Kennesaw State Owls,Jacksonville State Gamecocks,alternate_spread,away,2.5,-188,fanduel,0.6380003350831198,-0.014777442694657972,"10 market(s) allowlisted for NCAAF: moneyline, spread, total_points, alternate_spread, alternate_total_points, team_total, alternate_team_total, moneyline_h1, spread_h1, total_points_h1."
2026-10-07,401871051,False,2026-10-07T23:00:00Z,Kennesaw State Owls,Jacksonville State Gamecocks,alternate_spread,away,1.5,-172,fanduel,0.6097152696442641,-0.022637671532206416,"10 market(s) allowlisted for NCAAF: moneyline, spread, total_points, alternate_spread, alternate_total_points, team_total, alternate_team_total, moneyline_h1, spread_h1, total_points_h1."
2026-10-07,401871051,False,2026-10-07T23:00:00Z,Kennesaw State Owls,Jacksonville State Gamecocks,alternate_spread,away,-1.5,-146,fanduel,0.5681623735608416,-0.025333561398507953,"10 market(s) allowlisted for NCAAF: moneyline, spread, total_points, alternate_spread, alternate_total_points, team_total, alternate_team_total, moneyline_h1, spread_h1, total_points_h1."
2026-10-07,401871051,False,2026-10-07T23:00:00Z,Kennesaw State Owls,Jacksonville State Gamecocks,alternate_spread,away,-2.5,-130,fanduel,0.5331159156747057,-0.03210147562964205,"10 market(s) allowlisted for NCAAF: moneyline, spread, total_points, alternate_spread, alternate_total_points, team_total, alternate_team_total, moneyline_h1, spread_h1, total_points_h1."
2026-10-07,401871051,False,2026-10-07T23:00:00Z,Kennesaw State Owls,Jacksonville State Gamecocks,alternate_spread,away,-3.5,106,fanduel,0.46688409344857673,-0.01855279975530677,"10 market(s) allowlisted for NCAAF: moneyline, spread, total_points, alternate_spread, alternate_total_points, team_total, alternate_team_total, moneyline_h1, spread_h1, total_points_h1."
2026-10-07,401871051,False,2026-10-07T23:00:00Z,Kennesaw State Owls,Jacksonville State Gamecocks,alternate_spread,away,-4.5,120,fanduel,0.4441788711566428,-0.010366583388811745,"10 market(s) allowlisted for NCAAF: moneyline, spread, total_points, alternate_spread, alternate_total_points, team_total, alternate_team_total, moneyline_h1, spread_h1, total_points_h1."
2026-10-07,401871051,False,2026-10-07T23:00:00Z,Kennesaw State Owls,Jacksonville State Gamecocks,alternate_spread,away,-5.5,130,fanduel,0.4348251140532361,4.2505357583932923e-05,"10 market(s) allowlisted for NCAAF: moneyline, spread, total_points, alternate_spread, alternate_total_points, team_total, alternate_team_total, moneyline_h1, spread_h1, total_points_h1."
2026-10-07,401871051,False,2026-10-07T23:00:00Z,Kennesaw State Owls,Jacksonville State Gamecocks,alternate_spread,away,-6.5,144,fanduel,0.41121463965846183,0.0013785740846913308,"10 market(s) allowlisted for NCAAF: moneyline, spread, total_points, alternate_spread, alternate_total_points, team_total, alternate_team_total, moneyline_h1, spread_h1, total_points_h1."
2026-10-07,401871051,False,2026-10-07T23:00:00Z,Kennesaw State Owls,Jacksonville State Gamecocks,alternate_spread,away,-7.5,190,fanduel,0.3726577834405857,0.027830197233689125,"10 market(s) allowlisted for NCAAF: moneyline, spread, total_points, alternate_spread, alternate_total_points, team_total, alternate_team_total, moneyline_h1, spread_h1, total_points_h1."
2026-10-07,401871051,False,2026-10-07T23:00:00Z,Kennesaw State Owls,Jacksonville State Gamecocks,alternate_spread,away,-8.5,200,fanduel,0.3534855027682844,0.020152169434951073,"10 market(s) allowlisted for NCAAF: moneyline, spread, total_points, alternate_spread, alternate_total_points, team_total, alternate_team_total, moneyline_h1, spread_h1, total_points_h1."
2026-10-07,401871051,False,2026-10-07T23:00:00Z,Kennesaw State Owls,Jacksonville State Gamecocks,alternate_spread,away,-9.5,215,fanduel,0.34586689850448343,0.02840658104416599,"10 market(s) allowlisted for NCAAF: moneyline, spread, total_points, alternate_spread, alternate_total_points, team_total, alternate_team_total, moneyline_h1, spread_h1, total_points_h1."
2026-10-07,401871051,False,2026-10-07T23:00:00Z,Kennesaw State Owls,Jacksonville State Gamecocks,alternate_spread,away,-10.5,250,fanduel,0.32199890758614325,0.03628462187185755,"10 market(s) allowlisted for NCAAF: moneyline, spread, total_points, alternate_spread, alternate_total_points, team_total, alternate_team_total, moneyline_h1, spread_h1, total_points_h1."
2026-10-07,401871051,False,2026-10-07T23:00:00Z,Kennesaw State Owls,Jacksonville State Gamecocks,alternate_spread,away,-11.5,265,fanduel,0.30070766899143486,0.02673506625170885,"10 market(s) allowlisted for NCAAF: moneyline, spread, total_points, alternate_spread, alternate_total_points, team_total, alternate_team_total, moneyline_h1, spread_h1, total_points_h1."
2026-10-07,401871051,False,2026-10-07T23:00:00Z,Kennesaw State Owls,Jacksonville State Gamecocks,alternate_spread,away,-12.5,285,fanduel,0.28487670428614015,0.025136444545880432,"10 market(s) allowlisted for NCAAF: moneyline, spread, total_points, alternate_spread, alternate_total_points, team_total, alternate_team_total, moneyline_h1, spread_h1, total_points_h1."
2026-10-07,401871051,False,2026-10-07T23:00:00Z,Kennesaw State Owls,Jacksonville State Gamecocks,alternate_spread,away,-13.5,310,fanduel,0.26938852013125686,0.02548608110686662,"10 market(s) allowlisted for NCAAF: moneyline, spread, total_points, alternate_spread, alternate_total_points, team_total, alternate_team_total, moneyline_h1, spread_h1, total_points_h1."
2026-10-07,401871051,False,2026-10-07T23:00:00Z,Kennesaw State Owls,Jacksonville State Gamecocks,alternate_spread,away,-14.5,360,fanduel,0.237636206639265,0.02024490229143891,"10 market(s) allowlisted for NCAAF: moneyline, spread, total_points, alternate_spread, alternate_total_points, team_total, alternate_team_total, moneyline_h1, spread_h1, total_points_h1."
2026-10-07,401871051,False,2026-10-07T23:00:00Z,Kennesaw State Owls,Jacksonville State Gamecocks,alternate_spread,away,-15.5,400,fanduel,0.22291306535930405,0.02291306535930404,"10 market(s) allowlisted for NCAAF: moneyline, spread, total_points, alternate_spread, alternate_total_points, team_total, alternate_team_total, moneyline_h1, spread_h1, total_points_h1."
2026-10-07,401871051,False,2026-10-07T23:00:00Z,Kennesaw State Owls,Jacksonville State Gamecocks,alternate_spread,away,-16.5,420,fanduel,0.2135975296758345,0.02128983736814219,"10 market(s) allowlisted for NCAAF: moneyline, spread, total_points, alternate_spread, alternate_total_points, team_total, alternate_team_total, moneyline_h1, spread_h1, total_points_h1."
2026-10-07,401871051,False,2026-10-07T23:00:00Z,Kennesaw State Owls,Jacksonville State Gamecocks,alternate_spread,away,-17.5,480,fanduel,0.19121196591690867,0.018798172813460384,"10 market(s) allowlisted for NCAAF: moneyline, spread, total_points, alternate_spread, alternate_total_points, team_total, alternate_team_total, moneyline_h1, spread_h1, total_points_h1."
2026-10-07,401871051,False,2026-10-07T23:00:00Z,Kennesaw State Owls,Jacksonville State Gamecocks,alternate_spread,away,-18.5,560,fanduel,0.17506791445169312,0.0235527629365416,"10 market(s) allowlisted for NCAAF: moneyline, spread, total_points, alternate_spread, alternate_total_points, team_total, alternate_team_total, moneyline_h1, spread_h1, total_points_h1."
2026-10-07,401871051,False,2026-10-07T23:00:00Z,Kennesaw State Owls,Jacksonville State Gamecocks,alternate_spread,away,-19.5,600,fanduel,0.16695627869963198,0.024099135842489128,"10 market(s) allowlisted for NCAAF: moneyline, spread, total_points, alternate_spread, alternate_total_points, team_total, alternate_team_total, moneyline_h1, spread_h1, total_points_h1."
2026-10-07,401871051,False,2026-10-07T23:00:00Z,Kennesaw State Owls,Jacksonville State Gamecocks,alternate_spread,away,-20.5,630,fanduel,0.15629811897634704,0.01931181760648404,"10 market(s) allowlisted for NCAAF: moneyline, spread, total_points, alternate_spread, alternate_total_points, team_total, alternate_team_total, moneyline_h1, spread_h1, total_points_h1."
2026-10-07,401871051,False,2026-10-07T23:00:00Z,Kennesaw State Owls,Jacksonville State Gamecocks,alternate_spread,away,-21.5,800,fanduel,0.13934001653393635,0.028228905422825246,"10 market(s) allowlisted for NCAAF: moneyline, spread, total_points, alternate_spread, alternate_total_points, team_total, alternate_team_total, moneyline_h1, spread_h1, total_points_h1."
2026-10-07,401871051,False,2026-10-07T23:00:00Z,Kennesaw State Owls,Jacksonville State Gamecocks,alternate_spread,away,-22.5,830,fanduel,0.13297688613993264,0.025450004419502528,"10 market(s) allowlisted for NCAAF: moneyline, spread, total_points, alternate_spread, alternate_total_points, team_total, alternate_team_total, moneyline_h1, spread_h1, total_points_h1."
2026-10-07,401871051,False,2026-10-07T23:00:00Z,Kennesaw State Owls,Jacksonville State Gamecocks,alternate_spread,away,-23.5,900,fanduel,0.1191916890023135,0.019191689002313495,"10 market(s) allowlisted for NCAAF: moneyline, spread, total_points, alternate_spread, alternate_total_points, team_total, alternate_team_total, moneyline_h1, spread_h1, total_points_h1."
2026-10-07,401871051,False,2026-10-07T23:00:00Z,Kennesaw State Owls,Jacksonville State Gamecocks,alternate_spread,away,-24.5,1060,fanduel,0.09594795510440916,0.00974105855268502,"10 market(s) allowlisted for NCAAF: moneyline, spread, total_points, alternate_spread, alternate_total_points, team_total, alternate_team_total, moneyline_h1, spread_h1, total_points_h1."
2026-10-07,401871051,False,2026-10-07T23:00:00Z,Kennesaw State Owls,Jacksonville State Gamecocks,alternate_spread,away,-25.5,1100,fanduel,0.08545066701246253,0.0021173336791291963,"10 market(s) allowlisted for NCAAF: moneyline, spread, total_points, alternate_spread, alternate_total_points, team_total, alternate_team_total, moneyline_h1, spread_h1, total_points_h1."
2026-10-07,401871051,False,2026-10-07T23:00:00Z,Kennesaw State Owls,Jacksonville State Gamecocks,alternate_spread,away,-26.5,1200,fanduel,0.06714576923850588,-0.009777307684571052,"10 market(s) allowlisted for NCAAF: moneyline, spread, total_points, alternate_spread, alternate_total_points, team_total, alternate_team_total, moneyline_h1, spread_h1, total_points_h1."
2026-10-07,401871051,False,2026-10-07T23:00:00Z,Kennesaw State Owls,Jacksonville State Gamecocks,alternate_spread,away,-27.5,1300,fanduel,0.05369643123367404,-0.017732140194897383,"10 market(s) allowlisted for NCAAF: moneyline, spread, total_points, alternate_spread, alternate_total_points, team_total, alternate_team_total, moneyline_h1, spread_h1, total_points_h1."
2026-10-07,401871051,False,2026-10-07T23:00:00Z,Kennesaw State Owls,Jacksonville State Gamecocks,alternate_spread,away,-28.5,1500,fanduel,0.04861354606166895,-0.013886453938331052,"10 market(s) allowlisted for NCAAF: moneyline, spread, total_points, alternate_spread, alternate_total_points, team_total, alternate_team_total, moneyline_h1, spread_h1, total_points_h1."
2026-10-07,401871051,False,2026-10-07T23:00:00Z,Kennesaw State Owls,Jacksonville State Gamecocks,alternate_spread,away,-29.5,1500,fanduel,0.04225750099577517,-0.020242499004224833,"10 market(s) allowlisted for NCAAF: moneyline, spread, total_points, alternate_spread, alternate_total_points, team_total, alternate_team_total, moneyline_h1, spread_h1, total_points_h1."
2026-10-07,401871051,False,2026-10-07T23:00:00Z,Kennesaw State Owls,Jacksonville State Gamecocks,alternate_spread,home,-22.5,1200,fanduel,0.04049906807709788,-0.036424008845979045,"10 market(s) allowlisted for NCAAF: moneyline, spread, total_points, alternate_spread, alternate_total_points, team_total, alternate_team_total, moneyline_h1, spread_h1, total_points_h1."
2026-10-07,401871051,False,2026-10-07T23:00:00Z,Kennesaw State Owls,Jacksonville State Gamecocks,alternate_spread,home,-21.5,1100,fanduel,0.042596732105648905,-0.040736601227684424,"10 market(s) allowlisted for NCAAF: moneyline, spread, total_points, alternate_spread, alternate_total_points, team_total, alternate_team_total, moneyline_h1, spread_h1, total_points_h1."
2026-10-07,401871051,False,2026-10-07T23:00:00Z,Kennesaw State Owls,Jacksonville State Gamecocks,alternate_spread,home,-20.5,1000,fanduel,0.05575797804992072,-0.03515111285917019,"10 market(s) allowlisted for NCAAF: moneyline, spread, total_points, alternate_spread, alternate_total_points, team_total, alternate_team_total, moneyline_h1, spread_h1, total_points_h1."
2026-10-07,401871051,False,2026-10-07T23:00:00Z,Kennesaw State Owls,Jacksonville State Gamecocks,alternate_spread,home,-19.5,900,fanduel,0.06392656018493446,-0.03607343981506554,"10 market(s) allowlisted for NCAAF: moneyline, spread, total_points, alternate_spread, alternate_total_points, team_total, alternate_team_total, moneyline_h1, spread_h1, total_points_h1."
2026-10-07,401871051,False,2026-10-07T23:00:00Z,Kennesaw State Owls,Jacksonville State Gamecocks,alternate_spread,home,-18.5,830,fanduel,0.07253127004155498,-0.03499561167887513,"10 market(s) allowlisted for NCAAF: moneyline, spread, total_points, alternate_spread, alternate_total_points, team_total, alternate_team_total, moneyline_h1, spread_h1, total_points_h1."
2026-10-07,401871051,False,2026-10-07T23:00:00Z,Kennesaw State Owls,Jacksonville State Gamecocks,alternate_spread,home,-17.5,750,fanduel,0.07838104855185583,-0.039266010271673576,"10 market(s) allowlisted for NCAAF: moneyline, spread, total_points, alternate_spread, alternate_total_points, team_total, alternate_team_total, moneyline_h1, spread_h1, total_points_h1."
2026-10-07,401871051,False,2026-10-07T23:00:00Z,Kennesaw State Owls,Jacksonville State Gamecocks,alternate_spread,home,-16.5,630,fanduel,0.08743464081781042,-0.04955166055205258,"10 market(s) allowlisted for NCAAF: moneyline, spread, total_points, alternate_spread, alternate_total_points, team_total, alternate_team_total, moneyline_h1, spread_h1, total_points_h1."
2026-10-07,401871051,False,2026-10-07T23:00:00Z,Kennesaw State Owls,Jacksonville State Gamecocks,alternate_spread,home,-15.5,600,fanduel,0.09733755570178051,-0.045519587155362334,"10 market(s) allowlisted for NCAAF: moneyline, spread, total_points, alternate_spread, alternate_total_points, team_total, alternate_team_total, moneyline_h1, spread_h1, total_points_h1."
2026-10-07,401871051,False,2026-10-07T23:00:00Z,Kennesaw State Owls,Jacksonville State Gamecocks,alternate_spread,home,-14.5,560,fanduel,0.11043925077966701,-0.041075900735484505,"10 market(s) allowlisted for NCAAF: moneyline, spread, total_points, alternate_spread, alternate_total_points, team_total, alternate_team_total, moneyline_h1, spread_h1, total_points_h1."
2026-10-07,401871051,False,2026-10-07T23:00:00Z,Kennesaw State Owls,Jacksonville State Gamecocks,alternate_spread,home,-13.5,480,fanduel,0.13245790516605876,-0.03995588793738952,"10 market(s) allowlisted for NCAAF: moneyline, spread, total_points, alternate_spread, alternate_total_points, team_total, alternate_team_total, moneyline_h1, spread_h1, total_points_h1."
2026-10-07,401871051,False,2026-10-07T23:00:00Z,Kennesaw State Owls,Jacksonville State Gamecocks,alternate_spread,home,-12.5,450,fanduel,0.14858061435894926,-0.033237567459232564,"10 market(s) allowlisted for NCAAF: moneyline, spread, total_points, alternate_spread, alternate_total_points, team_total, alternate_team_total, moneyline_h1, spread_h1, total_points_h1."
2026-10-07,401871051,False,2026-10-07T23:00:00Z,Kennesaw State Owls,Jacksonville State Gamecocks,alternate_spread,home,-11.5,420,fanduel,0.1524191243776777,-0.03988856793001461,"10 market(s) allowlisted for NCAAF: moneyline, spread, total_points, alternate_spread, alternate_total_points, team_total, alternate_team_total, moneyline_h1, spread_h1, total_points_h1."
2026-10-07,401871051,False,2026-10-07T23:00:00Z,Kennesaw State Owls,Jacksonville State Gamecocks,alternate_spread,home,-10.5,400,fanduel,0.16594505258268494,-0.03405494741731507,"10 market(s) allowlisted for NCAAF: moneyline, spread, total_points, alternate_spread, alternate_total_points, team_total, alternate_team_total, moneyline_h1, spread_h1, total_points_h1."
2026-10-07,401871051,False,2026-10-07T23:00:00Z,Kennesaw State Owls,Jacksonville State Gamecocks,alternate_spread,home,-9.5,340,fanduel,0.18013641623928509,-0.04713631103344218,"10 market(s) allowlisted for NCAAF: moneyline, spread, total_points, alternate_spread, alternate_total_points, team_total, alternate_team_total, moneyline_h1, spread_h1, total_points_h1."
2026-10-07,401871051,False,2026-10-07T23:00:00Z,Kennesaw State Owls,Jacksonville State Gamecocks,alternate_spread,home,-8.5,330,fanduel,0.1880404072770654,-0.04451773225781833,"10 market(s) allowlisted for NCAAF: moneyline, spread, total_points, alternate_spread, alternate_total_points, team_total, alternate_team_total, moneyline_h1, spread_h1, total_points_h1."
2026-10-07,401871051,False,2026-10-07T23:00:00Z,Kennesaw State Owls,Jacksonville State Gamecocks,alternate_spread,home,-7.5,300,fanduel,0.20767605651995888,-0.04232394348004112,"10 market(s) allowlisted for NCAAF: moneyline, spread, total_points, alternate_spread, alternate_total_points, team_total, alternate_team_total, moneyline_h1, spread_h1, total_points_h1."
2026-10-07,401871051,False,2026-10-07T23:00:00Z,Kennesaw State Owls,Jacksonville State Gamecocks,alternate_spread,home,-6.5,240,fanduel,0.24789911607910128,-0.046218530979722255,"10 market(s) allowlisted for NCAAF: moneyline, spread, total_points, alternate_spread, alternate_total_points, team_total, alternate_team_total, moneyline_h1, spread_h1, total_points_h1."
2026-10-07,401871051,False,2026-10-07T23:00:00Z,Kennesaw State Owls,Jacksonville State Gamecocks,alternate_spread,home,-5.5,215,fanduel,0.27099733807688614,-0.0464629793834313,"10 market(s) allowlisted for NCAAF: moneyline, spread, total_points, alternate_spread, alternate_total_points, team_total, alternate_team_total, moneyline_h1, spread_h1, total_points_h1."
2026-10-07,401871051,False,2026-10-07T23:00:00Z,Kennesaw State Owls,Jacksonville State Gamecocks,alternate_spread,home,-4.5,200,fanduel,0.2867816256464579,-0.04655170768687539,"10 market(s) allowlisted for NCAAF: moneyline, spread, total_points, alternate_spread, alternate_total_points, team_total, alternate_team_total, moneyline_h1, spread_h1, total_points_h1."
2026-10-07,401871051,False,2026-10-07T23:00:00Z,Kennesaw State Owls,Jacksonville State Gamecocks,alternate_spread,home,-3.5,176,fanduel,0.3026561216196093,-0.059662718960100836,"10 market(s) allowlisted for NCAAF: moneyline, spread, total_points, alternate_spread, alternate_total_points, team_total, alternate_team_total, moneyline_h1, spread_h1, total_points_h1."
2026-10-07,401871051,False,2026-10-07T23:00:00Z,Kennesaw State Owls,Jacksonville State Gamecocks,alternate_spread,home,-2.5,146,fanduel,0.36199966491688,-0.04450440012377038,"10 market(s) allowlisted for NCAAF: moneyline, spread, total_points, alternate_spread, alternate_total_points, team_total, alternate_team_total, moneyline_h1, spread_h1, total_points_h1."
2026-10-07,401871051,False,2026-10-07T23:00:00Z,Kennesaw State Owls,Jacksonville State Gamecocks,alternate_spread,home,-1.5,134,fanduel,0.39028473035573563,-0.0370656969946917,"10 market(s) allowlisted for NCAAF: moneyline, spread, total_points, alternate_spread, alternate_total_points, team_total, alternate_team_total, moneyline_h1, spread_h1, total_points_h1."
2026-10-07,401871051,False,2026-10-07T23:00:00Z,Kennesaw State Owls,Jacksonville State Gamecocks,alternate_spread,home,1.5,114,fanduel,0.43183762643915813,-0.03545209318701009,"10 market(s) allowlisted for NCAAF: moneyline, spread, total_points, alternate_spread, alternate_total_points, team_total, alternate_team_total, moneyline_h1, spread_h1, total_points_h1."
2026-10-07,401871051,False,2026-10-07T23:00:00Z,Kennesaw State Owls,Jacksonville State Gamecocks,alternate_spread,home,2.5,102,fanduel,0.46688408432529405,-0.028165420625201,"10 market(s) allowlisted for NCAAF: moneyline, spread, total_points, alternate_spread, alternate_total_points, team_total, alternate_team_total, moneyline_h1, spread_h1, total_points_h1."
2026-10-07,401871051,False,2026-10-07T23:00:00Z,Kennesaw State Owls,Jacksonville State Gamecocks,alternate_spread,home,3.5,-136,fanduel,0.5331159065514235,-0.043155279889254494,"10 market(s) allowlisted for NCAAF: moneyline, spread, total_points, alternate_spread, alternate_total_points, team_total, alternate_team_total, moneyline_h1, spread_h1, total_points_h1."
2026-10-07,401871051,False,2026-10-07T23:00:00Z,Kennesaw State Owls,Jacksonville State Gamecocks,alternate_spread,home,4.5,-154,fanduel,0.5558211288433574,-0.05047808375506779,"10 market(s) allowlisted for NCAAF: moneyline, spread, total_points, alternate_spread, alternate_total_points, team_total, alternate_team_total, moneyline_h1, spread_h1, total_points_h1."
2026-10-07,401871051,False,2026-10-07T23:00:00Z,Kennesaw State Owls,Jacksonville State Gamecocks,alternate_spread,home,5.5,-170,fanduel,0.5651748859467641,-0.06445474368286552,"10 market(s) allowlisted for NCAAF: moneyline, spread, total_points, alternate_spread, alternate_total_points, team_total, alternate_team_total, moneyline_h1, spread_h1, total_points_h1."
2026-10-07,401871051,False,2026-10-07T23:00:00Z,Kennesaw State Owls,Jacksonville State Gamecocks,alternate_spread,home,6.5,-186,fanduel,0.5887853603415384,-0.06156429000811192,"10 market(s) allowlisted for NCAAF: moneyline, spread, total_points, alternate_spread, alternate_total_points, team_total, alternate_team_total, moneyline_h1, spread_h1, total_points_h1."
2026-10-07,401871051,False,2026-10-07T23:00:00Z,Kennesaw State Owls,Jacksonville State Gamecocks,alternate_spread,home,7.5,-250,fanduel,0.6273422165594146,-0.08694349772629972,"10 market(s) allowlisted for NCAAF: moneyline, spread, total_points, alternate_spread, alternate_total_points, team_total, alternate_team_total, moneyline_h1, spread_h1, total_points_h1."
2026-10-07,401871051,False,2026-10-07T23:00:00Z,Kennesaw State Owls,Jacksonville State Gamecocks,alternate_spread,home,8.5,-265,fanduel,0.6465144972317158,-0.07951290002855815,"10 market(s) allowlisted for NCAAF: moneyline, spread, total_points, alternate_spread, alternate_total_points, team_total, alternate_team_total, moneyline_h1, spread_h1, total_points_h1."
2026-10-07,401871051,False,2026-10-07T23:00:00Z,Kennesaw State Owls,Jacksonville State Gamecocks,alternate_spread,home,9.5,-290,fanduel,0.6541331014955168,-0.08945664209422677,"10 market(s) allowlisted for NCAAF: moneyline, spread, total_points, alternate_spread, alternate_total_points, team_total, alternate_team_total, moneyline_h1, spread_h1, total_points_h1."
2026-10-07,401871051,False,2026-10-07T23:00:00Z,Kennesaw State Owls,Jacksonville State Gamecocks,alternate_spread,home,10.5,-340,fanduel,0.6780010924138571,-0.09472618031341562,"10 market(s) allowlisted for NCAAF: moneyline, spread, total_points, alternate_spread, alternate_total_points, team_total, alternate_team_total, moneyline_h1, spread_h1, total_points_h1."
2026-10-07,401871051,False,2026-10-07T23:00:00Z,Kennesaw State Owls,Jacksonville State Gamecocks,alternate_spread,home,11.5,-370,fanduel,0.6992923310085654,-0.08794171154462616,"10 market(s) allowlisted for NCAAF: moneyline, spread, total_points, alternate_spread, alternate_total_points, team_total, alternate_team_total, moneyline_h1, spread_h1, total_points_h1."
2026-10-07,401871051,False,2026-10-07T23:00:00Z,Kennesaw State Owls,Jacksonville State Gamecocks,alternate_spread,home,12.5,-400,fanduel,0.71512329571386,-0.08487670428614003,"10 market(s) allowlisted for NCAAF: moneyline, spread, total_points, alternate_spread, alternate_total_points, team_total, alternate_team_total, moneyline_h1, spread_h1, total_points_h1."
2026-10-07,401871051,False,2026-10-07T23:00:00Z,Kennesaw State Owls,Jacksonville State Gamecocks,alternate_spread,home,13.5,-440,fanduel,0.7306114798687433,-0.08420333494607146,"10 market(s) allowlisted for NCAAF: moneyline, spread, total_points, alternate_spread, alternate_total_points, team_total, alternate_team_total, moneyline_h1, spread_h1, total_points_h1."
2026-10-07,401871051,False,2026-10-07T23:00:00Z,Kennesaw State Owls,Jacksonville State Gamecocks,alternate_spread,home,14.5,-530,fanduel,0.7623637933607352,-0.07890604790910605,"10 market(s) allowlisted for NCAAF: moneyline, spread, total_points, alternate_spread, alternate_total_points, team_total, alternate_team_total, moneyline_h1, spread_h1, total_points_h1."
2026-10-07,401871051,False,2026-10-07T23:00:00Z,Kennesaw State Owls,Jacksonville State Gamecocks,alternate_spread,home,15.5,-620,fanduel,0.7770869346406961,-0.08402417647041505,"10 market(s) allowlisted for NCAAF: moneyline, spread, total_points, alternate_spread, alternate_total_points, team_total, alternate_team_total, moneyline_h1, spread_h1, total_points_h1."
2026-10-07,401871051,False,2026-10-07T23:00:00Z,Kennesaw State Owls,Jacksonville State Gamecocks,alternate_spread,home,16.5,-650,fanduel,0.7864024703241657,-0.08026419634250104,"10 market(s) allowlisted for NCAAF: moneyline, spread, total_points, alternate_spread, alternate_total_points, team_total, alternate_team_total, moneyline_h1, spread_h1, total_points_h1."
2026-10-07,401871051,False,2026-10-07T23:00:00Z,Kennesaw State Owls,Jacksonville State Gamecocks,alternate_spread,home,17.5,-800,fanduel,0.8087880340830915,-0.08010085480579732,"10 market(s) allowlisted for NCAAF: moneyline, spread, total_points, alternate_spread, alternate_total_points, team_total, alternate_team_total, moneyline_h1, spread_h1, total_points_h1."
2026-10-07,401871051,False,2026-10-07T23:00:00Z,Kennesaw State Owls,Jacksonville State Gamecocks,alternate_spread,home,18.5,-1000,fanduel,0.8249320855483071,-0.08415882354260196,"10 market(s) allowlisted for NCAAF: moneyline, spread, total_points, alternate_spread, alternate_total_points, team_total, alternate_team_total, moneyline_h1, spread_h1, total_points_h1."
2026-10-07,401871051,False,2026-10-07T23:00:00Z,Kennesaw State Owls,Jacksonville State Gamecocks,alternate_spread,home,19.5,-1100,fanduel,0.8330437213003683,-0.08362294536629833,"10 market(s) allowlisted for NCAAF: moneyline, spread, total_points, alternate_spread, alternate_total_points, team_total, alternate_team_total, moneyline_h1, spread_h1, total_points_h1."
2026-10-07,401871051,False,2026-10-07T23:00:00Z,Kennesaw State Owls,Jacksonville State Gamecocks,alternate_spread,home,20.5,-1200,fanduel,0.8437018810236532,-0.07937504205326995,"10 market(s) allowlisted for NCAAF: moneyline, spread, total_points, alternate_spread, alternate_total_points, team_total, alternate_team_total, moneyline_h1, spread_h1, total_points_h1."
2026-10-07,401871051,False,2026-10-07T23:00:00Z,Kennesaw State Owls,Jacksonville State Gamecocks,alternate_spread,home,21.5,-1800,fanduel,0.8606599834660639,-0.08670843758656765,"10 market(s) allowlisted for NCAAF: moneyline, spread, total_points, alternate_spread, alternate_total_points, team_total, alternate_team_total, moneyline_h1, spread_h1, total_points_h1."
2026-10-07,401871051,False,2026-10-07T23:00:00Z,Kennesaw State Owls,Jacksonville State Gamecocks,alternate_spread,home,22.5,-2000,fanduel,0.8670231138600676,-0.08535783852088474,"10 market(s) allowlisted for NCAAF: moneyline, spread, total_points, alternate_spread, alternate_total_points, team_total, alternate_team_total, moneyline_h1, spread_h1, total_points_h1."
2026-10-07,401871051,False,2026-10-07T23:00:00Z,Kennesaw State Owls,Jacksonville State Gamecocks,alternate_spread,home,23.5,-2500,fanduel,0.8808083109976867,-0.08073015054077481,"10 market(s) allowlisted for NCAAF: moneyline, spread, total_points, alternate_spread, alternate_total_points, team_total, alternate_team_total, moneyline_h1, spread_h1, total_points_h1."
2026-10-07,401871051,False,2026-10-07T23:00:00Z,Kennesaw State Owls,Jacksonville State Gamecocks,alternate_spread,home,24.5,-3500,fanduel,0.9040520448955913,-0.06817017732663089,"10 market(s) allowlisted for NCAAF: moneyline, spread, total_points, alternate_spread, alternate_total_points, team_total, alternate_team_total, moneyline_h1, spread_h1, total_points_h1."
2026-10-07,401871051,False,2026-10-07T23:00:00Z,Kennesaw State Owls,Jacksonville State Gamecocks,alternate_spread,home,25.5,-4000,fanduel,0.9145493329875378,-0.06106042311002313,"10 market(s) allowlisted for NCAAF: moneyline, spread, total_points, alternate_spread, alternate_total_points, team_total, alternate_team_total, moneyline_h1, spread_h1, total_points_h1."
2026-10-07,401871051,False,2026-10-07T23:00:00Z,Kennesaw State Owls,Jacksonville State Gamecocks,alternate_spread,home,26.5,-4500,fanduel,0.9328542307614944,-0.045406638803722976,"10 market(s) allowlisted for NCAAF: moneyline, spread, total_points, alternate_spread, alternate_total_points, team_total, alternate_team_total, moneyline_h1, spread_h1, total_points_h1."
2026-10-07,401871051,False,2026-10-07T23:00:00Z,Kennesaw State Owls,Jacksonville State Gamecocks,alternate_spread,home,27.5,-5000,fanduel,0.9463035687663264,-0.03408858809641868,"10 market(s) allowlisted for NCAAF: moneyline, spread, total_points, alternate_spread, alternate_total_points, team_total, alternate_team_total, moneyline_h1, spread_h1, total_points_h1."
2026-10-07,401871051,False,2026-10-07T23:00:00Z,Kennesaw State Owls,Jacksonville State Gamecocks,alternate_spread,home,28.5,-7000,fanduel,0.9513864539383314,-0.034529039019415064,"10 market(s) allowlisted for NCAAF: moneyline, spread, total_points, alternate_spread, alternate_total_points, team_total, alternate_team_total, moneyline_h1, spread_h1, total_points_h1."
2026-10-07,401871051,False,2026-10-07T23:00:00Z,Kennesaw State Owls,Jacksonville State Gamecocks,alternate_spread,home,29.5,-7000,fanduel,0.9577424990042251,-0.028172993953521352,"10 market(s) allowlisted for NCAAF: moneyline, spread, total_points, alternate_spread, alternate_total_points, team_total, alternate_team_total, moneyline_h1, spread_h1, total_points_h1."
2026-10-07,401871051,False,2026-10-07T23:00:00Z,Kennesaw State Owls,Jacksonville State Gamecocks,alternate_total_points,over,19.5,-50000,fanduel,0.988717302001259,-0.009286690014709054,"10 market(s) allowlisted for NCAAF: moneyline, spread, total_points, alternate_spread, alternate_total_points, team_total, alternate_team_total, moneyline_h1, spread_h1, total_points_h1."
2026-10-07,401871051,False,2026-10-07T23:00:00Z,Kennesaw State Owls,Jacksonville State Gamecocks,alternate_total_points,over,20.5,-50000,fanduel,0.9840490533391089,-0.013954938676859152,"10 market(s) allowlisted for NCAAF: moneyline, spread, total_points, alternate_spread, alternate_total_points, team_total, alternate_team_total, moneyline_h1, spread_h1, total_points_h1."
2026-10-07,401871051,False,2026-10-07T23:00:00Z,Kennesaw State Owls,Jacksonville State Gamecocks,alternate_total_points,over,21.5,-20000,fanduel,0.9785845793533048,-0.016440296268585786,"10 market(s) allowlisted for NCAAF: moneyline, spread, total_points, alternate_spread, alternate_total_points, team_total, alternate_team_total, moneyline_h1, spread_h1, total_points_h1."
2026-10-07,401871051,False,2026-10-07T23:00:00Z,Kennesaw State Owls,Jacksonville State Gamecocks,alternate_total_points,over,22.5,-20000,fanduel,0.9749625263154782,-0.020062349306412375,"10 market(s) allowlisted for NCAAF: moneyline, spread, total_points, alternate_spread, alternate_total_points, team_total, alternate_team_total, moneyline_h1, spread_h1, total_points_h1."
2026-10-07,401871051,False,2026-10-07T23:00:00Z,Kennesaw State Owls,Jacksonville State Gamecocks,alternate_total_points,over,23.5,-10000,fanduel,0.9691350155626153,-0.020963994338374814,"10 market(s) allowlisted for NCAAF: moneyline, spread, total_points, alternate_spread, alternate_total_points, team_total, alternate_team_total, moneyline_h1, spread_h1, total_points_h1."
2026-10-07,401871051,False,2026-10-07T23:00:00Z,Kennesaw State Owls,Jacksonville State Gamecocks,alternate_total_points,over,24.5,-7000,fanduel,0.9615981677476013,-0.02431732521014518,"10 market(s) allowlisted for NCAAF: moneyline, spread, total_points, alternate_spread, alternate_total_points, team_total, alternate_team_total, moneyline_h1, spread_h1, total_points_h1."
2026-10-07,401871051,False,2026-10-07T23:00:00Z,Kennesaw State Owls,Jacksonville State Gamecocks,alternate_total_points,over,25.5,-7000,fanduel,0.9592738743203126,-0.02664161863743386,"10 market(s) allowlisted for NCAAF: moneyline, spread, total_points, alternate_spread, alternate_total_points, team_total, alternate_team_total, moneyline_h1, spread_h1, total_points_h1."
2026-10-07,401871051,False,2026-10-07T23:00:00Z,Kennesaw State Owls,Jacksonville State Gamecocks,alternate_total_points,over,26.5,-5000,fanduel,0.956516780649775,-0.02387537621297009,"10 market(s) allowlisted for NCAAF: moneyline, spread, total_points, alternate_spread, alternate_total_points, team_total, alternate_team_total, moneyline_h1, spread_h1, total_points_h1."
2026-10-07,401871051,False,2026-10-07T23:00:00Z,Kennesaw State Owls,Jacksonville State Gamecocks,alternate_total_points,over,27.5,-3500,fanduel,0.9461164440420184,-0.026105778180203765,"10 market(s) allowlisted for NCAAF: moneyline, spread, total_points, alternate_spread, alternate_total_points, team_total, alternate_team_total, moneyline_h1, spread_h1, total_points_h1."
2026-10-07,401871051,False,2026-10-07T23:00:00Z,Kennesaw State Owls,Jacksonville State Gamecocks,alternate_total_points,over,28.5,-3500,fanduel,0.9406944667092083,-0.0315277555130139,"10 market(s) allowlisted for NCAAF: moneyline, spread, total_points, alternate_spread, alternate_total_points, team_total, alternate_team_total, moneyline_h1, spread_h1, total_points_h1."
2026-10-07,401871051,False,2026-10-07T23:00:00Z,Kennesaw State Owls,Jacksonville State Gamecocks,alternate_total_points,over,29.5,-2500,fanduel,0.9328014128673581,-0.028737048671103493,"10 market(s) allowlisted for NCAAF: moneyline, spread, total_points, alternate_spread, alternate_total_points, team_total, alternate_team_total, moneyline_h1, spread_h1, total_points_h1."
2026-10-07,401871051,False,2026-10-07T23:00:00Z,Kennesaw State Owls,Jacksonville State Gamecocks,alternate_total_points,over,30.5,-2000,fanduel,0.9154447548984355,-0.036936197482516864,"10 market(s) allowlisted for NCAAF: moneyline, spread, total_points, alternate_spread, alternate_total_points, team_total, alternate_team_total, moneyline_h1, spread_h1, total_points_h1."
2026-10-07,401871051,False,2026-10-07T23:00:00Z,Kennesaw State Owls,Jacksonville State Gamecocks,alternate_total_points,over,31.5,-1600,fanduel,0.8985267007253654,-0.042649769862869835,"10 market(s) allowlisted for NCAAF: moneyline, spread, total_points, alternate_spread, alternate_total_points, team_total, alternate_team_total, moneyline_h1, spread_h1, total_points_h1."
2026-10-07,401871051,False,2026-10-07T23:00:00Z,Kennesaw State Owls,Jacksonville State Gamecocks,alternate_total_points,over,32.5,-1400,fanduel,0.8910505412313958,-0.04228279210193753,"10 market(s) allowlisted for NCAAF: moneyline, spread, total_points, alternate_spread, alternate_total_points, team_total, alternate_team_total, moneyline_h1, spread_h1, total_points_h1."
2026-10-07,401871051,False,2026-10-07T23:00:00Z,Kennesaw State Owls,Jacksonville State Gamecocks,alternate_total_points,over,33.5,-1100,fanduel,0.8723330042859647,-0.04433366238070191,"10 market(s) allowlisted for NCAAF: moneyline, spread, total_points, alternate_spread, alternate_total_points, team_total, alternate_team_total, moneyline_h1, spread_h1, total_points_h1."
2026-10-07,401871051,False,2026-10-07T23:00:00Z,Kennesaw State Owls,Jacksonville State Gamecocks,alternate_total_points,over,34.5,-900,fanduel,0.8535874934660255,-0.04641250653397455,"10 market(s) allowlisted for NCAAF: moneyline, spread, total_points, alternate_spread, alternate_total_points, team_total, alternate_team_total, moneyline_h1, spread_h1, total_points_h1."
2026-10-07,401871051,False,2026-10-07T23:00:00Z,Kennesaw State Owls,Jacksonville State Gamecocks,alternate_total_points,over,35.5,-770,fanduel,0.8394216122027829,-0.04563585906158496,"10 market(s) allowlisted for NCAAF: moneyline, spread, total_points, alternate_spread, alternate_total_points, team_total, alternate_team_total, moneyline_h1, spread_h1, total_points_h1."
2026-10-07,401871051,False,2026-10-07T23:00:00Z,Kennesaw State Owls,Jacksonville State Gamecocks,alternate_total_points,over,36.5,-670,fanduel,0.8274792225406569,-0.04265064758921322,"10 market(s) allowlisted for NCAAF: moneyline, spread, total_points, alternate_spread, alternate_total_points, team_total, alternate_team_total, moneyline_h1, spread_h1, total_points_h1."
2026-10-07,401871051,False,2026-10-07T23:00:00Z,Kennesaw State Owls,Jacksonville State Gamecocks,alternate_total_points,over,37.5,-520,fanduel,0.8052698616962173,-0.03343981572313759,"10 market(s) allowlisted for NCAAF: moneyline, spread, total_points, alternate_spread, alternate_total_points, team_total, alternate_team_total, moneyline_h1, spread_h1, total_points_h1."
2026-10-07,401871051,False,2026-10-07T23:00:00Z,Kennesaw State Owls,Jacksonville State Gamecocks,alternate_total_points,over,38.5,-460,fanduel,0.7755566351685927,-0.04587193625997865,"10 market(s) allowlisted for NCAAF: moneyline, spread, total_points, alternate_spread, alternate_total_points, team_total, alternate_team_total, moneyline_h1, spread_h1, total_points_h1."
2026-10-07,401871051,False,2026-10-07T23:00:00Z,Kennesaw State Owls,Jacksonville State Gamecocks,alternate_total_points,over,39.5,-430,fanduel,0.7648148017381211,-0.046505952978860066,"10 market(s) allowlisted for NCAAF: moneyline, spread, total_points, alternate_spread, alternate_total_points, team_total, alternate_team_total, moneyline_h1, spread_h1, total_points_h1."
2026-10-07,401871051,False,2026-10-07T23:00:00Z,Kennesaw State Owls,Jacksonville State Gamecocks,alternate_total_points,over,40.5,-370,fanduel,0.7449624107438191,-0.042271631809372434,"10 market(s) allowlisted for NCAAF: moneyline, spread, total_points, alternate_spread, alternate_total_points, team_total, alternate_team_total, moneyline_h1, spread_h1, total_points_h1."
2026-10-07,401871051,False,2026-10-07T23:00:00Z,Kennesaw State Owls,Jacksonville State Gamecocks,alternate_total_points,over,41.5,-310,fanduel,0.7123010714279101,-0.04379648954769966,"10 market(s) allowlisted for NCAAF: moneyline, spread, total_points, alternate_spread, alternate_total_points, team_total, alternate_team_total, moneyline_h1, spread_h1, total_points_h1."
2026-10-07,401871051,False,2026-10-07T23:00:00Z,Kennesaw State Owls,Jacksonville State Gamecocks,alternate_total_points,over,42.5,-290,fanduel,0.6984936778811316,-0.04509606570861202,"10 market(s) allowlisted for NCAAF: moneyline, spread, total_points, alternate_spread, alternate_total_points, team_total, alternate_team_total, moneyline_h1, spread_h1, total_points_h1."
2026-10-07,401871051,False,2026-10-07T23:00:00Z,Kennesaw State Owls,Jacksonville State Gamecocks,alternate_total_points,over,43.5,-260,fanduel,0.6842831614320497,-0.03793906079017251,"10 market(s) allowlisted for NCAAF: moneyline, spread, total_points, alternate_spread, alternate_total_points, team_total, alternate_team_total, moneyline_h1, spread_h1, total_points_h1."
2026-10-07,401871051,False,2026-10-07T23:00:00Z,Kennesaw State Owls,Jacksonville State Gamecocks,alternate_total_points,over,44.5,-220,fanduel,0.6517922517971245,-0.03570774820287548,"10 market(s) allowlisted for NCAAF: moneyline, spread, total_points, alternate_spread, alternate_total_points, team_total, alternate_team_total, moneyline_h1, spread_h1, total_points_h1."
2026-10-07,401871051,False,2026-10-07T23:00:00Z,Kennesaw State Owls,Jacksonville State Gamecocks,alternate_total_points,over,45.5,-192,fanduel,0.6141821469491026,-0.04335209962623987,"10 market(s) allowlisted for NCAAF: moneyline, spread, total_points, alternate_spread, alternate_total_points, team_total, alternate_team_total, moneyline_h1, spread_h1, total_points_h1."
2026-10-07,401871051,False,2026-10-07T23:00:00Z,Kennesaw State Owls,Jacksonville State Gamecocks,alternate_total_points,over,46.5,-180,fanduel,0.5963622397574155,-0.04649490309972737,"10 market(s) allowlisted for NCAAF: moneyline, spread, total_points, alternate_spread, alternate_total_points, team_total, alternate_team_total, moneyline_h1, spread_h1, total_points_h1."
2026-10-07,401871051,False,2026-10-07T23:00:00Z,Kennesaw State Owls,Jacksonville State Gamecocks,alternate_total_points,over,47.5,-158,fanduel,0.5722242027010936,-0.04017889807410013,"10 market(s) allowlisted for NCAAF: moneyline, spread, total_points, alternate_spread, alternate_total_points, team_total, alternate_team_total, moneyline_h1, spread_h1, total_points_h1."
2026-10-07,401871051,False,2026-10-07T23:00:00Z,Kennesaw State Owls,Jacksonville State Gamecocks,alternate_total_points,over,48.5,-140,fanduel,0.5407749794263637,-0.042558353906969715,"10 market(s) allowlisted for NCAAF: moneyline, spread, total_points, alternate_spread, alternate_total_points, team_total, alternate_team_total, moneyline_h1, spread_h1, total_points_h1."
2026-10-07,401871051,False,2026-10-07T23:00:00Z,Kennesaw State Owls,Jacksonville State Gamecocks,alternate_total_points,over,49.5,-125,fanduel,0.5115364827818494,-0.0440190727737062,"10 market(s) allowlisted for NCAAF: moneyline, spread, total_points, alternate_spread, alternate_total_points, team_total, alternate_team_total, moneyline_h1, spread_h1, total_points_h1."
2026-10-07,401871051,False,2026-10-07T23:00:00Z,Kennesaw State Owls,Jacksonville State Gamecocks,alternate_total_points,over,50.5,-115,fanduel,0.48846352582891017,-0.04642019510132234,"10 market(s) allowlisted for NCAAF: moneyline, spread, total_points, alternate_spread, alternate_total_points, team_total, alternate_team_total, moneyline_h1, spread_h1, total_points_h1."
2026-10-07,401871051,False,2026-10-07T23:00:00Z,Kennesaw State Owls,Jacksonville State Gamecocks,alternate_total_points,over,51.5,102,fanduel,0.4507071280728252,-0.04434237687766984,"10 market(s) allowlisted for NCAAF: moneyline, spread, total_points, alternate_spread, alternate_total_points, team_total, alternate_team_total, moneyline_h1, spread_h1, total_points_h1."
2026-10-07,401871051,False,2026-10-07T23:00:00Z,Kennesaw State Owls,Jacksonville State Gamecocks,alternate_total_points,over,52.5,114,fanduel,0.4293362008078647,-0.0379535188183035,"10 market(s) allowlisted for NCAAF: moneyline, spread, total_points, alternate_spread, alternate_total_points, team_total, alternate_team_total, moneyline_h1, spread_h1, total_points_h1."
2026-10-07,401871051,False,2026-10-07T23:00:00Z,Kennesaw State Owls,Jacksonville State Gamecocks,alternate_total_points,over,53.5,124,fanduel,0.4113303889437361,-0.03509818248483537,"10 market(s) allowlisted for NCAAF: moneyline, spread, total_points, alternate_spread, alternate_total_points, team_total, alternate_team_total, moneyline_h1, spread_h1, total_points_h1."
2026-10-07,401871051,False,2026-10-07T23:00:00Z,Kennesaw State Owls,Jacksonville State Gamecocks,alternate_total_points,over,54.5,134,fanduel,0.3910766773812806,-0.03627374996914673,"10 market(s) allowlisted for NCAAF: moneyline, spread, total_points, alternate_spread, alternate_total_points, team_total, alternate_team_total, moneyline_h1, spread_h1, total_points_h1."
2026-10-07,401871051,False,2026-10-07T23:00:00Z,Kennesaw State Owls,Jacksonville State Gamecocks,alternate_total_points,over,55.5,158,fanduel,0.35922583615364934,-0.028371063071156888,"10 market(s) allowlisted for NCAAF: moneyline, spread, total_points, alternate_spread, alternate_total_points, team_total, alternate_team_total, moneyline_h1, spread_h1, total_points_h1."
2026-10-07,401871051,False,2026-10-07T23:00:00Z,Kennesaw State Owls,Jacksonville State Gamecocks,alternate_total_points,over,56.5,168,fanduel,0.3359886652179065,-0.03714566314030249,"10 market(s) allowlisted for NCAAF: moneyline, spread, total_points, alternate_spread, alternate_total_points, team_total, alternate_team_total, moneyline_h1, spread_h1, total_points_h1."
2026-10-07,401871051,False,2026-10-07T23:00:00Z,Kennesaw State Owls,Jacksonville State Gamecocks,alternate_total_points,over,57.5,186,fanduel,0.3145893329063555,-0.035061016743994144,"10 market(s) allowlisted for NCAAF: moneyline, spread, total_points, alternate_spread, alternate_total_points, team_total, alternate_team_total, moneyline_h1, spread_h1, total_points_h1."
2026-10-07,401871051,False,2026-10-07T23:00:00Z,Kennesaw State Owls,Jacksonville State Gamecocks,alternate_total_points,over,58.5,210,fanduel,0.28973886558073436,-0.03284177958055595,"10 market(s) allowlisted for NCAAF: moneyline, spread, total_points, alternate_spread, alternate_total_points, team_total, alternate_team_total, moneyline_h1, spread_h1, total_points_h1."
2026-10-07,401871051,False,2026-10-07T23:00:00Z,Kennesaw State Owls,Jacksonville State Gamecocks,alternate_total_points,over,59.5,230,fanduel,0.26584215536630573,-0.037188147663997306,"10 market(s) allowlisted for NCAAF: moneyline, spread, total_points, alternate_spread, alternate_total_points, team_total, alternate_team_total, moneyline_h1, spread_h1, total_points_h1."
2026-10-07,401871051,False,2026-10-07T23:00:00Z,Kennesaw State Owls,Jacksonville State Gamecocks,alternate_total_points,over,60.5,250,fanduel,0.25446304837951983,-0.03125123733476587,"10 market(s) allowlisted for NCAAF: moneyline, spread, total_points, alternate_spread, alternate_total_points, team_total, alternate_team_total, moneyline_h1, spread_h1, total_points_h1."
2026-10-07,401871051,False,2026-10-07T23:00:00Z,Kennesaw State Owls,Jacksonville State Gamecocks,alternate_total_points,over,61.5,280,fanduel,0.23440729834037521,-0.028750596396466876,"10 market(s) allowlisted for NCAAF: moneyline, spread, total_points, alternate_spread, alternate_total_points, team_total, alternate_team_total, moneyline_h1, spread_h1, total_points_h1."
2026-10-07,401871051,False,2026-10-07T23:00:00Z,Kennesaw State Owls,Jacksonville State Gamecocks,alternate_total_points,over,62.5,300,fanduel,0.21426186899367305,-0.035738131006326945,"10 market(s) allowlisted for NCAAF: moneyline, spread, total_points, alternate_spread, alternate_total_points, team_total, alternate_team_total, moneyline_h1, spread_h1, total_points_h1."
2026-10-07,401871051,False,2026-10-07T23:00:00Z,Kennesaw State Owls,Jacksonville State Gamecocks,alternate_total_points,over,63.5,340,fanduel,0.19811744520539665,-0.029155282067330618,"10 market(s) allowlisted for NCAAF: moneyline, spread, total_points, alternate_spread, alternate_total_points, team_total, alternate_team_total, moneyline_h1, spread_h1, total_points_h1."
2026-10-07,401871051,False,2026-10-07T23:00:00Z,Kennesaw State Owls,Jacksonville State Gamecocks,alternate_total_points,over,64.5,350,fanduel,0.18720383899878584,-0.03501838322343637,"10 market(s) allowlisted for NCAAF: moneyline, spread, total_points, alternate_spread, alternate_total_points, team_total, alternate_team_total, moneyline_h1, spread_h1, total_points_h1."
2026-10-07,401871051,False,2026-10-07T23:00:00Z,Kennesaw State Owls,Jacksonville State Gamecocks,alternate_total_points,over,65.5,400,fanduel,0.16618072447970794,-0.03381927552029207,"10 market(s) allowlisted for NCAAF: moneyline, spread, total_points, alternate_spread, alternate_total_points, team_total, alternate_team_total, moneyline_h1, spread_h1, total_points_h1."
2026-10-07,401871051,False,2026-10-07T23:00:00Z,Kennesaw State Owls,Jacksonville State Gamecocks,alternate_total_points,over,66.5,450,fanduel,0.1488482161720452,-0.032969965646136634,"10 market(s) allowlisted for NCAAF: moneyline, spread, total_points, alternate_spread, alternate_total_points, team_total, alternate_team_total, moneyline_h1, spread_h1, total_points_h1."
2026-10-07,401871051,False,2026-10-07T23:00:00Z,Kennesaw State Owls,Jacksonville State Gamecocks,alternate_total_points,over,67.5,480,fanduel,0.13861369089505365,-0.03380010220839463,"10 market(s) allowlisted for NCAAF: moneyline, spread, total_points, alternate_spread, alternate_total_points, team_total, alternate_team_total, moneyline_h1, spread_h1, total_points_h1."
2026-10-07,401871051,False,2026-10-07T23:00:00Z,Kennesaw State Owls,Jacksonville State Gamecocks,alternate_total_points,over,68.5,520,fanduel,0.126324270968937,-0.034966051611708154,"10 market(s) allowlisted for NCAAF: moneyline, spread, total_points, alternate_spread, alternate_total_points, team_total, alternate_team_total, moneyline_h1, spread_h1, total_points_h1."
2026-10-07,401871051,False,2026-10-07T23:00:00Z,Kennesaw State Owls,Jacksonville State Gamecocks,alternate_total_points,over,69.5,600,fanduel,0.11128562779635559,-0.03157151506078726,"10 market(s) allowlisted for NCAAF: moneyline, spread, total_points, alternate_spread, alternate_total_points, team_total, alternate_team_total, moneyline_h1, spread_h1, total_points_h1."
2026-10-07,401871051,False,2026-10-07T23:00:00Z,Kennesaw State Owls,Jacksonville State Gamecocks,alternate_total_points,over,70.5,680,fanduel,0.10144297533901256,-0.026762152866115635,"10 market(s) allowlisted for NCAAF: moneyline, spread, total_points, alternate_spread, alternate_total_points, team_total, alternate_team_total, moneyline_h1, spread_h1, total_points_h1."
2026-10-07,401871051,False,2026-10-07T23:00:00Z,Kennesaw State Owls,Jacksonville State Gamecocks,alternate_total_points,over,71.5,750,fanduel,0.09408653908310433,-0.023560519740425084,"10 market(s) allowlisted for NCAAF: moneyline, spread, total_points, alternate_spread, alternate_total_points, team_total, alternate_team_total, moneyline_h1, spread_h1, total_points_h1."
2026-10-07,401871051,False,2026-10-07T23:00:00Z,Kennesaw State Owls,Jacksonville State Gamecocks,alternate_total_points,over,72.5,830,fanduel,0.08485964907801115,-0.02266723264241896,"10 market(s) allowlisted for NCAAF: moneyline, spread, total_points, alternate_spread, alternate_total_points, team_total, alternate_team_total, moneyline_h1, spread_h1, total_points_h1."
2026-10-07,401871051,False,2026-10-07T23:00:00Z,Kennesaw State Owls,Jacksonville State Gamecocks,alternate_total_points,over,73.5,900,fanduel,0.07376877147138416,-0.02623122852861584,"10 market(s) allowlisted for NCAAF: moneyline, spread, total_points, alternate_spread, alternate_total_points, team_total, alternate_team_total, moneyline_h1, spread_h1, total_points_h1."
2026-10-07,401871051,False,2026-10-07T23:00:00Z,Kennesaw State Owls,Jacksonville State Gamecocks,alternate_total_points,over,74.5,900,fanduel,0.06755093352885275,-0.03244906647114726,"10 market(s) allowlisted for NCAAF: moneyline, spread, total_points, alternate_spread, alternate_total_points, team_total, alternate_team_total, moneyline_h1, spread_h1, total_points_h1."
2026-10-07,401871051,False,2026-10-07T23:00:00Z,Kennesaw State Owls,Jacksonville State Gamecocks,alternate_total_points,over,75.5,1060,fanduel,0.059165241080155084,-0.02704165547156906,"10 market(s) allowlisted for NCAAF: moneyline, spread, total_points, alternate_spread, alternate_total_points, team_total, alternate_team_total, moneyline_h1, spread_h1, total_points_h1."
2026-10-07,401871051,False,2026-10-07T23:00:00Z,Kennesaw State Owls,Jacksonville State Gamecocks,alternate_total_points,over,76.5,1100,fanduel,0.05499147092749191,-0.02834186240584142,"10 market(s) allowlisted for NCAAF: moneyline, spread, total_points, alternate_spread, alternate_total_points, team_total, alternate_team_total, moneyline_h1, spread_h1, total_points_h1."
2026-10-07,401871051,False,2026-10-07T23:00:00Z,Kennesaw State Owls,Jacksonville State Gamecocks,alternate_total_points,over,77.5,1300,fanduel,0.0502211164859679,-0.021207454942603524,"10 market(s) allowlisted for NCAAF: moneyline, spread, total_points, alternate_spread, alternate_total_points, team_total, alternate_team_total, moneyline_h1, spread_h1, total_points_h1."
2026-10-07,401871051,False,2026-10-07T23:00:00Z,Kennesaw State Owls,Jacksonville State Gamecocks,alternate_total_points,over,78.5,1300,fanduel,0.047866442549229817,-0.023562128879341608,"10 market(s) allowlisted for NCAAF: moneyline, spread, total_points, alternate_spread, alternate_total_points, team_total, alternate_team_total, moneyline_h1, spread_h1, total_points_h1."
2026-10-07,401871051,False,2026-10-07T23:00:00Z,Kennesaw State Owls,Jacksonville State Gamecocks,alternate_total_points,over,79.5,1400,fanduel,0.03942793369500546,-0.027238732971661204,"10 market(s) allowlisted for NCAAF: moneyline, spread, total_points, alternate_spread, alternate_total_points, team_total, alternate_team_total, moneyline_h1, spread_h1, total_points_h1."
2026-10-07,401871051,False,2026-10-07T23:00:00Z,Kennesaw State Owls,Jacksonville State Gamecocks,alternate_total_points,under,19.5,3500,fanduel,0.011282697998740595,-0.01649507977903718,"10 market(s) allowlisted for NCAAF: moneyline, spread, total_points, alternate_spread, alternate_total_points, team_total, alternate_team_total, moneyline_h1, spread_h1, total_points_h1."
2026-10-07,401871051,False,2026-10-07T23:00:00Z,Kennesaw State Owls,Jacksonville State Gamecocks,alternate_total_points,under,20.5,3000,fanduel,0.015950946660890714,-0.016307117855238317,"10 market(s) allowlisted for NCAAF: moneyline, spread, total_points, alternate_spread, alternate_total_points, team_total, alternate_team_total, moneyline_h1, spread_h1, total_points_h1."
2026-10-07,401871051,False,2026-10-07T23:00:00Z,Kennesaw State Owls,Jacksonville State Gamecocks,alternate_total_points,under,21.5,2500,fanduel,0.02141542064669467,-0.017046117814843793,"10 market(s) allowlisted for NCAAF: moneyline, spread, total_points, alternate_spread, alternate_total_points, team_total, alternate_team_total, moneyline_h1, spread_h1, total_points_h1."
2026-10-07,401871051,False,2026-10-07T23:00:00Z,Kennesaw State Owls,Jacksonville State Gamecocks,alternate_total_points,under,22.5,2000,fanduel,0.025037473684521347,-0.02258157393452627,"10 market(s) allowlisted for NCAAF: moneyline, spread, total_points, alternate_spread, alternate_total_points, team_total, alternate_team_total, moneyline_h1, spread_h1, total_points_h1."
2026-10-07,401871051,False,2026-10-07T23:00:00Z,Kennesaw State Owls,Jacksonville State Gamecocks,alternate_total_points,under,23.5,1700,fanduel,0.030864984437384137,-0.024690571118171415,"10 market(s) allowlisted for NCAAF: moneyline, spread, total_points, alternate_spread, alternate_total_points, team_total, alternate_team_total, moneyline_h1, spread_h1, total_points_h1."
2026-10-07,401871051,False,2026-10-07T23:00:00Z,Kennesaw State Owls,Jacksonville State Gamecocks,alternate_total_points,under,24.5,1500,fanduel,0.03840183225239826,-0.02409816774760174,"10 market(s) allowlisted for NCAAF: moneyline, spread, total_points, alternate_spread, alternate_total_points, team_total, alternate_team_total, moneyline_h1, spread_h1, total_points_h1."
2026-10-07,401871051,False,2026-10-07T23:00:00Z,Kennesaw State Owls,Jacksonville State Gamecocks,alternate_total_points,under,25.5,1500,fanduel,0.040726125679686816,-0.021773874320313184,"10 market(s) allowlisted for NCAAF: moneyline, spread, total_points, alternate_spread, alternate_total_points, team_total, alternate_team_total, moneyline_h1, spread_h1, total_points_h1."
2026-10-07,401871051,False,2026-10-07T23:00:00Z,Kennesaw State Owls,Jacksonville State Gamecocks,alternate_total_points,under,26.5,1300,fanduel,0.043483219350224575,-0.02794535207834685,"10 market(s) allowlisted for NCAAF: moneyline, spread, total_points, alternate_spread, alternate_total_points, team_total, alternate_team_total, moneyline_h1, spread_h1, total_points_h1."
2026-10-07,401871051,False,2026-10-07T23:00:00Z,Kennesaw State Owls,Jacksonville State Gamecocks,alternate_total_points,under,27.5,1060,fanduel,0.053883555957981125,-0.03232334059374302,"10 market(s) allowlisted for NCAAF: moneyline, spread, total_points, alternate_spread, alternate_total_points, team_total, alternate_team_total, moneyline_h1, spread_h1, total_points_h1."
2026-10-07,401871051,False,2026-10-07T23:00:00Z,Kennesaw State Owls,Jacksonville State Gamecocks,alternate_total_points,under,28.5,1060,fanduel,0.05930553329079105,-0.026901363260933092,"10 market(s) allowlisted for NCAAF: moneyline, spread, total_points, alternate_spread, alternate_total_points, team_total, alternate_team_total, moneyline_h1, spread_h1, total_points_h1."
2026-10-07,401871051,False,2026-10-07T23:00:00Z,Kennesaw State Owls,Jacksonville State Gamecocks,alternate_total_points,under,29.5,900,fanduel,0.06719858713264136,-0.032801412867358645,"10 market(s) allowlisted for NCAAF: moneyline, spread, total_points, alternate_spread, alternate_total_points, team_total, alternate_team_total, moneyline_h1, spread_h1, total_points_h1."
2026-10-07,401871051,False,2026-10-07T23:00:00Z,Kennesaw State Owls,Jacksonville State Gamecocks,alternate_total_points,under,30.5,830,fanduel,0.0845552451015641,-0.022971636618866004,"10 market(s) allowlisted for NCAAF: moneyline, spread, total_points, alternate_spread, alternate_total_points, team_total, alternate_team_total, moneyline_h1, spread_h1, total_points_h1."
2026-10-07,401871051,False,2026-10-07T23:00:00Z,Kennesaw State Owls,Jacksonville State Gamecocks,alternate_total_points,under,31.5,750,fanduel,0.10147329927463417,-0.016173759548895245,"10 market(s) allowlisted for NCAAF: moneyline, spread, total_points, alternate_spread, alternate_total_points, team_total, alternate_team_total, moneyline_h1, spread_h1, total_points_h1."
2026-10-07,401871051,False,2026-10-07T23:00:00Z,Kennesaw State Owls,Jacksonville State Gamecocks,alternate_total_points,under,32.5,680,fanduel,0.10894945876860375,-0.019255669436524445,"10 market(s) allowlisted for NCAAF: moneyline, spread, total_points, alternate_spread, alternate_total_points, team_total, alternate_team_total, moneyline_h1, spread_h1, total_points_h1."
2026-10-07,401871051,False,2026-10-07T23:00:00Z,Kennesaw State Owls,Jacksonville State Gamecocks,alternate_total_points,under,33.5,600,fanduel,0.12766699571403495,-0.015190147143107902,"10 market(s) allowlisted for NCAAF: moneyline, spread, total_points, alternate_spread, alternate_total_points, team_total, alternate_team_total, moneyline_h1, spread_h1, total_points_h1."
2026-10-07,401871051,False,2026-10-07T23:00:00Z,Kennesaw State Owls,Jacksonville State Gamecocks,alternate_total_points,under,34.5,520,fanduel,0.14641250653397406,-0.0148778160466711,"10 market(s) allowlisted for NCAAF: moneyline, spread, total_points, alternate_spread, alternate_total_points, team_total, alternate_team_total, moneyline_h1, spread_h1, total_points_h1."
2026-10-07,401871051,False,2026-10-07T23:00:00Z,Kennesaw State Owls,Jacksonville State Gamecocks,alternate_total_points,under,35.5,470,fanduel,0.16057838779721662,-0.014860208694011445,"10 market(s) allowlisted for NCAAF: moneyline, spread, total_points, alternate_spread, alternate_total_points, team_total, alternate_team_total, moneyline_h1, spread_h1, total_points_h1."
2026-10-07,401871051,False,2026-10-07T23:00:00Z,Kennesaw State Owls,Jacksonville State Gamecocks,alternate_total_points,under,36.5,430,fanduel,0.17252077745934274,-0.016158467823676137,"10 market(s) allowlisted for NCAAF: moneyline, spread, total_points, alternate_spread, alternate_total_points, team_total, alternate_team_total, moneyline_h1, spread_h1, total_points_h1."
2026-10-07,401871051,False,2026-10-07T23:00:00Z,Kennesaw State Owls,Jacksonville State Gamecocks,alternate_total_points,under,37.5,350,fanduel,0.19473013830378244,-0.02749208391843977,"10 market(s) allowlisted for NCAAF: moneyline, spread, total_points, alternate_spread, alternate_total_points, team_total, alternate_team_total, moneyline_h1, spread_h1, total_points_h1."
2026-10-07,401871051,False,2026-10-07T23:00:00Z,Kennesaw State Owls,Jacksonville State Gamecocks,alternate_total_points,under,38.5,320,fanduel,0.22444336483140687,-0.013651873263831216,"10 market(s) allowlisted for NCAAF: moneyline, spread, total_points, alternate_spread, alternate_total_points, team_total, alternate_team_total, moneyline_h1, spread_h1, total_points_h1."
2026-10-07,401871051,False,2026-10-07T23:00:00Z,Kennesaw State Owls,Jacksonville State Gamecocks,alternate_total_points,under,39.5,300,fanduel,0.2351851982618785,-0.014814801738121497,"10 market(s) allowlisted for NCAAF: moneyline, spread, total_points, alternate_spread, alternate_total_points, team_total, alternate_team_total, moneyline_h1, spread_h1, total_points_h1."
2026-10-07,401871051,False,2026-10-07T23:00:00Z,Kennesaw State Owls,Jacksonville State Gamecocks,alternate_total_points,under,40.5,265,fanduel,0.2550375892561806,-0.018935013483545426,"10 market(s) allowlisted for NCAAF: moneyline, spread, total_points, alternate_spread, alternate_total_points, team_total, alternate_team_total, moneyline_h1, spread_h1, total_points_h1."
2026-10-07,401871051,False,2026-10-07T23:00:00Z,Kennesaw State Owls,Jacksonville State Gamecocks,alternate_total_points,under,41.5,230,fanduel,0.2876989285720896,-0.01533137445821342,"10 market(s) allowlisted for NCAAF: moneyline, spread, total_points, alternate_spread, alternate_total_points, team_total, alternate_team_total, moneyline_h1, spread_h1, total_points_h1."
2026-10-07,401871051,False,2026-10-07T23:00:00Z,Kennesaw State Owls,Jacksonville State Gamecocks,alternate_total_points,under,42.5,215,fanduel,0.30150632211886813,-0.015953995341449312,"10 market(s) allowlisted for NCAAF: moneyline, spread, total_points, alternate_spread, alternate_total_points, team_total, alternate_team_total, moneyline_h1, spread_h1, total_points_h1."
2026-10-07,401871051,False,2026-10-07T23:00:00Z,Kennesaw State Owls,Jacksonville State Gamecocks,alternate_total_points,under,43.5,196,fanduel,0.3157168385679501,-0.022120999269887753,"10 market(s) allowlisted for NCAAF: moneyline, spread, total_points, alternate_spread, alternate_total_points, team_total, alternate_team_total, moneyline_h1, spread_h1, total_points_h1."
2026-10-07,401871051,False,2026-10-07T23:00:00Z,Kennesaw State Owls,Jacksonville State Gamecocks,alternate_total_points,under,44.5,168,fanduel,0.34820774820287526,-0.024926580155333722,"10 market(s) allowlisted for NCAAF: moneyline, spread, total_points, alternate_spread, alternate_total_points, team_total, alternate_team_total, moneyline_h1, spread_h1, total_points_h1."
2026-10-07,401871051,False,2026-10-07T23:00:00Z,Kennesaw State Owls,Jacksonville State Gamecocks,alternate_total_points,under,45.5,148,fanduel,0.3858178530508973,-0.017407953400715603,"10 market(s) allowlisted for NCAAF: moneyline, spread, total_points, alternate_spread, alternate_total_points, team_total, alternate_team_total, moneyline_h1, spread_h1, total_points_h1."
2026-10-07,401871051,False,2026-10-07T23:00:00Z,Kennesaw State Owls,Jacksonville State Gamecocks,alternate_total_points,under,46.5,140,fanduel,0.4036377602425843,-0.013028906424082387,"10 market(s) allowlisted for NCAAF: moneyline, spread, total_points, alternate_spread, alternate_total_points, team_total, alternate_team_total, moneyline_h1, spread_h1, total_points_h1."
2026-10-07,401871051,False,2026-10-07T23:00:00Z,Kennesaw State Owls,Jacksonville State Gamecocks,alternate_total_points,under,47.5,124,fanduel,0.4277757972989062,-0.01865277412966526,"10 market(s) allowlisted for NCAAF: moneyline, spread, total_points, alternate_spread, alternate_total_points, team_total, alternate_team_total, moneyline_h1, spread_h1, total_points_h1."
2026-10-07,401871051,False,2026-10-07T23:00:00Z,Kennesaw State Owls,Jacksonville State Gamecocks,alternate_total_points,under,48.5,110,fanduel,0.45922502057363623,-0.01696545561683993,"10 market(s) allowlisted for NCAAF: moneyline, spread, total_points, alternate_spread, alternate_total_points, team_total, alternate_team_total, moneyline_h1, spread_h1, total_points_h1."
2026-10-07,401871051,False,2026-10-07T23:00:00Z,Kennesaw State Owls,Jacksonville State Gamecocks,alternate_total_points,under,49.5,-102,fanduel,0.48846351721815057,-0.016486977831354388,"10 market(s) allowlisted for NCAAF: moneyline, spread, total_points, alternate_spread, alternate_total_points, team_total, alternate_team_total, moneyline_h1, spread_h1, total_points_h1."
2026-10-07,401871051,False,2026-10-07T23:00:00Z,Kennesaw State Owls,Jacksonville State Gamecocks,alternate_total_points,under,50.5,-111,fanduel,0.51153647417109,-0.014529876539810416,"10 market(s) allowlisted for NCAAF: moneyline, spread, total_points, alternate_spread, alternate_total_points, team_total, alternate_team_total, moneyline_h1, spread_h1, total_points_h1."
2026-10-07,401871051,False,2026-10-07T23:00:00Z,Kennesaw State Owls,Jacksonville State Gamecocks,alternate_total_points,under,51.5,-130,fanduel,0.549292871927175,-0.015924519377172763,"10 market(s) allowlisted for NCAAF: moneyline, spread, total_points, alternate_spread, alternate_total_points, team_total, alternate_team_total, moneyline_h1, spread_h1, total_points_h1."
2026-10-07,401871051,False,2026-10-07T23:00:00Z,Kennesaw State Owls,Jacksonville State Gamecocks,alternate_total_points,under,52.5,-146,fanduel,0.5706637991921355,-0.0228321357672141,"10 market(s) allowlisted for NCAAF: moneyline, spread, total_points, alternate_spread, alternate_total_points, team_total, alternate_team_total, moneyline_h1, spread_h1, total_points_h1."
2026-10-07,401871051,False,2026-10-07T23:00:00Z,Kennesaw State Owls,Jacksonville State Gamecocks,alternate_total_points,under,53.5,-158,fanduel,0.588669611056264,-0.023733489718929746,"10 market(s) allowlisted for NCAAF: moneyline, spread, total_points, alternate_spread, alternate_total_points, team_total, alternate_team_total, moneyline_h1, spread_h1, total_points_h1."
2026-10-07,401871051,False,2026-10-07T23:00:00Z,Kennesaw State Owls,Jacksonville State Gamecocks,alternate_total_points,under,54.5,-172,fanduel,0.6089233226187195,-0.023429618557751053,"10 market(s) allowlisted for NCAAF: moneyline, spread, total_points, alternate_spread, alternate_total_points, team_total, alternate_team_total, moneyline_h1, spread_h1, total_points_h1."
2026-10-07,401871051,False,2026-10-07T23:00:00Z,Kennesaw State Owls,Jacksonville State Gamecocks,alternate_total_points,under,55.5,-205,fanduel,0.6407741638463508,-0.0313569836946328,"10 market(s) allowlisted for NCAAF: moneyline, spread, total_points, alternate_spread, alternate_total_points, team_total, alternate_team_total, moneyline_h1, spread_h1, total_points_h1."
2026-10-07,401871051,False,2026-10-07T23:00:00Z,Kennesaw State Owls,Jacksonville State Gamecocks,alternate_total_points,under,56.5,-220,fanduel,0.6640113347820936,-0.02348866521790638,"10 market(s) allowlisted for NCAAF: moneyline, spread, total_points, alternate_spread, alternate_total_points, team_total, alternate_team_total, moneyline_h1, spread_h1, total_points_h1."
2026-10-07,401871051,False,2026-10-07T23:00:00Z,Kennesaw State Owls,Jacksonville State Gamecocks,alternate_total_points,under,57.5,-245,fanduel,0.6854106670936446,-0.024734260442587308,"10 market(s) allowlisted for NCAAF: moneyline, spread, total_points, alternate_spread, alternate_total_points, team_total, alternate_team_total, moneyline_h1, spread_h1, total_points_h1."
2026-10-07,401871051,False,2026-10-07T23:00:00Z,Kennesaw State Owls,Jacksonville State Gamecocks,alternate_total_points,under,58.5,-280,fanduel,0.7102611344192656,-0.026580970843892215,"10 market(s) allowlisted for NCAAF: moneyline, spread, total_points, alternate_spread, alternate_total_points, team_total, alternate_team_total, moneyline_h1, spread_h1, total_points_h1."
2026-10-07,401871051,False,2026-10-07T23:00:00Z,Kennesaw State Owls,Jacksonville State Gamecocks,alternate_total_points,under,59.5,-310,fanduel,0.7341578446336944,-0.021939716341915383,"10 market(s) allowlisted for NCAAF: moneyline, spread, total_points, alternate_spread, alternate_total_points, team_total, alternate_team_total, moneyline_h1, spread_h1, total_points_h1."
2026-10-07,401871051,False,2026-10-07T23:00:00Z,Kennesaw State Owls,Jacksonville State Gamecocks,alternate_total_points,under,60.5,-340,fanduel,0.7455369516204803,-0.027190321106792426,"10 market(s) allowlisted for NCAAF: moneyline, spread, total_points, alternate_spread, alternate_total_points, team_total, alternate_team_total, moneyline_h1, spread_h1, total_points_h1."
2026-10-07,401871051,False,2026-10-07T23:00:00Z,Kennesaw State Owls,Jacksonville State Gamecocks,alternate_total_points,under,61.5,-390,fanduel,0.7655927016596249,-0.030325665687313874,"10 market(s) allowlisted for NCAAF: moneyline, spread, total_points, alternate_spread, alternate_total_points, team_total, alternate_team_total, moneyline_h1, spread_h1, total_points_h1."
2026-10-07,401871051,False,2026-10-07T23:00:00Z,Kennesaw State Owls,Jacksonville State Gamecocks,alternate_total_points,under,62.5,-430,fanduel,0.7857381310063271,-0.025582623710654118,"10 market(s) allowlisted for NCAAF: moneyline, spread, total_points, alternate_spread, alternate_total_points, team_total, alternate_team_total, moneyline_h1, spread_h1, total_points_h1."
2026-10-07,401871051,False,2026-10-07T23:00:00Z,Kennesaw State Owls,Jacksonville State Gamecocks,alternate_total_points,under,63.5,-500,fanduel,0.8018825547946035,-0.03145077853872991,"10 market(s) allowlisted for NCAAF: moneyline, spread, total_points, alternate_spread, alternate_total_points, team_total, alternate_team_total, moneyline_h1, spread_h1, total_points_h1."
2026-10-07,401871051,False,2026-10-07T23:00:00Z,Kennesaw State Owls,Jacksonville State Gamecocks,alternate_total_points,under,64.5,-520,fanduel,0.8127961610012142,-0.02591351641814066,"10 market(s) allowlisted for NCAAF: moneyline, spread, total_points, alternate_spread, alternate_total_points, team_total, alternate_team_total, moneyline_h1, spread_h1, total_points_h1."
2026-10-07,401871051,False,2026-10-07T23:00:00Z,Kennesaw State Owls,Jacksonville State Gamecocks,alternate_total_points,under,65.5,-650,fanduel,0.8338192755202921,-0.03284739114637458,"10 market(s) allowlisted for NCAAF: moneyline, spread, total_points, alternate_spread, alternate_total_points, team_total, alternate_team_total, moneyline_h1, spread_h1, total_points_h1."
2026-10-07,401871051,False,2026-10-07T23:00:00Z,Kennesaw State Owls,Jacksonville State Gamecocks,alternate_total_points,under,66.5,-720,fanduel,0.8511517838279548,-0.026896996659850125,"10 market(s) allowlisted for NCAAF: moneyline, spread, total_points, alternate_spread, alternate_total_points, team_total, alternate_team_total, moneyline_h1, spread_h1, total_points_h1."
2026-10-07,401871051,False,2026-10-07T23:00:00Z,Kennesaw State Owls,Jacksonville State Gamecocks,alternate_total_points,under,67.5,-800,fanduel,0.8613863091049463,-0.02750257978394255,"10 market(s) allowlisted for NCAAF: moneyline, spread, total_points, alternate_spread, alternate_total_points, team_total, alternate_team_total, moneyline_h1, spread_h1, total_points_h1."
2026-10-07,401871051,False,2026-10-07T23:00:00Z,Kennesaw State Owls,Jacksonville State Gamecocks,alternate_total_points,under,68.5,-900,fanduel,0.8736757290310629,-0.02632427096893708,"10 market(s) allowlisted for NCAAF: moneyline, spread, total_points, alternate_spread, alternate_total_points, team_total, alternate_team_total, moneyline_h1, spread_h1, total_points_h1."
2026-10-07,401871051,False,2026-10-07T23:00:00Z,Kennesaw State Owls,Jacksonville State Gamecocks,alternate_total_points,under,69.5,-1100,fanduel,0.8887143722036444,-0.027952294463022276,"10 market(s) allowlisted for NCAAF: moneyline, spread, total_points, alternate_spread, alternate_total_points, team_total, alternate_team_total, moneyline_h1, spread_h1, total_points_h1."
2026-10-07,401871051,False,2026-10-07T23:00:00Z,Kennesaw State Owls,Jacksonville State Gamecocks,alternate_total_points,under,70.5,-1400,fanduel,0.8985570246609874,-0.034776308672345935,"10 market(s) allowlisted for NCAAF: moneyline, spread, total_points, alternate_spread, alternate_total_points, team_total, alternate_team_total, moneyline_h1, spread_h1, total_points_h1."
2026-10-07,401871051,False,2026-10-07T23:00:00Z,Kennesaw State Owls,Jacksonville State Gamecocks,alternate_total_points,under,71.5,-1600,fanduel,0.9059134609168956,-0.03526300967133966,"10 market(s) allowlisted for NCAAF: moneyline, spread, total_points, alternate_spread, alternate_total_points, team_total, alternate_team_total, moneyline_h1, spread_h1, total_points_h1."
2026-10-07,401871051,False,2026-10-07T23:00:00Z,Kennesaw State Owls,Jacksonville State Gamecocks,alternate_total_points,under,72.5,-2000,fanduel,0.9151403509219889,-0.03724060145896346,"10 market(s) allowlisted for NCAAF: moneyline, spread, total_points, alternate_spread, alternate_total_points, team_total, alternate_team_total, moneyline_h1, spread_h1, total_points_h1."
2026-10-07,401871051,False,2026-10-07T23:00:00Z,Kennesaw State Owls,Jacksonville State Gamecocks,alternate_total_points,under,73.5,-2500,fanduel,0.9262312285286158,-0.03530723300984573,"10 market(s) allowlisted for NCAAF: moneyline, spread, total_points, alternate_spread, alternate_total_points, team_total, alternate_team_total, moneyline_h1, spread_h1, total_points_h1."
2026-10-07,401871051,False,2026-10-07T23:00:00Z,Kennesaw State Owls,Jacksonville State Gamecocks,alternate_total_points,under,74.5,-2500,fanduel,0.9324490664711472,-0.02908939506731434,"10 market(s) allowlisted for NCAAF: moneyline, spread, total_points, alternate_spread, alternate_total_points, team_total, alternate_team_total, moneyline_h1, spread_h1, total_points_h1."
2026-10-07,401871051,False,2026-10-07T23:00:00Z,Kennesaw State Owls,Jacksonville State Gamecocks,alternate_total_points,under,75.5,-3500,fanduel,0.9408347589198448,-0.031387463302377405,"10 market(s) allowlisted for NCAAF: moneyline, spread, total_points, alternate_spread, alternate_total_points, team_total, alternate_team_total, moneyline_h1, spread_h1, total_points_h1."
2026-10-07,401871051,False,2026-10-07T23:00:00Z,Kennesaw State Owls,Jacksonville State Gamecocks,alternate_total_points,under,76.5,-4000,fanduel,0.945008529072508,-0.03060122702505297,"10 market(s) allowlisted for NCAAF: moneyline, spread, total_points, alternate_spread, alternate_total_points, team_total, alternate_team_total, moneyline_h1, spread_h1, total_points_h1."
2026-10-07,401871051,False,2026-10-07T23:00:00Z,Kennesaw State Owls,Jacksonville State Gamecocks,alternate_total_points,under,77.5,-5000,fanduel,0.949778883514032,-0.03061327334871311,"10 market(s) allowlisted for NCAAF: moneyline, spread, total_points, alternate_spread, alternate_total_points, team_total, alternate_team_total, moneyline_h1, spread_h1, total_points_h1."
2026-10-07,401871051,False,2026-10-07T23:00:00Z,Kennesaw State Owls,Jacksonville State Gamecocks,alternate_total_points,under,78.5,-5000,fanduel,0.95213355745077,-0.02825859941197506,"10 market(s) allowlisted for NCAAF: moneyline, spread, total_points, alternate_spread, alternate_total_points, team_total, alternate_team_total, moneyline_h1, spread_h1, total_points_h1."
2026-10-07,401871051,False,2026-10-07T23:00:00Z,Kennesaw State Owls,Jacksonville State Gamecocks,alternate_total_points,under,79.5,-6000,fanduel,0.9605720663049944,-0.023034491072054797,"10 market(s) allowlisted for NCAAF: moneyline, spread, total_points, alternate_spread, alternate_total_points, team_total, alternate_team_total, moneyline_h1, spread_h1, total_points_h1."
2026-10-07,401871051,False,2026-10-07T23:00:00Z,Kennesaw State Owls,Jacksonville State Gamecocks,alternate_spread,away,-24.5,1000,draftkings,0.09594795510440916,0.005038864195318252,"10 market(s) allowlisted for NCAAF: moneyline, spread, total_points, alternate_spread, alternate_total_points, team_total, alternate_team_total, moneyline_h1, spread_h1, total_points_h1."
2026-10-07,401871051,False,2026-10-07T23:00:00Z,Kennesaw State Owls,Jacksonville State Gamecocks,alternate_spread,away,-23.5,860,draftkings,0.1191916890023135,0.015025022335646829,"10 market(s) allowlisted for NCAAF: moneyline, spread, total_points, alternate_spread, alternate_total_points, team_total, alternate_team_total, moneyline_h1, spread_h1, total_points_h1."
2026-10-07,401871051,False,2026-10-07T23:00:00Z,Kennesaw State Owls,Jacksonville State Gamecocks,alternate_spread,away,-22.5,800,draftkings,0.13297688613993264,0.021865775028821532,"10 market(s) allowlisted for NCAAF: moneyline, spread, total_points, alternate_spread, alternate_total_points, team_total, alternate_team_total, moneyline_h1, spread_h1, total_points_h1."
2026-10-07,401871051,False,2026-10-07T23:00:00Z,Kennesaw State Owls,Jacksonville State Gamecocks,alternate_spread,away,-21.5,750,draftkings,0.13934001653393635,0.02169295771040694,"10 market(s) allowlisted for NCAAF: moneyline, spread, total_points, alternate_spread, alternate_total_points, team_total, alternate_team_total, moneyline_h1, spread_h1, total_points_h1."
2026-10-07,401871051,False,2026-10-07T23:00:00Z,Kennesaw State Owls,Jacksonville State Gamecocks,alternate_spread,away,-20.5,630,draftkings,0.15629811897634704,0.01931181760648404,"10 market(s) allowlisted for NCAAF: moneyline, spread, total_points, alternate_spread, alternate_total_points, team_total, alternate_team_total, moneyline_h1, spread_h1, total_points_h1."
2026-10-07,401871051,False,2026-10-07T23:00:00Z,Kennesaw State Owls,Jacksonville State Gamecocks,alternate_spread,away,-19.5,565,draftkings,0.16695627869963198,0.016580338850007925,"10 market(s) allowlisted for NCAAF: moneyline, spread, total_points, alternate_spread, alternate_total_points, team_total, alternate_team_total, moneyline_h1, spread_h1, total_points_h1."
2026-10-07,401871051,False,2026-10-07T23:00:00Z,Kennesaw State Owls,Jacksonville State Gamecocks,alternate_spread,away,-18.5,526,draftkings,0.17506791445169312,0.015323505506006224,"10 market(s) allowlisted for NCAAF: moneyline, spread, total_points, alternate_spread, alternate_total_points, team_total, alternate_team_total, moneyline_h1, spread_h1, total_points_h1."
2026-10-07,401871051,False,2026-10-07T23:00:00Z,Kennesaw State Owls,Jacksonville State Gamecocks,alternate_spread,away,-17.5,476,draftkings,0.19121196591690867,0.017600854805797567,"10 market(s) allowlisted for NCAAF: moneyline, spread, total_points, alternate_spread, alternate_total_points, team_total, alternate_team_total, moneyline_h1, spread_h1, total_points_h1."
2026-10-07,401871051,False,2026-10-07T23:00:00Z,Kennesaw State Owls,Jacksonville State Gamecocks,alternate_spread,away,-16.5,404,draftkings,0.2135975296758345,0.015184831263136106,"10 market(s) allowlisted for NCAAF: moneyline, spread, total_points, alternate_spread, alternate_total_points, team_total, alternate_team_total, moneyline_h1, spread_h1, total_points_h1."
2026-10-07,401871051,False,2026-10-07T23:00:00Z,Kennesaw State Owls,Jacksonville State Gamecocks,alternate_spread,away,-15.5,373,draftkings,0.22291306535930405,0.011496574873046117,"10 market(s) allowlisted for NCAAF: moneyline, spread, total_points, alternate_spread, alternate_total_points, team_total, alternate_team_total, moneyline_h1, spread_h1, total_points_h1."
2026-10-07,401871051,False,2026-10-07T23:00:00Z,Kennesaw State Owls,Jacksonville State Gamecocks,alternate_spread,away,-14.5,350,draftkings,0.237636206639265,0.015413984417042781,"10 market(s) allowlisted for NCAAF: moneyline, spread, total_points, alternate_spread, alternate_total_points, team_total, alternate_team_total, moneyline_h1, spread_h1, total_points_h1."
2026-10-07,401871051,False,2026-10-07T23:00:00Z,Kennesaw State Owls,Jacksonville State Gamecocks,alternate_spread,away,-13.5,296,draftkings,0.26938852013125686,0.016863267606004317,"10 market(s) allowlisted for NCAAF: moneyline, spread, total_points, alternate_spread, alternate_total_points, team_total, alternate_team_total, moneyline_h1, spread_h1, total_points_h1."
2026-10-07,401871051,False,2026-10-07T23:00:00Z,Kennesaw State Owls,Jacksonville State Gamecocks,alternate_spread,away,-12.5,274,draftkings,0.28487670428614015,0.017497025141755107,"10 market(s) allowlisted for NCAAF: moneyline, spread, total_points, alternate_spread, alternate_total_points, team_total, alternate_team_total, moneyline_h1, spread_h1, total_points_h1."
2026-10-07,401871051,False,2026-10-07T23:00:00Z,Kennesaw State Owls,Jacksonville State Gamecocks,alternate_spread,away,-11.5,257,draftkings,0.30070766899143486,0.020595624173507687,"10 market(s) allowlisted for NCAAF: moneyline, spread, total_points, alternate_spread, alternate_total_points, team_total, alternate_team_total, moneyline_h1, spread_h1, total_points_h1."
2026-10-07,401871051,False,2026-10-07T23:00:00Z,Kennesaw State Owls,Jacksonville State Gamecocks,alternate_spread,away,-10.5,236,draftkings,0.32199890758614325,0.02437985996709563,"10 market(s) allowlisted for NCAAF: moneyline, spread, total_points, alternate_spread, alternate_total_points, team_total, alternate_team_total, moneyline_h1, spread_h1, total_points_h1."
2026-10-07,401871051,False,2026-10-07T23:00:00Z,Kennesaw State Owls,Jacksonville State Gamecocks,alternate_spread,away,-9.5,200,draftkings,0.34586689850448343,0.012533565171150118,"10 market(s) allowlisted for NCAAF: moneyline, spread, total_points, alternate_spread, alternate_total_points, team_total, alternate_team_total, moneyline_h1, spread_h1, total_points_h1."
2026-10-07,401871051,False,2026-10-07T23:00:00Z,Kennesaw State Owls,Jacksonville State Gamecocks,alternate_spread,away,-8.5,189,draftkings,0.3534855027682844,0.007464741522609675,"10 market(s) allowlisted for NCAAF: moneyline, spread, total_points, alternate_spread, alternate_total_points, team_total, alternate_team_total, moneyline_h1, spread_h1, total_points_h1."
2026-10-07,401871051,False,2026-10-07T23:00:00Z,Kennesaw State Owls,Jacksonville State Gamecocks,alternate_spread,away,-7.5,172,draftkings,0.3726577834405857,0.005010724617056261,"10 market(s) allowlisted for NCAAF: moneyline, spread, total_points, alternate_spread, alternate_total_points, team_total, alternate_team_total, moneyline_h1, spread_h1, total_points_h1."
2026-10-07,401871051,False,2026-10-07T23:00:00Z,Kennesaw State Owls,Jacksonville State Gamecocks,alternate_spread,away,-6.5,135,draftkings,0.41121463965846183,-0.014317275235155191,"10 market(s) allowlisted for NCAAF: moneyline, spread, total_points, alternate_spread, alternate_total_points, team_total, alternate_team_total, moneyline_h1, spread_h1, total_points_h1."
2026-10-07,401871051,False,2026-10-07T23:00:00Z,Kennesaw State Owls,Jacksonville State Gamecocks,alternate_spread,away,-5.5,120,draftkings,0.4348251140532361,-0.019720340492218436,"10 market(s) allowlisted for NCAAF: moneyline, spread, total_points, alternate_spread, alternate_total_points, team_total, alternate_team_total, moneyline_h1, spread_h1, total_points_h1."
2026-10-07,401871051,False,2026-10-07T23:00:00Z,Kennesaw State Owls,Jacksonville State Gamecocks,alternate_spread,away,-4.5,110,draftkings,0.4441788711566428,-0.03201160503383338,"10 market(s) allowlisted for NCAAF: moneyline, spread, total_points, alternate_spread, alternate_total_points, team_total, alternate_team_total, moneyline_h1, spread_h1, total_points_h1."
2026-10-07,401871051,False,2026-10-07T23:00:00Z,Kennesaw State Owls,Jacksonville State Gamecocks,alternate_spread,away,-3.5,100,draftkings,0.46688409344857673,-0.03311590655142327,"10 market(s) allowlisted for NCAAF: moneyline, spread, total_points, alternate_spread, alternate_total_points, team_total, alternate_team_total, moneyline_h1, spread_h1, total_points_h1."
2026-10-07,401871051,False,2026-10-07T23:00:00Z,Kennesaw State Owls,Jacksonville State Gamecocks,alternate_spread,away,-2.5,-134,draftkings,0.5331159156747057,-0.03953365697486688,"10 market(s) allowlisted for NCAAF: moneyline, spread, total_points, alternate_spread, alternate_total_points, team_total, alternate_team_total, moneyline_h1, spread_h1, total_points_h1."
2026-10-07,401871051,False,2026-10-07T23:00:00Z,Kennesaw State Owls,Jacksonville State Gamecocks,alternate_spread,away,-1.5,-150,draftkings,0.5681623735608416,-0.03183762643915833,"10 market(s) allowlisted for NCAAF: moneyline, spread, total_points, alternate_spread, alternate_total_points, team_total, alternate_team_total, moneyline_h1, spread_h1, total_points_h1."
2026-10-07,401871051,False,2026-10-07T23:00:00Z,Kennesaw State Owls,Jacksonville State Gamecocks,alternate_spread,away,1.5,-179,draftkings,0.6097152696442641,-0.031861791287635444,"10 market(s) allowlisted for NCAAF: moneyline, spread, total_points, alternate_spread, alternate_total_points, team_total, alternate_team_total, moneyline_h1, spread_h1, total_points_h1."
2026-10-07,401871051,False,2026-10-07T23:00:00Z,Kennesaw State Owls,Jacksonville State Gamecocks,alternate_spread,away,2.5,-196,draftkings,0.6380003350831198,-0.024161827079042353,"10 market(s) allowlisted for NCAAF: moneyline, spread, total_points, alternate_spread, alternate_total_points, team_total, alternate_team_total, moneyline_h1, spread_h1, total_points_h1."
2026-10-07,401871051,False,2026-10-07T23:00:00Z,Kennesaw State Owls,Jacksonville State Gamecocks,alternate_spread,away,3.5,-259,draftkings,0.6973438783803906,-0.024104589586183223,"10 market(s) allowlisted for NCAAF: moneyline, spread, total_points, alternate_spread, alternate_total_points, team_total, alternate_team_total, moneyline_h1, spread_h1, total_points_h1."
2026-10-07,401871051,False,2026-10-07T23:00:00Z,Kennesaw State Owls,Jacksonville State Gamecocks,alternate_spread,away,4.5,-291,draftkings,0.7132183743535421,-0.03102714994313316,"10 market(s) allowlisted for NCAAF: moneyline, spread, total_points, alternate_spread, alternate_total_points, team_total, alternate_team_total, moneyline_h1, spread_h1, total_points_h1."
2026-10-07,401871051,False,2026-10-07T23:00:00Z,Kennesaw State Owls,Jacksonville State Gamecocks,alternate_spread,away,5.5,-318,draftkings,0.7290026619231138,-0.03176288831612062,"10 market(s) allowlisted for NCAAF: moneyline, spread, total_points, alternate_spread, alternate_total_points, team_total, alternate_team_total, moneyline_h1, spread_h1, total_points_h1."
2026-10-07,401871051,False,2026-10-07T23:00:00Z,Kennesaw State Owls,Jacksonville State Gamecocks,alternate_spread,away,6.5,-363,draftkings,0.7521008839208989,-0.03191639469681162,"10 market(s) allowlisted for NCAAF: moneyline, spread, total_points, alternate_spread, alternate_total_points, team_total, alternate_team_total, moneyline_h1, spread_h1, total_points_h1."
2026-10-07,401871051,False,2026-10-07T23:00:00Z,Kennesaw State Owls,Jacksonville State Gamecocks,alternate_spread,away,7.5,-497,draftkings,0.7923239434800413,-0.04017186891526858,"10 market(s) allowlisted for NCAAF: moneyline, spread, total_points, alternate_spread, alternate_total_points, team_total, alternate_team_total, moneyline_h1, spread_h1, total_points_h1."
2026-10-07,401871051,False,2026-10-07T23:00:00Z,Kennesaw State Owls,Jacksonville State Gamecocks,alternate_spread,away,8.5,-566,draftkings,0.8119595927229348,-0.03789025712691507,"10 market(s) allowlisted for NCAAF: moneyline, spread, total_points, alternate_spread, alternate_total_points, team_total, alternate_team_total, moneyline_h1, spread_h1, total_points_h1."
2026-10-07,401871051,False,2026-10-07T23:00:00Z,Kennesaw State Owls,Jacksonville State Gamecocks,alternate_spread,away,9.5,-620,draftkings,0.8198635837607151,-0.04124752735039605,"10 market(s) allowlisted for NCAAF: moneyline, spread, total_points, alternate_spread, alternate_total_points, team_total, alternate_team_total, moneyline_h1, spread_h1, total_points_h1."
2026-10-07,401871051,False,2026-10-07T23:00:00Z,Kennesaw State Owls,Jacksonville State Gamecocks,alternate_spread,away,10.5,-780,draftkings,0.8340549474173152,-0.052308688946321125,"10 market(s) allowlisted for NCAAF: moneyline, spread, total_points, alternate_spread, alternate_total_points, team_total, alternate_team_total, moneyline_h1, spread_h1, total_points_h1."
2026-10-07,401871051,False,2026-10-07T23:00:00Z,Kennesaw State Owls,Jacksonville State Gamecocks,alternate_spread,away,11.5,-890,draftkings,0.8475808756223225,-0.05140902336757647,"10 market(s) allowlisted for NCAAF: moneyline, spread, total_points, alternate_spread, alternate_total_points, team_total, alternate_team_total, moneyline_h1, spread_h1, total_points_h1."
2026-10-07,401871051,False,2026-10-07T23:00:00Z,Kennesaw State Owls,Jacksonville State Gamecocks,alternate_spread,away,12.5,-1020,draftkings,0.851419385641051,-0.05929490007323468,"10 market(s) allowlisted for NCAAF: moneyline, spread, total_points, alternate_spread, alternate_total_points, team_total, alternate_team_total, moneyline_h1, spread_h1, total_points_h1."
2026-10-07,401871051,False,2026-10-07T23:00:00Z,Kennesaw State Owls,Jacksonville State Gamecocks,alternate_spread,away,13.5,-1180,draftkings,0.8675420948339415,-0.05433290516605849,"10 market(s) allowlisted for NCAAF: moneyline, spread, total_points, alternate_spread, alternate_total_points, team_total, alternate_team_total, moneyline_h1, spread_h1, total_points_h1."
2026-10-07,401871051,False,2026-10-07T23:00:00Z,Kennesaw State Owls,Jacksonville State Gamecocks,alternate_spread,away,14.5,-1580,draftkings,0.8895607492203332,-0.05091544125585723,"10 market(s) allowlisted for NCAAF: moneyline, spread, total_points, alternate_spread, alternate_total_points, team_total, alternate_team_total, moneyline_h1, spread_h1, total_points_h1."
2026-10-07,401871051,False,2026-10-07T23:00:00Z,Kennesaw State Owls,Jacksonville State Gamecocks,alternate_spread,away,15.5,-1820,draftkings,0.9026624442982197,-0.045254222368446895,"10 market(s) allowlisted for NCAAF: moneyline, spread, total_points, alternate_spread, alternate_total_points, team_total, alternate_team_total, moneyline_h1, spread_h1, total_points_h1."
2026-10-07,401871051,False,2026-10-07T23:00:00Z,Kennesaw State Owls,Jacksonville State Gamecocks,alternate_spread,away,16.5,-2100,draftkings,0.9125653591821898,-0.04198009536326475,"10 market(s) allowlisted for NCAAF: moneyline, spread, total_points, alternate_spread, alternate_total_points, team_total, alternate_team_total, moneyline_h1, spread_h1, total_points_h1."
2026-10-07,401871051,False,2026-10-07T23:00:00Z,Kennesaw State Owls,Jacksonville State Gamecocks,alternate_spread,away,17.5,-3200,draftkings,0.9216189514481444,-0.048078018248825294,"10 market(s) allowlisted for NCAAF: moneyline, spread, total_points, alternate_spread, alternate_total_points, team_total, alternate_team_total, moneyline_h1, spread_h1, total_points_h1."
2026-10-07,401871051,False,2026-10-07T23:00:00Z,Kennesaw State Owls,Jacksonville State Gamecocks,alternate_spread,away,18.5,-4500,draftkings,0.9274687299584453,-0.05079213960677209,"10 market(s) allowlisted for NCAAF: moneyline, spread, total_points, alternate_spread, alternate_total_points, team_total, alternate_team_total, moneyline_h1, spread_h1, total_points_h1."
2026-10-07,401871051,False,2026-10-07T23:00:00Z,Kennesaw State Owls,Jacksonville State Gamecocks,alternate_spread,home,24.5,-4700,draftkings,0.9040520448955913,-0.07511462177107531,"10 market(s) allowlisted for NCAAF: moneyline, spread, total_points, alternate_spread, alternate_total_points, team_total, alternate_team_total, moneyline_h1, spread_h1, total_points_h1."
2026-10-07,401871051,False,2026-10-07T23:00:00Z,Kennesaw State Owls,Jacksonville State Gamecocks,alternate_spread,home,23.5,-2800,draftkings,0.8808083109976867,-0.08470893038162364,"10 market(s) allowlisted for NCAAF: moneyline, spread, total_points, alternate_spread, alternate_total_points, team_total, alternate_team_total, moneyline_h1, spread_h1, total_points_h1."
2026-10-07,401871051,False,2026-10-07T23:00:00Z,Kennesaw State Owls,Jacksonville State Gamecocks,alternate_spread,home,22.5,-2300,draftkings,0.8670231138600676,-0.09131021947326579,"10 market(s) allowlisted for NCAAF: moneyline, spread, total_points, alternate_spread, alternate_total_points, team_total, alternate_team_total, moneyline_h1, spread_h1, total_points_h1."
2026-10-07,401871051,False,2026-10-07T23:00:00Z,Kennesaw State Owls,Jacksonville State Gamecocks,alternate_spread,home,21.5,-1980,draftkings,0.8606599834660639,-0.091263093457013,"10 market(s) allowlisted for NCAAF: moneyline, spread, total_points, alternate_spread, alternate_total_points, team_total, alternate_team_total, moneyline_h1, spread_h1, total_points_h1."
2026-10-07,401871051,False,2026-10-07T23:00:00Z,Kennesaw State Owls,Jacksonville State Gamecocks,alternate_spread,home,20.5,-1400,draftkings,0.8437018810236532,-0.08963145230968017,"10 market(s) allowlisted for NCAAF: moneyline, spread, total_points, alternate_spread, alternate_total_points, team_total, alternate_team_total, moneyline_h1, spread_h1, total_points_h1."
2026-10-07,401871051,False,2026-10-07T23:00:00Z,Kennesaw State Owls,Jacksonville State Gamecocks,alternate_spread,home,19.5,-1140,draftkings,0.8330437213003683,-0.08631111740930908,"10 market(s) allowlisted for NCAAF: moneyline, spread, total_points, alternate_spread, alternate_total_points, team_total, alternate_team_total, moneyline_h1, spread_h1, total_points_h1."
2026-10-07,401871051,False,2026-10-07T23:00:00Z,Kennesaw State Owls,Jacksonville State Gamecocks,alternate_spread,home,18.5,-1020,draftkings,0.8249320855483071,-0.0857822001659786,"10 market(s) allowlisted for NCAAF: moneyline, spread, total_points, alternate_spread, alternate_total_points, team_total, alternate_team_total, moneyline_h1, spread_h1, total_points_h1."
2026-10-07,401871051,False,2026-10-07T23:00:00Z,Kennesaw State Owls,Jacksonville State Gamecocks,alternate_spread,home,17.5,-860,draftkings,0.8087880340830915,-0.08704529925024185,"10 market(s) allowlisted for NCAAF: moneyline, spread, total_points, alternate_spread, alternate_total_points, team_total, alternate_team_total, moneyline_h1, spread_h1, total_points_h1."
2026-10-07,401871051,False,2026-10-07T23:00:00Z,Kennesaw State Owls,Jacksonville State Gamecocks,alternate_spread,home,16.5,-680,draftkings,0.7864024703241657,-0.08539240147070615,"10 market(s) allowlisted for NCAAF: moneyline, spread, total_points, alternate_spread, alternate_total_points, team_total, alternate_team_total, moneyline_h1, spread_h1, total_points_h1."
2026-10-07,401871051,False,2026-10-07T23:00:00Z,Kennesaw State Owls,Jacksonville State Gamecocks,alternate_spread,home,15.5,-610,draftkings,0.7770869346406961,-0.08206799493676864,"10 market(s) allowlisted for NCAAF: moneyline, spread, total_points, alternate_spread, alternate_total_points, team_total, alternate_team_total, moneyline_h1, spread_h1, total_points_h1."
2026-10-07,401871051,False,2026-10-07T23:00:00Z,Kennesaw State Owls,Jacksonville State Gamecocks,alternate_spread,home,14.5,-557,draftkings,0.7623637933607352,-0.08542920511719476,"10 market(s) allowlisted for NCAAF: moneyline, spread, total_points, alternate_spread, alternate_total_points, team_total, alternate_team_total, moneyline_h1, spread_h1, total_points_h1."
2026-10-07,401871051,False,2026-10-07T23:00:00Z,Kennesaw State Owls,Jacksonville State Gamecocks,alternate_spread,home,13.5,-448,draftkings,0.7306114798687433,-0.08690676830643917,"10 market(s) allowlisted for NCAAF: moneyline, spread, total_points, alternate_spread, alternate_total_points, team_total, alternate_team_total, moneyline_h1, spread_h1, total_points_h1."
2026-10-07,401871051,False,2026-10-07T23:00:00Z,Kennesaw State Owls,Jacksonville State Gamecocks,alternate_spread,home,12.5,-407,draftkings,0.71512329571386,-0.08763804550901966,"10 market(s) allowlisted for NCAAF: moneyline, spread, total_points, alternate_spread, alternate_total_points, team_total, alternate_team_total, moneyline_h1, spread_h1, total_points_h1."
2026-10-07,401871051,False,2026-10-07T23:00:00Z,Kennesaw State Owls,Jacksonville State Gamecocks,alternate_spread,home,11.5,-375,draftkings,0.6992923310085654,-0.09018135320196097,"10 market(s) allowlisted for NCAAF: moneyline, spread, total_points, alternate_spread, alternate_total_points, team_total, alternate_team_total, moneyline_h1, spread_h1, total_points_h1."
2026-10-07,401871051,False,2026-10-07T23:00:00Z,Kennesaw State Owls,Jacksonville State Gamecocks,alternate_spread,home,10.5,-340,draftkings,0.6780010924138571,-0.09472618031341562,"10 market(s) allowlisted for NCAAF: moneyline, spread, total_points, alternate_spread, alternate_total_points, team_total, alternate_team_total, moneyline_h1, spread_h1, total_points_h1."
2026-10-07,401871051,False,2026-10-07T23:00:00Z,Kennesaw State Owls,Jacksonville State Gamecocks,alternate_spread,home,9.5,-280,draftkings,0.6541331014955168,-0.08270900376764101,"10 market(s) allowlisted for NCAAF: moneyline, spread, total_points, alternate_spread, alternate_total_points, team_total, alternate_team_total, moneyline_h1, spread_h1, total_points_h1."
2026-10-07,401871051,False,2026-10-07T23:00:00Z,Kennesaw State Owls,Jacksonville State Gamecocks,alternate_spread,home,8.5,-262,draftkings,0.6465144972317158,-0.07724240884563227,"10 market(s) allowlisted for NCAAF: moneyline, spread, total_points, alternate_spread, alternate_total_points, team_total, alternate_team_total, moneyline_h1, spread_h1, total_points_h1."
2026-10-07,401871051,False,2026-10-07T23:00:00Z,Kennesaw State Owls,Jacksonville State Gamecocks,alternate_spread,home,7.5,-236,draftkings,0.6273422165594146,-0.07503873582153775,"10 market(s) allowlisted for NCAAF: moneyline, spread, total_points, alternate_spread, alternate_total_points, team_total, alternate_team_total, moneyline_h1, spread_h1, total_points_h1."
2026-10-07,401871051,False,2026-10-07T23:00:00Z,Kennesaw State Owls,Jacksonville State Gamecocks,alternate_spread,home,6.5,-181,draftkings,0.5887853603415384,-0.055342753537465206,"10 market(s) allowlisted for NCAAF: moneyline, spread, total_points, alternate_spread, alternate_total_points, team_total, alternate_team_total, moneyline_h1, spread_h1, total_points_h1."
2026-10-07,401871051,False,2026-10-07T23:00:00Z,Kennesaw State Owls,Jacksonville State Gamecocks,alternate_spread,home,5.5,-161,draftkings,0.5651748859467641,-0.05168335160112858,"10 market(s) allowlisted for NCAAF: moneyline, spread, total_points, alternate_spread, alternate_total_points, team_total, alternate_team_total, moneyline_h1, spread_h1, total_points_h1."
2026-10-07,401871051,False,2026-10-07T23:00:00Z,Kennesaw State Owls,Jacksonville State Gamecocks,alternate_spread,home,4.5,-147,draftkings,0.5558211288433574,-0.03932057156150082,"10 market(s) allowlisted for NCAAF: moneyline, spread, total_points, alternate_spread, alternate_total_points, team_total, alternate_team_total, moneyline_h1, spread_h1, total_points_h1."
2026-10-07,401871051,False,2026-10-07T23:00:00Z,Kennesaw State Owls,Jacksonville State Gamecocks,alternate_spread,home,3.5,-133,draftkings,0.5331159065514235,-0.03769954409235332,"10 market(s) allowlisted for NCAAF: moneyline, spread, total_points, alternate_spread, alternate_total_points, team_total, alternate_team_total, moneyline_h1, spread_h1, total_points_h1."
2026-10-07,401871051,False,2026-10-07T23:00:00Z,Kennesaw State Owls,Jacksonville State Gamecocks,alternate_spread,home,2.5,101,draftkings,0.46688408432529405,-0.03062835348565124,"10 market(s) allowlisted for NCAAF: moneyline, spread, total_points, alternate_spread, alternate_total_points, team_total, alternate_team_total, moneyline_h1, spread_h1, total_points_h1."
2026-10-07,401871051,False,2026-10-07T23:00:00Z,Kennesaw State Owls,Jacksonville State Gamecocks,alternate_spread,home,1.5,113,draftkings,0.43183762643915813,-0.037645941635959246,"10 market(s) allowlisted for NCAAF: moneyline, spread, total_points, alternate_spread, alternate_total_points, team_total, alternate_team_total, moneyline_h1, spread_h1, total_points_h1."
2026-10-07,401871051,False,2026-10-07T23:00:00Z,Kennesaw State Owls,Jacksonville State Gamecocks,alternate_spread,home,-1.5,133,draftkings,0.39028473035573563,-0.03889981900048756,"10 market(s) allowlisted for NCAAF: moneyline, spread, total_points, alternate_spread, alternate_total_points, team_total, alternate_team_total, moneyline_h1, spread_h1, total_points_h1."
2026-10-07,401871051,False,2026-10-07T23:00:00Z,Kennesaw State Owls,Jacksonville State Gamecocks,alternate_spread,home,-2.5,145,draftkings,0.36199966491688,-0.04616360038924244,"10 market(s) allowlisted for NCAAF: moneyline, spread, total_points, alternate_spread, alternate_total_points, team_total, alternate_team_total, moneyline_h1, spread_h1, total_points_h1."
2026-10-07,401871051,False,2026-10-07T23:00:00Z,Kennesaw State Owls,Jacksonville State Gamecocks,alternate_spread,home,-3.5,187,draftkings,0.3026561216196093,-0.045775934129519635,"10 market(s) allowlisted for NCAAF: moneyline, spread, total_points, alternate_spread, alternate_total_points, team_total, alternate_team_total, moneyline_h1, spread_h1, total_points_h1."
2026-10-07,401871051,False,2026-10-07T23:00:00Z,Kennesaw State Owls,Jacksonville State Gamecocks,alternate_spread,home,-4.5,207,draftkings,0.2867816256464579,-0.038951273376343354,"10 market(s) allowlisted for NCAAF: moneyline, spread, total_points, alternate_spread, alternate_total_points, team_total, alternate_team_total, moneyline_h1, spread_h1, total_points_h1."
2026-10-07,401871051,False,2026-10-07T23:00:00Z,Kennesaw State Owls,Jacksonville State Gamecocks,alternate_spread,home,-5.5,224,draftkings,0.27099733807688614,-0.03764463723175582,"10 market(s) allowlisted for NCAAF: moneyline, spread, total_points, alternate_spread, alternate_total_points, team_total, alternate_team_total, moneyline_h1, spread_h1, total_points_h1."
2026-10-07,401871051,False,2026-10-07T23:00:00Z,Kennesaw State Owls,Jacksonville State Gamecocks,alternate_spread,home,-6.5,250,draftkings,0.24789911607910128,-0.037815169635184415,"10 market(s) allowlisted for NCAAF: moneyline, spread, total_points, alternate_spread, alternate_total_points, team_total, alternate_team_total, moneyline_h1, spread_h1, total_points_h1."
2026-10-07,401871051,False,2026-10-07T23:00:00Z,Kennesaw State Owls,Jacksonville State Gamecocks,alternate_spread,home,-7.5,321,draftkings,0.20767605651995888,-0.029853634691442532,"10 market(s) allowlisted for NCAAF: moneyline, spread, total_points, alternate_spread, alternate_total_points, team_total, alternate_team_total, moneyline_h1, spread_h1, total_points_h1."
2026-10-07,401871051,False,2026-10-07T23:00:00Z,Kennesaw State Owls,Jacksonville State Gamecocks,alternate_spread,home,-8.5,355,draftkings,0.1880404072770654,-0.031739812503154385,"10 market(s) allowlisted for NCAAF: moneyline, spread, total_points, alternate_spread, alternate_total_points, team_total, alternate_team_total, moneyline_h1, spread_h1, total_points_h1."
2026-10-07,401871051,False,2026-10-07T23:00:00Z,Kennesaw State Owls,Jacksonville State Gamecocks,alternate_spread,home,-9.5,378,draftkings,0.18013641623928509,-0.029068604681216997,"10 market(s) allowlisted for NCAAF: moneyline, spread, total_points, alternate_spread, alternate_total_points, team_total, alternate_team_total, moneyline_h1, spread_h1, total_points_h1."
2026-10-07,401871051,False,2026-10-07T23:00:00Z,Kennesaw State Owls,Jacksonville State Gamecocks,alternate_spread,home,-10.5,446,draftkings,0.16594505258268494,-0.0172051305674982,"10 market(s) allowlisted for NCAAF: moneyline, spread, total_points, alternate_spread, alternate_total_points, team_total, alternate_team_total, moneyline_h1, spread_h1, total_points_h1."
2026-10-07,401871051,False,2026-10-07T23:00:00Z,Kennesaw State Owls,Jacksonville State Gamecocks,alternate_spread,home,-11.5,486,draftkings,0.1524191243776777,-0.018229339786144827,"10 market(s) allowlisted for NCAAF: moneyline, spread, total_points, alternate_spread, alternate_total_points, team_total, alternate_team_total, moneyline_h1, spread_h1, total_points_h1."
2026-10-07,401871051,False,2026-10-07T23:00:00Z,Kennesaw State Owls,Jacksonville State Gamecocks,alternate_spread,home,-12.5,529,draftkings,0.14858061435894926,-0.010401897564739138,"10 market(s) allowlisted for NCAAF: moneyline, spread, total_points, alternate_spread, alternate_total_points, team_total, alternate_team_total, moneyline_h1, spread_h1, total_points_h1."
2026-10-07,401871051,False,2026-10-07T23:00:00Z,Kennesaw State Owls,Jacksonville State Gamecocks,alternate_spread,home,-13.5,574,draftkings,0.13245790516605876,-0.015910047356196416,"10 market(s) allowlisted for NCAAF: moneyline, spread, total_points, alternate_spread, alternate_total_points, team_total, alternate_team_total, moneyline_h1, spread_h1, total_points_h1."
2026-10-07,401871051,False,2026-10-07T23:00:00Z,Kennesaw State Owls,Jacksonville State Gamecocks,alternate_spread,home,-14.5,670,draftkings,0.11043925077966701,-0.019430879090462844,"10 market(s) allowlisted for NCAAF: moneyline, spread, total_points, alternate_spread, alternate_total_points, team_total, alternate_team_total, moneyline_h1, spread_h1, total_points_h1."
2026-10-07,401871051,False,2026-10-07T23:00:00Z,Kennesaw State Owls,Jacksonville State Gamecocks,alternate_spread,home,-15.5,720,draftkings,0.09733755570178051,-0.024613663810414604,"10 market(s) allowlisted for NCAAF: moneyline, spread, total_points, alternate_spread, alternate_total_points, team_total, alternate_team_total, moneyline_h1, spread_h1, total_points_h1."
2026-10-07,401871051,False,2026-10-07T23:00:00Z,Kennesaw State Owls,Jacksonville State Gamecocks,alternate_spread,home,-16.5,760,draftkings,0.08743464081781042,-0.028844428949631434,"10 market(s) allowlisted for NCAAF: moneyline, spread, total_points, alternate_spread, alternate_total_points, team_total, alternate_team_total, moneyline_h1, spread_h1, total_points_h1."
2026-10-07,401871051,False,2026-10-07T23:00:00Z,Kennesaw State Owls,Jacksonville State Gamecocks,alternate_spread,home,-17.5,900,draftkings,0.07838104855185583,-0.021618951448144172,"10 market(s) allowlisted for NCAAF: moneyline, spread, total_points, alternate_spread, alternate_total_points, team_total, alternate_team_total, moneyline_h1, spread_h1, total_points_h1."
2026-10-07,401871051,False,2026-10-07T23:00:00Z,Kennesaw State Owls,Jacksonville State Gamecocks,alternate_spread,home,-18.5,990,draftkings,0.07253127004155498,-0.019211849224500074,"10 market(s) allowlisted for NCAAF: moneyline, spread, total_points, alternate_spread, alternate_total_points, team_total, alternate_team_total, moneyline_h1, spread_h1, total_points_h1."
2026-10-07,401871051,False,2026-10-07T23:00:00Z,Kennesaw State Owls,Jacksonville State Gamecocks,alternate_total_points,over,30.5,-2300,draftkings,0.9154447548984355,-0.042888578434897906,"10 market(s) allowlisted for NCAAF: moneyline, spread, total_points, alternate_spread, alternate_total_points, team_total, alternate_team_total, moneyline_h1, spread_h1, total_points_h1."
2026-10-07,401871051,False,2026-10-07T23:00:00Z,Kennesaw State Owls,Jacksonville State Gamecocks,alternate_total_points,over,31.5,-1640,draftkings,0.8985267007253654,-0.04400203490681842,"10 market(s) allowlisted for NCAAF: moneyline, spread, total_points, alternate_spread, alternate_total_points, team_total, alternate_team_total, moneyline_h1, spread_h1, total_points_h1."
2026-10-07,401871051,False,2026-10-07T23:00:00Z,Kennesaw State Owls,Jacksonville State Gamecocks,alternate_total_points,over,32.5,-1480,draftkings,0.8910505412313958,-0.045658319528097846,"10 market(s) allowlisted for NCAAF: moneyline, spread, total_points, alternate_spread, alternate_total_points, team_total, alternate_team_total, moneyline_h1, spread_h1, total_points_h1."
2026-10-07,401871051,False,2026-10-07T23:00:00Z,Kennesaw State Owls,Jacksonville State Gamecocks,alternate_total_points,over,33.5,-1160,draftkings,0.8723330042859647,-0.048301916348955864,"10 market(s) allowlisted for NCAAF: moneyline, spread, total_points, alternate_spread, alternate_total_points, team_total, alternate_team_total, moneyline_h1, spread_h1, total_points_h1."
2026-10-07,401871051,False,2026-10-07T23:00:00Z,Kennesaw State Owls,Jacksonville State Gamecocks,alternate_total_points,over,34.5,-940,draftkings,0.8535874934660255,-0.050258660380128384,"10 market(s) allowlisted for NCAAF: moneyline, spread, total_points, alternate_spread, alternate_total_points, team_total, alternate_team_total, moneyline_h1, spread_h1, total_points_h1."
2026-10-07,401871051,False,2026-10-07T23:00:00Z,Kennesaw State Owls,Jacksonville State Gamecocks,alternate_total_points,over,35.5,-810,draftkings,0.8394216122027829,-0.05068827790710717,"10 market(s) allowlisted for NCAAF: moneyline, spread, total_points, alternate_spread, alternate_total_points, team_total, alternate_team_total, moneyline_h1, spread_h1, total_points_h1."
2026-10-07,401871051,False,2026-10-07T23:00:00Z,Kennesaw State Owls,Jacksonville State Gamecocks,alternate_total_points,over,36.5,-720,draftkings,0.8274792225406569,-0.050569557947148014,"10 market(s) allowlisted for NCAAF: moneyline, spread, total_points, alternate_spread, alternate_total_points, team_total, alternate_team_total, moneyline_h1, spread_h1, total_points_h1."
2026-10-07,401871051,False,2026-10-07T23:00:00Z,Kennesaw State Owls,Jacksonville State Gamecocks,alternate_total_points,over,37.5,-544,draftkings,0.8052698616962173,-0.039450635198192696,"10 market(s) allowlisted for NCAAF: moneyline, spread, total_points, alternate_spread, alternate_total_points, team_total, alternate_team_total, moneyline_h1, spread_h1, total_points_h1."
2026-10-07,401871051,False,2026-10-07T23:00:00Z,Kennesaw State Owls,Jacksonville State Gamecocks,alternate_total_points,over,38.5,-468,draftkings,0.7755566351685927,-0.04838702680323825,"10 market(s) allowlisted for NCAAF: moneyline, spread, total_points, alternate_spread, alternate_total_points, team_total, alternate_team_total, moneyline_h1, spread_h1, total_points_h1."
2026-10-07,401871051,False,2026-10-07T23:00:00Z,Kennesaw State Owls,Jacksonville State Gamecocks,alternate_total_points,over,39.5,-433,draftkings,0.7648148017381211,-0.047567937473886435,"10 market(s) allowlisted for NCAAF: moneyline, spread, total_points, alternate_spread, alternate_total_points, team_total, alternate_team_total, moneyline_h1, spread_h1, total_points_h1."
2026-10-07,401871051,False,2026-10-07T23:00:00Z,Kennesaw State Owls,Jacksonville State Gamecocks,alternate_total_points,over,40.5,-376,draftkings,0.7449624107438191,-0.04495355564273551,"10 market(s) allowlisted for NCAAF: moneyline, spread, total_points, alternate_spread, alternate_total_points, team_total, alternate_team_total, moneyline_h1, spread_h1, total_points_h1."
2026-10-07,401871051,False,2026-10-07T23:00:00Z,Kennesaw State Owls,Jacksonville State Gamecocks,alternate_total_points,over,41.5,-308,draftkings,0.7123010714279101,-0.042600889356403604,"10 market(s) allowlisted for NCAAF: moneyline, spread, total_points, alternate_spread, alternate_total_points, team_total, alternate_team_total, moneyline_h1, spread_h1, total_points_h1."
2026-10-07,401871051,False,2026-10-07T23:00:00Z,Kennesaw State Owls,Jacksonville State Gamecocks,alternate_total_points,over,42.5,-288,draftkings,0.6984936778811316,-0.04377436335598184,"10 market(s) allowlisted for NCAAF: moneyline, spread, total_points, alternate_spread, alternate_total_points, team_total, alternate_team_total, moneyline_h1, spread_h1, total_points_h1."
2026-10-07,401871051,False,2026-10-07T23:00:00Z,Kennesaw State Owls,Jacksonville State Gamecocks,alternate_total_points,over,43.5,-257,draftkings,0.6842831614320497,-0.03560479375002312,"10 market(s) allowlisted for NCAAF: moneyline, spread, total_points, alternate_spread, alternate_total_points, team_total, alternate_team_total, moneyline_h1, spread_h1, total_points_h1."
2026-10-07,401871051,False,2026-10-07T23:00:00Z,Kennesaw State Owls,Jacksonville State Gamecocks,alternate_total_points,over,44.5,-219,draftkings,0.6517922517971245,-0.0347281243784241,"10 market(s) allowlisted for NCAAF: moneyline, spread, total_points, alternate_spread, alternate_total_points, team_total, alternate_team_total, moneyline_h1, spread_h1, total_points_h1."
2026-10-07,401871051,False,2026-10-07T23:00:00Z,Kennesaw State Owls,Jacksonville State Gamecocks,alternate_total_points,over,45.5,-186,draftkings,0.6141821469491026,-0.03616750340054775,"10 market(s) allowlisted for NCAAF: moneyline, spread, total_points, alternate_spread, alternate_total_points, team_total, alternate_team_total, moneyline_h1, spread_h1, total_points_h1."
2026-10-07,401871051,False,2026-10-07T23:00:00Z,Kennesaw State Owls,Jacksonville State Gamecocks,alternate_total_points,over,46.5,-174,draftkings,0.5963622397574155,-0.03867425659294943,"10 market(s) allowlisted for NCAAF: moneyline, spread, total_points, alternate_spread, alternate_total_points, team_total, alternate_team_total, moneyline_h1, spread_h1, total_points_h1."
2026-10-07,401871051,False,2026-10-07T23:00:00Z,Kennesaw State Owls,Jacksonville State Gamecocks,alternate_total_points,over,47.5,-153,draftkings,0.5722242027010936,-0.03251888030285888,"10 market(s) allowlisted for NCAAF: moneyline, spread, total_points, alternate_spread, alternate_total_points, team_total, alternate_team_total, moneyline_h1, spread_h1, total_points_h1."
2026-10-07,401871051,False,2026-10-07T23:00:00Z,Kennesaw State Owls,Jacksonville State Gamecocks,alternate_total_points,over,48.5,-136,draftkings,0.5407749794263637,-0.03549620701431433,"10 market(s) allowlisted for NCAAF: moneyline, spread, total_points, alternate_spread, alternate_total_points, team_total, alternate_team_total, moneyline_h1, spread_h1, total_points_h1."
2026-10-07,401871051,False,2026-10-07T23:00:00Z,Kennesaw State Owls,Jacksonville State Gamecocks,alternate_total_points,over,49.5,-123,draftkings,0.5115364827818494,-0.04003302394460806,"10 market(s) allowlisted for NCAAF: moneyline, spread, total_points, alternate_spread, alternate_total_points, team_total, alternate_team_total, moneyline_h1, spread_h1, total_points_h1."
2026-10-07,401871051,False,2026-10-07T23:00:00Z,Kennesaw State Owls,Jacksonville State Gamecocks,alternate_total_points,over,51.5,104,draftkings,0.4507071280728252,-0.039488950358547326,"10 market(s) allowlisted for NCAAF: moneyline, spread, total_points, alternate_spread, alternate_total_points, team_total, alternate_team_total, moneyline_h1, spread_h1, total_points_h1."
2026-10-07,401871051,False,2026-10-07T23:00:00Z,Kennesaw State Owls,Jacksonville State Gamecocks,alternate_total_points,over,52.5,117,draftkings,0.4293362008078647,-0.031493292279692886,"10 market(s) allowlisted for NCAAF: moneyline, spread, total_points, alternate_spread, alternate_total_points, team_total, alternate_team_total, moneyline_h1, spread_h1, total_points_h1."
2026-10-07,401871051,False,2026-10-07T23:00:00Z,Kennesaw State Owls,Jacksonville State Gamecocks,alternate_total_points,over,53.5,125,draftkings,0.4113303889437361,-0.03311405550070834,"10 market(s) allowlisted for NCAAF: moneyline, spread, total_points, alternate_spread, alternate_total_points, team_total, alternate_team_total, moneyline_h1, spread_h1, total_points_h1."
2026-10-07,401871051,False,2026-10-07T23:00:00Z,Kennesaw State Owls,Jacksonville State Gamecocks,alternate_total_points,over,54.5,138,draftkings,0.3910766773812806,-0.02909138984561016,"10 market(s) allowlisted for NCAAF: moneyline, spread, total_points, alternate_spread, alternate_total_points, team_total, alternate_team_total, moneyline_h1, spread_h1, total_points_h1."
2026-10-07,401871051,False,2026-10-07T23:00:00Z,Kennesaw State Owls,Jacksonville State Gamecocks,alternate_total_points,over,55.5,162,draftkings,0.35922583615364934,-0.022453553159327788,"10 market(s) allowlisted for NCAAF: moneyline, spread, total_points, alternate_spread, alternate_total_points, team_total, alternate_team_total, moneyline_h1, spread_h1, total_points_h1."
2026-10-07,401871051,False,2026-10-07T23:00:00Z,Kennesaw State Owls,Jacksonville State Gamecocks,alternate_total_points,over,56.5,174,draftkings,0.3359886652179065,-0.028974838431728545,"10 market(s) allowlisted for NCAAF: moneyline, spread, total_points, alternate_spread, alternate_total_points, team_total, alternate_team_total, moneyline_h1, spread_h1, total_points_h1."
2026-10-07,401871051,False,2026-10-07T23:00:00Z,Kennesaw State Owls,Jacksonville State Gamecocks,alternate_total_points,over,57.5,190,draftkings,0.3145893329063555,-0.030238253300541085,"10 market(s) allowlisted for NCAAF: moneyline, spread, total_points, alternate_spread, alternate_total_points, team_total, alternate_team_total, moneyline_h1, spread_h1, total_points_h1."
2026-10-07,401871051,False,2026-10-07T23:00:00Z,Kennesaw State Owls,Jacksonville State Gamecocks,alternate_total_points,over,58.5,214,draftkings,0.28973886558073436,-0.028732471998883458,"10 market(s) allowlisted for NCAAF: moneyline, spread, total_points, alternate_spread, alternate_total_points, team_total, alternate_team_total, moneyline_h1, spread_h1, total_points_h1."
2026-10-07,401871051,False,2026-10-07T23:00:00Z,Kennesaw State Owls,Jacksonville State Gamecocks,alternate_total_points,over,59.5,243,draftkings,0.26584215536630573,-0.02570303413806746,"10 market(s) allowlisted for NCAAF: moneyline, spread, total_points, alternate_spread, alternate_total_points, team_total, alternate_team_total, moneyline_h1, spread_h1, total_points_h1."
2026-10-07,401871051,False,2026-10-07T23:00:00Z,Kennesaw State Owls,Jacksonville State Gamecocks,alternate_total_points,over,60.5,260,draftkings,0.25446304837951983,-0.02331472939825796,"10 market(s) allowlisted for NCAAF: moneyline, spread, total_points, alternate_spread, alternate_total_points, team_total, alternate_team_total, moneyline_h1, spread_h1, total_points_h1."
2026-10-07,401871051,False,2026-10-07T23:00:00Z,Kennesaw State Owls,Jacksonville State Gamecocks,alternate_total_points,over,61.5,288,draftkings,0.23440729834037521,-0.023324660422511356,"10 market(s) allowlisted for NCAAF: moneyline, spread, total_points, alternate_spread, alternate_total_points, team_total, alternate_team_total, moneyline_h1, spread_h1, total_points_h1."
2026-10-07,401871051,False,2026-10-07T23:00:00Z,Kennesaw State Owls,Jacksonville State Gamecocks,alternate_total_points,over,62.5,321,draftkings,0.21426186899367305,-0.023267822217728357,"10 market(s) allowlisted for NCAAF: moneyline, spread, total_points, alternate_spread, alternate_total_points, team_total, alternate_team_total, moneyline_h1, spread_h1, total_points_h1."
2026-10-07,401871051,False,2026-10-07T23:00:00Z,Kennesaw State Owls,Jacksonville State Gamecocks,alternate_total_points,over,63.5,356,draftkings,0.19811744520539665,-0.02118080040863843,"10 market(s) allowlisted for NCAAF: moneyline, spread, total_points, alternate_spread, alternate_total_points, team_total, alternate_team_total, moneyline_h1, spread_h1, total_points_h1."
2026-10-07,401871051,False,2026-10-07T23:00:00Z,Kennesaw State Owls,Jacksonville State Gamecocks,alternate_total_points,over,64.5,383,draftkings,0.18720383899878584,-0.01983549847533425,"10 market(s) allowlisted for NCAAF: moneyline, spread, total_points, alternate_spread, alternate_total_points, team_total, alternate_team_total, moneyline_h1, spread_h1, total_points_h1."
2026-10-07,401871051,False,2026-10-07T23:00:00Z,Kennesaw State Owls,Jacksonville State Gamecocks,alternate_total_points,over,65.5,442,draftkings,0.16618072447970794,-0.01832112053874224,"10 market(s) allowlisted for NCAAF: moneyline, spread, total_points, alternate_spread, alternate_total_points, team_total, alternate_team_total, moneyline_h1, spread_h1, total_points_h1."
2026-10-07,401871051,False,2026-10-07T23:00:00Z,Kennesaw State Owls,Jacksonville State Gamecocks,alternate_total_points,over,66.5,494,draftkings,0.1488482161720452,-0.019501952178123172,"10 market(s) allowlisted for NCAAF: moneyline, spread, total_points, alternate_spread, alternate_total_points, team_total, alternate_team_total, moneyline_h1, spread_h1, total_points_h1."
2026-10-07,401871051,False,2026-10-07T23:00:00Z,Kennesaw State Owls,Jacksonville State Gamecocks,alternate_total_points,over,67.5,530,draftkings,0.13861369089505365,-0.020116467835105067,"10 market(s) allowlisted for NCAAF: moneyline, spread, total_points, alternate_spread, alternate_total_points, team_total, alternate_team_total, moneyline_h1, spread_h1, total_points_h1."
2026-10-07,401871051,False,2026-10-07T23:00:00Z,Kennesaw State Owls,Jacksonville State Gamecocks,alternate_total_points,over,68.5,577,draftkings,0.126324270968937,-0.02138621647567157,"10 market(s) allowlisted for NCAAF: moneyline, spread, total_points, alternate_spread, alternate_total_points, team_total, alternate_team_total, moneyline_h1, spread_h1, total_points_h1."
2026-10-07,401871051,False,2026-10-07T23:00:00Z,Kennesaw State Owls,Jacksonville State Gamecocks,alternate_total_points,over,69.5,650,draftkings,0.11128562779635559,-0.02204770553697774,"10 market(s) allowlisted for NCAAF: moneyline, spread, total_points, alternate_spread, alternate_total_points, team_total, alternate_team_total, moneyline_h1, spread_h1, total_points_h1."
2026-10-07,401871051,False,2026-10-07T23:00:00Z,Kennesaw State Owls,Jacksonville State Gamecocks,alternate_total_points,over,70.5,690,draftkings,0.10144297533901256,-0.025139303142000108,"10 market(s) allowlisted for NCAAF: moneyline, spread, total_points, alternate_spread, alternate_total_points, team_total, alternate_team_total, moneyline_h1, spread_h1, total_points_h1."
2026-10-07,401871051,False,2026-10-07T23:00:00Z,Kennesaw State Owls,Jacksonville State Gamecocks,alternate_total_points,over,71.5,750,draftkings,0.09408653908310433,-0.023560519740425084,"10 market(s) allowlisted for NCAAF: moneyline, spread, total_points, alternate_spread, alternate_total_points, team_total, alternate_team_total, moneyline_h1, spread_h1, total_points_h1."
2026-10-07,401871051,False,2026-10-07T23:00:00Z,Kennesaw State Owls,Jacksonville State Gamecocks,alternate_total_points,over,72.5,830,draftkings,0.08485964907801115,-0.02266723264241896,"10 market(s) allowlisted for NCAAF: moneyline, spread, total_points, alternate_spread, alternate_total_points, team_total, alternate_team_total, moneyline_h1, spread_h1, total_points_h1."
2026-10-07,401871051,False,2026-10-07T23:00:00Z,Kennesaw State Owls,Jacksonville State Gamecocks,alternate_total_points,under,30.5,790,draftkings,0.0845552451015641,-0.027804305460233644,"10 market(s) allowlisted for NCAAF: moneyline, spread, total_points, alternate_spread, alternate_total_points, team_total, alternate_team_total, moneyline_h1, spread_h1, total_points_h1."
2026-10-07,401871051,False,2026-10-07T23:00:00Z,Kennesaw State Owls,Jacksonville State Gamecocks,alternate_total_points,under,31.5,680,draftkings,0.10147329927463417,-0.026731828930494028,"10 market(s) allowlisted for NCAAF: moneyline, spread, total_points, alternate_spread, alternate_total_points, team_total, alternate_team_total, moneyline_h1, spread_h1, total_points_h1."
2026-10-07,401871051,False,2026-10-07T23:00:00Z,Kennesaw State Owls,Jacksonville State Gamecocks,alternate_total_points,under,32.5,650,draftkings,0.10894945876860375,-0.024383874564729582,"10 market(s) allowlisted for NCAAF: moneyline, spread, total_points, alternate_spread, alternate_total_points, team_total, alternate_team_total, moneyline_h1, spread_h1, total_points_h1."
2026-10-07,401871051,False,2026-10-07T23:00:00Z,Kennesaw State Owls,Jacksonville State Gamecocks,alternate_total_points,under,33.5,572,draftkings,0.12766699571403495,-0.02114252809548886,"10 market(s) allowlisted for NCAAF: moneyline, spread, total_points, alternate_spread, alternate_total_points, team_total, alternate_team_total, moneyline_h1, spread_h1, total_points_h1."
2026-10-07,401871051,False,2026-10-07T23:00:00Z,Kennesaw State Owls,Jacksonville State Gamecocks,alternate_total_points,under,34.5,502,draftkings,0.14641250653397406,-0.019700450276657178,"10 market(s) allowlisted for NCAAF: moneyline, spread, total_points, alternate_spread, alternate_total_points, team_total, alternate_team_total, moneyline_h1, spread_h1, total_points_h1."
2026-10-07,401871051,False,2026-10-07T23:00:00Z,Kennesaw State Owls,Jacksonville State Gamecocks,alternate_total_points,under,35.5,455,draftkings,0.16057838779721662,-0.019601792382963557,"10 market(s) allowlisted for NCAAF: moneyline, spread, total_points, alternate_spread, alternate_total_points, team_total, alternate_team_total, moneyline_h1, spread_h1, total_points_h1."
2026-10-07,401871051,False,2026-10-07T23:00:00Z,Kennesaw State Owls,Jacksonville State Gamecocks,alternate_total_points,under,36.5,420,draftkings,0.17252077745934274,-0.019786914848349574,"10 market(s) allowlisted for NCAAF: moneyline, spread, total_points, alternate_spread, alternate_total_points, team_total, alternate_team_total, moneyline_h1, spread_h1, total_points_h1."
2026-10-07,401871051,False,2026-10-07T23:00:00Z,Kennesaw State Owls,Jacksonville State Gamecocks,alternate_total_points,under,37.5,345,draftkings,0.19473013830378244,-0.02998896281981306,"10 market(s) allowlisted for NCAAF: moneyline, spread, total_points, alternate_spread, alternate_total_points, team_total, alternate_team_total, moneyline_h1, spread_h1, total_points_h1."
2026-10-07,401871051,False,2026-10-07T23:00:00Z,Kennesaw State Owls,Jacksonville State Gamecocks,alternate_total_points,under,38.5,307,draftkings,0.22444336483140687,-0.02125688086883884,"10 market(s) allowlisted for NCAAF: moneyline, spread, total_points, alternate_spread, alternate_total_points, team_total, alternate_team_total, moneyline_h1, spread_h1, total_points_h1."
2026-10-07,401871051,False,2026-10-07T23:00:00Z,Kennesaw State Owls,Jacksonville State Gamecocks,alternate_total_points,under,39.5,289,draftkings,0.2351851982618785,-0.02188421047848138,"10 market(s) allowlisted for NCAAF: moneyline, spread, total_points, alternate_spread, alternate_total_points, team_total, alternate_team_total, moneyline_h1, spread_h1, total_points_h1."
2026-10-07,401871051,False,2026-10-07T23:00:00Z,Kennesaw State Owls,Jacksonville State Gamecocks,alternate_total_points,under,40.5,257,draftkings,0.2550375892561806,-0.02507445556174659,"10 market(s) allowlisted for NCAAF: moneyline, spread, total_points, alternate_spread, alternate_total_points, team_total, alternate_team_total, moneyline_h1, spread_h1, total_points_h1."
2026-10-07,401871051,False,2026-10-07T23:00:00Z,Kennesaw State Owls,Jacksonville State Gamecocks,alternate_total_points,under,41.5,218,draftkings,0.2876989285720896,-0.026766480232941814,"10 market(s) allowlisted for NCAAF: moneyline, spread, total_points, alternate_spread, alternate_total_points, team_total, alternate_team_total, moneyline_h1, spread_h1, total_points_h1."
2026-10-07,401871051,False,2026-10-07T23:00:00Z,Kennesaw State Owls,Jacksonville State Gamecocks,alternate_total_points,under,42.5,205,draftkings,0.30150632211886813,-0.026362530340148238,"10 market(s) allowlisted for NCAAF: moneyline, spread, total_points, alternate_spread, alternate_total_points, team_total, alternate_team_total, moneyline_h1, spread_h1, total_points_h1."
2026-10-07,401871051,False,2026-10-07T23:00:00Z,Kennesaw State Owls,Jacksonville State Gamecocks,alternate_total_points,under,43.5,186,draftkings,0.3157168385679501,-0.03393351108239956,"10 market(s) allowlisted for NCAAF: moneyline, spread, total_points, alternate_spread, alternate_total_points, team_total, alternate_team_total, moneyline_h1, spread_h1, total_points_h1."
2026-10-07,401871051,False,2026-10-07T23:00:00Z,Kennesaw State Owls,Jacksonville State Gamecocks,alternate_total_points,under,44.5,161,draftkings,0.34820774820287526,-0.03493401424923204,"10 market(s) allowlisted for NCAAF: moneyline, spread, total_points, alternate_spread, alternate_total_points, team_total, alternate_team_total, moneyline_h1, spread_h1, total_points_h1."
2026-10-07,401871051,False,2026-10-07T23:00:00Z,Kennesaw State Owls,Jacksonville State Gamecocks,alternate_total_points,under,45.5,138,draftkings,0.3858178530508973,-0.03435021417599349,"10 market(s) allowlisted for NCAAF: moneyline, spread, total_points, alternate_spread, alternate_total_points, team_total, alternate_team_total, moneyline_h1, spread_h1, total_points_h1."
2026-10-07,401871051,False,2026-10-07T23:00:00Z,Kennesaw State Owls,Jacksonville State Gamecocks,alternate_total_points,under,46.5,130,draftkings,0.4036377602425843,-0.031144848453067864,"10 market(s) allowlisted for NCAAF: moneyline, spread, total_points, alternate_spread, alternate_total_points, team_total, alternate_team_total, moneyline_h1, spread_h1, total_points_h1."
2026-10-07,401871051,False,2026-10-07T23:00:00Z,Kennesaw State Owls,Jacksonville State Gamecocks,alternate_total_points,under,47.5,115,draftkings,0.4277757972989062,-0.037340481770861245,"10 market(s) allowlisted for NCAAF: moneyline, spread, total_points, alternate_spread, alternate_total_points, team_total, alternate_team_total, moneyline_h1, spread_h1, total_points_h1."
2026-10-07,401871051,False,2026-10-07T23:00:00Z,Kennesaw State Owls,Jacksonville State Gamecocks,alternate_total_points,under,48.5,102,draftkings,0.45922502057363623,-0.03582448437685881,"10 market(s) allowlisted for NCAAF: moneyline, spread, total_points, alternate_spread, alternate_total_points, team_total, alternate_team_total, moneyline_h1, spread_h1, total_points_h1."
2026-10-07,401871051,False,2026-10-07T23:00:00Z,Kennesaw State Owls,Jacksonville State Gamecocks,alternate_total_points,under,49.5,-108,draftkings,0.48846351721815057,-0.030767252012618707,"10 market(s) allowlisted for NCAAF: moneyline, spread, total_points, alternate_spread, alternate_total_points, team_total, alternate_team_total, moneyline_h1, spread_h1, total_points_h1."
2026-10-07,401871051,False,2026-10-07T23:00:00Z,Kennesaw State Owls,Jacksonville State Gamecocks,alternate_total_points,under,51.5,-138,draftkings,0.549292871927175,-0.030539060845934274,"10 market(s) allowlisted for NCAAF: moneyline, spread, total_points, alternate_spread, alternate_total_points, team_total, alternate_team_total, moneyline_h1, spread_h1, total_points_h1."
2026-10-07,401871051,False,2026-10-07T23:00:00Z,Kennesaw State Owls,Jacksonville State Gamecocks,alternate_total_points,under,52.5,-156,draftkings,0.5706637991921355,-0.0387112008078645,"10 market(s) allowlisted for NCAAF: moneyline, spread, total_points, alternate_spread, alternate_total_points, team_total, alternate_team_total, moneyline_h1, spread_h1, total_points_h1."
2026-10-07,401871051,False,2026-10-07T23:00:00Z,Kennesaw State Owls,Jacksonville State Gamecocks,alternate_total_points,under,53.5,-167,draftkings,0.588669611056264,-0.036798553737743434,"10 market(s) allowlisted for NCAAF: moneyline, spread, total_points, alternate_spread, alternate_total_points, team_total, alternate_team_total, moneyline_h1, spread_h1, total_points_h1."
2026-10-07,401871051,False,2026-10-07T23:00:00Z,Kennesaw State Owls,Jacksonville State Gamecocks,alternate_total_points,under,54.5,-186,draftkings,0.6089233226187195,-0.0414263277309308,"10 market(s) allowlisted for NCAAF: moneyline, spread, total_points, alternate_spread, alternate_total_points, team_total, alternate_team_total, moneyline_h1, spread_h1, total_points_h1."
2026-10-07,401871051,False,2026-10-07T23:00:00Z,Kennesaw State Owls,Jacksonville State Gamecocks,alternate_total_points,under,55.5,-221,draftkings,0.6407741638463508,-0.047699356402870374,"10 market(s) allowlisted for NCAAF: moneyline, spread, total_points, alternate_spread, alternate_total_points, team_total, alternate_team_total, moneyline_h1, spread_h1, total_points_h1."
2026-10-07,401871051,False,2026-10-07T23:00:00Z,Kennesaw State Owls,Jacksonville State Gamecocks,alternate_total_points,under,56.5,-239,draftkings,0.6640113347820936,-0.0410034144804432,"10 market(s) allowlisted for NCAAF: moneyline, spread, total_points, alternate_spread, alternate_total_points, team_total, alternate_team_total, moneyline_h1, spread_h1, total_points_h1."
2026-10-07,401871051,False,2026-10-07T23:00:00Z,Kennesaw State Owls,Jacksonville State Gamecocks,alternate_total_points,under,57.5,-264,draftkings,0.6854106670936446,-0.03986405818108063,"10 market(s) allowlisted for NCAAF: moneyline, spread, total_points, alternate_spread, alternate_total_points, team_total, alternate_team_total, moneyline_h1, spread_h1, total_points_h1."
2026-10-07,401871051,False,2026-10-07T23:00:00Z,Kennesaw State Owls,Jacksonville State Gamecocks,alternate_total_points,under,58.5,-302,draftkings,0.7102611344192656,-0.04098264667526175,"10 market(s) allowlisted for NCAAF: moneyline, spread, total_points, alternate_spread, alternate_total_points, team_total, alternate_team_total, moneyline_h1, spread_h1, total_points_h1."
2026-10-07,401871051,False,2026-10-07T23:00:00Z,Kennesaw State Owls,Jacksonville State Gamecocks,alternate_total_points,under,59.5,-351,draftkings,0.7341578446336944,-0.04411266534413272,"10 market(s) allowlisted for NCAAF: moneyline, spread, total_points, alternate_spread, alternate_total_points, team_total, alternate_team_total, moneyline_h1, spread_h1, total_points_h1."
2026-10-07,401871051,False,2026-10-07T23:00:00Z,Kennesaw State Owls,Jacksonville State Gamecocks,alternate_total_points,under,60.5,-380,draftkings,0.7455369516204803,-0.04612971504618635,"10 market(s) allowlisted for NCAAF: moneyline, spread, total_points, alternate_spread, alternate_total_points, team_total, alternate_team_total, moneyline_h1, spread_h1, total_points_h1."
2026-10-07,401871051,False,2026-10-07T23:00:00Z,Kennesaw State Owls,Jacksonville State Gamecocks,alternate_total_points,under,61.5,-432,draftkings,0.7655927016596249,-0.04643737352834498,"10 market(s) allowlisted for NCAAF: moneyline, spread, total_points, alternate_spread, alternate_total_points, team_total, alternate_team_total, moneyline_h1, spread_h1, total_points_h1."
2026-10-07,401871051,False,2026-10-07T23:00:00Z,Kennesaw State Owls,Jacksonville State Gamecocks,alternate_total_points,under,62.5,-496,draftkings,0.7857381310063271,-0.046476634094344105,"10 market(s) allowlisted for NCAAF: moneyline, spread, total_points, alternate_spread, alternate_total_points, team_total, alternate_team_total, moneyline_h1, spread_h1, total_points_h1."
2026-10-07,401871051,False,2026-10-07T23:00:00Z,Kennesaw State Owls,Jacksonville State Gamecocks,alternate_total_points,under,63.5,-568,draftkings,0.8018825547946035,-0.04841684640300137,"10 market(s) allowlisted for NCAAF: moneyline, spread, total_points, alternate_spread, alternate_total_points, team_total, alternate_team_total, moneyline_h1, spread_h1, total_points_h1."
2026-10-07,401871051,False,2026-10-07T23:00:00Z,Kennesaw State Owls,Jacksonville State Gamecocks,alternate_total_points,under,64.5,-630,draftkings,0.8127961610012142,-0.05021753762892278,"10 market(s) allowlisted for NCAAF: moneyline, spread, total_points, alternate_spread, alternate_total_points, team_total, alternate_team_total, moneyline_h1, spread_h1, total_points_h1."
2026-10-07,401871051,False,2026-10-07T23:00:00Z,Kennesaw State Owls,Jacksonville State Gamecocks,alternate_total_points,under,65.5,-770,draftkings,0.8338192755202921,-0.05123819574407573,"10 market(s) allowlisted for NCAAF: moneyline, spread, total_points, alternate_spread, alternate_total_points, team_total, alternate_team_total, moneyline_h1, spread_h1, total_points_h1."
2026-10-07,401871051,False,2026-10-07T23:00:00Z,Kennesaw State Owls,Jacksonville State Gamecocks,alternate_total_points,under,66.5,-920,draftkings,0.8511517838279548,-0.05080900048577075,"10 market(s) allowlisted for NCAAF: moneyline, spread, total_points, alternate_spread, alternate_total_points, team_total, alternate_team_total, moneyline_h1, spread_h1, total_points_h1."
2026-10-07,401871051,False,2026-10-07T23:00:00Z,Kennesaw State Owls,Jacksonville State Gamecocks,alternate_total_points,under,67.5,-1020,draftkings,0.8613863091049463,-0.04932797660933941,"10 market(s) allowlisted for NCAAF: moneyline, spread, total_points, alternate_spread, alternate_total_points, team_total, alternate_team_total, moneyline_h1, spread_h1, total_points_h1."
2026-10-07,401871051,False,2026-10-07T23:00:00Z,Kennesaw State Owls,Jacksonville State Gamecocks,alternate_total_points,under,68.5,-1180,draftkings,0.8736757290310629,-0.04819927096893706,"10 market(s) allowlisted for NCAAF: moneyline, spread, total_points, alternate_spread, alternate_total_points, team_total, alternate_team_total, moneyline_h1, spread_h1, total_points_h1."
2026-10-07,401871051,False,2026-10-07T23:00:00Z,Kennesaw State Owls,Jacksonville State Gamecocks,alternate_total_points,under,69.5,-1480,draftkings,0.8887143722036444,-0.04799448855584931,"10 market(s) allowlisted for NCAAF: moneyline, spread, total_points, alternate_spread, alternate_total_points, team_total, alternate_team_total, moneyline_h1, spread_h1, total_points_h1."
2026-10-07,401871051,False,2026-10-07T23:00:00Z,Kennesaw State Owls,Jacksonville State Gamecocks,alternate_total_points,under,70.5,-1700,draftkings,0.8985570246609874,-0.045887419783457006,"10 market(s) allowlisted for NCAAF: moneyline, spread, total_points, alternate_spread, alternate_total_points, team_total, alternate_team_total, moneyline_h1, spread_h1, total_points_h1."
2026-10-07,401871051,False,2026-10-07T23:00:00Z,Kennesaw State Owls,Jacksonville State Gamecocks,alternate_total_points,under,71.5,-2000,draftkings,0.9059134609168956,-0.04646749146405671,"10 market(s) allowlisted for NCAAF: moneyline, spread, total_points, alternate_spread, alternate_total_points, team_total, alternate_team_total, moneyline_h1, spread_h1, total_points_h1."
2026-10-07,401871051,False,2026-10-07T23:00:00Z,Kennesaw State Owls,Jacksonville State Gamecocks,alternate_total_points,under,72.5,-2600,draftkings,0.9151403509219889,-0.047822612040974044,"10 market(s) allowlisted for NCAAF: moneyline, spread, total_points, alternate_spread, alternate_total_points, team_total, alternate_team_total, moneyline_h1, spread_h1, total_points_h1."
2026-10-07,401871051,False,2026-10-07T23:00:00Z,Kennesaw State Owls,Jacksonville State Gamecocks,alternate_spread,away,-4.0,108,betrivers,0.45449835739255967,-0.02627087337667111,"10 market(s) allowlisted for NCAAF: moneyline, spread, total_points, alternate_spread, alternate_total_points, team_total, alternate_team_total, moneyline_h1, spread_h1, total_points_h1."
2026-10-07,401871051,False,2026-10-07T23:00:00Z,Kennesaw State Owls,Jacksonville State Gamecocks,alternate_spread,away,-1.5,-134,betrivers,0.5681623735608416,-0.004487199088730964,"10 market(s) allowlisted for NCAAF: moneyline, spread, total_points, alternate_spread, alternate_total_points, team_total, alternate_team_total, moneyline_h1, spread_h1, total_points_h1."
2026-10-07,401871051,False,2026-10-07T23:00:00Z,Kennesaw State Owls,Jacksonville State Gamecocks,alternate_spread,away,-3.0,-109,betrivers,0.5000000048851967,-0.021531095593272154,"10 market(s) allowlisted for NCAAF: moneyline, spread, total_points, alternate_spread, alternate_total_points, team_total, alternate_team_total, moneyline_h1, spread_h1, total_points_h1."
2026-10-07,401871051,False,2026-10-07T23:00:00Z,Kennesaw State Owls,Jacksonville State Gamecocks,alternate_spread,away,-1.0,-141,betrivers,0.5815667882040012,-0.00349545245989924,"10 market(s) allowlisted for NCAAF: moneyline, spread, total_points, alternate_spread, alternate_total_points, team_total, alternate_team_total, moneyline_h1, spread_h1, total_points_h1."
2026-10-07,401871051,False,2026-10-07T23:00:00Z,Kennesaw State Owls,Jacksonville State Gamecocks,alternate_spread,away,-10.0,210,betrivers,0.329872296564763,0.00729165140347271,"10 market(s) allowlisted for NCAAF: moneyline, spread, total_points, alternate_spread, alternate_total_points, team_total, alternate_team_total, moneyline_h1, spread_h1, total_points_h1."
2026-10-07,401871051,False,2026-10-07T23:00:00Z,Kennesaw State Owls,Jacksonville State Gamecocks,alternate_spread,away,5.5,-335,betrivers,0.7290026619231138,-0.041112280605621776,"10 market(s) allowlisted for NCAAF: moneyline, spread, total_points, alternate_spread, alternate_total_points, team_total, alternate_team_total, moneyline_h1, spread_h1, total_points_h1."
2026-10-07,401871051,False,2026-10-07T23:00:00Z,Kennesaw State Owls,Jacksonville State Gamecocks,alternate_spread,away,1.0,-159,betrivers,0.604277520241806,-0.009622093657807862,"10 market(s) allowlisted for NCAAF: moneyline, spread, total_points, alternate_spread, alternate_total_points, team_total, alternate_team_total, moneyline_h1, spread_h1, total_points_h1."
2026-10-07,401871051,False,2026-10-07T23:00:00Z,Kennesaw State Owls,Jacksonville State Gamecocks,alternate_spread,away,4.5,-278,betrivers,0.7132183743535421,-0.02223136109619339,"10 market(s) allowlisted for NCAAF: moneyline, spread, total_points, alternate_spread, alternate_total_points, team_total, alternate_team_total, moneyline_h1, spread_h1, total_points_h1."
2026-10-07,401871051,False,2026-10-07T23:00:00Z,Kennesaw State Owls,Jacksonville State Gamecocks,alternate_spread,away,-5.0,120,betrivers,0.43893076582194684,-0.015614688723507686,"10 market(s) allowlisted for NCAAF: moneyline, spread, total_points, alternate_spread, alternate_total_points, team_total, alternate_team_total, moneyline_h1, spread_h1, total_points_h1."
2026-10-07,401871051,False,2026-10-07T23:00:00Z,Kennesaw State Owls,Jacksonville State Gamecocks,alternate_spread,away,0.5,-150,betrivers,0.5959739491972152,-0.004026050802784731,"10 market(s) allowlisted for NCAAF: moneyline, spread, total_points, alternate_spread, alternate_total_points, team_total, alternate_team_total, moneyline_h1, spread_h1, total_points_h1."
2026-10-07,401871051,False,2026-10-07T23:00:00Z,Kennesaw State Owls,Jacksonville State Gamecocks,alternate_spread,away,-6.5,143,betrivers,0.41121463965846183,-0.0003079940863941477,"10 market(s) allowlisted for NCAAF: moneyline, spread, total_points, alternate_spread, alternate_total_points, team_total, alternate_team_total, moneyline_h1, spread_h1, total_points_h1."
2026-10-07,401871051,False,2026-10-07T23:00:00Z,Kennesaw State Owls,Jacksonville State Gamecocks,alternate_spread,away,-8.5,185,betrivers,0.3534855027682844,0.0026083097858282667,"10 market(s) allowlisted for NCAAF: moneyline, spread, total_points, alternate_spread, alternate_total_points, team_total, alternate_team_total, moneyline_h1, spread_h1, total_points_h1."
2026-10-07,401871051,False,2026-10-07T23:00:00Z,Kennesaw State Owls,Jacksonville State Gamecocks,alternate_spread,away,3.5,-250,betrivers,0.6973438783803906,-0.01694183590532372,"10 market(s) allowlisted for NCAAF: moneyline, spread, total_points, alternate_spread, alternate_total_points, team_total, alternate_team_total, moneyline_h1, spread_h1, total_points_h1."
2026-10-07,401871051,False,2026-10-07T23:00:00Z,Kennesaw State Owls,Jacksonville State Gamecocks,alternate_spread,away,4.0,-250,betrivers,0.7085924259934289,-0.005693288292285437,"10 market(s) allowlisted for NCAAF: moneyline, spread, total_points, alternate_spread, alternate_total_points, team_total, alternate_team_total, moneyline_h1, spread_h1, total_points_h1."
2026-10-07,401871051,False,2026-10-07T23:00:00Z,Kennesaw State Owls,Jacksonville State Gamecocks,alternate_spread,away,3.0,-225,betrivers,0.6782500992120907,-0.014057593095601617,"10 market(s) allowlisted for NCAAF: moneyline, spread, total_points, alternate_spread, alternate_total_points, team_total, alternate_team_total, moneyline_h1, spread_h1, total_points_h1."
2026-10-07,401871051,False,2026-10-07T23:00:00Z,Kennesaw State Owls,Jacksonville State Gamecocks,alternate_spread,away,2.5,-190,betrivers,0.6380003350831198,-0.017172078709983607,"10 market(s) allowlisted for NCAAF: moneyline, spread, total_points, alternate_spread, alternate_total_points, team_total, alternate_team_total, moneyline_h1, spread_h1, total_points_h1."
2026-10-07,401871051,False,2026-10-07T23:00:00Z,Kennesaw State Owls,Jacksonville State Gamecocks,alternate_spread,away,-2.5,-122,betrivers,0.5331159156747057,-0.016433633874843867,"10 market(s) allowlisted for NCAAF: moneyline, spread, total_points, alternate_spread, alternate_total_points, team_total, alternate_team_total, moneyline_h1, spread_h1, total_points_h1."
2026-10-07,401871051,False,2026-10-07T23:00:00Z,Kennesaw State Owls,Jacksonville State Gamecocks,alternate_spread,away,-4.5,114,betrivers,0.4441788711566428,-0.023110848469525436,"10 market(s) allowlisted for NCAAF: moneyline, spread, total_points, alternate_spread, alternate_total_points, team_total, alternate_team_total, moneyline_h1, spread_h1, total_points_h1."
2026-10-07,401871051,False,2026-10-07T23:00:00Z,Kennesaw State Owls,Jacksonville State Gamecocks,alternate_spread,away,1.5,-167,betrivers,0.6097152696442641,-0.015752895149743318,"10 market(s) allowlisted for NCAAF: moneyline, spread, total_points, alternate_spread, alternate_total_points, team_total, alternate_team_total, moneyline_h1, spread_h1, total_points_h1."
2026-10-07,401871051,False,2026-10-07T23:00:00Z,Kennesaw State Owls,Jacksonville State Gamecocks,alternate_spread,away,2.0,-182,betrivers,0.6274631046188766,-0.017926966303109304,"10 market(s) allowlisted for NCAAF: moneyline, spread, total_points, alternate_spread, alternate_total_points, team_total, alternate_team_total, moneyline_h1, spread_h1, total_points_h1."
2026-10-07,401871051,False,2026-10-07T23:00:00Z,Kennesaw State Owls,Jacksonville State Gamecocks,alternate_spread,away,-9.0,188,betrivers,0.3485221508489705,0.0012999286267482701,"10 market(s) allowlisted for NCAAF: moneyline, spread, total_points, alternate_spread, alternate_total_points, team_total, alternate_team_total, moneyline_h1, spread_h1, total_points_h1."
2026-10-07,401871051,False,2026-10-07T23:00:00Z,Kennesaw State Owls,Jacksonville State Gamecocks,alternate_spread,away,-9.5,190,betrivers,0.34586689850448343,0.0010393122975868585,"10 market(s) allowlisted for NCAAF: moneyline, spread, total_points, alternate_spread, alternate_total_points, team_total, alternate_team_total, moneyline_h1, spread_h1, total_points_h1."
2026-10-07,401871051,False,2026-10-07T23:00:00Z,Kennesaw State Owls,Jacksonville State Gamecocks,alternate_spread,away,0.0,-150,betrivers,0.5940404536027262,-0.005959546397273807,"10 market(s) allowlisted for NCAAF: moneyline, spread, total_points, alternate_spread, alternate_total_points, team_total, alternate_team_total, moneyline_h1, spread_h1, total_points_h1."
2026-10-07,401871051,False,2026-10-07T23:00:00Z,Kennesaw State Owls,Jacksonville State Gamecocks,alternate_spread,away,-6.0,135,betrivers,0.42115838901852815,-0.0043735258750888795,"10 market(s) allowlisted for NCAAF: moneyline, spread, total_points, alternate_spread, alternate_total_points, team_total, alternate_team_total, moneyline_h1, spread_h1, total_points_h1."
2026-10-07,401871051,False,2026-10-07T23:00:00Z,Kennesaw State Owls,Jacksonville State Gamecocks,alternate_spread,away,-5.5,123,betrivers,0.4348251140532361,-0.013605379220306524,"10 market(s) allowlisted for NCAAF: moneyline, spread, total_points, alternate_spread, alternate_total_points, team_total, alternate_team_total, moneyline_h1, spread_h1, total_points_h1."
2026-10-07,401871051,False,2026-10-07T23:00:00Z,Kennesaw State Owls,Jacksonville State Gamecocks,alternate_spread,away,-8.0,180,betrivers,0.3603950987545279,0.0032522416116707586,"10 market(s) allowlisted for NCAAF: moneyline, spread, total_points, alternate_spread, alternate_total_points, team_total, alternate_team_total, moneyline_h1, spread_h1, total_points_h1."
2026-10-07,401871051,False,2026-10-07T23:00:00Z,Kennesaw State Owls,Jacksonville State Gamecocks,alternate_spread,away,-7.0,160,betrivers,0.38760251799667,0.0029871333812853673,"10 market(s) allowlisted for NCAAF: moneyline, spread, total_points, alternate_spread, alternate_total_points, team_total, alternate_team_total, moneyline_h1, spread_h1, total_points_h1."
2026-10-07,401871051,False,2026-10-07T23:00:00Z,Kennesaw State Owls,Jacksonville State Gamecocks,alternate_spread,away,-7.5,170,betrivers,0.3726577834405857,0.0022874130702153495,"10 market(s) allowlisted for NCAAF: moneyline, spread, total_points, alternate_spread, alternate_total_points, team_total, alternate_team_total, moneyline_h1, spread_h1, total_points_h1."
2026-10-07,401871051,False,2026-10-07T23:00:00Z,Kennesaw State Owls,Jacksonville State Gamecocks,alternate_spread,away,-0.5,-150,betrivers,0.5912111702167773,-0.008788829783222707,"10 market(s) allowlisted for NCAAF: moneyline, spread, total_points, alternate_spread, alternate_total_points, team_total, alternate_team_total, moneyline_h1, spread_h1, total_points_h1."
2026-10-07,401871051,False,2026-10-07T23:00:00Z,Kennesaw State Owls,Jacksonville State Gamecocks,alternate_spread,away,5.0,-315,betrivers,0.7246565619160014,-0.03437958266231189,"10 market(s) allowlisted for NCAAF: moneyline, spread, total_points, alternate_spread, alternate_total_points, team_total, alternate_team_total, moneyline_h1, spread_h1, total_points_h1."
2026-10-07,401871051,False,2026-10-07T23:00:00Z,Kennesaw State Owls,Jacksonville State Gamecocks,alternate_spread,away,-10.5,225,betrivers,0.32199890758614325,0.014306599893835537,"10 market(s) allowlisted for NCAAF: moneyline, spread, total_points, alternate_spread, alternate_total_points, team_total, alternate_team_total, moneyline_h1, spread_h1, total_points_h1."
2026-10-07,401871051,False,2026-10-07T23:00:00Z,Kennesaw State Owls,Jacksonville State Gamecocks,alternate_spread,away,-2.0,-129,betrivers,0.5524783239894033,-0.01084045330317307,"10 market(s) allowlisted for NCAAF: moneyline, spread, total_points, alternate_spread, alternate_total_points, team_total, alternate_team_total, moneyline_h1, spread_h1, total_points_h1."
2026-10-07,401871051,False,2026-10-07T23:00:00Z,Kennesaw State Owls,Jacksonville State Gamecocks,alternate_spread,away,-3.5,102,betrivers,0.46688409344857673,-0.028165411501918314,"10 market(s) allowlisted for NCAAF: moneyline, spread, total_points, alternate_spread, alternate_total_points, team_total, alternate_team_total, moneyline_h1, spread_h1, total_points_h1."
2026-10-07,401871051,False,2026-10-07T23:00:00Z,Kennesaw State Owls,Jacksonville State Gamecocks,alternate_spread,home,4.0,-136,betrivers,0.5455016426074405,-0.03076954383323749,"10 market(s) allowlisted for NCAAF: moneyline, spread, total_points, alternate_spread, alternate_total_points, team_total, alternate_team_total, moneyline_h1, spread_h1, total_points_h1."
2026-10-07,401871051,False,2026-10-07T23:00:00Z,Kennesaw State Owls,Jacksonville State Gamecocks,alternate_spread,home,1.5,107,betrivers,0.43183762643915813,-0.05125416100045538,"10 market(s) allowlisted for NCAAF: moneyline, spread, total_points, alternate_spread, alternate_total_points, team_total, alternate_team_total, moneyline_h1, spread_h1, total_points_h1."
2026-10-07,401871051,False,2026-10-07T23:00:00Z,Kennesaw State Owls,Jacksonville State Gamecocks,alternate_spread,home,3.0,-114,betrivers,0.49999999511480303,-0.03271028525902869,"10 market(s) allowlisted for NCAAF: moneyline, spread, total_points, alternate_spread, alternate_total_points, team_total, alternate_team_total, moneyline_h1, spread_h1, total_points_h1."
2026-10-07,401871051,False,2026-10-07T23:00:00Z,Kennesaw State Owls,Jacksonville State Gamecocks,alternate_spread,home,1.0,114,betrivers,0.4184332117959985,-0.048856507830169704,"10 market(s) allowlisted for NCAAF: moneyline, spread, total_points, alternate_spread, alternate_total_points, team_total, alternate_team_total, moneyline_h1, spread_h1, total_points_h1."
2026-10-07,401871051,False,2026-10-07T23:00:00Z,Kennesaw State Owls,Jacksonville State Gamecocks,alternate_spread,home,10.0,-315,betrivers,0.6701277034352373,-0.08890844114307594,"10 market(s) allowlisted for NCAAF: moneyline, spread, total_points, alternate_spread, alternate_total_points, team_total, alternate_team_total, moneyline_h1, spread_h1, total_points_h1."
2026-10-07,401871051,False,2026-10-07T23:00:00Z,Kennesaw State Owls,Jacksonville State Gamecocks,alternate_spread,home,-5.5,215,betrivers,0.27099733807688614,-0.0464629793834313,"10 market(s) allowlisted for NCAAF: moneyline, spread, total_points, alternate_spread, alternate_total_points, team_total, alternate_team_total, moneyline_h1, spread_h1, total_points_h1."
2026-10-07,401871051,False,2026-10-07T23:00:00Z,Kennesaw State Owls,Jacksonville State Gamecocks,alternate_spread,home,-1.0,128,betrivers,0.3957224797581938,-0.04287401146987635,"10 market(s) allowlisted for NCAAF: moneyline, spread, total_points, alternate_spread, alternate_total_points, team_total, alternate_team_total, moneyline_h1, spread_h1, total_points_h1."
2026-10-07,401871051,False,2026-10-07T23:00:00Z,Kennesaw State Owls,Jacksonville State Gamecocks,alternate_spread,home,-4.5,195,betrivers,0.2867816256464579,-0.052201425200999685,"10 market(s) allowlisted for NCAAF: moneyline, spread, total_points, alternate_spread, alternate_total_points, team_total, alternate_team_total, moneyline_h1, spread_h1, total_points_h1."
2026-10-07,401871051,False,2026-10-07T23:00:00Z,Kennesaw State Owls,Jacksonville State Gamecocks,alternate_spread,home,5.0,-148,betrivers,0.5610692341780533,-0.0357049593703338,"10 market(s) allowlisted for NCAAF: moneyline, spread, total_points, alternate_spread, alternate_total_points, team_total, alternate_team_total, moneyline_h1, spread_h1, total_points_h1."
2026-10-07,401871051,False,2026-10-07T23:00:00Z,Kennesaw State Owls,Jacksonville State Gamecocks,alternate_spread,home,-0.5,118,betrivers,0.40402605080278453,-0.054689545527490724,"10 market(s) allowlisted for NCAAF: moneyline, spread, total_points, alternate_spread, alternate_total_points, team_total, alternate_team_total, moneyline_h1, spread_h1, total_points_h1."
2026-10-07,401871051,False,2026-10-07T23:00:00Z,Kennesaw State Owls,Jacksonville State Gamecocks,alternate_spread,home,6.5,-180,betrivers,0.5887853603415384,-0.054071782515604516,"10 market(s) allowlisted for NCAAF: moneyline, spread, total_points, alternate_spread, alternate_total_points, team_total, alternate_team_total, moneyline_h1, spread_h1, total_points_h1."
2026-10-07,401871051,False,2026-10-07T23:00:00Z,Kennesaw State Owls,Jacksonville State Gamecocks,alternate_spread,home,8.5,-250,betrivers,0.6465144972317158,-0.06777121705399847,"10 market(s) allowlisted for NCAAF: moneyline, spread, total_points, alternate_spread, alternate_total_points, team_total, alternate_team_total, moneyline_h1, spread_h1, total_points_h1."
2026-10-07,401871051,False,2026-10-07T23:00:00Z,Kennesaw State Owls,Jacksonville State Gamecocks,alternate_spread,home,-3.5,175,betrivers,0.3026561216196093,-0.06098024201675434,"10 market(s) allowlisted for NCAAF: moneyline, spread, total_points, alternate_spread, alternate_total_points, team_total, alternate_team_total, moneyline_h1, spread_h1, total_points_h1."
2026-10-07,401871051,False,2026-10-07T23:00:00Z,Kennesaw State Owls,Jacksonville State Gamecocks,alternate_spread,home,-4.0,180,betrivers,0.2914075740065711,-0.06573528313628607,"10 market(s) allowlisted for NCAAF: moneyline, spread, total_points, alternate_spread, alternate_total_points, team_total, alternate_team_total, moneyline_h1, spread_h1, total_points_h1."
2026-10-07,401871051,False,2026-10-07T23:00:00Z,Kennesaw State Owls,Jacksonville State Gamecocks,alternate_spread,home,-3.0,165,betrivers,0.32174990078790916,-0.0556085897781286,"10 market(s) allowlisted for NCAAF: moneyline, spread, total_points, alternate_spread, alternate_total_points, team_total, alternate_team_total, moneyline_h1, spread_h1, total_points_h1."
2026-10-07,401871051,False,2026-10-07T23:00:00Z,Kennesaw State Owls,Jacksonville State Gamecocks,alternate_spread,home,-2.5,148,betrivers,0.36199966491688,-0.04122614153473286,"10 market(s) allowlisted for NCAAF: moneyline, spread, total_points, alternate_spread, alternate_total_points, team_total, alternate_team_total, moneyline_h1, spread_h1, total_points_h1."
2026-10-07,401871051,False,2026-10-07T23:00:00Z,Kennesaw State Owls,Jacksonville State Gamecocks,alternate_spread,home,2.5,-103,betrivers,0.46688408432529405,-0.040505078236282355,"10 market(s) allowlisted for NCAAF: moneyline, spread, total_points, alternate_spread, alternate_total_points, team_total, alternate_team_total, moneyline_h1, spread_h1, total_points_h1."
2026-10-07,401871051,False,2026-10-07T23:00:00Z,Kennesaw State Owls,Jacksonville State Gamecocks,alternate_spread,home,4.5,-141,betrivers,0.5558211288433574,-0.02924111182054301,"10 market(s) allowlisted for NCAAF: moneyline, spread, total_points, alternate_spread, alternate_total_points, team_total, alternate_team_total, moneyline_h1, spread_h1, total_points_h1."
2026-10-07,401871051,False,2026-10-07T23:00:00Z,Kennesaw State Owls,Jacksonville State Gamecocks,alternate_spread,home,-1.5,135,betrivers,0.39028473035573563,-0.03524718453788139,"10 market(s) allowlisted for NCAAF: moneyline, spread, total_points, alternate_spread, alternate_total_points, team_total, alternate_team_total, moneyline_h1, spread_h1, total_points_h1."
2026-10-07,401871051,False,2026-10-07T23:00:00Z,Kennesaw State Owls,Jacksonville State Gamecocks,alternate_spread,home,-2.0,143,betrivers,0.37253689538112317,-0.038985738363732814,"10 market(s) allowlisted for NCAAF: moneyline, spread, total_points, alternate_spread, alternate_total_points, team_total, alternate_team_total, moneyline_h1, spread_h1, total_points_h1."
2026-10-07,401871051,False,2026-10-07T23:00:00Z,Kennesaw State Owls,Jacksonville State Gamecocks,alternate_spread,home,9.0,-265,betrivers,0.6514778491510297,-0.0745495481092443,"10 market(s) allowlisted for NCAAF: moneyline, spread, total_points, alternate_spread, alternate_total_points, team_total, alternate_team_total, moneyline_h1, spread_h1, total_points_h1."
2026-10-07,401871051,False,2026-10-07T23:00:00Z,Kennesaw State Owls,Jacksonville State Gamecocks,alternate_spread,home,9.5,-275,betrivers,0.6541331014955168,-0.07920023183781644,"10 market(s) allowlisted for NCAAF: moneyline, spread, total_points, alternate_spread, alternate_total_points, team_total, alternate_team_total, moneyline_h1, spread_h1, total_points_h1."
2026-10-07,401871051,False,2026-10-07T23:00:00Z,Kennesaw State Owls,Jacksonville State Gamecocks,alternate_spread,home,0.0,118,betrivers,0.4059595463972736,-0.05275604993300165,"10 market(s) allowlisted for NCAAF: moneyline, spread, total_points, alternate_spread, alternate_total_points, team_total, alternate_team_total, moneyline_h1, spread_h1, total_points_h1."
2026-10-07,401871051,False,2026-10-07T23:00:00Z,Kennesaw State Owls,Jacksonville State Gamecocks,alternate_spread,home,6.0,-167,betrivers,0.578841610981472,-0.04662655381253544,"10 market(s) allowlisted for NCAAF: moneyline, spread, total_points, alternate_spread, alternate_total_points, team_total, alternate_team_total, moneyline_h1, spread_h1, total_points_h1."
2026-10-07,401871051,False,2026-10-07T23:00:00Z,Kennesaw State Owls,Jacksonville State Gamecocks,alternate_spread,home,5.5,-155,betrivers,0.5651748859467641,-0.04266825130813778,"10 market(s) allowlisted for NCAAF: moneyline, spread, total_points, alternate_spread, alternate_total_points, team_total, alternate_team_total, moneyline_h1, spread_h1, total_points_h1."
2026-10-07,401871051,False,2026-10-07T23:00:00Z,Kennesaw State Owls,Jacksonville State Gamecocks,alternate_spread,home,8.0,-250,betrivers,0.6396049012454723,-0.07468081304024199,"10 market(s) allowlisted for NCAAF: moneyline, spread, total_points, alternate_spread, alternate_total_points, team_total, alternate_team_total, moneyline_h1, spread_h1, total_points_h1."
2026-10-07,401871051,False,2026-10-07T23:00:00Z,Kennesaw State Owls,Jacksonville State Gamecocks,alternate_spread,home,7.0,-215,betrivers,0.6123974820033301,-0.07014220053635245,"10 market(s) allowlisted for NCAAF: moneyline, spread, total_points, alternate_spread, alternate_total_points, team_total, alternate_team_total, moneyline_h1, spread_h1, total_points_h1."
2026-10-07,401871051,False,2026-10-07T23:00:00Z,Kennesaw State Owls,Jacksonville State Gamecocks,alternate_spread,home,7.5,-230,betrivers,0.6273422165594146,-0.06962748041028244,"10 market(s) allowlisted for NCAAF: moneyline, spread, total_points, alternate_spread, alternate_total_points, team_total, alternate_team_total, moneyline_h1, spread_h1, total_points_h1."
2026-10-07,401871051,False,2026-10-07T23:00:00Z,Kennesaw State Owls,Jacksonville State Gamecocks,alternate_spread,home,0.5,118,betrivers,0.4087888297832225,-0.04992676654705275,"10 market(s) allowlisted for NCAAF: moneyline, spread, total_points, alternate_spread, alternate_total_points, team_total, alternate_team_total, moneyline_h1, spread_h1, total_points_h1."
2026-10-07,401871051,False,2026-10-07T23:00:00Z,Kennesaw State Owls,Jacksonville State Gamecocks,alternate_spread,home,-5.0,210,betrivers,0.2753434380839985,-0.04723720707729179,"10 market(s) allowlisted for NCAAF: moneyline, spread, total_points, alternate_spread, alternate_total_points, team_total, alternate_team_total, moneyline_h1, spread_h1, total_points_h1."
2026-10-07,401871051,False,2026-10-07T23:00:00Z,Kennesaw State Owls,Jacksonville State Gamecocks,alternate_spread,home,10.5,-345,betrivers,0.6780010924138571,-0.09727980646254741,"10 market(s) allowlisted for NCAAF: moneyline, spread, total_points, alternate_spread, alternate_total_points, team_total, alternate_team_total, moneyline_h1, spread_h1, total_points_h1."
2026-10-07,401871051,False,2026-10-07T23:00:00Z,Kennesaw State Owls,Jacksonville State Gamecocks,alternate_spread,home,2.0,102,betrivers,0.44752167601059645,-0.0475278289398986,"10 market(s) allowlisted for NCAAF: moneyline, spread, total_points, alternate_spread, alternate_total_points, team_total, alternate_team_total, moneyline_h1, spread_h1, total_points_h1."
2026-10-07,401871051,False,2026-10-07T23:00:00Z,Kennesaw State Owls,Jacksonville State Gamecocks,alternate_spread,home,3.5,-127,betrivers,0.5331159065514235,-0.026355459087343047,"10 market(s) allowlisted for NCAAF: moneyline, spread, total_points, alternate_spread, alternate_total_points, team_total, alternate_team_total, moneyline_h1, spread_h1, total_points_h1."
2026-10-07,401871051,False,2026-10-07T23:00:00Z,Kennesaw State Owls,Jacksonville State Gamecocks,alternate_spread,away,-1.5,-140,fanatics,0.5681623735608416,-0.015170959772491721,"10 market(s) allowlisted for NCAAF: moneyline, spread, total_points, alternate_spread, alternate_total_points, team_total, alternate_team_total, moneyline_h1, spread_h1, total_points_h1."
2026-10-07,401871051,False,2026-10-07T23:00:00Z,Kennesaw State Owls,Jacksonville State Gamecocks,alternate_spread,away,-4.5,120,fanatics,0.4441788711566428,-0.010366583388811745,"10 market(s) allowlisted for NCAAF: moneyline, spread, total_points, alternate_spread, alternate_total_points, team_total, alternate_team_total, moneyline_h1, spread_h1, total_points_h1."
2026-10-07,401871051,False,2026-10-07T23:00:00Z,Kennesaw State Owls,Jacksonville State Gamecocks,alternate_spread,away,-5.5,130,fanatics,0.4348251140532361,4.2505357583932923e-05,"10 market(s) allowlisted for NCAAF: moneyline, spread, total_points, alternate_spread, alternate_total_points, team_total, alternate_team_total, moneyline_h1, spread_h1, total_points_h1."
2026-10-07,401871051,False,2026-10-07T23:00:00Z,Kennesaw State Owls,Jacksonville State Gamecocks,alternate_spread,away,-2.5,-125,fanatics,0.5331159156747057,-0.02243963988084985,"10 market(s) allowlisted for NCAAF: moneyline, spread, total_points, alternate_spread, alternate_total_points, team_total, alternate_team_total, moneyline_h1, spread_h1, total_points_h1."
2026-10-07,401871051,False,2026-10-07T23:00:00Z,Kennesaw State Owls,Jacksonville State Gamecocks,alternate_spread,away,-3.0,-110,fanatics,0.5000000048851967,-0.023809518924327144,"10 market(s) allowlisted for NCAAF: moneyline, spread, total_points, alternate_spread, alternate_total_points, team_total, alternate_team_total, moneyline_h1, spread_h1, total_points_h1."
2026-10-07,401871051,False,2026-10-07T23:00:00Z,Kennesaw State Owls,Jacksonville State Gamecocks,alternate_spread,away,-8.5,190,fanatics,0.3534855027682844,0.008657916561387813,"10 market(s) allowlisted for NCAAF: moneyline, spread, total_points, alternate_spread, alternate_total_points, team_total, alternate_team_total, moneyline_h1, spread_h1, total_points_h1."
2026-10-07,401871051,False,2026-10-07T23:00:00Z,Kennesaw State Owls,Jacksonville State Gamecocks,alternate_spread,away,13.5,-850,fanatics,0.8675420948339415,-0.02719474727132165,"10 market(s) allowlisted for NCAAF: moneyline, spread, total_points, alternate_spread, alternate_total_points, team_total, alternate_team_total, moneyline_h1, spread_h1, total_points_h1."
2026-10-07,401871051,False,2026-10-07T23:00:00Z,Kennesaw State Owls,Jacksonville State Gamecocks,alternate_spread,away,-6.0,135,fanatics,0.42115838901852815,-0.0043735258750888795,"10 market(s) allowlisted for NCAAF: moneyline, spread, total_points, alternate_spread, alternate_total_points, team_total, alternate_team_total, moneyline_h1, spread_h1, total_points_h1."
2026-10-07,401871051,False,2026-10-07T23:00:00Z,Kennesaw State Owls,Jacksonville State Gamecocks,alternate_spread,away,-1.0,-145,fanatics,0.5815667882040012,-0.010269946489876336,"10 market(s) allowlisted for NCAAF: moneyline, spread, total_points, alternate_spread, alternate_total_points, team_total, alternate_team_total, moneyline_h1, spread_h1, total_points_h1."
2026-10-07,401871051,False,2026-10-07T23:00:00Z,Kennesaw State Owls,Jacksonville State Gamecocks,alternate_spread,away,-20.5,550,fanatics,0.15629811897634704,0.00245196513019319,"10 market(s) allowlisted for NCAAF: moneyline, spread, total_points, alternate_spread, alternate_total_points, team_total, alternate_team_total, moneyline_h1, spread_h1, total_points_h1."
2026-10-07,401871051,False,2026-10-07T23:00:00Z,Kennesaw State Owls,Jacksonville State Gamecocks,alternate_spread,away,-9.0,200,fanatics,0.3485221508489705,0.015188817515637165,"10 market(s) allowlisted for NCAAF: moneyline, spread, total_points, alternate_spread, alternate_total_points, team_total, alternate_team_total, moneyline_h1, spread_h1, total_points_h1."
2026-10-07,401871051,False,2026-10-07T23:00:00Z,Kennesaw State Owls,Jacksonville State Gamecocks,alternate_spread,away,-4.0,110,fanatics,0.45449835739255967,-0.021692118797916493,"10 market(s) allowlisted for NCAAF: moneyline, spread, total_points, alternate_spread, alternate_total_points, team_total, alternate_team_total, moneyline_h1, spread_h1, total_points_h1."
2026-10-07,401871051,False,2026-10-07T23:00:00Z,Kennesaw State Owls,Jacksonville State Gamecocks,alternate_spread,away,-7.5,180,fanatics,0.3726577834405857,0.015514926297728548,"10 market(s) allowlisted for NCAAF: moneyline, spread, total_points, alternate_spread, alternate_total_points, team_total, alternate_team_total, moneyline_h1, spread_h1, total_points_h1."
2026-10-07,401871051,False,2026-10-07T23:00:00Z,Kennesaw State Owls,Jacksonville State Gamecocks,alternate_spread,away,8.5,-500,fanatics,0.8119595927229348,-0.02137374061039854,"10 market(s) allowlisted for NCAAF: moneyline, spread, total_points, alternate_spread, alternate_total_points, team_total, alternate_team_total, moneyline_h1, spread_h1, total_points_h1."
2026-10-07,401871051,False,2026-10-07T23:00:00Z,Kennesaw State Owls,Jacksonville State Gamecocks,alternate_spread,away,-7.0,165,fanatics,0.38760251799667,0.010244027430632241,"10 market(s) allowlisted for NCAAF: moneyline, spread, total_points, alternate_spread, alternate_total_points, team_total, alternate_team_total, moneyline_h1, spread_h1, total_points_h1."
2026-10-07,401871051,False,2026-10-07T23:00:00Z,Kennesaw State Owls,Jacksonville State Gamecocks,alternate_spread,away,-16.5,390,fanatics,0.2135975296758345,0.009515897022773279,"10 market(s) allowlisted for NCAAF: moneyline, spread, total_points, alternate_spread, alternate_total_points, team_total, alternate_team_total, moneyline_h1, spread_h1, total_points_h1."
2026-10-07,401871051,False,2026-10-07T23:00:00Z,Kennesaw State Owls,Jacksonville State Gamecocks,alternate_spread,away,12.5,-800,fanatics,0.851419385641051,-0.03746950324783782,"10 market(s) allowlisted for NCAAF: moneyline, spread, total_points, alternate_spread, alternate_total_points, team_total, alternate_team_total, moneyline_h1, spread_h1, total_points_h1."
2026-10-07,401871051,False,2026-10-07T23:00:00Z,Kennesaw State Owls,Jacksonville State Gamecocks,alternate_spread,away,-27.5,1100,fanatics,0.05369643123367404,-0.029636902099659287,"10 market(s) allowlisted for NCAAF: moneyline, spread, total_points, alternate_spread, alternate_total_points, team_total, alternate_team_total, moneyline_h1, spread_h1, total_points_h1."
2026-10-07,401871051,False,2026-10-07T23:00:00Z,Kennesaw State Owls,Jacksonville State Gamecocks,alternate_spread,away,7.5,-450,fanatics,0.7923239434800413,-0.025857874701776917,"10 market(s) allowlisted for NCAAF: moneyline, spread, total_points, alternate_spread, alternate_total_points, team_total, alternate_team_total, moneyline_h1, spread_h1, total_points_h1."
2026-10-07,401871051,False,2026-10-07T23:00:00Z,Kennesaw State Owls,Jacksonville State Gamecocks,alternate_spread,away,-15.5,360,fanatics,0.22291306535930405,0.005521761011477971,"10 market(s) allowlisted for NCAAF: moneyline, spread, total_points, alternate_spread, alternate_total_points, team_total, alternate_team_total, moneyline_h1, spread_h1, total_points_h1."
2026-10-07,401871051,False,2026-10-07T23:00:00Z,Kennesaw State Owls,Jacksonville State Gamecocks,alternate_spread,away,12.0,-800,fanatics,0.8508468598181381,-0.038042029070750716,"10 market(s) allowlisted for NCAAF: moneyline, spread, total_points, alternate_spread, alternate_total_points, team_total, alternate_team_total, moneyline_h1, spread_h1, total_points_h1."
2026-10-07,401871051,False,2026-10-07T23:00:00Z,Kennesaw State Owls,Jacksonville State Gamecocks,alternate_spread,away,10.0,-600,fanatics,0.8316660592483601,-0.025476797894496972,"10 market(s) allowlisted for NCAAF: moneyline, spread, total_points, alternate_spread, alternate_total_points, team_total, alternate_team_total, moneyline_h1, spread_h1, total_points_h1."
2026-10-07,401871051,False,2026-10-07T23:00:00Z,Kennesaw State Owls,Jacksonville State Gamecocks,alternate_spread,away,15.0,-1200,fanatics,0.9013702270879246,-0.021706695988998548,"10 market(s) allowlisted for NCAAF: moneyline, spread, total_points, alternate_spread, alternate_total_points, team_total, alternate_team_total, moneyline_h1, spread_h1, total_points_h1."
2026-10-07,401871051,False,2026-10-07T23:00:00Z,Kennesaw State Owls,Jacksonville State Gamecocks,alternate_spread,away,13.0,-850,fanatics,0.8653715189854636,-0.029365323119799558,"10 market(s) allowlisted for NCAAF: moneyline, spread, total_points, alternate_spread, alternate_total_points, team_total, alternate_team_total, moneyline_h1, spread_h1, total_points_h1."
2026-10-07,401871051,False,2026-10-07T23:00:00Z,Kennesaw State Owls,Jacksonville State Gamecocks,alternate_spread,away,16.0,-1400,fanatics,0.9116908410981094,-0.021642492235223965,"10 market(s) allowlisted for NCAAF: moneyline, spread, total_points, alternate_spread, alternate_total_points, team_total, alternate_team_total, moneyline_h1, spread_h1, total_points_h1."
2026-10-07,401871051,False,2026-10-07T23:00:00Z,Kennesaw State Owls,Jacksonville State Gamecocks,alternate_spread,away,15.5,-1200,fanatics,0.9026624442982197,-0.020414478778703393,"10 market(s) allowlisted for NCAAF: moneyline, spread, total_points, alternate_spread, alternate_total_points, team_total, alternate_team_total, moneyline_h1, spread_h1, total_points_h1."
2026-10-07,401871051,False,2026-10-07T23:00:00Z,Kennesaw State Owls,Jacksonville State Gamecocks,alternate_spread,away,18.0,-1800,fanatics,0.9270419414755356,-0.02032647957709588,"10 market(s) allowlisted for NCAAF: moneyline, spread, total_points, alternate_spread, alternate_total_points, team_total, alternate_team_total, moneyline_h1, spread_h1, total_points_h1."
2026-10-07,401871051,False,2026-10-07T23:00:00Z,Kennesaw State Owls,Jacksonville State Gamecocks,alternate_spread,away,19.0,-2000,fanatics,0.9355185960428671,-0.016862356338085194,"10 market(s) allowlisted for NCAAF: moneyline, spread, total_points, alternate_spread, alternate_total_points, team_total, alternate_team_total, moneyline_h1, spread_h1, total_points_h1."
2026-10-07,401871051,False,2026-10-07T23:00:00Z,Kennesaw State Owls,Jacksonville State Gamecocks,alternate_spread,away,11.0,-700,fanatics,0.8454909979536158,-0.02950900204638418,"10 market(s) allowlisted for NCAAF: moneyline, spread, total_points, alternate_spread, alternate_total_points, team_total, alternate_team_total, moneyline_h1, spread_h1, total_points_h1."
2026-10-07,401871051,False,2026-10-07T23:00:00Z,Kennesaw State Owls,Jacksonville State Gamecocks,alternate_spread,away,21.0,-3000,fanatics,0.9568351648832357,-0.010906770600635274,"10 market(s) allowlisted for NCAAF: moneyline, spread, total_points, alternate_spread, alternate_total_points, team_total, alternate_team_total, moneyline_h1, spread_h1, total_points_h1."
2026-10-07,401871051,False,2026-10-07T23:00:00Z,Kennesaw State Owls,Jacksonville State Gamecocks,alternate_spread,away,-26.5,950,fanatics,0.06714576923850588,-0.028092325999589357,"10 market(s) allowlisted for NCAAF: moneyline, spread, total_points, alternate_spread, alternate_total_points, team_total, alternate_team_total, moneyline_h1, spread_h1, total_points_h1."
2026-10-07,401871051,False,2026-10-07T23:00:00Z,Kennesaw State Owls,Jacksonville State Gamecocks,alternate_spread,away,14.0,-1100,fanatics,0.8870742767487302,-0.029592389917936446,"10 market(s) allowlisted for NCAAF: moneyline, spread, total_points, alternate_spread, alternate_total_points, team_total, alternate_team_total, moneyline_h1, spread_h1, total_points_h1."
2026-10-07,401871051,False,2026-10-07T23:00:00Z,Kennesaw State Owls,Jacksonville State Gamecocks,alternate_spread,away,17.0,-1500,fanatics,0.9209028379939475,-0.016597162006052546,"10 market(s) allowlisted for NCAAF: moneyline, spread, total_points, alternate_spread, alternate_total_points, team_total, alternate_team_total, moneyline_h1, spread_h1, total_points_h1."
2026-10-07,401871051,False,2026-10-07T23:00:00Z,Kennesaw State Owls,Jacksonville State Gamecocks,alternate_spread,away,6.5,-330,fanatics,0.7521008839208989,-0.0153409765442174,"10 market(s) allowlisted for NCAAF: moneyline, spread, total_points, alternate_spread, alternate_total_points, team_total, alternate_team_total, moneyline_h1, spread_h1, total_points_h1."
2026-10-07,401871051,False,2026-10-07T23:00:00Z,Kennesaw State Owls,Jacksonville State Gamecocks,alternate_spread,away,20.0,-2200,fanatics,0.9437828071932376,-0.012738931937197218,"10 market(s) allowlisted for NCAAF: moneyline, spread, total_points, alternate_spread, alternate_total_points, team_total, alternate_team_total, moneyline_h1, spread_h1, total_points_h1."
2026-10-07,401871051,False,2026-10-07T23:00:00Z,Kennesaw State Owls,Jacksonville State Gamecocks,alternate_spread,away,-14.5,330,fanatics,0.237636206639265,0.005078067104381273,"10 market(s) allowlisted for NCAAF: moneyline, spread, total_points, alternate_spread, alternate_total_points, team_total, alternate_team_total, moneyline_h1, spread_h1, total_points_h1."
2026-10-07,401871051,False,2026-10-07T23:00:00Z,Kennesaw State Owls,Jacksonville State Gamecocks,alternate_spread,away,-3.5,105,fanatics,0.46688409344857673,-0.020920784600203746,"10 market(s) allowlisted for NCAAF: moneyline, spread, total_points, alternate_spread, alternate_total_points, team_total, alternate_team_total, moneyline_h1, spread_h1, total_points_h1."
2026-10-07,401871051,False,2026-10-07T23:00:00Z,Kennesaw State Owls,Jacksonville State Gamecocks,alternate_spread,away,-25.5,900,fanatics,0.08545066701246253,-0.01454933298753748,"10 market(s) allowlisted for NCAAF: moneyline, spread, total_points, alternate_spread, alternate_total_points, team_total, alternate_team_total, moneyline_h1, spread_h1, total_points_h1."
2026-10-07,401871051,False,2026-10-07T23:00:00Z,Kennesaw State Owls,Jacksonville State Gamecocks,alternate_spread,away,14.5,-1100,fanatics,0.8895607492203332,-0.027105917446333394,"10 market(s) allowlisted for NCAAF: moneyline, spread, total_points, alternate_spread, alternate_total_points, team_total, alternate_team_total, moneyline_h1, spread_h1, total_points_h1."
2026-10-07,401871051,False,2026-10-07T23:00:00Z,Kennesaw State Owls,Jacksonville State Gamecocks,alternate_spread,away,5.5,-300,fanatics,0.7290026619231138,-0.020997338076886196,"10 market(s) allowlisted for NCAAF: moneyline, spread, total_points, alternate_spread, alternate_total_points, team_total, alternate_team_total, moneyline_h1, spread_h1, total_points_h1."
2026-10-07,401871051,False,2026-10-07T23:00:00Z,Kennesaw State Owls,Jacksonville State Gamecocks,alternate_spread,away,-13.5,280,fanatics,0.26938852013125686,0.006230625394414768,"10 market(s) allowlisted for NCAAF: moneyline, spread, total_points, alternate_spread, alternate_total_points, team_total, alternate_team_total, moneyline_h1, spread_h1, total_points_h1."
2026-10-07,401871051,False,2026-10-07T23:00:00Z,Kennesaw State Owls,Jacksonville State Gamecocks,alternate_spread,away,4.5,-265,fanatics,0.7132183743535421,-0.012809022906731915,"10 market(s) allowlisted for NCAAF: moneyline, spread, total_points, alternate_spread, alternate_total_points, team_total, alternate_team_total, moneyline_h1, spread_h1, total_points_h1."
2026-10-07,401871051,False,2026-10-07T23:00:00Z,Kennesaw State Owls,Jacksonville State Gamecocks,alternate_spread,away,17.5,-1500,fanatics,0.9216189514481444,-0.01588104855185557,"10 market(s) allowlisted for NCAAF: moneyline, spread, total_points, alternate_spread, alternate_total_points, team_total, alternate_team_total, moneyline_h1, spread_h1, total_points_h1."
2026-10-07,401871051,False,2026-10-07T23:00:00Z,Kennesaw State Owls,Jacksonville State Gamecocks,alternate_spread,away,3.0,-220,fanatics,0.6782500992120907,-0.009249900787909326,"10 market(s) allowlisted for NCAAF: moneyline, spread, total_points, alternate_spread, alternate_total_points, team_total, alternate_team_total, moneyline_h1, spread_h1, total_points_h1."
2026-10-07,401871051,False,2026-10-07T23:00:00Z,Kennesaw State Owls,Jacksonville State Gamecocks,alternate_spread,away,-24.5,850,fanatics,0.09594795510440916,-0.009315202790327673,"10 market(s) allowlisted for NCAAF: moneyline, spread, total_points, alternate_spread, alternate_total_points, team_total, alternate_team_total, moneyline_h1, spread_h1, total_points_h1."
2026-10-07,401871051,False,2026-10-07T23:00:00Z,Kennesaw State Owls,Jacksonville State Gamecocks,alternate_spread,away,6.0,-330,fanatics,0.7462394667905508,-0.021202393674565556,"10 market(s) allowlisted for NCAAF: moneyline, spread, total_points, alternate_spread, alternate_total_points, team_total, alternate_team_total, moneyline_h1, spread_h1, total_points_h1."
2026-10-07,401871051,False,2026-10-07T23:00:00Z,Kennesaw State Owls,Jacksonville State Gamecocks,alternate_spread,away,2.0,-175,fanatics,0.6274631046188766,-0.008900531744759799,"10 market(s) allowlisted for NCAAF: moneyline, spread, total_points, alternate_spread, alternate_total_points, team_total, alternate_team_total, moneyline_h1, spread_h1, total_points_h1."
2026-10-07,401871051,False,2026-10-07T23:00:00Z,Kennesaw State Owls,Jacksonville State Gamecocks,alternate_spread,away,20.5,-2200,fanatics,0.9442420219500796,-0.012279717180355254,"10 market(s) allowlisted for NCAAF: moneyline, spread, total_points, alternate_spread, alternate_total_points, team_total, alternate_team_total, moneyline_h1, spread_h1, total_points_h1."
2026-10-07,401871051,False,2026-10-07T23:00:00Z,Kennesaw State Owls,Jacksonville State Gamecocks,alternate_spread,away,5.0,-300,fanatics,0.7246565619160014,-0.025343438083998637,"10 market(s) allowlisted for NCAAF: moneyline, spread, total_points, alternate_spread, alternate_total_points, team_total, alternate_team_total, moneyline_h1, spread_h1, total_points_h1."
2026-10-07,401871051,False,2026-10-07T23:00:00Z,Kennesaw State Owls,Jacksonville State Gamecocks,alternate_spread,away,1.0,-160,fanatics,0.604277520241806,-0.011107095142809387,"10 market(s) allowlisted for NCAAF: moneyline, spread, total_points, alternate_spread, alternate_total_points, team_total, alternate_team_total, moneyline_h1, spread_h1, total_points_h1."
2026-10-07,401871051,False,2026-10-07T23:00:00Z,Kennesaw State Owls,Jacksonville State Gamecocks,alternate_spread,away,9.0,-525,fanatics,0.8184284438078566,-0.02157155619214335,"10 market(s) allowlisted for NCAAF: moneyline, spread, total_points, alternate_spread, alternate_total_points, team_total, alternate_team_total, moneyline_h1, spread_h1, total_points_h1."
2026-10-07,401871051,False,2026-10-07T23:00:00Z,Kennesaw State Owls,Jacksonville State Gamecocks,alternate_spread,away,8.0,-500,fanatics,0.8081933445133463,-0.025139988819987025,"10 market(s) allowlisted for NCAAF: moneyline, spread, total_points, alternate_spread, alternate_total_points, team_total, alternate_team_total, moneyline_h1, spread_h1, total_points_h1."
2026-10-07,401871051,False,2026-10-07T23:00:00Z,Kennesaw State Owls,Jacksonville State Gamecocks,alternate_spread,away,4.0,-265,fanatics,0.7085924259934289,-0.017434971266845123,"10 market(s) allowlisted for NCAAF: moneyline, spread, total_points, alternate_spread, alternate_total_points, team_total, alternate_team_total, moneyline_h1, spread_h1, total_points_h1."
2026-10-07,401871051,False,2026-10-07T23:00:00Z,Kennesaw State Owls,Jacksonville State Gamecocks,alternate_spread,away,-12.5,265,fanatics,0.28487670428614015,0.010904101546414136,"10 market(s) allowlisted for NCAAF: moneyline, spread, total_points, alternate_spread, alternate_total_points, team_total, alternate_team_total, moneyline_h1, spread_h1, total_points_h1."
2026-10-07,401871051,False,2026-10-07T23:00:00Z,Kennesaw State Owls,Jacksonville State Gamecocks,alternate_spread,away,7.0,-425,fanatics,0.7836204978788445,-0.025903311644965066,"10 market(s) allowlisted for NCAAF: moneyline, spread, total_points, alternate_spread, alternate_total_points, team_total, alternate_team_total, moneyline_h1, spread_h1, total_points_h1."
2026-10-07,401871051,False,2026-10-07T23:00:00Z,Kennesaw State Owls,Jacksonville State Gamecocks,alternate_spread,away,16.5,-1400,fanatics,0.9125653591821898,-0.02076797415114351,"10 market(s) allowlisted for NCAAF: moneyline, spread, total_points, alternate_spread, alternate_total_points, team_total, alternate_team_total, moneyline_h1, spread_h1, total_points_h1."
2026-10-07,401871051,False,2026-10-07T23:00:00Z,Kennesaw State Owls,Jacksonville State Gamecocks,alternate_spread,away,-19.5,500,fanatics,0.16695627869963198,0.00028961203296531957,"10 market(s) allowlisted for NCAAF: moneyline, spread, total_points, alternate_spread, alternate_total_points, team_total, alternate_team_total, moneyline_h1, spread_h1, total_points_h1."
2026-10-07,401871051,False,2026-10-07T23:00:00Z,Kennesaw State Owls,Jacksonville State Gamecocks,alternate_spread,away,-9.5,200,fanatics,0.34586689850448343,0.012533565171150118,"10 market(s) allowlisted for NCAAF: moneyline, spread, total_points, alternate_spread, alternate_total_points, team_total, alternate_team_total, moneyline_h1, spread_h1, total_points_h1."
2026-10-07,401871051,False,2026-10-07T23:00:00Z,Kennesaw State Owls,Jacksonville State Gamecocks,alternate_spread,away,-23.5,700,fanatics,0.1191916890023135,-0.0058083109976865,"10 market(s) allowlisted for NCAAF: moneyline, spread, total_points, alternate_spread, alternate_total_points, team_total, alternate_team_total, moneyline_h1, spread_h1, total_points_h1."
2026-10-07,401871051,False,2026-10-07T23:00:00Z,Kennesaw State Owls,Jacksonville State Gamecocks,alternate_spread,away,3.5,-235,fanatics,0.6973438783803906,-0.004148658933042282,"10 market(s) allowlisted for NCAAF: moneyline, spread, total_points, alternate_spread, alternate_total_points, team_total, alternate_team_total, moneyline_h1, spread_h1, total_points_h1."
2026-10-07,401871051,False,2026-10-07T23:00:00Z,Kennesaw State Owls,Jacksonville State Gamecocks,alternate_spread,away,-11.5,250,fanatics,0.30070766899143486,0.014993383277149164,"10 market(s) allowlisted for NCAAF: moneyline, spread, total_points, alternate_spread, alternate_total_points, team_total, alternate_team_total, moneyline_h1, spread_h1, total_points_h1."
2026-10-07,401871051,False,2026-10-07T23:00:00Z,Kennesaw State Owls,Jacksonville State Gamecocks,alternate_spread,away,19.5,-2000,fanatics,0.9360734398150659,-0.016307512565886473,"10 market(s) allowlisted for NCAAF: moneyline, spread, total_points, alternate_spread, alternate_total_points, team_total, alternate_team_total, moneyline_h1, spread_h1, total_points_h1."
2026-10-07,401871051,False,2026-10-07T23:00:00Z,Kennesaw State Owls,Jacksonville State Gamecocks,alternate_spread,away,11.5,-750,fanatics,0.8475808756223225,-0.034772065554148024,"10 market(s) allowlisted for NCAAF: moneyline, spread, total_points, alternate_spread, alternate_total_points, team_total, alternate_team_total, moneyline_h1, spread_h1, total_points_h1."
2026-10-07,401871051,False,2026-10-07T23:00:00Z,Kennesaw State Owls,Jacksonville State Gamecocks,alternate_spread,away,-22.5,650,fanatics,0.13297688613993264,-0.0003564471934006941,"10 market(s) allowlisted for NCAAF: moneyline, spread, total_points, alternate_spread, alternate_total_points, team_total, alternate_team_total, moneyline_h1, spread_h1, total_points_h1."
2026-10-07,401871051,False,2026-10-07T23:00:00Z,Kennesaw State Owls,Jacksonville State Gamecocks,alternate_spread,away,-11.0,250,fanatics,0.3072493890415979,0.021535103327312177,"10 market(s) allowlisted for NCAAF: moneyline, spread, total_points, alternate_spread, alternate_total_points, team_total, alternate_team_total, moneyline_h1, spread_h1, total_points_h1."
2026-10-07,401871051,False,2026-10-07T23:00:00Z,Kennesaw State Owls,Jacksonville State Gamecocks,alternate_spread,away,-10.0,220,fanatics,0.329872296564763,0.017372296564763023,"10 market(s) allowlisted for NCAAF: moneyline, spread, total_points, alternate_spread, alternate_total_points, team_total, alternate_team_total, moneyline_h1, spread_h1, total_points_h1."
2026-10-07,401871051,False,2026-10-07T23:00:00Z,Kennesaw State Owls,Jacksonville State Gamecocks,alternate_spread,away,-12.0,265,fanatics,0.2894591214209813,0.015486518681255279,"10 market(s) allowlisted for NCAAF: moneyline, spread, total_points, alternate_spread, alternate_total_points, team_total, alternate_team_total, moneyline_h1, spread_h1, total_points_h1."
2026-10-07,401871051,False,2026-10-07T23:00:00Z,Kennesaw State Owls,Jacksonville State Gamecocks,alternate_spread,away,-14.0,320,fanatics,0.24542914994850296,0.007333911853264874,"10 market(s) allowlisted for NCAAF: moneyline, spread, total_points, alternate_spread, alternate_total_points, team_total, alternate_team_total, moneyline_h1, spread_h1, total_points_h1."
2026-10-07,401871051,False,2026-10-07T23:00:00Z,Kennesaw State Owls,Jacksonville State Gamecocks,alternate_spread,away,-13.0,280,fanatics,0.2736264977175622,0.01046860298072011,"10 market(s) allowlisted for NCAAF: moneyline, spread, total_points, alternate_spread, alternate_total_points, team_total, alternate_team_total, moneyline_h1, spread_h1, total_points_h1."
2026-10-07,401871051,False,2026-10-07T23:00:00Z,Kennesaw State Owls,Jacksonville State Gamecocks,alternate_spread,away,-15.0,360,fanatics,0.22624408904608564,0.008852784698259564,"10 market(s) allowlisted for NCAAF: moneyline, spread, total_points, alternate_spread, alternate_total_points, team_total, alternate_team_total, moneyline_h1, spread_h1, total_points_h1."
2026-10-07,401871051,False,2026-10-07T23:00:00Z,Kennesaw State Owls,Jacksonville State Gamecocks,alternate_spread,away,-16.0,375,fanatics,0.2156060152040384,0.005079699414564737,"10 market(s) allowlisted for NCAAF: moneyline, spread, total_points, alternate_spread, alternate_total_points, team_total, alternate_team_total, moneyline_h1, spread_h1, total_points_h1."
2026-10-07,401871051,False,2026-10-07T23:00:00Z,Kennesaw State Owls,Jacksonville State Gamecocks,alternate_spread,away,-18.5,475,fanatics,0.17506791445169312,0.0011548709734322538,"10 market(s) allowlisted for NCAAF: moneyline, spread, total_points, alternate_spread, alternate_total_points, team_total, alternate_team_total, moneyline_h1, spread_h1, total_points_h1."
2026-10-07,401871051,False,2026-10-07T23:00:00Z,Kennesaw State Owls,Jacksonville State Gamecocks,alternate_spread,away,-19.0,500,fanatics,0.16832164255321228,0.0016549758865456177,"10 market(s) allowlisted for NCAAF: moneyline, spread, total_points, alternate_spread, alternate_total_points, team_total, alternate_team_total, moneyline_h1, spread_h1, total_points_h1."
2026-10-07,401871051,False,2026-10-07T23:00:00Z,Kennesaw State Owls,Jacksonville State Gamecocks,alternate_spread,away,-18.0,475,fanatics,0.17794059660097034,0.004027553122709471,"10 market(s) allowlisted for NCAAF: moneyline, spread, total_points, alternate_spread, alternate_total_points, team_total, alternate_team_total, moneyline_h1, spread_h1, total_points_h1."
2026-10-07,401871051,False,2026-10-07T23:00:00Z,Kennesaw State Owls,Jacksonville State Gamecocks,alternate_spread,away,-17.0,430,fanatics,0.19559036653766934,0.00691112125465046,"10 market(s) allowlisted for NCAAF: moneyline, spread, total_points, alternate_spread, alternate_total_points, team_total, alternate_team_total, moneyline_h1, spread_h1, total_points_h1."
2026-10-07,401871051,False,2026-10-07T23:00:00Z,Kennesaw State Owls,Jacksonville State Gamecocks,alternate_spread,away,-2.0,-135,fanatics,0.5524783239894033,-0.0219897611169797,"10 market(s) allowlisted for NCAAF: moneyline, spread, total_points, alternate_spread, alternate_total_points, team_total, alternate_team_total, moneyline_h1, spread_h1, total_points_h1."
2026-10-07,401871051,False,2026-10-07T23:00:00Z,Kennesaw State Owls,Jacksonville State Gamecocks,alternate_spread,away,-10.5,235,fanatics,0.32199890758614325,0.023491444899576108,"10 market(s) allowlisted for NCAAF: moneyline, spread, total_points, alternate_spread, alternate_total_points, team_total, alternate_team_total, moneyline_h1, spread_h1, total_points_h1."
2026-10-07,401871051,False,2026-10-07T23:00:00Z,Kennesaw State Owls,Jacksonville State Gamecocks,alternate_spread,away,-5.0,125,fanatics,0.43893076582194684,-0.005513678622497575,"10 market(s) allowlisted for NCAAF: moneyline, spread, total_points, alternate_spread, alternate_total_points, team_total, alternate_team_total, moneyline_h1, spread_h1, total_points_h1."
2026-10-07,401871051,False,2026-10-07T23:00:00Z,Kennesaw State Owls,Jacksonville State Gamecocks,alternate_spread,away,-21.0,600,fanatics,0.14174372107652047,-0.0011134217806223756,"10 market(s) allowlisted for NCAAF: moneyline, spread, total_points, alternate_spread, alternate_total_points, team_total, alternate_team_total, moneyline_h1, spread_h1, total_points_h1."
2026-10-07,401871051,False,2026-10-07T23:00:00Z,Kennesaw State Owls,Jacksonville State Gamecocks,alternate_spread,away,-8.0,190,fanatics,0.3603950987545279,0.015567512547631335,"10 market(s) allowlisted for NCAAF: moneyline, spread, total_points, alternate_spread, alternate_total_points, team_total, alternate_team_total, moneyline_h1, spread_h1, total_points_h1."
2026-10-07,401871051,False,2026-10-07T23:00:00Z,Kennesaw State Owls,Jacksonville State Gamecocks,alternate_spread,away,-20.0,550,fanatics,0.15798191546476098,0.0041357616186071255,"10 market(s) allowlisted for NCAAF: moneyline, spread, total_points, alternate_spread, alternate_total_points, team_total, alternate_team_total, moneyline_h1, spread_h1, total_points_h1."
2026-10-07,401871051,False,2026-10-07T23:00:00Z,Kennesaw State Owls,Jacksonville State Gamecocks,alternate_spread,away,-24.0,850,fanatics,0.09823121533410278,-0.007031942560634052,"10 market(s) allowlisted for NCAAF: moneyline, spread, total_points, alternate_spread, alternate_total_points, team_total, alternate_team_total, moneyline_h1, spread_h1, total_points_h1."
2026-10-07,401871051,False,2026-10-07T23:00:00Z,Kennesaw State Owls,Jacksonville State Gamecocks,alternate_spread,away,2.5,-180,fanatics,0.6380003350831198,-0.004856807774023086,"10 market(s) allowlisted for NCAAF: moneyline, spread, total_points, alternate_spread, alternate_total_points, team_total, alternate_team_total, moneyline_h1, spread_h1, total_points_h1."
2026-10-07,401871051,False,2026-10-07T23:00:00Z,Kennesaw State Owls,Jacksonville State Gamecocks,alternate_spread,away,-23.0,700,fanatics,0.12085773672872546,-0.004142263271274538,"10 market(s) allowlisted for NCAAF: moneyline, spread, total_points, alternate_spread, alternate_total_points, team_total, alternate_team_total, moneyline_h1, spread_h1, total_points_h1."
2026-10-07,401871051,False,2026-10-07T23:00:00Z,Kennesaw State Owls,Jacksonville State Gamecocks,alternate_spread,away,10.5,-650,fanatics,0.8340549474173152,-0.03261171924935147,"10 market(s) allowlisted for NCAAF: moneyline, spread, total_points, alternate_spread, alternate_total_points, team_total, alternate_team_total, moneyline_h1, spread_h1, total_points_h1."
2026-10-07,401871051,False,2026-10-07T23:00:00Z,Kennesaw State Owls,Jacksonville State Gamecocks,alternate_spread,away,-22.0,650,fanatics,0.13382845404343896,0.0004951207101056287,"10 market(s) allowlisted for NCAAF: moneyline, spread, total_points, alternate_spread, alternate_total_points, team_total, alternate_team_total, moneyline_h1, spread_h1, total_points_h1."
2026-10-07,401871051,False,2026-10-07T23:00:00Z,Kennesaw State Owls,Jacksonville State Gamecocks,alternate_spread,away,-27.0,1100,fanatics,0.05442845796188522,-0.028904875371448112,"10 market(s) allowlisted for NCAAF: moneyline, spread, total_points, alternate_spread, alternate_total_points, team_total, alternate_team_total, moneyline_h1, spread_h1, total_points_h1."
2026-10-07,401871051,False,2026-10-07T23:00:00Z,Kennesaw State Owls,Jacksonville State Gamecocks,alternate_spread,away,-25.0,900,fanatics,0.08635718324378153,-0.013642816756218479,"10 market(s) allowlisted for NCAAF: moneyline, spread, total_points, alternate_spread, alternate_total_points, team_total, alternate_team_total, moneyline_h1, spread_h1, total_points_h1."
2026-10-07,401871051,False,2026-10-07T23:00:00Z,Kennesaw State Owls,Jacksonville State Gamecocks,alternate_spread,away,-26.0,950,fanatics,0.06839778367667257,-0.026840311561422664,"10 market(s) allowlisted for NCAAF: moneyline, spread, total_points, alternate_spread, alternate_total_points, team_total, alternate_team_total, moneyline_h1, spread_h1, total_points_h1."
2026-10-07,401871051,False,2026-10-07T23:00:00Z,Kennesaw State Owls,Jacksonville State Gamecocks,alternate_spread,away,18.5,-1800,fanatics,0.9274687299584453,-0.01989969109418621,"10 market(s) allowlisted for NCAAF: moneyline, spread, total_points, alternate_spread, alternate_total_points, team_total, alternate_team_total, moneyline_h1, spread_h1, total_points_h1."
2026-10-07,401871051,False,2026-10-07T23:00:00Z,Kennesaw State Owls,Jacksonville State Gamecocks,alternate_spread,away,-21.5,600,fanatics,0.13934001653393635,-0.0035171263232064987,"10 market(s) allowlisted for NCAAF: moneyline, spread, total_points, alternate_spread, alternate_total_points, team_total, alternate_team_total, moneyline_h1, spread_h1, total_points_h1."
2026-10-07,401871051,False,2026-10-07T23:00:00Z,Kennesaw State Owls,Jacksonville State Gamecocks,alternate_spread,away,1.5,-170,fanatics,0.6097152696442641,-0.019914359985365504,"10 market(s) allowlisted for NCAAF: moneyline, spread, total_points, alternate_spread, alternate_total_points, team_total, alternate_team_total, moneyline_h1, spread_h1, total_points_h1."
2026-10-07,401871051,False,2026-10-07T23:00:00Z,Kennesaw State Owls,Jacksonville State Gamecocks,alternate_spread,away,9.5,-550,fanatics,0.8198635837607151,-0.026290262393131036,"10 market(s) allowlisted for NCAAF: moneyline, spread, total_points, alternate_spread, alternate_total_points, team_total, alternate_team_total, moneyline_h1, spread_h1, total_points_h1."
2026-10-07,401871051,False,2026-10-07T23:00:00Z,Kennesaw State Owls,Jacksonville State Gamecocks,alternate_spread,away,21.5,-3000,fanatics,0.9574032678943514,-0.010338667589519623,"10 market(s) allowlisted for NCAAF: moneyline, spread, total_points, alternate_spread, alternate_total_points, team_total, alternate_team_total, moneyline_h1, spread_h1, total_points_h1."
2026-10-07,401871051,False,2026-10-07T23:00:00Z,Kennesaw State Owls,Jacksonville State Gamecocks,alternate_spread,away,-17.5,430,fanatics,0.19121196591690867,0.00253272063388979,"10 market(s) allowlisted for NCAAF: moneyline, spread, total_points, alternate_spread, alternate_total_points, team_total, alternate_team_total, moneyline_h1, spread_h1, total_points_h1."
2026-10-07,401871051,False,2026-10-07T23:00:00Z,Kennesaw State Owls,Jacksonville State Gamecocks,alternate_spread,away,-6.5,140,fanatics,0.41121463965846183,-0.005452027008204852,"10 market(s) allowlisted for NCAAF: moneyline, spread, total_points, alternate_spread, alternate_total_points, team_total, alternate_team_total, moneyline_h1, spread_h1, total_points_h1."
2026-10-07,401871051,False,2026-10-07T23:00:00Z,Kennesaw State Owls,Jacksonville State Gamecocks,alternate_spread,home,1.5,115,fanatics,0.43183762643915813,-0.03327865263060931,"10 market(s) allowlisted for NCAAF: moneyline, spread, total_points, alternate_spread, alternate_total_points, team_total, alternate_team_total, moneyline_h1, spread_h1, total_points_h1."
2026-10-07,401871051,False,2026-10-07T23:00:00Z,Kennesaw State Owls,Jacksonville State Gamecocks,alternate_spread,home,4.5,-145,fanatics,0.5558211288433574,-0.036015605850520105,"10 market(s) allowlisted for NCAAF: moneyline, spread, total_points, alternate_spread, alternate_total_points, team_total, alternate_team_total, moneyline_h1, spread_h1, total_points_h1."
2026-10-07,401871051,False,2026-10-07T23:00:00Z,Kennesaw State Owls,Jacksonville State Gamecocks,alternate_spread,home,5.5,-160,fanatics,0.5651748859467641,-0.05020972943785129,"10 market(s) allowlisted for NCAAF: moneyline, spread, total_points, alternate_spread, alternate_total_points, team_total, alternate_team_total, moneyline_h1, spread_h1, total_points_h1."
2026-10-07,401871051,False,2026-10-07T23:00:00Z,Kennesaw State Owls,Jacksonville State Gamecocks,alternate_spread,home,2.5,105,fanatics,0.46688408432529405,-0.02092079372348643,"10 market(s) allowlisted for NCAAF: moneyline, spread, total_points, alternate_spread, alternate_total_points, team_total, alternate_team_total, moneyline_h1, spread_h1, total_points_h1."
2026-10-07,401871051,False,2026-10-07T23:00:00Z,Kennesaw State Owls,Jacksonville State Gamecocks,alternate_spread,home,3.0,-110,fanatics,0.49999999511480303,-0.023809528694720805,"10 market(s) allowlisted for NCAAF: moneyline, spread, total_points, alternate_spread, alternate_total_points, team_total, alternate_team_total, moneyline_h1, spread_h1, total_points_h1."
2026-10-07,401871051,False,2026-10-07T23:00:00Z,Kennesaw State Owls,Jacksonville State Gamecocks,alternate_spread,home,8.5,-250,fanatics,0.6465144972317158,-0.06777121705399847,"10 market(s) allowlisted for NCAAF: moneyline, spread, total_points, alternate_spread, alternate_total_points, team_total, alternate_team_total, moneyline_h1, spread_h1, total_points_h1."
2026-10-07,401871051,False,2026-10-07T23:00:00Z,Kennesaw State Owls,Jacksonville State Gamecocks,alternate_spread,home,-13.5,500,fanatics,0.13245790516605876,-0.03420876150060789,"10 market(s) allowlisted for NCAAF: moneyline, spread, total_points, alternate_spread, alternate_total_points, team_total, alternate_team_total, moneyline_h1, spread_h1, total_points_h1."
2026-10-07,401871051,False,2026-10-07T23:00:00Z,Kennesaw State Owls,Jacksonville State Gamecocks,alternate_spread,home,6.0,-170,fanatics,0.578841610981472,-0.05078801864815763,"10 market(s) allowlisted for NCAAF: moneyline, spread, total_points, alternate_spread, alternate_total_points, team_total, alternate_team_total, moneyline_h1, spread_h1, total_points_h1."
2026-10-07,401871051,False,2026-10-07T23:00:00Z,Kennesaw State Owls,Jacksonville State Gamecocks,alternate_spread,home,1.0,120,fanatics,0.4184332117959985,-0.036112242749456014,"10 market(s) allowlisted for NCAAF: moneyline, spread, total_points, alternate_spread, alternate_total_points, team_total, alternate_team_total, moneyline_h1, spread_h1, total_points_h1."
2026-10-07,401871051,False,2026-10-07T23:00:00Z,Kennesaw State Owls,Jacksonville State Gamecocks,alternate_spread,home,20.5,-950,fanatics,0.8437018810236532,-0.06106002373825159,"10 market(s) allowlisted for NCAAF: moneyline, spread, total_points, alternate_spread, alternate_total_points, team_total, alternate_team_total, moneyline_h1, spread_h1, total_points_h1."
2026-10-07,401871051,False,2026-10-07T23:00:00Z,Kennesaw State Owls,Jacksonville State Gamecocks,alternate_spread,home,9.0,-265,fanatics,0.6514778491510297,-0.0745495481092443,"10 market(s) allowlisted for NCAAF: moneyline, spread, total_points, alternate_spread, alternate_total_points, team_total, alternate_team_total, moneyline_h1, spread_h1, total_points_h1."
2026-10-07,401871051,False,2026-10-07T23:00:00Z,Kennesaw State Owls,Jacksonville State Gamecocks,alternate_spread,home,4.0,-135,fanatics,0.5455016426074405,-0.028966442498942535,"10 market(s) allowlisted for NCAAF: moneyline, spread, total_points, alternate_spread, alternate_total_points, team_total, alternate_team_total, moneyline_h1, spread_h1, total_points_h1."
2026-10-07,401871051,False,2026-10-07T23:00:00Z,Kennesaw State Owls,Jacksonville State Gamecocks,alternate_spread,home,7.5,-235,fanatics,0.6273422165594146,-0.07415032075401828,"10 market(s) allowlisted for NCAAF: moneyline, spread, total_points, alternate_spread, alternate_total_points, team_total, alternate_team_total, moneyline_h1, spread_h1, total_points_h1."
2026-10-07,401871051,False,2026-10-07T23:00:00Z,Kennesaw State Owls,Jacksonville State Gamecocks,alternate_spread,home,-8.5,330,fanatics,0.1880404072770654,-0.04451773225781833,"10 market(s) allowlisted for NCAAF: moneyline, spread, total_points, alternate_spread, alternate_total_points, team_total, alternate_team_total, moneyline_h1, spread_h1, total_points_h1."
2026-10-07,401871051,False,2026-10-07T23:00:00Z,Kennesaw State Owls,Jacksonville State Gamecocks,alternate_spread,home,7.0,-210,fanatics,0.6123974820033301,-0.06502187283537952,"10 market(s) allowlisted for NCAAF: moneyline, spread, total_points, alternate_spread, alternate_total_points, team_total, alternate_team_total, moneyline_h1, spread_h1, total_points_h1."
2026-10-07,401871051,False,2026-10-07T23:00:00Z,Kennesaw State Owls,Jacksonville State Gamecocks,alternate_spread,home,16.5,-600,fanatics,0.7864024703241657,-0.07074038681869144,"10 market(s) allowlisted for NCAAF: moneyline, spread, total_points, alternate_spread, alternate_total_points, team_total, alternate_team_total, moneyline_h1, spread_h1, total_points_h1."
2026-10-07,401871051,False,2026-10-07T23:00:00Z,Kennesaw State Owls,Jacksonville State Gamecocks,alternate_spread,home,-12.5,475,fanatics,0.14858061435894926,-0.025332429119311606,"10 market(s) allowlisted for NCAAF: moneyline, spread, total_points, alternate_spread, alternate_total_points, team_total, alternate_team_total, moneyline_h1, spread_h1, total_points_h1."
2026-10-07,401871051,False,2026-10-07T23:00:00Z,Kennesaw State Owls,Jacksonville State Gamecocks,alternate_spread,home,27.5,-2800,fanatics,0.9463035687663264,-0.019213672612984012,"10 market(s) allowlisted for NCAAF: moneyline, spread, total_points, alternate_spread, alternate_total_points, team_total, alternate_team_total, moneyline_h1, spread_h1, total_points_h1."
2026-10-07,401871051,False,2026-10-07T23:00:00Z,Kennesaw State Owls,Jacksonville State Gamecocks,alternate_spread,home,-7.5,310,fanatics,0.20767605651995888,-0.03622638250443136,"10 market(s) allowlisted for NCAAF: moneyline, spread, total_points, alternate_spread, alternate_total_points, team_total, alternate_team_total, moneyline_h1, spread_h1, total_points_h1."
2026-10-07,401871051,False,2026-10-07T23:00:00Z,Kennesaw State Owls,Jacksonville State Gamecocks,alternate_spread,home,15.5,-550,fanatics,0.7770869346406961,-0.06906691151315003,"10 market(s) allowlisted for NCAAF: moneyline, spread, total_points, alternate_spread, alternate_total_points, team_total, alternate_team_total, moneyline_h1, spread_h1, total_points_h1."
2026-10-07,401871051,False,2026-10-07T23:00:00Z,Kennesaw State Owls,Jacksonville State Gamecocks,alternate_spread,home,-12.0,475,fanatics,0.14915314018186215,-0.02475990329639871,"10 market(s) allowlisted for NCAAF: moneyline, spread, total_points, alternate_spread, alternate_total_points, team_total, alternate_team_total, moneyline_h1, spread_h1, total_points_h1."
2026-10-07,401871051,False,2026-10-07T23:00:00Z,Kennesaw State Owls,Jacksonville State Gamecocks,alternate_spread,home,-10.0,390,fanatics,0.16833394075164004,-0.035747691901421186,"10 market(s) allowlisted for NCAAF: moneyline, spread, total_points, alternate_spread, alternate_total_points, team_total, alternate_team_total, moneyline_h1, spread_h1, total_points_h1."
2026-10-07,401871051,False,2026-10-07T23:00:00Z,Kennesaw State Owls,Jacksonville State Gamecocks,alternate_spread,home,-15.0,650,fanatics,0.09862977291207572,-0.03470356042125761,"10 market(s) allowlisted for NCAAF: moneyline, spread, total_points, alternate_spread, alternate_total_points, team_total, alternate_team_total, moneyline_h1, spread_h1, total_points_h1."
2026-10-07,401871051,False,2026-10-07T23:00:00Z,Kennesaw State Owls,Jacksonville State Gamecocks,alternate_spread,home,-13.0,500,fanatics,0.13462848101453673,-0.03203818565212993,"10 market(s) allowlisted for NCAAF: moneyline, spread, total_points, alternate_spread, alternate_total_points, team_total, alternate_team_total, moneyline_h1, spread_h1, total_points_h1."
2026-10-07,401871051,False,2026-10-07T23:00:00Z,Kennesaw State Owls,Jacksonville State Gamecocks,alternate_spread,home,-16.0,700,fanatics,0.08830915890189084,-0.03669084109810916,"10 market(s) allowlisted for NCAAF: moneyline, spread, total_points, alternate_spread, alternate_total_points, team_total, alternate_team_total, moneyline_h1, spread_h1, total_points_h1."
2026-10-07,401871051,False,2026-10-07T23:00:00Z,Kennesaw State Owls,Jacksonville State Gamecocks,alternate_spread,home,-15.5,650,fanatics,0.09733755570178051,-0.03599577763155282,"10 market(s) allowlisted for NCAAF: moneyline, spread, total_points, alternate_spread, alternate_total_points, team_total, alternate_team_total, moneyline_h1, spread_h1, total_points_h1."
2026-10-07,401871051,False,2026-10-07T23:00:00Z,Kennesaw State Owls,Jacksonville State Gamecocks,alternate_spread,home,-18.0,850,fanatics,0.07295805852446466,-0.03230509937027218,"10 market(s) allowlisted for NCAAF: moneyline, spread, total_points, alternate_spread, alternate_total_points, team_total, alternate_team_total, moneyline_h1, spread_h1, total_points_h1."
2026-10-07,401871051,False,2026-10-07T23:00:00Z,Kennesaw State Owls,Jacksonville State Gamecocks,alternate_spread,home,-19.0,900,fanatics,0.06448140395713314,-0.03551859604286686,"10 market(s) allowlisted for NCAAF: moneyline, spread, total_points, alternate_spread, alternate_total_points, team_total, alternate_team_total, moneyline_h1, spread_h1, total_points_h1."
2026-10-07,401871051,False,2026-10-07T23:00:00Z,Kennesaw State Owls,Jacksonville State Gamecocks,alternate_spread,home,-11.0,430,fanatics,0.15450900204638443,-0.03417024323663445,"10 market(s) allowlisted for NCAAF: moneyline, spread, total_points, alternate_spread, alternate_total_points, team_total, alternate_team_total, moneyline_h1, spread_h1, total_points_h1."
2026-10-07,401871051,False,2026-10-07T23:00:00Z,Kennesaw State Owls,Jacksonville State Gamecocks,alternate_spread,home,-21.0,1200,fanatics,0.04316483511676458,-0.033758241806312345,"10 market(s) allowlisted for NCAAF: moneyline, spread, total_points, alternate_spread, alternate_total_points, team_total, alternate_team_total, moneyline_h1, spread_h1, total_points_h1."
2026-10-07,401871051,False,2026-10-07T23:00:00Z,Kennesaw State Owls,Jacksonville State Gamecocks,alternate_spread,home,26.5,-2200,fanatics,0.9328542307614944,-0.023667508368940382,"10 market(s) allowlisted for NCAAF: moneyline, spread, total_points, alternate_spread, alternate_total_points, team_total, alternate_team_total, moneyline_h1, spread_h1, total_points_h1."
2026-10-07,401871051,False,2026-10-07T23:00:00Z,Kennesaw State Owls,Jacksonville State Gamecocks,alternate_spread,home,-14.0,600,fanatics,0.11292572325127005,-0.029931419605872797,"10 market(s) allowlisted for NCAAF: moneyline, spread, total_points, alternate_spread, alternate_total_points, team_total, alternate_team_total, moneyline_h1, spread_h1, total_points_h1."
2026-10-07,401871051,False,2026-10-07T23:00:00Z,Kennesaw State Owls,Jacksonville State Gamecocks,alternate_spread,home,-17.0,750,fanatics,0.0790971620060528,-0.038549896817476614,"10 market(s) allowlisted for NCAAF: moneyline, spread, total_points, alternate_spread, alternate_total_points, team_total, alternate_team_total, moneyline_h1, spread_h1, total_points_h1."
2026-10-07,401871051,False,2026-10-07T23:00:00Z,Kennesaw State Owls,Jacksonville State Gamecocks,alternate_spread,home,-6.5,240,fanatics,0.24789911607910128,-0.046218530979722255,"10 market(s) allowlisted for NCAAF: moneyline, spread, total_points, alternate_spread, alternate_total_points, team_total, alternate_team_total, moneyline_h1, spread_h1, total_points_h1."
2026-10-07,401871051,False,2026-10-07T23:00:00Z,Kennesaw State Owls,Jacksonville State Gamecocks,alternate_spread,home,-20.0,950,fanatics,0.05621719280676266,-0.03902090243133257,"10 market(s) allowlisted for NCAAF: moneyline, spread, total_points, alternate_spread, alternate_total_points, team_total, alternate_team_total, moneyline_h1, spread_h1, total_points_h1."
2026-10-07,401871051,False,2026-10-07T23:00:00Z,Kennesaw State Owls,Jacksonville State Gamecocks,alternate_spread,home,14.5,-500,fanatics,0.7623637933607352,-0.07096953997259814,"10 market(s) allowlisted for NCAAF: moneyline, spread, total_points, alternate_spread, alternate_total_points, team_total, alternate_team_total, moneyline_h1, spread_h1, total_points_h1."
2026-10-07,401871051,False,2026-10-07T23:00:00Z,Kennesaw State Owls,Jacksonville State Gamecocks,alternate_spread,home,3.5,-125,fanatics,0.5331159065514235,-0.02243964900413209,"10 market(s) allowlisted for NCAAF: moneyline, spread, total_points, alternate_spread, alternate_total_points, team_total, alternate_team_total, moneyline_h1, spread_h1, total_points_h1."
2026-10-07,401871051,False,2026-10-07T23:00:00Z,Kennesaw State Owls,Jacksonville State Gamecocks,alternate_spread,home,25.5,-2000,fanatics,0.9145493329875378,-0.037831619393414506,"10 market(s) allowlisted for NCAAF: moneyline, spread, total_points, alternate_spread, alternate_total_points, team_total, alternate_team_total, moneyline_h1, spread_h1, total_points_h1."
2026-10-07,401871051,False,2026-10-07T23:00:00Z,Kennesaw State Owls,Jacksonville State Gamecocks,alternate_spread,home,-14.5,600,fanatics,0.11043925077966701,-0.032417892077475835,"10 market(s) allowlisted for NCAAF: moneyline, spread, total_points, alternate_spread, alternate_total_points, team_total, alternate_team_total, moneyline_h1, spread_h1, total_points_h1."
2026-10-07,401871051,False,2026-10-07T23:00:00Z,Kennesaw State Owls,Jacksonville State Gamecocks,alternate_spread,home,-5.5,220,fanatics,0.27099733807688614,-0.04150266192311386,"10 market(s) allowlisted for NCAAF: moneyline, spread, total_points, alternate_spread, alternate_total_points, team_total, alternate_team_total, moneyline_h1, spread_h1, total_points_h1."
2026-10-07,401871051,False,2026-10-07T23:00:00Z,Kennesaw State Owls,Jacksonville State Gamecocks,alternate_spread,home,13.5,-400,fanatics,0.7306114798687433,-0.06938852013125674,"10 market(s) allowlisted for NCAAF: moneyline, spread, total_points, alternate_spread, alternate_total_points, team_total, alternate_team_total, moneyline_h1, spread_h1, total_points_h1."
2026-10-07,401871051,False,2026-10-07T23:00:00Z,Kennesaw State Owls,Jacksonville State Gamecocks,alternate_spread,home,-4.5,200,fanatics,0.2867816256464579,-0.04655170768687539,"10 market(s) allowlisted for NCAAF: moneyline, spread, total_points, alternate_spread, alternate_total_points, team_total, alternate_team_total, moneyline_h1, spread_h1, total_points_h1."
2026-10-07,401871051,False,2026-10-07T23:00:00Z,Kennesaw State Owls,Jacksonville State Gamecocks,alternate_spread,home,-17.5,750,fanatics,0.07838104855185583,-0.039266010271673576,"10 market(s) allowlisted for NCAAF: moneyline, spread, total_points, alternate_spread, alternate_total_points, team_total, alternate_team_total, moneyline_h1, spread_h1, total_points_h1."
2026-10-07,401871051,False,2026-10-07T23:00:00Z,Kennesaw State Owls,Jacksonville State Gamecocks,alternate_spread,home,-3.0,170,fanatics,0.32174990078790916,-0.04862046958246119,"10 market(s) allowlisted for NCAAF: moneyline, spread, total_points, alternate_spread, alternate_total_points, team_total, alternate_team_total, moneyline_h1, spread_h1, total_points_h1."
2026-10-07,401871051,False,2026-10-07T23:00:00Z,Kennesaw State Owls,Jacksonville State Gamecocks,alternate_spread,home,24.5,-1800,fanatics,0.9040520448955913,-0.043316376157040204,"10 market(s) allowlisted for NCAAF: moneyline, spread, total_points, alternate_spread, alternate_total_points, team_total, alternate_team_total, moneyline_h1, spread_h1, total_points_h1."
2026-10-07,401871051,False,2026-10-07T23:00:00Z,Kennesaw State Owls,Jacksonville State Gamecocks,alternate_spread,home,-6.0,240,fanatics,0.25376053320944947,-0.04035711384937407,"10 market(s) allowlisted for NCAAF: moneyline, spread, total_points, alternate_spread, alternate_total_points, team_total, alternate_team_total, moneyline_h1, spread_h1, total_points_h1."
2026-10-07,401871051,False,2026-10-07T23:00:00Z,Kennesaw State Owls,Jacksonville State Gamecocks,alternate_spread,home,-2.0,140,fanatics,0.37253689538112317,-0.04412977128554352,"10 market(s) allowlisted for NCAAF: moneyline, spread, total_points, alternate_spread, alternate_total_points, team_total, alternate_team_total, moneyline_h1, spread_h1, total_points_h1."
2026-10-07,401871051,False,2026-10-07T23:00:00Z,Kennesaw State Owls,Jacksonville State Gamecocks,alternate_spread,home,-20.5,950,fanatics,0.05575797804992072,-0.03948011718817451,"10 market(s) allowlisted for NCAAF: moneyline, spread, total_points, alternate_spread, alternate_total_points, team_total, alternate_team_total, moneyline_h1, spread_h1, total_points_h1."
2026-10-07,401871051,False,2026-10-07T23:00:00Z,Kennesaw State Owls,Jacksonville State Gamecocks,alternate_spread,home,-5.0,220,fanatics,0.2753434380839985,-0.037156561916001474,"10 market(s) allowlisted for NCAAF: moneyline, spread, total_points, alternate_spread, alternate_total_points, team_total, alternate_team_total, moneyline_h1, spread_h1, total_points_h1."
2026-10-07,401871051,False,2026-10-07T23:00:00Z,Kennesaw State Owls,Jacksonville State Gamecocks,alternate_spread,home,-1.0,130,fanatics,0.3957224797581938,-0.03906012893745836,"10 market(s) allowlisted for NCAAF: moneyline, spread, total_points, alternate_spread, alternate_total_points, team_total, alternate_team_total, moneyline_h1, spread_h1, total_points_h1."
2026-10-07,401871051,False,2026-10-07T23:00:00Z,Kennesaw State Owls,Jacksonville State Gamecocks,alternate_spread,home,-9.0,350,fanatics,0.1815715561921436,-0.04065066603007861,"10 market(s) allowlisted for NCAAF: moneyline, spread, total_points, alternate_spread, alternate_total_points, team_total, alternate_team_total, moneyline_h1, spread_h1, total_points_h1."
2026-10-07,401871051,False,2026-10-07T23:00:00Z,Kennesaw State Owls,Jacksonville State Gamecocks,alternate_spread,home,-8.0,330,fanatics,0.19180665548665385,-0.04075148404822987,"10 market(s) allowlisted for NCAAF: moneyline, spread, total_points, alternate_spread, alternate_total_points, team_total, alternate_team_total, moneyline_h1, spread_h1, total_points_h1."
2026-10-07,401871051,False,2026-10-07T23:00:00Z,Kennesaw State Owls,Jacksonville State Gamecocks,alternate_spread,home,-4.0,200,fanatics,0.2914075740065711,-0.041925759326762235,"10 market(s) allowlisted for NCAAF: moneyline, spread, total_points, alternate_spread, alternate_total_points, team_total, alternate_team_total, moneyline_h1, spread_h1, total_points_h1."
2026-10-07,401871051,False,2026-10-07T23:00:00Z,Kennesaw State Owls,Jacksonville State Gamecocks,alternate_spread,home,12.5,-375,fanatics,0.71512329571386,-0.07435038849666631,"10 market(s) allowlisted for NCAAF: moneyline, spread, total_points, alternate_spread, alternate_total_points, team_total, alternate_team_total, moneyline_h1, spread_h1, total_points_h1."
2026-10-07,401871051,False,2026-10-07T23:00:00Z,Kennesaw State Owls,Jacksonville State Gamecocks,alternate_spread,home,-7.0,290,fanatics,0.2163795021211557,-0.04003075428910069,"10 market(s) allowlisted for NCAAF: moneyline, spread, total_points, alternate_spread, alternate_total_points, team_total, alternate_team_total, moneyline_h1, spread_h1, total_points_h1."
2026-10-07,401871051,False,2026-10-07T23:00:00Z,Kennesaw State Owls,Jacksonville State Gamecocks,alternate_spread,home,-16.5,700,fanatics,0.08743464081781042,-0.037565359182189575,"10 market(s) allowlisted for NCAAF: moneyline, spread, total_points, alternate_spread, alternate_total_points, team_total, alternate_team_total, moneyline_h1, spread_h1, total_points_h1."
2026-10-07,401871051,False,2026-10-07T23:00:00Z,Kennesaw State Owls,Jacksonville State Gamecocks,alternate_spread,home,19.5,-850,fanatics,0.8330437213003683,-0.06169312080489486,"10 market(s) allowlisted for NCAAF: moneyline, spread, total_points, alternate_spread, alternate_total_points, team_total, alternate_team_total, moneyline_h1, spread_h1, total_points_h1."
2026-10-07,401871051,False,2026-10-07T23:00:00Z,Kennesaw State Owls,Jacksonville State Gamecocks,alternate_spread,home,9.5,-265,fanatics,0.6541331014955168,-0.07189429576475714,"10 market(s) allowlisted for NCAAF: moneyline, spread, total_points, alternate_spread, alternate_total_points, team_total, alternate_team_total, moneyline_h1, spread_h1, total_points_h1."
2026-10-07,401871051,False,2026-10-07T23:00:00Z,Kennesaw State Owls,Jacksonville State Gamecocks,alternate_spread,home,23.5,-1400,fanatics,0.8808083109976867,-0.0525250223356466,"10 market(s) allowlisted for NCAAF: moneyline, spread, total_points, alternate_spread, alternate_total_points, team_total, alternate_team_total, moneyline_h1, spread_h1, total_points_h1."
2026-10-07,401871051,False,2026-10-07T23:00:00Z,Kennesaw State Owls,Jacksonville State Gamecocks,alternate_spread,home,-3.5,180,fanatics,0.3026561216196093,-0.05448673552324784,"10 market(s) allowlisted for NCAAF: moneyline, spread, total_points, alternate_spread, alternate_total_points, team_total, alternate_team_total, moneyline_h1, spread_h1, total_points_h1."
2026-10-07,401871051,False,2026-10-07T23:00:00Z,Kennesaw State Owls,Jacksonville State Gamecocks,alternate_spread,home,11.5,-350,fanatics,0.6992923310085654,-0.07848544676921243,"10 market(s) allowlisted for NCAAF: moneyline, spread, total_points, alternate_spread, alternate_total_points, team_total, alternate_team_total, moneyline_h1, spread_h1, total_points_h1."
2026-10-07,401871051,False,2026-10-07T23:00:00Z,Kennesaw State Owls,Jacksonville State Gamecocks,alternate_spread,home,-19.5,900,fanatics,0.06392656018493446,-0.03607343981506554,"10 market(s) allowlisted for NCAAF: moneyline, spread, total_points, alternate_spread, alternate_total_points, team_total, alternate_team_total, moneyline_h1, spread_h1, total_points_h1."
2026-10-07,401871051,False,2026-10-07T23:00:00Z,Kennesaw State Owls,Jacksonville State Gamecocks,alternate_spread,home,-11.5,450,fanatics,0.1524191243776777,-0.02939905744050411,"10 market(s) allowlisted for NCAAF: moneyline, spread, total_points, alternate_spread, alternate_total_points, team_total, alternate_team_total, moneyline_h1, spread_h1, total_points_h1."
2026-10-07,401871051,False,2026-10-07T23:00:00Z,Kennesaw State Owls,Jacksonville State Gamecocks,alternate_spread,home,22.5,-1200,fanatics,0.8670231138600676,-0.056053809216855544,"10 market(s) allowlisted for NCAAF: moneyline, spread, total_points, alternate_spread, alternate_total_points, team_total, alternate_team_total, moneyline_h1, spread_h1, total_points_h1."
2026-10-07,401871051,False,2026-10-07T23:00:00Z,Kennesaw State Owls,Jacksonville State Gamecocks,alternate_spread,home,11.0,-350,fanatics,0.6927506109584024,-0.08502716681937539,"10 market(s) allowlisted for NCAAF: moneyline, spread, total_points, alternate_spread, alternate_total_points, team_total, alternate_team_total, moneyline_h1, spread_h1, total_points_h1."
2026-10-07,401871051,False,2026-10-07T23:00:00Z,Kennesaw State Owls,Jacksonville State Gamecocks,alternate_spread,home,10.0,-300,fanatics,0.6701277034352373,-0.07987229656476269,"10 market(s) allowlisted for NCAAF: moneyline, spread, total_points, alternate_spread, alternate_total_points, team_total, alternate_team_total, moneyline_h1, spread_h1, total_points_h1."
2026-10-07,401871051,False,2026-10-07T23:00:00Z,Kennesaw State Owls,Jacksonville State Gamecocks,alternate_spread,home,12.0,-375,fanatics,0.7105408785790188,-0.07893280563150751,"10 market(s) allowlisted for NCAAF: moneyline, spread, total_points, alternate_spread, alternate_total_points, team_total, alternate_team_total, moneyline_h1, spread_h1, total_points_h1."
2026-10-07,401871051,False,2026-10-07T23:00:00Z,Kennesaw State Owls,Jacksonville State Gamecocks,alternate_spread,home,14.0,-475,fanatics,0.7545708500514973,-0.07151610647024187,"10 market(s) allowlisted for NCAAF: moneyline, spread, total_points, alternate_spread, alternate_total_points, team_total, alternate_team_total, moneyline_h1, spread_h1, total_points_h1."
2026-10-07,401871051,False,2026-10-07T23:00:00Z,Kennesaw State Owls,Jacksonville State Gamecocks,alternate_spread,home,13.0,-400,fanatics,0.7263735022824379,-0.07362649771756213,"10 market(s) allowlisted for NCAAF: moneyline, spread, total_points, alternate_spread, alternate_total_points, team_total, alternate_team_total, moneyline_h1, spread_h1, total_points_h1."
2026-10-07,401871051,False,2026-10-07T23:00:00Z,Kennesaw State Owls,Jacksonville State Gamecocks,alternate_spread,home,15.0,-550,fanatics,0.7737559109539146,-0.07239793519993154,"10 market(s) allowlisted for NCAAF: moneyline, spread, total_points, alternate_spread, alternate_total_points, team_total, alternate_team_total, moneyline_h1, spread_h1, total_points_h1."
2026-10-07,401871051,False,2026-10-07T23:00:00Z,Kennesaw State Owls,Jacksonville State Gamecocks,alternate_spread,home,16.0,-575,fanatics,0.7843939847959618,-0.06745786705589008,"10 market(s) allowlisted for NCAAF: moneyline, spread, total_points, alternate_spread, alternate_total_points, team_total, alternate_team_total, moneyline_h1, spread_h1, total_points_h1."
2026-10-07,401871051,False,2026-10-07T23:00:00Z,Kennesaw State Owls,Jacksonville State Gamecocks,alternate_spread,home,18.5,-800,fanatics,0.8249320855483071,-0.06395680334058174,"10 market(s) allowlisted for NCAAF: moneyline, spread, total_points, alternate_spread, alternate_total_points, team_total, alternate_team_total, moneyline_h1, spread_h1, total_points_h1."
2026-10-07,401871051,False,2026-10-07T23:00:00Z,Kennesaw State Owls,Jacksonville State Gamecocks,alternate_spread,home,19.0,-850,fanatics,0.831678357446788,-0.06305848465847519,"10 market(s) allowlisted for NCAAF: moneyline, spread, total_points, alternate_spread, alternate_total_points, team_total, alternate_team_total, moneyline_h1, spread_h1, total_points_h1."
2026-10-07,401871051,False,2026-10-07T23:00:00Z,Kennesaw State Owls,Jacksonville State Gamecocks,alternate_spread,home,18.0,-800,fanatics,0.8220594033990298,-0.06682948548985901,"10 market(s) allowlisted for NCAAF: moneyline, spread, total_points, alternate_spread, alternate_total_points, team_total, alternate_team_total, moneyline_h1, spread_h1, total_points_h1."
2026-10-07,401871051,False,2026-10-07T23:00:00Z,Kennesaw State Owls,Jacksonville State Gamecocks,alternate_spread,home,17.0,-700,fanatics,0.8044096334623309,-0.07059036653766915,"10 market(s) allowlisted for NCAAF: moneyline, spread, total_points, alternate_spread, alternate_total_points, team_total, alternate_team_total, moneyline_h1, spread_h1, total_points_h1."
2026-10-07,401871051,False,2026-10-07T23:00:00Z,Kennesaw State Owls,Jacksonville State Gamecocks,alternate_spread,home,2.0,110,fanatics,0.44752167601059645,-0.028668800179879717,"10 market(s) allowlisted for NCAAF: moneyline, spread, total_points, alternate_spread, alternate_total_points, team_total, alternate_team_total, moneyline_h1, spread_h1, total_points_h1."
2026-10-07,401871051,False,2026-10-07T23:00:00Z,Kennesaw State Owls,Jacksonville State Gamecocks,alternate_spread,home,10.5,-320,fanatics,0.6780010924138571,-0.08390366949090478,"10 market(s) allowlisted for NCAAF: moneyline, spread, total_points, alternate_spread, alternate_total_points, team_total, alternate_team_total, moneyline_h1, spread_h1, total_points_h1."
2026-10-07,401871051,False,2026-10-07T23:00:00Z,Kennesaw State Owls,Jacksonville State Gamecocks,alternate_spread,home,5.0,-155,fanatics,0.5610692341780533,-0.04677390307684859,"10 market(s) allowlisted for NCAAF: moneyline, spread, total_points, alternate_spread, alternate_total_points, team_total, alternate_team_total, moneyline_h1, spread_h1, total_points_h1."
2026-10-07,401871051,False,2026-10-07T23:00:00Z,Kennesaw State Owls,Jacksonville State Gamecocks,alternate_spread,home,21.0,-1100,fanatics,0.8582562789234798,-0.05841038774318685,"10 market(s) allowlisted for NCAAF: moneyline, spread, total_points, alternate_spread, alternate_total_points, team_total, alternate_team_total, moneyline_h1, spread_h1, total_points_h1."
2026-10-07,401871051,False,2026-10-07T23:00:00Z,Kennesaw State Owls,Jacksonville State Gamecocks,alternate_spread,home,8.0,-250,fanatics,0.6396049012454723,-0.07468081304024199,"10 market(s) allowlisted for NCAAF: moneyline, spread, total_points, alternate_spread, alternate_total_points, team_total, alternate_team_total, moneyline_h1, spread_h1, total_points_h1."
2026-10-07,401871051,False,2026-10-07T23:00:00Z,Kennesaw State Owls,Jacksonville State Gamecocks,alternate_spread,home,20.0,-950,fanatics,0.8420180845352394,-0.06274382022666536,"10 market(s) allowlisted for NCAAF: moneyline, spread, total_points, alternate_spread, alternate_total_points, team_total, alternate_team_total, moneyline_h1, spread_h1, total_points_h1."
2026-10-07,401871051,False,2026-10-07T23:00:00Z,Kennesaw State Owls,Jacksonville State Gamecocks,alternate_spread,home,24.0,-1800,fanatics,0.9017687846658975,-0.04559963638673403,"10 market(s) allowlisted for NCAAF: moneyline, spread, total_points, alternate_spread, alternate_total_points, team_total, alternate_team_total, moneyline_h1, spread_h1, total_points_h1."
2026-10-07,401871051,False,2026-10-07T23:00:00Z,Kennesaw State Owls,Jacksonville State Gamecocks,alternate_spread,home,-2.5,145,fanatics,0.36199966491688,-0.04616360038924244,"10 market(s) allowlisted for NCAAF: moneyline, spread, total_points, alternate_spread, alternate_total_points, team_total, alternate_team_total, moneyline_h1, spread_h1, total_points_h1."
2026-10-07,401871051,False,2026-10-07T23:00:00Z,Kennesaw State Owls,Jacksonville State Gamecocks,alternate_spread,home,23.0,-1400,fanatics,0.8791422632712748,-0.05419107006205859,"10 market(s) allowlisted for NCAAF: moneyline, spread, total_points, alternate_spread, alternate_total_points, team_total, alternate_team_total, moneyline_h1, spread_h1, total_points_h1."
2026-10-07,401871051,False,2026-10-07T23:00:00Z,Kennesaw State Owls,Jacksonville State Gamecocks,alternate_spread,home,-10.5,410,fanatics,0.16594505258268494,-0.03013337878986408,"10 market(s) allowlisted for NCAAF: moneyline, spread, total_points, alternate_spread, alternate_total_points, team_total, alternate_team_total, moneyline_h1, spread_h1, total_points_h1."
2026-10-07,401871051,False,2026-10-07T23:00:00Z,Kennesaw State Owls,Jacksonville State Gamecocks,alternate_spread,home,22.0,-1200,fanatics,0.8661715459565612,-0.05690537712036192,"10 market(s) allowlisted for NCAAF: moneyline, spread, total_points, alternate_spread, alternate_total_points, team_total, alternate_team_total, moneyline_h1, spread_h1, total_points_h1."
2026-10-07,401871051,False,2026-10-07T23:00:00Z,Kennesaw State Owls,Jacksonville State Gamecocks,alternate_spread,home,27.0,-2800,fanatics,0.9455715420381151,-0.019945699341195278,"10 market(s) allowlisted for NCAAF: moneyline, spread, total_points, alternate_spread, alternate_total_points, team_total, alternate_team_total, moneyline_h1, spread_h1, total_points_h1."
2026-10-07,401871051,False,2026-10-07T23:00:00Z,Kennesaw State Owls,Jacksonville State Gamecocks,alternate_spread,home,25.0,-2000,fanatics,0.913642816756219,-0.03873813562473338,"10 market(s) allowlisted for NCAAF: moneyline, spread, total_points, alternate_spread, alternate_total_points, team_total, alternate_team_total, moneyline_h1, spread_h1, total_points_h1."
2026-10-07,401871051,False,2026-10-07T23:00:00Z,Kennesaw State Owls,Jacksonville State Gamecocks,alternate_spread,home,26.0,-2200,fanatics,0.9316022163233277,-0.024919522807107075,"10 market(s) allowlisted for NCAAF: moneyline, spread, total_points, alternate_spread, alternate_total_points, team_total, alternate_team_total, moneyline_h1, spread_h1, total_points_h1."
2026-10-07,401871051,False,2026-10-07T23:00:00Z,Kennesaw State Owls,Jacksonville State Gamecocks,alternate_spread,home,-18.5,850,fanatics,0.07253127004155498,-0.03273188785318186,"10 market(s) allowlisted for NCAAF: moneyline, spread, total_points, alternate_spread, alternate_total_points, team_total, alternate_team_total, moneyline_h1, spread_h1, total_points_h1."
2026-10-07,401871051,False,2026-10-07T23:00:00Z,Kennesaw State Owls,Jacksonville State Gamecocks,alternate_spread,home,21.5,-1100,fanatics,0.8606599834660639,-0.05600668320060276,"10 market(s) allowlisted for NCAAF: moneyline, spread, total_points, alternate_spread, alternate_total_points, team_total, alternate_team_total, moneyline_h1, spread_h1, total_points_h1."
2026-10-07,401871051,False,2026-10-07T23:00:00Z,Kennesaw State Owls,Jacksonville State Gamecocks,alternate_spread,home,-1.5,135,fanatics,0.39028473035573563,-0.03524718453788139,"10 market(s) allowlisted for NCAAF: moneyline, spread, total_points, alternate_spread, alternate_total_points, team_total, alternate_team_total, moneyline_h1, spread_h1, total_points_h1."
2026-10-07,401871051,False,2026-10-07T23:00:00Z,Kennesaw State Owls,Jacksonville State Gamecocks,alternate_spread,home,-9.5,360,fanatics,0.18013641623928509,-0.037254888108540996,"10 market(s) allowlisted for NCAAF: moneyline, spread, total_points, alternate_spread, alternate_total_points, team_total, alternate_team_total, moneyline_h1, spread_h1, total_points_h1."
2026-10-07,401871051,False,2026-10-07T23:00:00Z,Kennesaw State Owls,Jacksonville State Gamecocks,alternate_spread,home,-21.5,1200,fanatics,0.042596732105648905,-0.03432634481742802,"10 market(s) allowlisted for NCAAF: moneyline, spread, total_points, alternate_spread, alternate_total_points, team_total, alternate_team_total, moneyline_h1, spread_h1, total_points_h1."
2026-10-07,401871051,False,2026-10-07T23:00:00Z,Kennesaw State Owls,Jacksonville State Gamecocks,alternate_spread,home,17.5,-700,fanatics,0.8087880340830915,-0.06621196591690848,"10 market(s) allowlisted for NCAAF: moneyline, spread, total_points, alternate_spread, alternate_total_points, team_total, alternate_team_total, moneyline_h1, spread_h1, total_points_h1."
2026-10-07,401871051,False,2026-10-07T23:00:00Z,Kennesaw State Owls,Jacksonville State Gamecocks,alternate_spread,home,6.5,-175,fanatics,0.5887853603415384,-0.047578276022097965,"10 market(s) allowlisted for NCAAF: moneyline, spread, total_points, alternate_spread, alternate_total_points, team_total, alternate_team_total, moneyline_h1, spread_h1, total_points_h1."
2026-10-07,401871051,False,2026-10-07T23:00:00Z,Kennesaw State Owls,Jacksonville State Gamecocks,alternate_total_points,over,43.0,-235,fanatics,0.6941473538216185,-0.007345183491814344,"10 market(s) allowlisted for NCAAF: moneyline, spread, total_points, alternate_spread, alternate_total_points, team_total, alternate_team_total, moneyline_h1, spread_h1, total_points_h1."
2026-10-07,401871051,False,2026-10-07T23:00:00Z,Kennesaw State Owls,Jacksonville State Gamecocks,alternate_total_points,over,44.0,-210,fanatics,0.6736807522409745,-0.0037386025977351744,"10 market(s) allowlisted for NCAAF: moneyline, spread, total_points, alternate_spread, alternate_total_points, team_total, alternate_team_total, moneyline_h1, spread_h1, total_points_h1."
2026-10-07,401871051,False,2026-10-07T23:00:00Z,Kennesaw State Owls,Jacksonville State Gamecocks,alternate_total_points,over,42.0,-265,fanatics,0.7082730830777766,-0.0177543141824974,"10 market(s) allowlisted for NCAAF: moneyline, spread, total_points, alternate_spread, alternate_total_points, team_total, alternate_team_total, moneyline_h1, spread_h1, total_points_h1."
2026-10-07,401871051,False,2026-10-07T23:00:00Z,Kennesaw State Owls,Jacksonville State Gamecocks,alternate_total_points,over,47.0,-145,fanatics,0.5863782219515811,-0.005458512742296473,"10 market(s) allowlisted for NCAAF: moneyline, spread, total_points, alternate_spread, alternate_total_points, team_total, alternate_team_total, moneyline_h1, spread_h1, total_points_h1."
2026-10-07,401871051,False,2026-10-07T23:00:00Z,Kennesaw State Owls,Jacksonville State Gamecocks,alternate_total_points,over,46.0,-160,fanatics,0.6071821696693709,-0.008202445715244533,"10 market(s) allowlisted for NCAAF: moneyline, spread, total_points, alternate_spread, alternate_total_points, team_total, alternate_team_total, moneyline_h1, spread_h1, total_points_h1."
2026-10-07,401871051,False,2026-10-07T23:00:00Z,Kennesaw State Owls,Jacksonville State Gamecocks,alternate_total_points,over,45.0,-180,fanatics,0.6381843263764865,-0.004672816480656428,"10 market(s) allowlisted for NCAAF: moneyline, spread, total_points, alternate_spread, alternate_total_points, team_total, alternate_team_total, moneyline_h1, spread_h1, total_points_h1."
2026-10-07,401871051,False,2026-10-07T23:00:00Z,Kennesaw State Owls,Jacksonville State Gamecocks,alternate_total_points,over,66.5,430,fanatics,0.1488482161720452,-0.03983102911097369,"10 market(s) allowlisted for NCAAF: moneyline, spread, total_points, alternate_spread, alternate_total_points, team_total, alternate_team_total, moneyline_h1, spread_h1, total_points_h1."
2026-10-07,401871051,False,2026-10-07T23:00:00Z,Kennesaw State Owls,Jacksonville State Gamecocks,alternate_total_points,over,49.0,-120,fanatics,0.52694351909681,-0.018511026357735383,"10 market(s) allowlisted for NCAAF: moneyline, spread, total_points, alternate_spread, alternate_total_points, team_total, alternate_team_total, moneyline_h1, spread_h1, total_points_h1."
2026-10-07,401871051,False,2026-10-07T23:00:00Z,Kennesaw State Owls,Jacksonville State Gamecocks,alternate_total_points,over,48.0,-135,fanatics,0.5583341549265566,-0.01613393017982645,"10 market(s) allowlisted for NCAAF: moneyline, spread, total_points, alternate_spread, alternate_total_points, team_total, alternate_team_total, moneyline_h1, spread_h1, total_points_h1."
2026-10-07,401871051,False,2026-10-07T23:00:00Z,Kennesaw State Owls,Jacksonville State Gamecocks,alternate_total_points,over,43.5,-220,fanatics,0.6842831614320497,-0.0032168385679502975,"10 market(s) allowlisted for NCAAF: moneyline, spread, total_points, alternate_spread, alternate_total_points, team_total, alternate_team_total, moneyline_h1, spread_h1, total_points_h1."
2026-10-07,401871051,False,2026-10-07T23:00:00Z,Kennesaw State Owls,Jacksonville State Gamecocks,alternate_total_points,over,50.0,-110,fanatics,0.5000000044070639,-0.0238095194024599,"10 market(s) allowlisted for NCAAF: moneyline, spread, total_points, alternate_spread, alternate_total_points, team_total, alternate_team_total, moneyline_h1, spread_h1, total_points_h1."
2026-10-07,401871051,False,2026-10-07T23:00:00Z,Kennesaw State Owls,Jacksonville State Gamecocks,alternate_total_points,over,28.5,-2000,fanatics,0.9406944667092083,-0.011686485671744018,"10 market(s) allowlisted for NCAAF: moneyline, spread, total_points, alternate_spread, alternate_total_points, team_total, alternate_team_total, moneyline_h1, spread_h1, total_points_h1."
2026-10-07,401871051,False,2026-10-07T23:00:00Z,Kennesaw State Owls,Jacksonville State Gamecocks,alternate_total_points,over,53.0,125,fanatics,0.4188725288940542,-0.025571915550390234,"10 market(s) allowlisted for NCAAF: moneyline, spread, total_points, alternate_spread, alternate_total_points, team_total, alternate_team_total, moneyline_h1, spread_h1, total_points_h1."
2026-10-07,401871051,False,2026-10-07T23:00:00Z,Kennesaw State Owls,Jacksonville State Gamecocks,alternate_total_points,over,52.0,115,fanatics,0.43871188049622356,-0.026404398573543875,"10 market(s) allowlisted for NCAAF: moneyline, spread, total_points, alternate_spread, alternate_total_points, team_total, alternate_team_total, moneyline_h1, spread_h1, total_points_h1."
2026-10-07,401871051,False,2026-10-07T23:00:00Z,Kennesaw State Owls,Jacksonville State Gamecocks,alternate_total_points,over,51.0,100,fanatics,0.46839191969870575,-0.03160808030129425,"10 market(s) allowlisted for NCAAF: moneyline, spread, total_points, alternate_spread, alternate_total_points, team_total, alternate_team_total, moneyline_h1, spread_h1, total_points_h1."
2026-10-07,401871051,False,2026-10-07T23:00:00Z,Kennesaw State Owls,Jacksonville State Gamecocks,alternate_total_points,over,56.0,170,fanatics,0.3439818297956578,-0.02638854057471257,"10 market(s) allowlisted for NCAAF: moneyline, spread, total_points, alternate_spread, alternate_total_points, team_total, alternate_team_total, moneyline_h1, spread_h1, total_points_h1."
2026-10-07,401871051,False,2026-10-07T23:00:00Z,Kennesaw State Owls,Jacksonville State Gamecocks,alternate_total_points,over,55.0,155,fanatics,0.3710438963859189,-0.02111296635917914,"10 market(s) allowlisted for NCAAF: moneyline, spread, total_points, alternate_spread, alternate_total_points, team_total, alternate_team_total, moneyline_h1, spread_h1, total_points_h1."
2026-10-07,401871051,False,2026-10-07T23:00:00Z,Kennesaw State Owls,Jacksonville State Gamecocks,alternate_total_points,over,54.0,135,fanatics,0.39916117263883916,-0.026370742254777868,"10 market(s) allowlisted for NCAAF: moneyline, spread, total_points, alternate_spread, alternate_total_points, team_total, alternate_team_total, moneyline_h1, spread_h1, total_points_h1."
2026-10-07,401871051,False,2026-10-07T23:00:00Z,Kennesaw State Owls,Jacksonville State Gamecocks,alternate_total_points,over,59.0,230,fanatics,0.27235043478309096,-0.030679868247212083,"10 market(s) allowlisted for NCAAF: moneyline, spread, total_points, alternate_spread, alternate_total_points, team_total, alternate_team_total, moneyline_h1, spread_h1, total_points_h1."
2026-10-07,401871051,False,2026-10-07T23:00:00Z,Kennesaw State Owls,Jacksonville State Gamecocks,alternate_total_points,over,58.0,200,fanatics,0.29712249852196126,-0.03621083481137205,"10 market(s) allowlisted for NCAAF: moneyline, spread, total_points, alternate_spread, alternate_total_points, team_total, alternate_team_total, moneyline_h1, spread_h1, total_points_h1."
2026-10-07,401871051,False,2026-10-07T23:00:00Z,Kennesaw State Owls,Jacksonville State Gamecocks,alternate_total_points,over,57.0,185,fanatics,0.32146854513133166,-0.02940864785112446,"10 market(s) allowlisted for NCAAF: moneyline, spread, total_points, alternate_spread, alternate_total_points, team_total, alternate_team_total, moneyline_h1, spread_h1, total_points_h1."
2026-10-07,401871051,False,2026-10-07T23:00:00Z,Kennesaw State Owls,Jacksonville State Gamecocks,alternate_total_points,over,54.5,140,fanatics,0.3910766773812806,-0.025589989285386083,"10 market(s) allowlisted for NCAAF: moneyline, spread, total_points, alternate_spread, alternate_total_points, team_total, alternate_team_total, moneyline_h1, spread_h1, total_points_h1."
2026-10-07,401871051,False,2026-10-07T23:00:00Z,Kennesaw State Owls,Jacksonville State Gamecocks,alternate_total_points,over,77.5,1100,fanatics,0.0502211164859679,-0.03311221684736543,"10 market(s) allowlisted for NCAAF: moneyline, spread, total_points, alternate_spread, alternate_total_points, team_total, alternate_team_total, moneyline_h1, spread_h1, total_points_h1."
2026-10-07,401871051,False,2026-10-07T23:00:00Z,Kennesaw State Owls,Jacksonville State Gamecocks,alternate_total_points,over,39.5,-350,fanatics,0.7648148017381211,-0.012962976039656682,"10 market(s) allowlisted for NCAAF: moneyline, spread, total_points, alternate_spread, alternate_total_points, team_total, alternate_team_total, moneyline_h1, spread_h1, total_points_h1."
2026-10-07,401871051,False,2026-10-07T23:00:00Z,Kennesaw State Owls,Jacksonville State Gamecocks,alternate_total_points,over,62.0,290,fanatics,0.2186670097898491,-0.03774324662040729,"10 market(s) allowlisted for NCAAF: moneyline, spread, total_points, alternate_spread, alternate_total_points, team_total, alternate_team_total, moneyline_h1, spread_h1, total_points_h1."
2026-10-07,401871051,False,2026-10-07T23:00:00Z,Kennesaw State Owls,Jacksonville State Gamecocks,alternate_total_points,over,61.0,265,fanatics,0.23920472858505856,-0.03476787415466745,"10 market(s) allowlisted for NCAAF: moneyline, spread, total_points, alternate_spread, alternate_total_points, team_total, alternate_team_total, moneyline_h1, spread_h1, total_points_h1."
2026-10-07,401871051,False,2026-10-07T23:00:00Z,Kennesaw State Owls,Jacksonville State Gamecocks,alternate_total_points,over,65.0,390,fanatics,0.16974938524526217,-0.034332247407799055,"10 market(s) allowlisted for NCAAF: moneyline, spread, total_points, alternate_spread, alternate_total_points, team_total, alternate_team_total, moneyline_h1, spread_h1, total_points_h1."
2026-10-07,401871051,False,2026-10-07T23:00:00Z,Kennesaw State Owls,Jacksonville State Gamecocks,alternate_total_points,over,60.0,250,fanatics,0.2573919387885308,-0.028322346925754915,"10 market(s) allowlisted for NCAAF: moneyline, spread, total_points, alternate_spread, alternate_total_points, team_total, alternate_team_total, moneyline_h1, spread_h1, total_points_h1."
2026-10-07,401871051,False,2026-10-07T23:00:00Z,Kennesaw State Owls,Jacksonville State Gamecocks,alternate_total_points,over,68.0,500,fanatics,0.12789603910032796,-0.0387706275663387,"10 market(s) allowlisted for NCAAF: moneyline, spread, total_points, alternate_spread, alternate_total_points, team_total, alternate_team_total, moneyline_h1, spread_h1, total_points_h1."
2026-10-07,401871051,False,2026-10-07T23:00:00Z,Kennesaw State Owls,Jacksonville State Gamecocks,alternate_total_points,over,64.0,350,fanatics,0.18926945125674324,-0.03295277096547897,"10 market(s) allowlisted for NCAAF: moneyline, spread, total_points, alternate_spread, alternate_total_points, team_total, alternate_team_total, moneyline_h1, spread_h1, total_points_h1."
2026-10-07,401871051,False,2026-10-07T23:00:00Z,Kennesaw State Owls,Jacksonville State Gamecocks,alternate_total_points,over,63.0,330,fanatics,0.20136842235344735,-0.03118971718143637,"10 market(s) allowlisted for NCAAF: moneyline, spread, total_points, alternate_spread, alternate_total_points, team_total, alternate_team_total, moneyline_h1, spread_h1, total_points_h1."
2026-10-07,401871051,False,2026-10-07T23:00:00Z,Kennesaw State Owls,Jacksonville State Gamecocks,alternate_total_points,over,27.5,-2200,fanatics,0.9461164440420184,-0.010405295088416366,"10 market(s) allowlisted for NCAAF: moneyline, spread, total_points, alternate_spread, alternate_total_points, team_total, alternate_team_total, moneyline_h1, spread_h1, total_points_h1."
2026-10-07,401871051,False,2026-10-07T23:00:00Z,Kennesaw State Owls,Jacksonville State Gamecocks,alternate_total_points,over,67.0,475,fanatics,0.14004700551294283,-0.033866037965318035,"10 market(s) allowlisted for NCAAF: moneyline, spread, total_points, alternate_spread, alternate_total_points, team_total, alternate_team_total, moneyline_h1, spread_h1, total_points_h1."
2026-10-07,401871051,False,2026-10-07T23:00:00Z,Kennesaw State Owls,Jacksonville State Gamecocks,alternate_total_points,over,31.5,-1100,fanatics,0.8985267007253654,-0.018139965941301184,"10 market(s) allowlisted for NCAAF: moneyline, spread, total_points, alternate_spread, alternate_total_points, team_total, alternate_team_total, moneyline_h1, spread_h1, total_points_h1."
2026-10-07,401871051,False,2026-10-07T23:00:00Z,Kennesaw State Owls,Jacksonville State Gamecocks,alternate_total_points,over,71.0,650,fanatics,0.09478381014049499,-0.038549523192838345,"10 market(s) allowlisted for NCAAF: moneyline, spread, total_points, alternate_spread, alternate_total_points, team_total, alternate_team_total, moneyline_h1, spread_h1, total_points_h1."
2026-10-07,401871051,False,2026-10-07T23:00:00Z,Kennesaw State Owls,Jacksonville State Gamecocks,alternate_total_points,over,65.5,410,fanatics,0.16618072447970794,-0.029897706892841075,"10 market(s) allowlisted for NCAAF: moneyline, spread, total_points, alternate_spread, alternate_total_points, team_total, alternate_team_total, moneyline_h1, spread_h1, total_points_h1."
2026-10-07,401871051,False,2026-10-07T23:00:00Z,Kennesaw State Owls,Jacksonville State Gamecocks,alternate_total_points,over,66.0,430,fanatics,0.15147363419512402,-0.03720561108789486,"10 market(s) allowlisted for NCAAF: moneyline, spread, total_points, alternate_spread, alternate_total_points, team_total, alternate_team_total, moneyline_h1, spread_h1, total_points_h1."
2026-10-07,401871051,False,2026-10-07T23:00:00Z,Kennesaw State Owls,Jacksonville State Gamecocks,alternate_total_points,over,74.0,850,fanatics,0.06797358224764191,-0.037289575647094925,"10 market(s) allowlisted for NCAAF: moneyline, spread, total_points, alternate_spread, alternate_total_points, team_total, alternate_team_total, moneyline_h1, spread_h1, total_points_h1."
2026-10-07,401871051,False,2026-10-07T23:00:00Z,Kennesaw State Owls,Jacksonville State Gamecocks,alternate_total_points,over,69.0,550,fanatics,0.11298476536664236,-0.0408613884795115,"10 market(s) allowlisted for NCAAF: moneyline, spread, total_points, alternate_spread, alternate_total_points, team_total, alternate_team_total, moneyline_h1, spread_h1, total_points_h1."
2026-10-07,401871051,False,2026-10-07T23:00:00Z,Kennesaw State Owls,Jacksonville State Gamecocks,alternate_total_points,over,42.5,-250,fanatics,0.6984936778811316,-0.01579203640458271,"10 market(s) allowlisted for NCAAF: moneyline, spread, total_points, alternate_spread, alternate_total_points, team_total, alternate_team_total, moneyline_h1, spread_h1, total_points_h1."
2026-10-07,401871051,False,2026-10-07T23:00:00Z,Kennesaw State Owls,Jacksonville State Gamecocks,alternate_total_points,over,70.0,600,fanatics,0.10245136855346347,-0.04040577430367938,"10 market(s) allowlisted for NCAAF: moneyline, spread, total_points, alternate_spread, alternate_total_points, team_total, alternate_team_total, moneyline_h1, spread_h1, total_points_h1."
2026-10-07,401871051,False,2026-10-07T23:00:00Z,Kennesaw State Owls,Jacksonville State Gamecocks,alternate_total_points,over,77.0,1100,fanatics,0.05046183733583034,-0.03287149599750299,"10 market(s) allowlisted for NCAAF: moneyline, spread, total_points, alternate_spread, alternate_total_points, team_total, alternate_team_total, moneyline_h1, spread_h1, total_points_h1."
2026-10-07,401871051,False,2026-10-07T23:00:00Z,Kennesaw State Owls,Jacksonville State Gamecocks,alternate_total_points,over,73.0,850,fanatics,0.07459610777262106,-0.030667050122115777,"10 market(s) allowlisted for NCAAF: moneyline, spread, total_points, alternate_spread, alternate_total_points, team_total, alternate_team_total, moneyline_h1, spread_h1, total_points_h1."
2026-10-07,401871051,False,2026-10-07T23:00:00Z,Kennesaw State Owls,Jacksonville State Gamecocks,alternate_total_points,over,72.0,700,fanatics,0.085649931575603,-0.039350068424397006,"10 market(s) allowlisted for NCAAF: moneyline, spread, total_points, alternate_spread, alternate_total_points, team_total, alternate_team_total, moneyline_h1, spread_h1, total_points_h1."
2026-10-07,401871051,False,2026-10-07T23:00:00Z,Kennesaw State Owls,Jacksonville State Gamecocks,alternate_total_points,over,76.0,1050,fanatics,0.055221954673680636,-0.0317345670654498,"10 market(s) allowlisted for NCAAF: moneyline, spread, total_points, alternate_spread, alternate_total_points, team_total, alternate_team_total, moneyline_h1, spread_h1, total_points_h1."
2026-10-07,401871051,False,2026-10-07T23:00:00Z,Kennesaw State Owls,Jacksonville State Gamecocks,alternate_total_points,over,75.0,950,fanatics,0.05966557826929508,-0.03557251696880015,"10 market(s) allowlisted for NCAAF: moneyline, spread, total_points, alternate_spread, alternate_total_points, team_total, alternate_team_total, moneyline_h1, spread_h1, total_points_h1."
2026-10-07,401871051,False,2026-10-07T23:00:00Z,Kennesaw State Owls,Jacksonville State Gamecocks,alternate_total_points,over,38.5,-375,fanatics,0.7755566351685927,-0.013917049041933582,"10 market(s) allowlisted for NCAAF: moneyline, spread, total_points, alternate_spread, alternate_total_points, team_total, alternate_team_total, moneyline_h1, spread_h1, total_points_h1."
2026-10-07,401871051,False,2026-10-07T23:00:00Z,Kennesaw State Owls,Jacksonville State Gamecocks,alternate_total_points,over,76.5,1050,fanatics,0.05499147092749191,-0.03196505081163852,"10 market(s) allowlisted for NCAAF: moneyline, spread, total_points, alternate_spread, alternate_total_points, team_total, alternate_team_total, moneyline_h1, spread_h1, total_points_h1."
2026-10-07,401871051,False,2026-10-07T23:00:00Z,Kennesaw State Owls,Jacksonville State Gamecocks,alternate_total_points,over,30.5,-1200,fanatics,0.9154447548984355,-0.007632168178487664,"10 market(s) allowlisted for NCAAF: moneyline, spread, total_points, alternate_spread, alternate_total_points, team_total, alternate_team_total, moneyline_h1, spread_h1, total_points_h1."
2026-10-07,401871051,False,2026-10-07T23:00:00Z,Kennesaw State Owls,Jacksonville State Gamecocks,alternate_total_points,over,53.5,130,fanatics,0.4113303889437361,-0.02345221975191608,"10 market(s) allowlisted for NCAAF: moneyline, spread, total_points, alternate_spread, alternate_total_points, team_total, alternate_team_total, moneyline_h1, spread_h1, total_points_h1."
2026-10-07,401871051,False,2026-10-07T23:00:00Z,Kennesaw State Owls,Jacksonville State Gamecocks,alternate_total_points,over,49.5,-115,fanatics,0.5115364827818494,-0.02334723814838313,"10 market(s) allowlisted for NCAAF: moneyline, spread, total_points, alternate_spread, alternate_total_points, team_total, alternate_team_total, moneyline_h1, spread_h1, total_points_h1."
2026-10-07,401871051,False,2026-10-07T23:00:00Z,Kennesaw State Owls,Jacksonville State Gamecocks,alternate_total_points,over,26.5,-3000,fanatics,0.956516780649775,-0.01122515483409603,"10 market(s) allowlisted for NCAAF: moneyline, spread, total_points, alternate_spread, alternate_total_points, team_total, alternate_team_total, moneyline_h1, spread_h1, total_points_h1."
2026-10-07,401871051,False,2026-10-07T23:00:00Z,Kennesaw State Owls,Jacksonville State Gamecocks,alternate_total_points,over,41.5,-265,fanatics,0.7123010714279101,-0.013726325832363884,"10 market(s) allowlisted for NCAAF: moneyline, spread, total_points, alternate_spread, alternate_total_points, team_total, alternate_team_total, moneyline_h1, spread_h1, total_points_h1."
2026-10-07,401871051,False,2026-10-07T23:00:00Z,Kennesaw State Owls,Jacksonville State Gamecocks,alternate_total_points,over,75.5,950,fanatics,0.059165241080155084,-0.03607285415794015,"10 market(s) allowlisted for NCAAF: moneyline, spread, total_points, alternate_spread, alternate_total_points, team_total, alternate_team_total, moneyline_h1, spread_h1, total_points_h1."
2026-10-07,401871051,False,2026-10-07T23:00:00Z,Kennesaw State Owls,Jacksonville State Gamecocks,alternate_total_points,over,48.5,-125,fanatics,0.5407749794263637,-0.014780576129191925,"10 market(s) allowlisted for NCAAF: moneyline, spread, total_points, alternate_spread, alternate_total_points, team_total, alternate_team_total, moneyline_h1, spread_h1, total_points_h1."
2026-10-07,401871051,False,2026-10-07T23:00:00Z,Kennesaw State Owls,Jacksonville State Gamecocks,alternate_total_points,over,64.5,360,fanatics,0.18720383899878584,-0.030187465349040238,"10 market(s) allowlisted for NCAAF: moneyline, spread, total_points, alternate_spread, alternate_total_points, team_total, alternate_team_total, moneyline_h1, spread_h1, total_points_h1."
2026-10-07,401871051,False,2026-10-07T23:00:00Z,Kennesaw State Owls,Jacksonville State Gamecocks,alternate_total_points,over,63.5,330,fanatics,0.19811744520539665,-0.03444069432948707,"10 market(s) allowlisted for NCAAF: moneyline, spread, total_points, alternate_spread, alternate_total_points, team_total, alternate_team_total, moneyline_h1, spread_h1, total_points_h1."
2026-10-07,401871051,False,2026-10-07T23:00:00Z,Kennesaw State Owls,Jacksonville State Gamecocks,alternate_total_points,over,36.5,-550,fanatics,0.8274792225406569,-0.01867462361318928,"10 market(s) allowlisted for NCAAF: moneyline, spread, total_points, alternate_spread, alternate_total_points, team_total, alternate_team_total, moneyline_h1, spread_h1, total_points_h1."
2026-10-07,401871051,False,2026-10-07T23:00:00Z,Kennesaw State Owls,Jacksonville State Gamecocks,alternate_total_points,over,51.5,110,fanatics,0.4507071280728252,-0.02548334811765096,"10 market(s) allowlisted for NCAAF: moneyline, spread, total_points, alternate_spread, alternate_total_points, team_total, alternate_team_total, moneyline_h1, spread_h1, total_points_h1."
2026-10-07,401871051,False,2026-10-07T23:00:00Z,Kennesaw State Owls,Jacksonville State Gamecocks,alternate_total_points,over,37.5,-450,fanatics,0.8052698616962173,-0.01291195648560095,"10 market(s) allowlisted for NCAAF: moneyline, spread, total_points, alternate_spread, alternate_total_points, team_total, alternate_team_total, moneyline_h1, spread_h1, total_points_h1."
2026-10-07,401871051,False,2026-10-07T23:00:00Z,Kennesaw State Owls,Jacksonville State Gamecocks,alternate_total_points,over,59.5,235,fanatics,0.26584215536630573,-0.032665307320261405,"10 market(s) allowlisted for NCAAF: moneyline, spread, total_points, alternate_spread, alternate_total_points, team_total, alternate_team_total, moneyline_h1, spread_h1, total_points_h1."
2026-10-07,401871051,False,2026-10-07T23:00:00Z,Kennesaw State Owls,Jacksonville State Gamecocks,alternate_total_points,over,52.5,120,fanatics,0.4293362008078647,-0.02520925373758981,"10 market(s) allowlisted for NCAAF: moneyline, spread, total_points, alternate_spread, alternate_total_points, team_total, alternate_team_total, moneyline_h1, spread_h1, total_points_h1."
2026-10-07,401871051,False,2026-10-07T23:00:00Z,Kennesaw State Owls,Jacksonville State Gamecocks,alternate_total_points,over,74.5,850,fanatics,0.06755093352885275,-0.03771222436588409,"10 market(s) allowlisted for NCAAF: moneyline, spread, total_points, alternate_spread, alternate_total_points, team_total, alternate_team_total, moneyline_h1, spread_h1, total_points_h1."
2026-10-07,401871051,False,2026-10-07T23:00:00Z,Kennesaw State Owls,Jacksonville State Gamecocks,alternate_total_points,over,40.5,-310,fanatics,0.7449624107438191,-0.01113515023179068,"10 market(s) allowlisted for NCAAF: moneyline, spread, total_points, alternate_spread, alternate_total_points, team_total, alternate_team_total, moneyline_h1, spread_h1, total_points_h1."
2026-10-07,401871051,False,2026-10-07T23:00:00Z,Kennesaw State Owls,Jacksonville State Gamecocks,alternate_total_points,over,47.5,-140,fanatics,0.5722242027010936,-0.011109130632239728,"10 market(s) allowlisted for NCAAF: moneyline, spread, total_points, alternate_spread, alternate_total_points, team_total, alternate_team_total, moneyline_h1, spread_h1, total_points_h1."
2026-10-07,401871051,False,2026-10-07T23:00:00Z,Kennesaw State Owls,Jacksonville State Gamecocks,alternate_total_points,over,62.5,310,fanatics,0.21426186899367305,-0.029640570030717184,"10 market(s) allowlisted for NCAAF: moneyline, spread, total_points, alternate_spread, alternate_total_points, team_total, alternate_team_total, moneyline_h1, spread_h1, total_points_h1."
2026-10-07,401871051,False,2026-10-07T23:00:00Z,Kennesaw State Owls,Jacksonville State Gamecocks,alternate_total_points,over,35.5,-600,fanatics,0.8394216122027829,-0.01772124494007421,"10 market(s) allowlisted for NCAAF: moneyline, spread, total_points, alternate_spread, alternate_total_points, team_total, alternate_team_total, moneyline_h1, spread_h1, total_points_h1."
2026-10-07,401871051,False,2026-10-07T23:00:00Z,Kennesaw State Owls,Jacksonville State Gamecocks,alternate_total_points,over,69.5,600,fanatics,0.11128562779635559,-0.03157151506078726,"10 market(s) allowlisted for NCAAF: moneyline, spread, total_points, alternate_spread, alternate_total_points, team_total, alternate_team_total, moneyline_h1, spread_h1, total_points_h1."
2026-10-07,401871051,False,2026-10-07T23:00:00Z,Kennesaw State Owls,Jacksonville State Gamecocks,alternate_total_points,over,50.5,-105,fanatics,0.48846352582891017,-0.02373159612230935,"10 market(s) allowlisted for NCAAF: moneyline, spread, total_points, alternate_spread, alternate_total_points, team_total, alternate_team_total, moneyline_h1, spread_h1, total_points_h1."
2026-10-07,401871051,False,2026-10-07T23:00:00Z,Kennesaw State Owls,Jacksonville State Gamecocks,alternate_total_points,over,58.5,210,fanatics,0.28973886558073436,-0.03284177958055595,"10 market(s) allowlisted for NCAAF: moneyline, spread, total_points, alternate_spread, alternate_total_points, team_total, alternate_team_total, moneyline_h1, spread_h1, total_points_h1."
2026-10-07,401871051,False,2026-10-07T23:00:00Z,Kennesaw State Owls,Jacksonville State Gamecocks,alternate_total_points,over,57.5,190,fanatics,0.3145893329063555,-0.030238253300541085,"10 market(s) allowlisted for NCAAF: moneyline, spread, total_points, alternate_spread, alternate_total_points, team_total, alternate_team_total, moneyline_h1, spread_h1, total_points_h1."
2026-10-07,401871051,False,2026-10-07T23:00:00Z,Kennesaw State Owls,Jacksonville State Gamecocks,alternate_total_points,over,73.5,850,fanatics,0.07376877147138416,-0.03149438642335267,"10 market(s) allowlisted for NCAAF: moneyline, spread, total_points, alternate_spread, alternate_total_points, team_total, alternate_team_total, moneyline_h1, spread_h1, total_points_h1."
2026-10-07,401871051,False,2026-10-07T23:00:00Z,Kennesaw State Owls,Jacksonville State Gamecocks,alternate_total_points,over,46.5,-155,fanatics,0.5963622397574155,-0.011480897497486375,"10 market(s) allowlisted for NCAAF: moneyline, spread, total_points, alternate_spread, alternate_total_points, team_total, alternate_team_total, moneyline_h1, spread_h1, total_points_h1."
2026-10-07,401871051,False,2026-10-07T23:00:00Z,Kennesaw State Owls,Jacksonville State Gamecocks,alternate_total_points,over,72.5,700,fanatics,0.08485964907801115,-0.04014035092198885,"10 market(s) allowlisted for NCAAF: moneyline, spread, total_points, alternate_spread, alternate_total_points, team_total, alternate_team_total, moneyline_h1, spread_h1, total_points_h1."
2026-10-07,401871051,False,2026-10-07T23:00:00Z,Kennesaw State Owls,Jacksonville State Gamecocks,alternate_total_points,over,61.5,280,fanatics,0.23440729834037521,-0.028750596396466876,"10 market(s) allowlisted for NCAAF: moneyline, spread, total_points, alternate_spread, alternate_total_points, team_total, alternate_team_total, moneyline_h1, spread_h1, total_points_h1."
2026-10-07,401871051,False,2026-10-07T23:00:00Z,Kennesaw State Owls,Jacksonville State Gamecocks,alternate_total_points,over,45.5,-170,fanatics,0.6141821469491026,-0.015447482680527092,"10 market(s) allowlisted for NCAAF: moneyline, spread, total_points, alternate_spread, alternate_total_points, team_total, alternate_team_total, moneyline_h1, spread_h1, total_points_h1."
2026-10-07,401871051,False,2026-10-07T23:00:00Z,Kennesaw State Owls,Jacksonville State Gamecocks,alternate_total_points,over,60.5,250,fanatics,0.25446304837951983,-0.03125123733476587,"10 market(s) allowlisted for NCAAF: moneyline, spread, total_points, alternate_spread, alternate_total_points, team_total, alternate_team_total, moneyline_h1, spread_h1, total_points_h1."
2026-10-07,401871051,False,2026-10-07T23:00:00Z,Kennesaw State Owls,Jacksonville State Gamecocks,alternate_total_points,over,34.5,-700,fanatics,0.8535874934660255,-0.02141250653397453,"10 market(s) allowlisted for NCAAF: moneyline, spread, total_points, alternate_spread, alternate_total_points, team_total, alternate_team_total, moneyline_h1, spread_h1, total_points_h1."
2026-10-07,401871051,False,2026-10-07T23:00:00Z,Kennesaw State Owls,Jacksonville State Gamecocks,alternate_total_points,over,68.5,500,fanatics,0.126324270968937,-0.040342395697729655,"10 market(s) allowlisted for NCAAF: moneyline, spread, total_points, alternate_spread, alternate_total_points, team_total, alternate_team_total, moneyline_h1, spread_h1, total_points_h1."
2026-10-07,401871051,False,2026-10-07T23:00:00Z,Kennesaw State Owls,Jacksonville State Gamecocks,alternate_total_points,over,33.5,-800,fanatics,0.8723330042859647,-0.01655588460292412,"10 market(s) allowlisted for NCAAF: moneyline, spread, total_points, alternate_spread, alternate_total_points, team_total, alternate_team_total, moneyline_h1, spread_h1, total_points_h1."
2026-10-07,401871051,False,2026-10-07T23:00:00Z,Kennesaw State Owls,Jacksonville State Gamecocks,alternate_total_points,over,56.5,170,fanatics,0.3359886652179065,-0.03438170515246386,"10 market(s) allowlisted for NCAAF: moneyline, spread, total_points, alternate_spread, alternate_total_points, team_total, alternate_team_total, moneyline_h1, spread_h1, total_points_h1."
2026-10-07,401871051,False,2026-10-07T23:00:00Z,Kennesaw State Owls,Jacksonville State Gamecocks,alternate_total_points,over,71.5,650,fanatics,0.09408653908310433,-0.039246794250229006,"10 market(s) allowlisted for NCAAF: moneyline, spread, total_points, alternate_spread, alternate_total_points, team_total, alternate_team_total, moneyline_h1, spread_h1, total_points_h1."
2026-10-07,401871051,False,2026-10-07T23:00:00Z,Kennesaw State Owls,Jacksonville State Gamecocks,alternate_total_points,over,29.0,-2000,fanatics,0.9402226407944756,-0.012158311586476733,"10 market(s) allowlisted for NCAAF: moneyline, spread, total_points, alternate_spread, alternate_total_points, team_total, alternate_team_total, moneyline_h1, spread_h1, total_points_h1."
2026-10-07,401871051,False,2026-10-07T23:00:00Z,Kennesaw State Owls,Jacksonville State Gamecocks,alternate_total_points,over,29.5,-1800,fanatics,0.9328014128673581,-0.014567008185273456,"10 market(s) allowlisted for NCAAF: moneyline, spread, total_points, alternate_spread, alternate_total_points, team_total, alternate_team_total, moneyline_h1, spread_h1, total_points_h1."
2026-10-07,401871051,False,2026-10-07T23:00:00Z,Kennesaw State Owls,Jacksonville State Gamecocks,alternate_total_points,over,28.0,-2200,fanatics,0.9458226959273838,-0.01069904320305104,"10 market(s) allowlisted for NCAAF: moneyline, spread, total_points, alternate_spread, alternate_total_points, team_total, alternate_team_total, moneyline_h1, spread_h1, total_points_h1."
2026-10-07,401871051,False,2026-10-07T23:00:00Z,Kennesaw State Owls,Jacksonville State Gamecocks,alternate_total_points,over,32.0,-950,fanatics,0.8977623557909711,-0.006999548970933689,"10 market(s) allowlisted for NCAAF: moneyline, spread, total_points, alternate_spread, alternate_total_points, team_total, alternate_team_total, moneyline_h1, spread_h1, total_points_h1."
2026-10-07,401871051,False,2026-10-07T23:00:00Z,Kennesaw State Owls,Jacksonville State Gamecocks,alternate_total_points,over,44.5,-190,fanatics,0.6517922517971245,-0.003380161995978903,"10 market(s) allowlisted for NCAAF: moneyline, spread, total_points, alternate_spread, alternate_total_points, team_total, alternate_team_total, moneyline_h1, spread_h1, total_points_h1."
2026-10-07,401871051,False,2026-10-07T23:00:00Z,Kennesaw State Owls,Jacksonville State Gamecocks,alternate_total_points,over,35.0,-650,fanatics,0.8514836281771352,-0.015183038489531508,"10 market(s) allowlisted for NCAAF: moneyline, spread, total_points, alternate_spread, alternate_total_points, team_total, alternate_team_total, moneyline_h1, spread_h1, total_points_h1."
2026-10-07,401871051,False,2026-10-07T23:00:00Z,Kennesaw State Owls,Jacksonville State Gamecocks,alternate_total_points,over,31.0,-1200,fanatics,0.9139896267442487,-0.009087296332674466,"10 market(s) allowlisted for NCAAF: moneyline, spread, total_points, alternate_spread, alternate_total_points, team_total, alternate_team_total, moneyline_h1, spread_h1, total_points_h1."
2026-10-07,401871051,False,2026-10-07T23:00:00Z,Kennesaw State Owls,Jacksonville State Gamecocks,alternate_total_points,over,38.0,-425,fanatics,0.7993066136448506,-0.010217195878958973,"10 market(s) allowlisted for NCAAF: moneyline, spread, total_points, alternate_spread, alternate_total_points, team_total, alternate_team_total, moneyline_h1, spread_h1, total_points_h1."
2026-10-07,401871051,False,2026-10-07T23:00:00Z,Kennesaw State Owls,Jacksonville State Gamecocks,alternate_total_points,over,34.0,-800,fanatics,0.8698941027819252,-0.01899478610696359,"10 market(s) allowlisted for NCAAF: moneyline, spread, total_points, alternate_spread, alternate_total_points, team_total, alternate_team_total, moneyline_h1, spread_h1, total_points_h1."
2026-10-07,401871051,False,2026-10-07T23:00:00Z,Kennesaw State Owls,Jacksonville State Gamecocks,alternate_total_points,over,27.0,-3000,fanatics,0.9560597876507262,-0.011682147833144807,"10 market(s) allowlisted for NCAAF: moneyline, spread, total_points, alternate_spread, alternate_total_points, team_total, alternate_team_total, moneyline_h1, spread_h1, total_points_h1."
2026-10-07,401871051,False,2026-10-07T23:00:00Z,Kennesaw State Owls,Jacksonville State Gamecocks,alternate_total_points,over,37.0,-525,fanatics,0.8235606166077276,-0.016439383392272355,"10 market(s) allowlisted for NCAAF: moneyline, spread, total_points, alternate_spread, alternate_total_points, team_total, alternate_team_total, moneyline_h1, spread_h1, total_points_h1."
2026-10-07,401871051,False,2026-10-07T23:00:00Z,Kennesaw State Owls,Jacksonville State Gamecocks,alternate_total_points,over,67.5,475,fanatics,0.13861369089505365,-0.03529935258320721,"10 market(s) allowlisted for NCAAF: moneyline, spread, total_points, alternate_spread, alternate_total_points, team_total, alternate_team_total, moneyline_h1, spread_h1, total_points_h1."
2026-10-07,401871051,False,2026-10-07T23:00:00Z,Kennesaw State Owls,Jacksonville State Gamecocks,alternate_total_points,over,32.5,-950,fanatics,0.8910505412313958,-0.013711363530508947,"10 market(s) allowlisted for NCAAF: moneyline, spread, total_points, alternate_spread, alternate_total_points, team_total, alternate_team_total, moneyline_h1, spread_h1, total_points_h1."
2026-10-07,401871051,False,2026-10-07T23:00:00Z,Kennesaw State Owls,Jacksonville State Gamecocks,alternate_total_points,over,41.0,-300,fanatics,0.7363512907921811,-0.01364870920781891,"10 market(s) allowlisted for NCAAF: moneyline, spread, total_points, alternate_spread, alternate_total_points, team_total, alternate_team_total, moneyline_h1, spread_h1, total_points_h1."
2026-10-07,401871051,False,2026-10-07T23:00:00Z,Kennesaw State Owls,Jacksonville State Gamecocks,alternate_total_points,over,30.0,-1500,fanatics,0.931614468588628,-0.005885531411372047,"10 market(s) allowlisted for NCAAF: moneyline, spread, total_points, alternate_spread, alternate_total_points, team_total, alternate_team_total, moneyline_h1, spread_h1, total_points_h1."
2026-10-07,401871051,False,2026-10-07T23:00:00Z,Kennesaw State Owls,Jacksonville State Gamecocks,alternate_total_points,over,40.0,-350,fanatics,0.7600512452400303,-0.017726532537747475,"10 market(s) allowlisted for NCAAF: moneyline, spread, total_points, alternate_spread, alternate_total_points, team_total, alternate_team_total, moneyline_h1, spread_h1, total_points_h1."
2026-10-07,401871051,False,2026-10-07T23:00:00Z,Kennesaw State Owls,Jacksonville State Gamecocks,alternate_total_points,over,33.0,-950,fanatics,0.8889723776072971,-0.015789527154607685,"10 market(s) allowlisted for NCAAF: moneyline, spread, total_points, alternate_spread, alternate_total_points, team_total, alternate_team_total, moneyline_h1, spread_h1, total_points_h1."
2026-10-07,401871051,False,2026-10-07T23:00:00Z,Kennesaw State Owls,Jacksonville State Gamecocks,alternate_total_points,over,36.0,-575,fanatics,0.8374807439190656,-0.014371107932786287,"10 market(s) allowlisted for NCAAF: moneyline, spread, total_points, alternate_spread, alternate_total_points, team_total, alternate_team_total, moneyline_h1, spread_h1, total_points_h1."
2026-10-07,401871051,False,2026-10-07T23:00:00Z,Kennesaw State Owls,Jacksonville State Gamecocks,alternate_total_points,over,39.0,-375,fanatics,0.7731195228746867,-0.016354161335839668,"10 market(s) allowlisted for NCAAF: moneyline, spread, total_points, alternate_spread, alternate_total_points, team_total, alternate_team_total, moneyline_h1, spread_h1, total_points_h1."
2026-10-07,401871051,False,2026-10-07T23:00:00Z,Kennesaw State Owls,Jacksonville State Gamecocks,alternate_total_points,over,55.5,160,fanatics,0.35922583615364934,-0.0253895484617353,"10 market(s) allowlisted for NCAAF: moneyline, spread, total_points, alternate_spread, alternate_total_points, team_total, alternate_team_total, moneyline_h1, spread_h1, total_points_h1."
2026-10-07,401871051,False,2026-10-07T23:00:00Z,Kennesaw State Owls,Jacksonville State Gamecocks,alternate_total_points,over,70.5,600,fanatics,0.10144297533901256,-0.04141416751813029,"10 market(s) allowlisted for NCAAF: moneyline, spread, total_points, alternate_spread, alternate_total_points, team_total, alternate_team_total, moneyline_h1, spread_h1, total_points_h1."
2026-10-07,401871051,False,2026-10-07T23:00:00Z,Kennesaw State Owls,Jacksonville State Gamecocks,alternate_total_points,under,43.0,180,fanatics,0.30585264617838126,-0.05129021096447589,"10 market(s) allowlisted for NCAAF: moneyline, spread, total_points, alternate_spread, alternate_total_points, team_total, alternate_team_total, moneyline_h1, spread_h1, total_points_h1."
2026-10-07,401871051,False,2026-10-07T23:00:00Z,Kennesaw State Owls,Jacksonville State Gamecocks,alternate_total_points,under,44.0,165,fanatics,0.3263192477590253,-0.05103924280701244,"10 market(s) allowlisted for NCAAF: moneyline, spread, total_points, alternate_spread, alternate_total_points, team_total, alternate_team_total, moneyline_h1, spread_h1, total_points_h1."
2026-10-07,401871051,False,2026-10-07T23:00:00Z,Kennesaw State Owls,Jacksonville State Gamecocks,alternate_total_points,under,42.0,200,fanatics,0.29172691692222313,-0.04160641641111018,"10 market(s) allowlisted for NCAAF: moneyline, spread, total_points, alternate_spread, alternate_total_points, team_total, alternate_team_total, moneyline_h1, spread_h1, total_points_h1."
2026-10-07,401871051,False,2026-10-07T23:00:00Z,Kennesaw State Owls,Jacksonville State Gamecocks,alternate_total_points,under,47.0,120,fanatics,0.41362177804841876,-0.040923676497035766,"10 market(s) allowlisted for NCAAF: moneyline, spread, total_points, alternate_spread, alternate_total_points, team_total, alternate_team_total, moneyline_h1, spread_h1, total_points_h1."
2026-10-07,401871051,False,2026-10-07T23:00:00Z,Kennesaw State Owls,Jacksonville State Gamecocks,alternate_total_points,under,46.0,130,fanatics,0.39281783033062895,-0.041964778365023214,"10 market(s) allowlisted for NCAAF: moneyline, spread, total_points, alternate_spread, alternate_total_points, team_total, alternate_team_total, moneyline_h1, spread_h1, total_points_h1."
2026-10-07,401871051,False,2026-10-07T23:00:00Z,Kennesaw State Owls,Jacksonville State Gamecocks,alternate_total_points,under,45.0,145,fanatics,0.3618156736235133,-0.04634759168260916,"10 market(s) allowlisted for NCAAF: moneyline, spread, total_points, alternate_spread, alternate_total_points, team_total, alternate_team_total, moneyline_h1, spread_h1, total_points_h1."
2026-10-07,401871051,False,2026-10-07T23:00:00Z,Kennesaw State Owls,Jacksonville State Gamecocks,alternate_total_points,under,66.5,-700,fanatics,0.8511517838279548,-0.023848216172045245,"10 market(s) allowlisted for NCAAF: moneyline, spread, total_points, alternate_spread, alternate_total_points, team_total, alternate_team_total, moneyline_h1, spread_h1, total_points_h1."
2026-10-07,401871051,False,2026-10-07T23:00:00Z,Kennesaw State Owls,Jacksonville State Gamecocks,alternate_total_points,under,49.0,100,fanatics,0.47305648090318986,-0.026943519096810142,"10 market(s) allowlisted for NCAAF: moneyline, spread, total_points, alternate_spread, alternate_total_points, team_total, alternate_team_total, moneyline_h1, spread_h1, total_points_h1."
2026-10-07,401871051,False,2026-10-07T23:00:00Z,Kennesaw State Owls,Jacksonville State Gamecocks,alternate_total_points,under,48.0,110,fanatics,0.4416658450734432,-0.03452463111703297,"10 market(s) allowlisted for NCAAF: moneyline, spread, total_points, alternate_spread, alternate_total_points, team_total, alternate_team_total, moneyline_h1, spread_h1, total_points_h1."
2026-10-07,401871051,False,2026-10-07T23:00:00Z,Kennesaw State Owls,Jacksonville State Gamecocks,alternate_total_points,under,43.5,170,fanatics,0.3157168385679501,-0.054653531802420274,"10 market(s) allowlisted for NCAAF: moneyline, spread, total_points, alternate_spread, alternate_total_points, team_total, alternate_team_total, moneyline_h1, spread_h1, total_points_h1."
2026-10-07,401871051,False,2026-10-07T23:00:00Z,Kennesaw State Owls,Jacksonville State Gamecocks,alternate_total_points,under,50.0,-110,fanatics,0.49999999559293634,-0.023809528216587494,"10 market(s) allowlisted for NCAAF: moneyline, spread, total_points, alternate_spread, alternate_total_points, team_total, alternate_team_total, moneyline_h1, spread_h1, total_points_h1."
2026-10-07,401871051,False,2026-10-07T23:00:00Z,Kennesaw State Owls,Jacksonville State Gamecocks,alternate_total_points,under,28.5,900,fanatics,0.05930553329079105,-0.040694466709208954,"10 market(s) allowlisted for NCAAF: moneyline, spread, total_points, alternate_spread, alternate_total_points, team_total, alternate_team_total, moneyline_h1, spread_h1, total_points_h1."
2026-10-07,401871051,False,2026-10-07T23:00:00Z,Kennesaw State Owls,Jacksonville State Gamecocks,alternate_total_points,under,53.0,-155,fanatics,0.581127471105946,-0.02671566614895593,"10 market(s) allowlisted for NCAAF: moneyline, spread, total_points, alternate_spread, alternate_total_points, team_total, alternate_team_total, moneyline_h1, spread_h1, total_points_h1."
2026-10-07,401871051,False,2026-10-07T23:00:00Z,Kennesaw State Owls,Jacksonville State Gamecocks,alternate_total_points,under,52.0,-140,fanatics,0.5612881195037767,-0.02204521382955671,"10 market(s) allowlisted for NCAAF: moneyline, spread, total_points, alternate_spread, alternate_total_points, team_total, alternate_team_total, moneyline_h1, spread_h1, total_points_h1."
2026-10-07,401871051,False,2026-10-07T23:00:00Z,Kennesaw State Owls,Jacksonville State Gamecocks,alternate_total_points,under,51.0,-120,fanatics,0.5316080803012945,-0.013846465153250942,"10 market(s) allowlisted for NCAAF: moneyline, spread, total_points, alternate_spread, alternate_total_points, team_total, alternate_team_total, moneyline_h1, spread_h1, total_points_h1."
2026-10-07,401871051,False,2026-10-07T23:00:00Z,Kennesaw State Owls,Jacksonville State Gamecocks,alternate_total_points,under,56.0,-220,fanatics,0.6560181702043423,-0.03148182979565772,"10 market(s) allowlisted for NCAAF: moneyline, spread, total_points, alternate_spread, alternate_total_points, team_total, alternate_team_total, moneyline_h1, spread_h1, total_points_h1."
2026-10-07,401871051,False,2026-10-07T23:00:00Z,Kennesaw State Owls,Jacksonville State Gamecocks,alternate_total_points,under,55.0,-195,fanatics,0.6289561036140812,-0.032060845538461225,"10 market(s) allowlisted for NCAAF: moneyline, spread, total_points, alternate_spread, alternate_total_points, team_total, alternate_team_total, moneyline_h1, spread_h1, total_points_h1."
2026-10-07,401871051,False,2026-10-07T23:00:00Z,Kennesaw State Owls,Jacksonville State Gamecocks,alternate_total_points,under,54.0,-170,fanatics,0.600838827361161,-0.02879080226846864,"10 market(s) allowlisted for NCAAF: moneyline, spread, total_points, alternate_spread, alternate_total_points, team_total, alternate_team_total, moneyline_h1, spread_h1, total_points_h1."
2026-10-07,401871051,False,2026-10-07T23:00:00Z,Kennesaw State Owls,Jacksonville State Gamecocks,alternate_total_points,under,59.0,-310,fanatics,0.7276495652169092,-0.028447995758700606,"10 market(s) allowlisted for NCAAF: moneyline, spread, total_points, alternate_spread, alternate_total_points, team_total, alternate_team_total, moneyline_h1, spread_h1, total_points_h1."
2026-10-07,401871051,False,2026-10-07T23:00:00Z,Kennesaw State Owls,Jacksonville State Gamecocks,alternate_total_points,under,58.0,-265,fanatics,0.7028775014780387,-0.023149895782235252,"10 market(s) allowlisted for NCAAF: moneyline, spread, total_points, alternate_spread, alternate_total_points, team_total, alternate_team_total, moneyline_h1, spread_h1, total_points_h1."
2026-10-07,401871051,False,2026-10-07T23:00:00Z,Kennesaw State Owls,Jacksonville State Gamecocks,alternate_total_points,under,57.0,-240,fanatics,0.6785314548686684,-0.027350898072508123,"10 market(s) allowlisted for NCAAF: moneyline, spread, total_points, alternate_spread, alternate_total_points, team_total, alternate_team_total, moneyline_h1, spread_h1, total_points_h1."
2026-10-07,401871051,False,2026-10-07T23:00:00Z,Kennesaw State Owls,Jacksonville State Gamecocks,alternate_total_points,under,54.5,-175,fanatics,0.6089233226187195,-0.027440313744916844,"10 market(s) allowlisted for NCAAF: moneyline, spread, total_points, alternate_spread, alternate_total_points, team_total, alternate_team_total, moneyline_h1, spread_h1, total_points_h1."
2026-10-07,401871051,False,2026-10-07T23:00:00Z,Kennesaw State Owls,Jacksonville State Gamecocks,alternate_total_points,under,77.5,-2800,fanatics,0.949778883514032,-0.01573835786527844,"10 market(s) allowlisted for NCAAF: moneyline, spread, total_points, alternate_spread, alternate_total_points, team_total, alternate_team_total, moneyline_h1, spread_h1, total_points_h1."
2026-10-07,401871051,False,2026-10-07T23:00:00Z,Kennesaw State Owls,Jacksonville State Gamecocks,alternate_total_points,under,39.5,250,fanatics,0.2351851982618785,-0.050529087452407195,"10 market(s) allowlisted for NCAAF: moneyline, spread, total_points, alternate_spread, alternate_total_points, team_total, alternate_team_total, moneyline_h1, spread_h1, total_points_h1."
2026-10-07,401871051,False,2026-10-07T23:00:00Z,Kennesaw State Owls,Jacksonville State Gamecocks,alternate_total_points,under,62.0,-425,fanatics,0.781332990210151,-0.02819081931365852,"10 market(s) allowlisted for NCAAF: moneyline, spread, total_points, alternate_spread, alternate_total_points, team_total, alternate_team_total, moneyline_h1, spread_h1, total_points_h1."
2026-10-07,401871051,False,2026-10-07T23:00:00Z,Kennesaw State Owls,Jacksonville State Gamecocks,alternate_total_points,under,61.0,-375,fanatics,0.7607952714149414,-0.028678412795584918,"10 market(s) allowlisted for NCAAF: moneyline, spread, total_points, alternate_spread, alternate_total_points, team_total, alternate_team_total, moneyline_h1, spread_h1, total_points_h1."
2026-10-07,401871051,False,2026-10-07T23:00:00Z,Kennesaw State Owls,Jacksonville State Gamecocks,alternate_total_points,under,65.0,-600,fanatics,0.8302506147547379,-0.02689224238811916,"10 market(s) allowlisted for NCAAF: moneyline, spread, total_points, alternate_spread, alternate_total_points, team_total, alternate_team_total, moneyline_h1, spread_h1, total_points_h1."
2026-10-07,401871051,False,2026-10-07T23:00:00Z,Kennesaw State Owls,Jacksonville State Gamecocks,alternate_total_points,under,60.0,-350,fanatics,0.7426080612114694,-0.03516971656630841,"10 market(s) allowlisted for NCAAF: moneyline, spread, total_points, alternate_spread, alternate_total_points, team_total, alternate_team_total, moneyline_h1, spread_h1, total_points_h1."
2026-10-07,401871051,False,2026-10-07T23:00:00Z,Kennesaw State Owls,Jacksonville State Gamecocks,alternate_total_points,under,68.0,-850,fanatics,0.872103960899672,-0.02263288120559115,"10 market(s) allowlisted for NCAAF: moneyline, spread, total_points, alternate_spread, alternate_total_points, team_total, alternate_team_total, moneyline_h1, spread_h1, total_points_h1."
2026-10-07,401871051,False,2026-10-07T23:00:00Z,Kennesaw State Owls,Jacksonville State Gamecocks,alternate_total_points,under,64.0,-525,fanatics,0.8107305487432568,-0.029269451256743184,"10 market(s) allowlisted for NCAAF: moneyline, spread, total_points, alternate_spread, alternate_total_points, team_total, alternate_team_total, moneyline_h1, spread_h1, total_points_h1."
2026-10-07,401871051,False,2026-10-07T23:00:00Z,Kennesaw State Owls,Jacksonville State Gamecocks,alternate_total_points,under,63.0,-500,fanatics,0.7986315776465528,-0.03470175568678058,"10 market(s) allowlisted for NCAAF: moneyline, spread, total_points, alternate_spread, alternate_total_points, team_total, alternate_team_total, moneyline_h1, spread_h1, total_points_h1."
2026-10-07,401871051,False,2026-10-07T23:00:00Z,Kennesaw State Owls,Jacksonville State Gamecocks,alternate_total_points,under,27.5,950,fanatics,0.053883555957981125,-0.04135453928011411,"10 market(s) allowlisted for NCAAF: moneyline, spread, total_points, alternate_spread, alternate_total_points, team_total, alternate_team_total, moneyline_h1, spread_h1, total_points_h1."
2026-10-07,401871051,False,2026-10-07T23:00:00Z,Kennesaw State Owls,Jacksonville State Gamecocks,alternate_total_points,under,67.0,-800,fanatics,0.8599529944870571,-0.028935894401831752,"10 market(s) allowlisted for NCAAF: moneyline, spread, total_points, alternate_spread, alternate_total_points, team_total, alternate_team_total, moneyline_h1, spread_h1, total_points_h1."
2026-10-07,401871051,False,2026-10-07T23:00:00Z,Kennesaw State Owls,Jacksonville State Gamecocks,alternate_total_points,under,31.5,600,fanatics,0.10147329927463417,-0.041383843582508684,"10 market(s) allowlisted for NCAAF: moneyline, spread, total_points, alternate_spread, alternate_total_points, team_total, alternate_team_total, moneyline_h1, spread_h1, total_points_h1."
2026-10-07,401871051,False,2026-10-07T23:00:00Z,Kennesaw State Owls,Jacksonville State Gamecocks,alternate_total_points,under,71.0,-1200,fanatics,0.9052161898595049,-0.017860733217418212,"10 market(s) allowlisted for NCAAF: moneyline, spread, total_points, alternate_spread, alternate_total_points, team_total, alternate_team_total, moneyline_h1, spread_h1, total_points_h1."
2026-10-07,401871051,False,2026-10-07T23:00:00Z,Kennesaw State Owls,Jacksonville State Gamecocks,alternate_total_points,under,65.5,-650,fanatics,0.8338192755202921,-0.03284739114637458,"10 market(s) allowlisted for NCAAF: moneyline, spread, total_points, alternate_spread, alternate_total_points, team_total, alternate_team_total, moneyline_h1, spread_h1, total_points_h1."
2026-10-07,401871051,False,2026-10-07T23:00:00Z,Kennesaw State Owls,Jacksonville State Gamecocks,alternate_total_points,under,66.0,-700,fanatics,0.848526365804876,-0.02647363419512405,"10 market(s) allowlisted for NCAAF: moneyline, spread, total_points, alternate_spread, alternate_total_points, team_total, alternate_team_total, moneyline_h1, spread_h1, total_points_h1."
2026-10-07,401871051,False,2026-10-07T23:00:00Z,Kennesaw State Owls,Jacksonville State Gamecocks,alternate_total_points,under,74.0,-1800,fanatics,0.9320264177523581,-0.015342003300273466,"10 market(s) allowlisted for NCAAF: moneyline, spread, total_points, alternate_spread, alternate_total_points, team_total, alternate_team_total, moneyline_h1, spread_h1, total_points_h1."
2026-10-07,401871051,False,2026-10-07T23:00:00Z,Kennesaw State Owls,Jacksonville State Gamecocks,alternate_total_points,under,69.0,-950,fanatics,0.8870152346333576,-0.017746670128547137,"10 market(s) allowlisted for NCAAF: moneyline, spread, total_points, alternate_spread, alternate_total_points, team_total, alternate_team_total, moneyline_h1, spread_h1, total_points_h1."
2026-10-07,401871051,False,2026-10-07T23:00:00Z,Kennesaw State Owls,Jacksonville State Gamecocks,alternate_total_points,under,42.5,190,fanatics,0.30150632211886813,-0.043321264088028444,"10 market(s) allowlisted for NCAAF: moneyline, spread, total_points, alternate_spread, alternate_total_points, team_total, alternate_team_total, moneyline_h1, spread_h1, total_points_h1."
2026-10-07,401871051,False,2026-10-07T23:00:00Z,Kennesaw State Owls,Jacksonville State Gamecocks,alternate_total_points,under,70.0,-1100,fanatics,0.8975486314465365,-0.019118035220130114,"10 market(s) allowlisted for NCAAF: moneyline, spread, total_points, alternate_spread, alternate_total_points, team_total, alternate_team_total, moneyline_h1, spread_h1, total_points_h1."
2026-10-07,401871051,False,2026-10-07T23:00:00Z,Kennesaw State Owls,Jacksonville State Gamecocks,alternate_total_points,under,77.0,-2800,fanatics,0.9495381626641695,-0.015979078715140926,"10 market(s) allowlisted for NCAAF: moneyline, spread, total_points, alternate_spread, alternate_total_points, team_total, alternate_team_total, moneyline_h1, spread_h1, total_points_h1."
2026-10-07,401871051,False,2026-10-07T23:00:00Z,Kennesaw State Owls,Jacksonville State Gamecocks,alternate_total_points,under,73.0,-1800,fanatics,0.925403892227379,-0.02196452882525257,"10 market(s) allowlisted for NCAAF: moneyline, spread, total_points, alternate_spread, alternate_total_points, team_total, alternate_team_total, moneyline_h1, spread_h1, total_points_h1."
2026-10-07,401871051,False,2026-10-07T23:00:00Z,Kennesaw State Owls,Jacksonville State Gamecocks,alternate_total_points,under,72.0,-1400,fanatics,0.914350068424397,-0.018983264908936315,"10 market(s) allowlisted for NCAAF: moneyline, spread, total_points, alternate_spread, alternate_total_points, team_total, alternate_team_total, moneyline_h1, spread_h1, total_points_h1."
2026-10-07,401871051,False,2026-10-07T23:00:00Z,Kennesaw State Owls,Jacksonville State Gamecocks,alternate_total_points,under,76.0,-2500,fanatics,0.9447780453263193,-0.016760416212142304,"10 market(s) allowlisted for NCAAF: moneyline, spread, total_points, alternate_spread, alternate_total_points, team_total, alternate_team_total, moneyline_h1, spread_h1, total_points_h1."
2026-10-07,401871051,False,2026-10-07T23:00:00Z,Kennesaw State Owls,Jacksonville State Gamecocks,alternate_total_points,under,75.0,-2200,fanatics,0.9403344217307048,-0.016187317399730006,"10 market(s) allowlisted for NCAAF: moneyline, spread, total_points, alternate_spread, alternate_total_points, team_total, alternate_team_total, moneyline_h1, spread_h1, total_points_h1."
2026-10-07,401871051,False,2026-10-07T23:00:00Z,Kennesaw State Owls,Jacksonville State Gamecocks,alternate_total_points,under,38.5,265,fanatics,0.22444336483140687,-0.049529237908319146,"10 market(s) allowlisted for NCAAF: moneyline, spread, total_points, alternate_spread, alternate_total_points, team_total, alternate_team_total, moneyline_h1, spread_h1, total_points_h1."
2026-10-07,401871051,False,2026-10-07T23:00:00Z,Kennesaw State Owls,Jacksonville State Gamecocks,alternate_total_points,under,76.5,-2500,fanatics,0.945008529072508,-0.01652993246595358,"10 market(s) allowlisted for NCAAF: moneyline, spread, total_points, alternate_spread, alternate_total_points, team_total, alternate_team_total, moneyline_h1, spread_h1, total_points_h1."
2026-10-07,401871051,False,2026-10-07T23:00:00Z,Kennesaw State Owls,Jacksonville State Gamecocks,alternate_total_points,under,30.5,650,fanatics,0.0845552451015641,-0.048778088231769226,"10 market(s) allowlisted for NCAAF: moneyline, spread, total_points, alternate_spread, alternate_total_points, team_total, alternate_team_total, moneyline_h1, spread_h1, total_points_h1."
2026-10-07,401871051,False,2026-10-07T23:00:00Z,Kennesaw State Owls,Jacksonville State Gamecocks,alternate_total_points,under,53.5,-160,fanatics,0.588669611056264,-0.02671500432835139,"10 market(s) allowlisted for NCAAF: moneyline, spread, total_points, alternate_spread, alternate_total_points, team_total, alternate_team_total, moneyline_h1, spread_h1, total_points_h1."
2026-10-07,401871051,False,2026-10-07T23:00:00Z,Kennesaw State Owls,Jacksonville State Gamecocks,alternate_total_points,under,49.5,-105,fanatics,0.48846351721815057,-0.023731604733068956,"10 market(s) allowlisted for NCAAF: moneyline, spread, total_points, alternate_spread, alternate_total_points, team_total, alternate_team_total, moneyline_h1, spread_h1, total_points_h1."
2026-10-07,401871051,False,2026-10-07T23:00:00Z,Kennesaw State Owls,Jacksonville State Gamecocks,alternate_total_points,under,26.5,1200,fanatics,0.043483219350224575,-0.03343985757285235,"10 market(s) allowlisted for NCAAF: moneyline, spread, total_points, alternate_spread, alternate_total_points, team_total, alternate_team_total, moneyline_h1, spread_h1, total_points_h1."
2026-10-07,401871051,False,2026-10-07T23:00:00Z,Kennesaw State Owls,Jacksonville State Gamecocks,alternate_total_points,under,41.5,200,fanatics,0.2876989285720896,-0.045634404761243696,"10 market(s) allowlisted for NCAAF: moneyline, spread, total_points, alternate_spread, alternate_total_points, team_total, alternate_team_total, moneyline_h1, spread_h1, total_points_h1."
2026-10-07,401871051,False,2026-10-07T23:00:00Z,Kennesaw State Owls,Jacksonville State Gamecocks,alternate_total_points,under,75.5,-2200,fanatics,0.9408347589198448,-0.015686980210590007,"10 market(s) allowlisted for NCAAF: moneyline, spread, total_points, alternate_spread, alternate_total_points, team_total, alternate_team_total, moneyline_h1, spread_h1, total_points_h1."
2026-10-07,401871051,False,2026-10-07T23:00:00Z,Kennesaw State Owls,Jacksonville State Gamecocks,alternate_total_points,under,48.5,105,fanatics,0.45922502057363623,-0.028579857475144244,"10 market(s) allowlisted for NCAAF: moneyline, spread, total_points, alternate_spread, alternate_total_points, team_total, alternate_team_total, moneyline_h1, spread_h1, total_points_h1."
2026-10-07,401871051,False,2026-10-07T23:00:00Z,Kennesaw State Owls,Jacksonville State Gamecocks,alternate_total_points,under,64.5,-550,fanatics,0.8127961610012142,-0.03335768515263193,"10 market(s) allowlisted for NCAAF: moneyline, spread, total_points, alternate_spread, alternate_total_points, team_total, alternate_team_total, moneyline_h1, spread_h1, total_points_h1."
2026-10-07,401871051,False,2026-10-07T23:00:00Z,Kennesaw State Owls,Jacksonville State Gamecocks,alternate_total_points,under,63.5,-500,fanatics,0.8018825547946035,-0.03145077853872991,"10 market(s) allowlisted for NCAAF: moneyline, spread, total_points, alternate_spread, alternate_total_points, team_total, alternate_team_total, moneyline_h1, spread_h1, total_points_h1."
2026-10-07,401871051,False,2026-10-07T23:00:00Z,Kennesaw State Owls,Jacksonville State Gamecocks,alternate_total_points,under,36.5,360,fanatics,0.17252077745934274,-0.044870526888483336,"10 market(s) allowlisted for NCAAF: moneyline, spread, total_points, alternate_spread, alternate_total_points, team_total, alternate_team_total, moneyline_h1, spread_h1, total_points_h1."
2026-10-07,401871051,False,2026-10-07T23:00:00Z,Kennesaw State Owls,Jacksonville State Gamecocks,alternate_total_points,under,51.5,-135,fanatics,0.549292871927175,-0.02517521317920801,"10 market(s) allowlisted for NCAAF: moneyline, spread, total_points, alternate_spread, alternate_total_points, team_total, alternate_team_total, moneyline_h1, spread_h1, total_points_h1."
2026-10-07,401871051,False,2026-10-07T23:00:00Z,Kennesaw State Owls,Jacksonville State Gamecocks,alternate_total_points,under,37.5,310,fanatics,0.19473013830378244,-0.0491723007206078,"10 market(s) allowlisted for NCAAF: moneyline, spread, total_points, alternate_spread, alternate_total_points, team_total, alternate_team_total, moneyline_h1, spread_h1, total_points_h1."
2026-10-07,401871051,False,2026-10-07T23:00:00Z,Kennesaw State Owls,Jacksonville State Gamecocks,alternate_total_points,under,59.5,-320,fanatics,0.7341578446336944,-0.027746917271067484,"10 market(s) allowlisted for NCAAF: moneyline, spread, total_points, alternate_spread, alternate_total_points, team_total, alternate_team_total, moneyline_h1, spread_h1, total_points_h1."
2026-10-07,401871051,False,2026-10-07T23:00:00Z,Kennesaw State Owls,Jacksonville State Gamecocks,alternate_total_points,under,52.5,-145,fanatics,0.5706637991921355,-0.02117293550174204,"10 market(s) allowlisted for NCAAF: moneyline, spread, total_points, alternate_spread, alternate_total_points, team_total, alternate_team_total, moneyline_h1, spread_h1, total_points_h1."
2026-10-07,401871051,False,2026-10-07T23:00:00Z,Kennesaw State Owls,Jacksonville State Gamecocks,alternate_total_points,under,74.5,-1800,fanatics,0.9324490664711472,-0.014919354581484301,"10 market(s) allowlisted for NCAAF: moneyline, spread, total_points, alternate_spread, alternate_total_points, team_total, alternate_team_total, moneyline_h1, spread_h1, total_points_h1."
2026-10-07,401871051,False,2026-10-07T23:00:00Z,Kennesaw State Owls,Jacksonville State Gamecocks,alternate_total_points,under,40.5,230,fanatics,0.2550375892561806,-0.04799271377412245,"10 market(s) allowlisted for NCAAF: moneyline, spread, total_points, alternate_spread, alternate_total_points, team_total, alternate_team_total, moneyline_h1, spread_h1, total_points_h1."
2026-10-07,401871051,False,2026-10-07T23:00:00Z,Kennesaw State Owls,Jacksonville State Gamecocks,alternate_total_points,under,47.5,115,fanatics,0.4277757972989062,-0.037340481770861245,"10 market(s) allowlisted for NCAAF: moneyline, spread, total_points, alternate_spread, alternate_total_points, team_total, alternate_team_total, moneyline_h1, spread_h1, total_points_h1."
2026-10-07,401871051,False,2026-10-07T23:00:00Z,Kennesaw State Owls,Jacksonville State Gamecocks,alternate_total_points,under,62.5,-450,fanatics,0.7857381310063271,-0.032443687175491176,"10 market(s) allowlisted for NCAAF: moneyline, spread, total_points, alternate_spread, alternate_total_points, team_total, alternate_team_total, moneyline_h1, spread_h1, total_points_h1."
2026-10-07,401871051,False,2026-10-07T23:00:00Z,Kennesaw State Owls,Jacksonville State Gamecocks,alternate_total_points,under,35.5,390,fanatics,0.16057838779721662,-0.043503244855844614,"10 market(s) allowlisted for NCAAF: moneyline, spread, total_points, alternate_spread, alternate_total_points, team_total, alternate_team_total, moneyline_h1, spread_h1, total_points_h1."
2026-10-07,401871051,False,2026-10-07T23:00:00Z,Kennesaw State Owls,Jacksonville State Gamecocks,alternate_total_points,under,69.5,-1100,fanatics,0.8887143722036444,-0.027952294463022276,"10 market(s) allowlisted for NCAAF: moneyline, spread, total_points, alternate_spread, alternate_total_points, team_total, alternate_team_total, moneyline_h1, spread_h1, total_points_h1."
2026-10-07,401871051,False,2026-10-07T23:00:00Z,Kennesaw State Owls,Jacksonville State Gamecocks,alternate_total_points,under,50.5,-115,fanatics,0.51153647417109,-0.02334724675914246,"10 market(s) allowlisted for NCAAF: moneyline, spread, total_points, alternate_spread, alternate_total_points, team_total, alternate_team_total, moneyline_h1, spread_h1, total_points_h1."
2026-10-07,401871051,False,2026-10-07T23:00:00Z,Kennesaw State Owls,Jacksonville State Gamecocks,alternate_total_points,under,58.5,-280,fanatics,0.7102611344192656,-0.026580970843892215,"10 market(s) allowlisted for NCAAF: moneyline, spread, total_points, alternate_spread, alternate_total_points, team_total, alternate_team_total, moneyline_h1, spread_h1, total_points_h1."
2026-10-07,401871051,False,2026-10-07T23:00:00Z,Kennesaw State Owls,Jacksonville State Gamecocks,alternate_total_points,under,57.5,-250,fanatics,0.6854106670936446,-0.02887504719206968,"10 market(s) allowlisted for NCAAF: moneyline, spread, total_points, alternate_spread, alternate_total_points, team_total, alternate_team_total, moneyline_h1, spread_h1, total_points_h1."
2026-10-07,401871051,False,2026-10-07T23:00:00Z,Kennesaw State Owls,Jacksonville State Gamecocks,alternate_total_points,under,73.5,-1800,fanatics,0.9262312285286158,-0.02113719252401569,"10 market(s) allowlisted for NCAAF: moneyline, spread, total_points, alternate_spread, alternate_total_points, team_total, alternate_team_total, moneyline_h1, spread_h1, total_points_h1."
2026-10-07,401871051,False,2026-10-07T23:00:00Z,Kennesaw State Owls,Jacksonville State Gamecocks,alternate_total_points,under,46.5,125,fanatics,0.4036377602425843,-0.04080668420186012,"10 market(s) allowlisted for NCAAF: moneyline, spread, total_points, alternate_spread, alternate_total_points, team_total, alternate_team_total, moneyline_h1, spread_h1, total_points_h1."
2026-10-07,401871051,False,2026-10-07T23:00:00Z,Kennesaw State Owls,Jacksonville State Gamecocks,alternate_total_points,under,72.5,-1400,fanatics,0.9151403509219889,-0.018192982411344483,"10 market(s) allowlisted for NCAAF: moneyline, spread, total_points, alternate_spread, alternate_total_points, team_total, alternate_team_total, moneyline_h1, spread_h1, total_points_h1."
2026-10-07,401871051,False,2026-10-07T23:00:00Z,Kennesaw State Owls,Jacksonville State Gamecocks,alternate_total_points,under,61.5,-400,fanatics,0.7655927016596249,-0.03440729834037515,"10 market(s) allowlisted for NCAAF: moneyline, spread, total_points, alternate_spread, alternate_total_points, team_total, alternate_team_total, moneyline_h1, spread_h1, total_points_h1."
2026-10-07,401871051,False,2026-10-07T23:00:00Z,Kennesaw State Owls,Jacksonville State Gamecocks,alternate_total_points,under,45.5,135,fanatics,0.3858178530508973,-0.03971406184271975,"10 market(s) allowlisted for NCAAF: moneyline, spread, total_points, alternate_spread, alternate_total_points, team_total, alternate_team_total, moneyline_h1, spread_h1, total_points_h1."
2026-10-07,401871051,False,2026-10-07T23:00:00Z,Kennesaw State Owls,Jacksonville State Gamecocks,alternate_total_points,under,60.5,-350,fanatics,0.7455369516204803,-0.03224082615729751,"10 market(s) allowlisted for NCAAF: moneyline, spread, total_points, alternate_spread, alternate_total_points, team_total, alternate_team_total, moneyline_h1, spread_h1, total_points_h1."
2026-10-07,401871051,False,2026-10-07T23:00:00Z,Kennesaw State Owls,Jacksonville State Gamecocks,alternate_total_points,under,34.5,430,fanatics,0.14641250653397406,-0.042266738749044824,"10 market(s) allowlisted for NCAAF: moneyline, spread, total_points, alternate_spread, alternate_total_points, team_total, alternate_team_total, moneyline_h1, spread_h1, total_points_h1."
2026-10-07,401871051,False,2026-10-07T23:00:00Z,Kennesaw State Owls,Jacksonville State Gamecocks,alternate_total_points,under,68.5,-850,fanatics,0.8736757290310629,-0.02106111307420022,"10 market(s) allowlisted for NCAAF: moneyline, spread, total_points, alternate_spread, alternate_total_points, team_total, alternate_team_total, moneyline_h1, spread_h1, total_points_h1."
2026-10-07,401871051,False,2026-10-07T23:00:00Z,Kennesaw State Owls,Jacksonville State Gamecocks,alternate_total_points,under,33.5,475,fanatics,0.12766699571403495,-0.04624604776422592,"10 market(s) allowlisted for NCAAF: moneyline, spread, total_points, alternate_spread, alternate_total_points, team_total, alternate_team_total, moneyline_h1, spread_h1, total_points_h1."
2026-10-07,401871051,False,2026-10-07T23:00:00Z,Kennesaw State Owls,Jacksonville State Gamecocks,alternate_total_points,under,56.5,-220,fanatics,0.6640113347820936,-0.02348866521790638,"10 market(s) allowlisted for NCAAF: moneyline, spread, total_points, alternate_spread, alternate_total_points, team_total, alternate_team_total, moneyline_h1, spread_h1, total_points_h1."
2026-10-07,401871051,False,2026-10-07T23:00:00Z,Kennesaw State Owls,Jacksonville State Gamecocks,alternate_total_points,under,71.5,-1200,fanatics,0.9059134609168956,-0.01716346216002751,"10 market(s) allowlisted for NCAAF: moneyline, spread, total_points, alternate_spread, alternate_total_points, team_total, alternate_team_total, moneyline_h1, spread_h1, total_points_h1."
2026-10-07,401871051,False,2026-10-07T23:00:00Z,Kennesaw State Owls,Jacksonville State Gamecocks,alternate_total_points,under,29.0,900,fanatics,0.05977735920552388,-0.04022264079447613,"10 market(s) allowlisted for NCAAF: moneyline, spread, total_points, alternate_spread, alternate_total_points, team_total, alternate_team_total, moneyline_h1, spread_h1, total_points_h1."
2026-10-07,401871051,False,2026-10-07T23:00:00Z,Kennesaw State Owls,Jacksonville State Gamecocks,alternate_total_points,under,29.5,850,fanatics,0.06719858713264136,-0.038064570762095476,"10 market(s) allowlisted for NCAAF: moneyline, spread, total_points, alternate_spread, alternate_total_points, team_total, alternate_team_total, moneyline_h1, spread_h1, total_points_h1."
2026-10-07,401871051,False,2026-10-07T23:00:00Z,Kennesaw State Owls,Jacksonville State Gamecocks,alternate_total_points,under,28.0,950,fanatics,0.0541773040726156,-0.041060791165479636,"10 market(s) allowlisted for NCAAF: moneyline, spread, total_points, alternate_spread, alternate_total_points, team_total, alternate_team_total, moneyline_h1, spread_h1, total_points_h1."
2026-10-07,401871051,False,2026-10-07T23:00:00Z,Kennesaw State Owls,Jacksonville State Gamecocks,alternate_total_points,under,32.0,550,fanatics,0.10223764420902859,-0.051608509637125266,"10 market(s) allowlisted for NCAAF: moneyline, spread, total_points, alternate_spread, alternate_total_points, team_total, alternate_team_total, moneyline_h1, spread_h1, total_points_h1."
2026-10-07,401871051,False,2026-10-07T23:00:00Z,Kennesaw State Owls,Jacksonville State Gamecocks,alternate_total_points,under,44.5,150,fanatics,0.34820774820287526,-0.051792251797124766,"10 market(s) allowlisted for NCAAF: moneyline, spread, total_points, alternate_spread, alternate_total_points, team_total, alternate_team_total, moneyline_h1, spread_h1, total_points_h1."
2026-10-07,401871051,False,2026-10-07T23:00:00Z,Kennesaw State Owls,Jacksonville State Gamecocks,alternate_total_points,under,35.0,410,fanatics,0.14851637182286434,-0.047562059549684677,"10 market(s) allowlisted for NCAAF: moneyline, spread, total_points, alternate_spread, alternate_total_points, team_total, alternate_team_total, moneyline_h1, spread_h1, total_points_h1."
2026-10-07,401871051,False,2026-10-07T23:00:00Z,Kennesaw State Owls,Jacksonville State Gamecocks,alternate_total_points,under,31.0,650,fanatics,0.08601037325575087,-0.047322960077582465,"10 market(s) allowlisted for NCAAF: moneyline, spread, total_points, alternate_spread, alternate_total_points, team_total, alternate_team_total, moneyline_h1, spread_h1, total_points_h1."
2026-10-07,401871051,False,2026-10-07T23:00:00Z,Kennesaw State Owls,Jacksonville State Gamecocks,alternate_total_points,under,38.0,290,fanatics,0.20069338635514902,-0.055716870055107365,"10 market(s) allowlisted for NCAAF: moneyline, spread, total_points, alternate_spread, alternate_total_points, team_total, alternate_team_total, moneyline_h1, spread_h1, total_points_h1."
2026-10-07,401871051,False,2026-10-07T23:00:00Z,Kennesaw State Owls,Jacksonville State Gamecocks,alternate_total_points,under,34.0,475,fanatics,0.13010589721807425,-0.043807146260186614,"10 market(s) allowlisted for NCAAF: moneyline, spread, total_points, alternate_spread, alternate_total_points, team_total, alternate_team_total, moneyline_h1, spread_h1, total_points_h1."
2026-10-07,401871051,False,2026-10-07T23:00:00Z,Kennesaw State Owls,Jacksonville State Gamecocks,alternate_total_points,under,27.0,1200,fanatics,0.04394021234927332,-0.03298286457380361,"10 market(s) allowlisted for NCAAF: moneyline, spread, total_points, alternate_spread, alternate_total_points, team_total, alternate_team_total, moneyline_h1, spread_h1, total_points_h1."
2026-10-07,401871051,False,2026-10-07T23:00:00Z,Kennesaw State Owls,Jacksonville State Gamecocks,alternate_total_points,under,37.0,350,fanatics,0.17643938339227216,-0.045782838829950046,"10 market(s) allowlisted for NCAAF: moneyline, spread, total_points, alternate_spread, alternate_total_points, team_total, alternate_team_total, moneyline_h1, spread_h1, total_points_h1."
2026-10-07,401871051,False,2026-10-07T23:00:00Z,Kennesaw State Owls,Jacksonville State Gamecocks,alternate_total_points,under,67.5,-800,fanatics,0.8613863091049463,-0.02750257978394255,"10 market(s) allowlisted for NCAAF: moneyline, spread, total_points, alternate_spread, alternate_total_points, team_total, alternate_team_total, moneyline_h1, spread_h1, total_points_h1."
2026-10-07,401871051,False,2026-10-07T23:00:00Z,Kennesaw State Owls,Jacksonville State Gamecocks,alternate_total_points,under,32.5,550,fanatics,0.10894945876860375,-0.044896695077550106,"10 market(s) allowlisted for NCAAF: moneyline, spread, total_points, alternate_spread, alternate_total_points, team_total, alternate_team_total, moneyline_h1, spread_h1, total_points_h1."
2026-10-07,401871051,False,2026-10-07T23:00:00Z,Kennesaw State Owls,Jacksonville State Gamecocks,alternate_total_points,under,41.0,220,fanatics,0.2636487092078186,-0.04885129079218142,"10 market(s) allowlisted for NCAAF: moneyline, spread, total_points, alternate_spread, alternate_total_points, team_total, alternate_team_total, moneyline_h1, spread_h1, total_points_h1."
2026-10-07,401871051,False,2026-10-07T23:00:00Z,Kennesaw State Owls,Jacksonville State Gamecocks,alternate_total_points,under,30.0,750,fanatics,0.06838553141137156,-0.04926152741215785,"10 market(s) allowlisted for NCAAF: moneyline, spread, total_points, alternate_spread, alternate_total_points, team_total, alternate_team_total, moneyline_h1, spread_h1, total_points_h1."
2026-10-07,401871051,False,2026-10-07T23:00:00Z,Kennesaw State Owls,Jacksonville State Gamecocks,alternate_total_points,under,40.0,250,fanatics,0.2399487547599693,-0.0457655309543164,"10 market(s) allowlisted for NCAAF: moneyline, spread, total_points, alternate_spread, alternate_total_points, team_total, alternate_team_total, moneyline_h1, spread_h1, total_points_h1."
2026-10-07,401871051,False,2026-10-07T23:00:00Z,Kennesaw State Owls,Jacksonville State Gamecocks,alternate_total_points,under,33.0,550,fanatics,0.11102762239270254,-0.04281853145345131,"10 market(s) allowlisted for NCAAF: moneyline, spread, total_points, alternate_spread, alternate_total_points, team_total, alternate_team_total, moneyline_h1, spread_h1, total_points_h1."
2026-10-07,401871051,False,2026-10-07T23:00:00Z,Kennesaw State Owls,Jacksonville State Gamecocks,alternate_total_points,under,36.0,375,fanatics,0.16251925608093398,-0.04800705970853969,"10 market(s) allowlisted for NCAAF: moneyline, spread, total_points, alternate_spread, alternate_total_points, team_total, alternate_team_total, moneyline_h1, spread_h1, total_points_h1."
2026-10-07,401871051,False,2026-10-07T23:00:00Z,Kennesaw State Owls,Jacksonville State Gamecocks,alternate_total_points,under,39.0,265,fanatics,0.2268804771253129,-0.047092125614413116,"10 market(s) allowlisted for NCAAF: moneyline, spread, total_points, alternate_spread, alternate_total_points, team_total, alternate_team_total, moneyline_h1, spread_h1, total_points_h1."
2026-10-07,401871051,False,2026-10-07T23:00:00Z,Kennesaw State Owls,Jacksonville State Gamecocks,alternate_total_points,under,55.5,-205,fanatics,0.6407741638463508,-0.0313569836946328,"10 market(s) allowlisted for NCAAF: moneyline, spread, total_points, alternate_spread, alternate_total_points, team_total, alternate_team_total, moneyline_h1, spread_h1, total_points_h1."
2026-10-07,401871051,False,2026-10-07T23:00:00Z,Kennesaw State Owls,Jacksonville State Gamecocks,alternate_total_points,under,70.5,-1100,fanatics,0.8985570246609874,-0.018109642005679216,"10 market(s) allowlisted for NCAAF: moneyline, spread, total_points, alternate_spread, alternate_total_points, team_total, alternate_team_total, moneyline_h1, spread_h1, total_points_h1."
2026-10-07,401871051,False,2026-10-07T23:00:00Z,Kennesaw State Owls,Jacksonville State Gamecocks,alternate_spread,away,1.5,-175,betmgm,0.6097152696442641,-0.026648366719372207,"10 market(s) allowlisted for NCAAF: moneyline, spread, total_points, alternate_spread, alternate_total_points, team_total, alternate_team_total, moneyline_h1, spread_h1, total_points_h1."
2026-10-07,401871051,False,2026-10-07T23:00:00Z,Kennesaw State Owls,Jacksonville State Gamecocks,alternate_spread,away,-7.0,160,betmgm,0.38760251799667,0.0029871333812853673,"10 market(s) allowlisted for NCAAF: moneyline, spread, total_points, alternate_spread, alternate_total_points, team_total, alternate_team_total, moneyline_h1, spread_h1, total_points_h1."
2026-10-07,401871051,False,2026-10-07T23:00:00Z,Kennesaw State Owls,Jacksonville State Gamecocks,alternate_spread,away,-7.5,175,betmgm,0.3726577834405857,0.009021419804222053,"10 market(s) allowlisted for NCAAF: moneyline, spread, total_points, alternate_spread, alternate_total_points, team_total, alternate_team_total, moneyline_h1, spread_h1, total_points_h1."
2026-10-07,401871051,False,2026-10-07T23:00:00Z,Kennesaw State Owls,Jacksonville State Gamecocks,alternate_spread,away,-4.0,110,betmgm,0.45449835739255967,-0.021692118797916493,"10 market(s) allowlisted for NCAAF: moneyline, spread, total_points, alternate_spread, alternate_total_points, team_total, alternate_team_total, moneyline_h1, spread_h1, total_points_h1."
2026-10-07,401871051,False,2026-10-07T23:00:00Z,Kennesaw State Owls,Jacksonville State Gamecocks,alternate_spread,away,2.0,-190,betmgm,0.6274631046188766,-0.02770930917422687,"10 market(s) allowlisted for NCAAF: moneyline, spread, total_points, alternate_spread, alternate_total_points, team_total, alternate_team_total, moneyline_h1, spread_h1, total_points_h1."
2026-10-07,401871051,False,2026-10-07T23:00:00Z,Kennesaw State Owls,Jacksonville State Gamecocks,alternate_spread,away,-8.0,190,betmgm,0.3603950987545279,0.015567512547631335,"10 market(s) allowlisted for NCAAF: moneyline, spread, total_points, alternate_spread, alternate_total_points, team_total, alternate_team_total, moneyline_h1, spread_h1, total_points_h1."
2026-10-07,401871051,False,2026-10-07T23:00:00Z,Kennesaw State Owls,Jacksonville State Gamecocks,alternate_spread,away,-8.5,195,betmgm,0.3534855027682844,0.014502451920826775,"10 market(s) allowlisted for NCAAF: moneyline, spread, total_points, alternate_spread, alternate_total_points, team_total, alternate_team_total, moneyline_h1, spread_h1, total_points_h1."
2026-10-07,401871051,False,2026-10-07T23:00:00Z,Kennesaw State Owls,Jacksonville State Gamecocks,alternate_spread,away,2.5,-200,betmgm,0.6380003350831198,-0.02866633158354681,"10 market(s) allowlisted for NCAAF: moneyline, spread, total_points, alternate_spread, alternate_total_points, team_total, alternate_team_total, moneyline_h1, spread_h1, total_points_h1."
2026-10-07,401871051,False,2026-10-07T23:00:00Z,Kennesaw State Owls,Jacksonville State Gamecocks,alternate_spread,away,3.0,-235,betmgm,0.6782500992120907,-0.02324243810134219,"10 market(s) allowlisted for NCAAF: moneyline, spread, total_points, alternate_spread, alternate_total_points, team_total, alternate_team_total, moneyline_h1, spread_h1, total_points_h1."
2026-10-07,401871051,False,2026-10-07T23:00:00Z,Kennesaw State Owls,Jacksonville State Gamecocks,alternate_spread,away,-9.0,200,betmgm,0.3485221508489705,0.015188817515637165,"10 market(s) allowlisted for NCAAF: moneyline, spread, total_points, alternate_spread, alternate_total_points, team_total, alternate_team_total, moneyline_h1, spread_h1, total_points_h1."
2026-10-07,401871051,False,2026-10-07T23:00:00Z,Kennesaw State Owls,Jacksonville State Gamecocks,alternate_spread,away,3.5,-250,betmgm,0.6973438783803906,-0.01694183590532372,"10 market(s) allowlisted for NCAAF: moneyline, spread, total_points, alternate_spread, alternate_total_points, team_total, alternate_team_total, moneyline_h1, spread_h1, total_points_h1."
2026-10-07,401871051,False,2026-10-07T23:00:00Z,Kennesaw State Owls,Jacksonville State Gamecocks,alternate_spread,away,-9.5,200,betmgm,0.34586689850448343,0.012533565171150118,"10 market(s) allowlisted for NCAAF: moneyline, spread, total_points, alternate_spread, alternate_total_points, team_total, alternate_team_total, moneyline_h1, spread_h1, total_points_h1."
2026-10-07,401871051,False,2026-10-07T23:00:00Z,Kennesaw State Owls,Jacksonville State Gamecocks,alternate_spread,away,4.0,-275,betmgm,0.7085924259934289,-0.024740907339904417,"10 market(s) allowlisted for NCAAF: moneyline, spread, total_points, alternate_spread, alternate_total_points, team_total, alternate_team_total, moneyline_h1, spread_h1, total_points_h1."
2026-10-07,401871051,False,2026-10-07T23:00:00Z,Kennesaw State Owls,Jacksonville State Gamecocks,alternate_spread,away,-3.5,100,betmgm,0.46688409344857673,-0.03311590655142327,"10 market(s) allowlisted for NCAAF: moneyline, spread, total_points, alternate_spread, alternate_total_points, team_total, alternate_team_total, moneyline_h1, spread_h1, total_points_h1."
2026-10-07,401871051,False,2026-10-07T23:00:00Z,Kennesaw State Owls,Jacksonville State Gamecocks,alternate_spread,away,-10.0,230,betmgm,0.329872296564763,0.026841993534459985,"10 market(s) allowlisted for NCAAF: moneyline, spread, total_points, alternate_spread, alternate_total_points, team_total, alternate_team_total, moneyline_h1, spread_h1, total_points_h1."
2026-10-07,401871051,False,2026-10-07T23:00:00Z,Kennesaw State Owls,Jacksonville State Gamecocks,alternate_spread,away,4.5,-295,betmgm,0.7132183743535421,-0.033617068684432594,"10 market(s) allowlisted for NCAAF: moneyline, spread, total_points, alternate_spread, alternate_total_points, team_total, alternate_team_total, moneyline_h1, spread_h1, total_points_h1."
2026-10-07,401871051,False,2026-10-07T23:00:00Z,Kennesaw State Owls,Jacksonville State Gamecocks,alternate_spread,away,-10.5,240,betmgm,0.32199890758614325,0.027881260527319707,"10 market(s) allowlisted for NCAAF: moneyline, spread, total_points, alternate_spread, alternate_total_points, team_total, alternate_team_total, moneyline_h1, spread_h1, total_points_h1."
2026-10-07,401871051,False,2026-10-07T23:00:00Z,Kennesaw State Owls,Jacksonville State Gamecocks,alternate_spread,away,5.0,-300,betmgm,0.7246565619160014,-0.025343438083998637,"10 market(s) allowlisted for NCAAF: moneyline, spread, total_points, alternate_spread, alternate_total_points, team_total, alternate_team_total, moneyline_h1, spread_h1, total_points_h1."
2026-10-07,401871051,False,2026-10-07T23:00:00Z,Kennesaw State Owls,Jacksonville State Gamecocks,alternate_spread,away,-3.0,-108,betmgm,0.5000000048851967,-0.019230764345572582,"10 market(s) allowlisted for NCAAF: moneyline, spread, total_points, alternate_spread, alternate_total_points, team_total, alternate_team_total, moneyline_h1, spread_h1, total_points_h1."
2026-10-07,401871051,False,2026-10-07T23:00:00Z,Kennesaw State Owls,Jacksonville State Gamecocks,alternate_spread,away,-2.5,-130,betmgm,0.5331159156747057,-0.03210147562964205,"10 market(s) allowlisted for NCAAF: moneyline, spread, total_points, alternate_spread, alternate_total_points, team_total, alternate_team_total, moneyline_h1, spread_h1, total_points_h1."
2026-10-07,401871051,False,2026-10-07T23:00:00Z,Kennesaw State Owls,Jacksonville State Gamecocks,alternate_spread,away,-1.5,-145,betmgm,0.5681623735608416,-0.023674361133035893,"10 market(s) allowlisted for NCAAF: moneyline, spread, total_points, alternate_spread, alternate_total_points, team_total, alternate_team_total, moneyline_h1, spread_h1, total_points_h1."
2026-10-07,401871051,False,2026-10-07T23:00:00Z,Kennesaw State Owls,Jacksonville State Gamecocks,alternate_spread,away,-2.0,-140,betmgm,0.5524783239894033,-0.03085500934393004,"10 market(s) allowlisted for NCAAF: moneyline, spread, total_points, alternate_spread, alternate_total_points, team_total, alternate_team_total, moneyline_h1, spread_h1, total_points_h1."
2026-10-07,401871051,False,2026-10-07T23:00:00Z,Kennesaw State Owls,Jacksonville State Gamecocks,alternate_spread,away,-4.5,115,betmgm,0.4441788711566428,-0.02093740791312465,"10 market(s) allowlisted for NCAAF: moneyline, spread, total_points, alternate_spread, alternate_total_points, team_total, alternate_team_total, moneyline_h1, spread_h1, total_points_h1."
2026-10-07,401871051,False,2026-10-07T23:00:00Z,Kennesaw State Owls,Jacksonville State Gamecocks,alternate_spread,away,-1.0,-155,betmgm,0.5815667882040012,-0.026276349050900705,"10 market(s) allowlisted for NCAAF: moneyline, spread, total_points, alternate_spread, alternate_total_points, team_total, alternate_team_total, moneyline_h1, spread_h1, total_points_h1."
2026-10-07,401871051,False,2026-10-07T23:00:00Z,Kennesaw State Owls,Jacksonville State Gamecocks,alternate_spread,away,-5.0,120,betmgm,0.43893076582194684,-0.015614688723507686,"10 market(s) allowlisted for NCAAF: moneyline, spread, total_points, alternate_spread, alternate_total_points, team_total, alternate_team_total, moneyline_h1, spread_h1, total_points_h1."
2026-10-07,401871051,False,2026-10-07T23:00:00Z,Kennesaw State Owls,Jacksonville State Gamecocks,alternate_spread,away,-5.5,125,betmgm,0.4348251140532361,-0.009619330391208325,"10 market(s) allowlisted for NCAAF: moneyline, spread, total_points, alternate_spread, alternate_total_points, team_total, alternate_team_total, moneyline_h1, spread_h1, total_points_h1."
2026-10-07,401871051,False,2026-10-07T23:00:00Z,Kennesaw State Owls,Jacksonville State Gamecocks,alternate_spread,away,-6.0,135,betmgm,0.42115838901852815,-0.0043735258750888795,"10 market(s) allowlisted for NCAAF: moneyline, spread, total_points, alternate_spread, alternate_total_points, team_total, alternate_team_total, moneyline_h1, spread_h1, total_points_h1."
2026-10-07,401871051,False,2026-10-07T23:00:00Z,Kennesaw State Owls,Jacksonville State Gamecocks,alternate_spread,away,-6.5,138,betmgm,0.41121463965846183,-0.008953427568428929,"10 market(s) allowlisted for NCAAF: moneyline, spread, total_points, alternate_spread, alternate_total_points, team_total, alternate_team_total, moneyline_h1, spread_h1, total_points_h1."
2026-10-07,401871051,False,2026-10-07T23:00:00Z,Kennesaw State Owls,Jacksonville State Gamecocks,alternate_spread,away,1.0,-175,betmgm,0.604277520241806,-0.03208611612183032,"10 market(s) allowlisted for NCAAF: moneyline, spread, total_points, alternate_spread, alternate_total_points, team_total, alternate_team_total, moneyline_h1, spread_h1, total_points_h1."
2026-10-07,401871051,False,2026-10-07T23:00:00Z,Kennesaw State Owls,Jacksonville State Gamecocks,alternate_spread,home,-1.5,135,betmgm,0.39028473035573563,-0.03524718453788139,"10 market(s) allowlisted for NCAAF: moneyline, spread, total_points, alternate_spread, alternate_total_points, team_total, alternate_team_total, moneyline_h1, spread_h1, total_points_h1."
2026-10-07,401871051,False,2026-10-07T23:00:00Z,Kennesaw State Owls,Jacksonville State Gamecocks,alternate_spread,home,7.0,-220,betmgm,0.6123974820033301,-0.07510251799666989,"10 market(s) allowlisted for NCAAF: moneyline, spread, total_points, alternate_spread, alternate_total_points, team_total, alternate_team_total, moneyline_h1, spread_h1, total_points_h1."
2026-10-07,401871051,False,2026-10-07T23:00:00Z,Kennesaw State Owls,Jacksonville State Gamecocks,alternate_spread,home,7.5,-235,betmgm,0.6273422165594146,-0.07415032075401828,"10 market(s) allowlisted for NCAAF: moneyline, spread, total_points, alternate_spread, alternate_total_points, team_total, alternate_team_total, moneyline_h1, spread_h1, total_points_h1."
2026-10-07,401871051,False,2026-10-07T23:00:00Z,Kennesaw State Owls,Jacksonville State Gamecocks,alternate_spread,home,4.0,-145,betmgm,0.5455016426074405,-0.046335092086437046,"10 market(s) allowlisted for NCAAF: moneyline, spread, total_points, alternate_spread, alternate_total_points, team_total, alternate_team_total, moneyline_h1, spread_h1, total_points_h1."
2026-10-07,401871051,False,2026-10-07T23:00:00Z,Kennesaw State Owls,Jacksonville State Gamecocks,alternate_spread,home,-2.0,140,betmgm,0.37253689538112317,-0.04412977128554352,"10 market(s) allowlisted for NCAAF: moneyline, spread, total_points, alternate_spread, alternate_total_points, team_total, alternate_team_total, moneyline_h1, spread_h1, total_points_h1."
2026-10-07,401871051,False,2026-10-07T23:00:00Z,Kennesaw State Owls,Jacksonville State Gamecocks,alternate_spread,home,8.0,-250,betmgm,0.6396049012454723,-0.07468081304024199,"10 market(s) allowlisted for NCAAF: moneyline, spread, total_points, alternate_spread, alternate_total_points, team_total, alternate_team_total, moneyline_h1, spread_h1, total_points_h1."
2026-10-07,401871051,False,2026-10-07T23:00:00Z,Kennesaw State Owls,Jacksonville State Gamecocks,alternate_spread,home,8.5,-275,betmgm,0.6465144972317158,-0.08681883610161745,"10 market(s) allowlisted for NCAAF: moneyline, spread, total_points, alternate_spread, alternate_total_points, team_total, alternate_team_total, moneyline_h1, spread_h1, total_points_h1."
2026-10-07,401871051,False,2026-10-07T23:00:00Z,Kennesaw State Owls,Jacksonville State Gamecocks,alternate_spread,home,-2.5,145,betmgm,0.36199966491688,-0.04616360038924244,"10 market(s) allowlisted for NCAAF: moneyline, spread, total_points, alternate_spread, alternate_total_points, team_total, alternate_team_total, moneyline_h1, spread_h1, total_points_h1."
2026-10-07,401871051,False,2026-10-07T23:00:00Z,Kennesaw State Owls,Jacksonville State Gamecocks,alternate_spread,home,-3.0,175,betmgm,0.32174990078790916,-0.041886462848454487,"10 market(s) allowlisted for NCAAF: moneyline, spread, total_points, alternate_spread, alternate_total_points, team_total, alternate_team_total, moneyline_h1, spread_h1, total_points_h1."
2026-10-07,401871051,False,2026-10-07T23:00:00Z,Kennesaw State Owls,Jacksonville State Gamecocks,alternate_spread,home,9.0,-275,betmgm,0.6514778491510297,-0.0818554841823036,"10 market(s) allowlisted for NCAAF: moneyline, spread, total_points, alternate_spread, alternate_total_points, team_total, alternate_team_total, moneyline_h1, spread_h1, total_points_h1."
2026-10-07,401871051,False,2026-10-07T23:00:00Z,Kennesaw State Owls,Jacksonville State Gamecocks,alternate_spread,home,-3.5,188,betmgm,0.3026561216196093,-0.0445661006026129,"10 market(s) allowlisted for NCAAF: moneyline, spread, total_points, alternate_spread, alternate_total_points, team_total, alternate_team_total, moneyline_h1, spread_h1, total_points_h1."
2026-10-07,401871051,False,2026-10-07T23:00:00Z,Kennesaw State Owls,Jacksonville State Gamecocks,alternate_spread,home,9.5,-275,betmgm,0.6541331014955168,-0.07920023183781644,"10 market(s) allowlisted for NCAAF: moneyline, spread, total_points, alternate_spread, alternate_total_points, team_total, alternate_team_total, moneyline_h1, spread_h1, total_points_h1."
2026-10-07,401871051,False,2026-10-07T23:00:00Z,Kennesaw State Owls,Jacksonville State Gamecocks,alternate_spread,home,-4.0,200,betmgm,0.2914075740065711,-0.041925759326762235,"10 market(s) allowlisted for NCAAF: moneyline, spread, total_points, alternate_spread, alternate_total_points, team_total, alternate_team_total, moneyline_h1, spread_h1, total_points_h1."
2026-10-07,401871051,False,2026-10-07T23:00:00Z,Kennesaw State Owls,Jacksonville State Gamecocks,alternate_spread,home,3.5,-135,betmgm,0.5331159065514235,-0.04135217855495954,"10 market(s) allowlisted for NCAAF: moneyline, spread, total_points, alternate_spread, alternate_total_points, team_total, alternate_team_total, moneyline_h1, spread_h1, total_points_h1."
2026-10-07,401871051,False,2026-10-07T23:00:00Z,Kennesaw State Owls,Jacksonville State Gamecocks,alternate_spread,home,10.0,-300,betmgm,0.6701277034352373,-0.07987229656476269,"10 market(s) allowlisted for NCAAF: moneyline, spread, total_points, alternate_spread, alternate_total_points, team_total, alternate_team_total, moneyline_h1, spread_h1, total_points_h1."
2026-10-07,401871051,False,2026-10-07T23:00:00Z,Kennesaw State Owls,Jacksonville State Gamecocks,alternate_spread,home,-4.5,210,betmgm,0.2867816256464579,-0.035799019514832386,"10 market(s) allowlisted for NCAAF: moneyline, spread, total_points, alternate_spread, alternate_total_points, team_total, alternate_team_total, moneyline_h1, spread_h1, total_points_h1."
2026-10-07,401871051,False,2026-10-07T23:00:00Z,Kennesaw State Owls,Jacksonville State Gamecocks,alternate_spread,home,10.5,-325,betmgm,0.6780010924138571,-0.08670478993908404,"10 market(s) allowlisted for NCAAF: moneyline, spread, total_points, alternate_spread, alternate_total_points, team_total, alternate_team_total, moneyline_h1, spread_h1, total_points_h1."
2026-10-07,401871051,False,2026-10-07T23:00:00Z,Kennesaw State Owls,Jacksonville State Gamecocks,alternate_spread,home,-5.0,225,betmgm,0.2753434380839985,-0.03234886960830918,"10 market(s) allowlisted for NCAAF: moneyline, spread, total_points, alternate_spread, alternate_total_points, team_total, alternate_team_total, moneyline_h1, spread_h1, total_points_h1."
2026-10-07,401871051,False,2026-10-07T23:00:00Z,Kennesaw State Owls,Jacksonville State Gamecocks,alternate_spread,home,3.0,-110,betmgm,0.49999999511480303,-0.023809528694720805,"10 market(s) allowlisted for NCAAF: moneyline, spread, total_points, alternate_spread, alternate_total_points, team_total, alternate_team_total, moneyline_h1, spread_h1, total_points_h1."
2026-10-07,401871051,False,2026-10-07T23:00:00Z,Kennesaw State Owls,Jacksonville State Gamecocks,alternate_spread,home,2.5,-102,betmgm,0.46688408432529405,-0.03806641072421091,"10 market(s) allowlisted for NCAAF: moneyline, spread, total_points, alternate_spread, alternate_total_points, team_total, alternate_team_total, moneyline_h1, spread_h1, total_points_h1."
2026-10-07,401871051,False,2026-10-07T23:00:00Z,Kennesaw State Owls,Jacksonville State Gamecocks,alternate_spread,home,1.5,110,betmgm,0.43183762643915813,-0.044352849751318035,"10 market(s) allowlisted for NCAAF: moneyline, spread, total_points, alternate_spread, alternate_total_points, team_total, alternate_team_total, moneyline_h1, spread_h1, total_points_h1."
2026-10-07,401871051,False,2026-10-07T23:00:00Z,Kennesaw State Owls,Jacksonville State Gamecocks,alternate_spread,home,2.0,105,betmgm,0.44752167601059645,-0.04028320203818403,"10 market(s) allowlisted for NCAAF: moneyline, spread, total_points, alternate_spread, alternate_total_points, team_total, alternate_team_total, moneyline_h1, spread_h1, total_points_h1."
2026-10-07,401871051,False,2026-10-07T23:00:00Z,Kennesaw State Owls,Jacksonville State Gamecocks,alternate_spread,home,4.5,-150,betmgm,0.5558211288433574,-0.04417887115664254,"10 market(s) allowlisted for NCAAF: moneyline, spread, total_points, alternate_spread, alternate_total_points, team_total, alternate_team_total, moneyline_h1, spread_h1, total_points_h1."
2026-10-07,401871051,False,2026-10-07T23:00:00Z,Kennesaw State Owls,Jacksonville State Gamecocks,alternate_spread,home,1.0,115,betmgm,0.4184332117959985,-0.04668306727376892,"10 market(s) allowlisted for NCAAF: moneyline, spread, total_points, alternate_spread, alternate_total_points, team_total, alternate_team_total, moneyline_h1, spread_h1, total_points_h1."
2026-10-07,401871051,False,2026-10-07T23:00:00Z,Kennesaw State Owls,Jacksonville State Gamecocks,alternate_spread,home,5.0,-160,betmgm,0.5610692341780533,-0.0543153812065621,"10 market(s) allowlisted for NCAAF: moneyline, spread, total_points, alternate_spread, alternate_total_points, team_total, alternate_team_total, moneyline_h1, spread_h1, total_points_h1."
2026-10-07,401871051,False,2026-10-07T23:00:00Z,Kennesaw State Owls,Jacksonville State Gamecocks,alternate_spread,home,5.5,-165,betmgm,0.5651748859467641,-0.05746662348719811,"10 market(s) allowlisted for NCAAF: moneyline, spread, total_points, alternate_spread, alternate_total_points, team_total, alternate_team_total, moneyline_h1, spread_h1, total_points_h1."
2026-10-07,401871051,False,2026-10-07T23:00:00Z,Kennesaw State Owls,Jacksonville State Gamecocks,alternate_spread,home,6.0,-175,betmgm,0.578841610981472,-0.05752202538216433,"10 market(s) allowlisted for NCAAF: moneyline, spread, total_points, alternate_spread, alternate_total_points, team_total, alternate_team_total, moneyline_h1, spread_h1, total_points_h1."
2026-10-07,401871051,False,2026-10-07T23:00:00Z,Kennesaw State Owls,Jacksonville State Gamecocks,alternate_spread,home,6.5,-185,betmgm,0.5887853603415384,-0.06033744667600549,"10 market(s) allowlisted for NCAAF: moneyline, spread, total_points, alternate_spread, alternate_total_points, team_total, alternate_team_total, moneyline_h1, spread_h1, total_points_h1."
2026-10-07,401871051,False,2026-10-07T23:00:00Z,Kennesaw State Owls,Jacksonville State Gamecocks,alternate_spread,home,-1.0,130,betmgm,0.3957224797581938,-0.03906012893745836,"10 market(s) allowlisted for NCAAF: moneyline, spread, total_points, alternate_spread, alternate_total_points, team_total, alternate_team_total, moneyline_h1, spread_h1, total_points_h1."
2026-10-07,401871051,False,2026-10-07T23:00:00Z,Kennesaw State Owls,Jacksonville State Gamecocks,alternate_total_points,over,49.5,-125,betmgm,0.5115364827818494,-0.0440190727737062,"10 market(s) allowlisted for NCAAF: moneyline, spread, total_points, alternate_spread, alternate_total_points, team_total, alternate_team_total, moneyline_h1, spread_h1, total_points_h1."
2026-10-07,401871051,False,2026-10-07T23:00:00Z,Kennesaw State Owls,Jacksonville State Gamecocks,alternate_total_points,over,51.5,105,betmgm,0.4507071280728252,-0.037097749975955274,"10 market(s) allowlisted for NCAAF: moneyline, spread, total_points, alternate_spread, alternate_total_points, team_total, alternate_team_total, moneyline_h1, spread_h1, total_points_h1."
2026-10-07,401871051,False,2026-10-07T23:00:00Z,Kennesaw State Owls,Jacksonville State Gamecocks,alternate_total_points,over,52.5,120,betmgm,0.4293362008078647,-0.02520925373758981,"10 market(s) allowlisted for NCAAF: moneyline, spread, total_points, alternate_spread, alternate_total_points, team_total, alternate_team_total, moneyline_h1, spread_h1, total_points_h1."
2026-10-07,401871051,False,2026-10-07T23:00:00Z,Kennesaw State Owls,Jacksonville State Gamecocks,alternate_total_points,over,48.5,-135,betmgm,0.5407749794263637,-0.033693105680019375,"10 market(s) allowlisted for NCAAF: moneyline, spread, total_points, alternate_spread, alternate_total_points, team_total, alternate_team_total, moneyline_h1, spread_h1, total_points_h1."
2026-10-07,401871051,False,2026-10-07T23:00:00Z,Kennesaw State Owls,Jacksonville State Gamecocks,alternate_total_points,over,53.5,125,betmgm,0.4113303889437361,-0.03311405550070834,"10 market(s) allowlisted for NCAAF: moneyline, spread, total_points, alternate_spread, alternate_total_points, team_total, alternate_team_total, moneyline_h1, spread_h1, total_points_h1."
2026-10-07,401871051,False,2026-10-07T23:00:00Z,Kennesaw State Owls,Jacksonville State Gamecocks,alternate_total_points,over,47.5,-155,betmgm,0.5722242027010936,-0.03561893455380827,"10 market(s) allowlisted for NCAAF: moneyline, spread, total_points, alternate_spread, alternate_total_points, team_total, alternate_team_total, moneyline_h1, spread_h1, total_points_h1."
2026-10-07,401871051,False,2026-10-07T23:00:00Z,Kennesaw State Owls,Jacksonville State Gamecocks,alternate_total_points,over,54.5,140,betmgm,0.3910766773812806,-0.025589989285386083,"10 market(s) allowlisted for NCAAF: moneyline, spread, total_points, alternate_spread, alternate_total_points, team_total, alternate_team_total, moneyline_h1, spread_h1, total_points_h1."
2026-10-07,401871051,False,2026-10-07T23:00:00Z,Kennesaw State Owls,Jacksonville State Gamecocks,alternate_total_points,over,46.5,-175,betmgm,0.5963622397574155,-0.04000139660622082,"10 market(s) allowlisted for NCAAF: moneyline, spread, total_points, alternate_spread, alternate_total_points, team_total, alternate_team_total, moneyline_h1, spread_h1, total_points_h1."
2026-10-07,401871051,False,2026-10-07T23:00:00Z,Kennesaw State Owls,Jacksonville State Gamecocks,alternate_total_points,over,55.5,165,betmgm,0.35922583615364934,-0.018132654412388427,"10 market(s) allowlisted for NCAAF: moneyline, spread, total_points, alternate_spread, alternate_total_points, team_total, alternate_team_total, moneyline_h1, spread_h1, total_points_h1."
2026-10-07,401871051,False,2026-10-07T23:00:00Z,Kennesaw State Owls,Jacksonville State Gamecocks,alternate_total_points,over,45.5,-190,betmgm,0.6141821469491026,-0.04099026684400087,"10 market(s) allowlisted for NCAAF: moneyline, spread, total_points, alternate_spread, alternate_total_points, team_total, alternate_team_total, moneyline_h1, spread_h1, total_points_h1."
2026-10-07,401871051,False,2026-10-07T23:00:00Z,Kennesaw State Owls,Jacksonville State Gamecocks,alternate_total_points,over,56.5,175,betmgm,0.3359886652179065,-0.027647698418457156,"10 market(s) allowlisted for NCAAF: moneyline, spread, total_points, alternate_spread, alternate_total_points, team_total, alternate_team_total, moneyline_h1, spread_h1, total_points_h1."
2026-10-07,401871051,False,2026-10-07T23:00:00Z,Kennesaw State Owls,Jacksonville State Gamecocks,alternate_total_points,over,44.5,-220,betmgm,0.6517922517971245,-0.03570774820287548,"10 market(s) allowlisted for NCAAF: moneyline, spread, total_points, alternate_spread, alternate_total_points, team_total, alternate_team_total, moneyline_h1, spread_h1, total_points_h1."
2026-10-07,401871051,False,2026-10-07T23:00:00Z,Kennesaw State Owls,Jacksonville State Gamecocks,alternate_total_points,over,57.5,195,betmgm,0.3145893329063555,-0.024393717941102122,"10 market(s) allowlisted for NCAAF: moneyline, spread, total_points, alternate_spread, alternate_total_points, team_total, alternate_team_total, moneyline_h1, spread_h1, total_points_h1."
2026-10-07,401871051,False,2026-10-07T23:00:00Z,Kennesaw State Owls,Jacksonville State Gamecocks,alternate_total_points,over,43.5,-250,betmgm,0.6842831614320497,-0.0300025528536646,"10 market(s) allowlisted for NCAAF: moneyline, spread, total_points, alternate_spread, alternate_total_points, team_total, alternate_team_total, moneyline_h1, spread_h1, total_points_h1."
2026-10-07,401871051,False,2026-10-07T23:00:00Z,Kennesaw State Owls,Jacksonville State Gamecocks,alternate_total_points,over,58.5,220,betmgm,0.28973886558073436,-0.02276113441926564,"10 market(s) allowlisted for NCAAF: moneyline, spread, total_points, alternate_spread, alternate_total_points, team_total, alternate_team_total, moneyline_h1, spread_h1, total_points_h1."
2026-10-07,401871051,False,2026-10-07T23:00:00Z,Kennesaw State Owls,Jacksonville State Gamecocks,alternate_total_points,over,42.5,-285,betmgm,0.6984936778811316,-0.04176606237860869,"10 market(s) allowlisted for NCAAF: moneyline, spread, total_points, alternate_spread, alternate_total_points, team_total, alternate_team_total, moneyline_h1, spread_h1, total_points_h1."
2026-10-07,401871051,False,2026-10-07T23:00:00Z,Kennesaw State Owls,Jacksonville State Gamecocks,alternate_total_points,over,59.5,250,betmgm,0.26584215536630573,-0.019872130347979966,"10 market(s) allowlisted for NCAAF: moneyline, spread, total_points, alternate_spread, alternate_total_points, team_total, alternate_team_total, moneyline_h1, spread_h1, total_points_h1."
2026-10-07,401871051,False,2026-10-07T23:00:00Z,Kennesaw State Owls,Jacksonville State Gamecocks,alternate_total_points,over,41.5,-300,betmgm,0.7123010714279101,-0.037698928572089896,"10 market(s) allowlisted for NCAAF: moneyline, spread, total_points, alternate_spread, alternate_total_points, team_total, alternate_team_total, moneyline_h1, spread_h1, total_points_h1."
2026-10-07,401871051,False,2026-10-07T23:00:00Z,Kennesaw State Owls,Jacksonville State Gamecocks,alternate_total_points,over,60.5,270,betmgm,0.25446304837951983,-0.015807221890750456,"10 market(s) allowlisted for NCAAF: moneyline, spread, total_points, alternate_spread, alternate_total_points, team_total, alternate_team_total, moneyline_h1, spread_h1, total_points_h1."
2026-10-07,401871051,False,2026-10-07T23:00:00Z,Kennesaw State Owls,Jacksonville State Gamecocks,alternate_total_points,over,40.5,-375,betmgm,0.7449624107438191,-0.044511273466707246,"10 market(s) allowlisted for NCAAF: moneyline, spread, total_points, alternate_spread, alternate_total_points, team_total, alternate_team_total, moneyline_h1, spread_h1, total_points_h1."
2026-10-07,401871051,False,2026-10-07T23:00:00Z,Kennesaw State Owls,Jacksonville State Gamecocks,alternate_total_points,over,61.5,300,betmgm,0.23440729834037521,-0.015592701659624786,"10 market(s) allowlisted for NCAAF: moneyline, spread, total_points, alternate_spread, alternate_total_points, team_total, alternate_team_total, moneyline_h1, spread_h1, total_points_h1."
2026-10-07,401871051,False,2026-10-07T23:00:00Z,Kennesaw State Owls,Jacksonville State Gamecocks,alternate_total_points,over,39.5,-425,betmgm,0.7648148017381211,-0.044709007785688426,"10 market(s) allowlisted for NCAAF: moneyline, spread, total_points, alternate_spread, alternate_total_points, team_total, alternate_team_total, moneyline_h1, spread_h1, total_points_h1."
2026-10-07,401871051,False,2026-10-07T23:00:00Z,Kennesaw State Owls,Jacksonville State Gamecocks,alternate_total_points,over,38.5,-450,betmgm,0.7755566351685927,-0.04262518301322549,"10 market(s) allowlisted for NCAAF: moneyline, spread, total_points, alternate_spread, alternate_total_points, team_total, alternate_team_total, moneyline_h1, spread_h1, total_points_h1."
2026-10-07,401871051,False,2026-10-07T23:00:00Z,Kennesaw State Owls,Jacksonville State Gamecocks,alternate_total_points,over,62.5,340,betmgm,0.21426186899367305,-0.01301085827905421,"10 market(s) allowlisted for NCAAF: moneyline, spread, total_points, alternate_spread, alternate_total_points, team_total, alternate_team_total, moneyline_h1, spread_h1, total_points_h1."
2026-10-07,401871051,False,2026-10-07T23:00:00Z,Kennesaw State Owls,Jacksonville State Gamecocks,alternate_total_points,over,63.5,375,betmgm,0.19811744520539665,-0.012408870584077025,"10 market(s) allowlisted for NCAAF: moneyline, spread, total_points, alternate_spread, alternate_total_points, team_total, alternate_team_total, moneyline_h1, spread_h1, total_points_h1."
2026-10-07,401871051,False,2026-10-07T23:00:00Z,Kennesaw State Owls,Jacksonville State Gamecocks,alternate_total_points,over,37.5,-525,betmgm,0.8052698616962173,-0.03473013830378269,"10 market(s) allowlisted for NCAAF: moneyline, spread, total_points, alternate_spread, alternate_total_points, team_total, alternate_team_total, moneyline_h1, spread_h1, total_points_h1."
2026-10-07,401871051,False,2026-10-07T23:00:00Z,Kennesaw State Owls,Jacksonville State Gamecocks,alternate_total_points,over,64.5,400,betmgm,0.18720383899878584,-0.012796161001214168,"10 market(s) allowlisted for NCAAF: moneyline, spread, total_points, alternate_spread, alternate_total_points, team_total, alternate_team_total, moneyline_h1, spread_h1, total_points_h1."
2026-10-07,401871051,False,2026-10-07T23:00:00Z,Kennesaw State Owls,Jacksonville State Gamecocks,alternate_total_points,over,36.5,-650,betmgm,0.8274792225406569,-0.03918744412600983,"10 market(s) allowlisted for NCAAF: moneyline, spread, total_points, alternate_spread, alternate_total_points, team_total, alternate_team_total, moneyline_h1, spread_h1, total_points_h1."
2026-10-07,401871051,False,2026-10-07T23:00:00Z,Kennesaw State Owls,Jacksonville State Gamecocks,alternate_total_points,over,50.5,-108,betmgm,0.48846352582891017,-0.0307672434018591,"10 market(s) allowlisted for NCAAF: moneyline, spread, total_points, alternate_spread, alternate_total_points, team_total, alternate_team_total, moneyline_h1, spread_h1, total_points_h1."
2026-10-07,401871051,False,2026-10-07T23:00:00Z,Kennesaw State Owls,Jacksonville State Gamecocks,alternate_total_points,under,49.5,-108,betmgm,0.48846351721815057,-0.030767252012618707,"10 market(s) allowlisted for NCAAF: moneyline, spread, total_points, alternate_spread, alternate_total_points, team_total, alternate_team_total, moneyline_h1, spread_h1, total_points_h1."
2026-10-07,401871051,False,2026-10-07T23:00:00Z,Kennesaw State Owls,Jacksonville State Gamecocks,alternate_total_points,under,51.5,-140,betmgm,0.549292871927175,-0.03404046140615835,"10 market(s) allowlisted for NCAAF: moneyline, spread, total_points, alternate_spread, alternate_total_points, team_total, alternate_team_total, moneyline_h1, spread_h1, total_points_h1."
2026-10-07,401871051,False,2026-10-07T23:00:00Z,Kennesaw State Owls,Jacksonville State Gamecocks,alternate_total_points,under,52.5,-160,betmgm,0.5706637991921355,-0.04472081619247992,"10 market(s) allowlisted for NCAAF: moneyline, spread, total_points, alternate_spread, alternate_total_points, team_total, alternate_team_total, moneyline_h1, spread_h1, total_points_h1."
2026-10-07,401871051,False,2026-10-07T23:00:00Z,Kennesaw State Owls,Jacksonville State Gamecocks,alternate_total_points,under,48.5,100,betmgm,0.45922502057363623,-0.04077497942636377,"10 market(s) allowlisted for NCAAF: moneyline, spread, total_points, alternate_spread, alternate_total_points, team_total, alternate_team_total, moneyline_h1, spread_h1, total_points_h1."
2026-10-07,401871051,False,2026-10-07T23:00:00Z,Kennesaw State Owls,Jacksonville State Gamecocks,alternate_total_points,under,53.5,-165,betmgm,0.588669611056264,-0.033971898377698206,"10 market(s) allowlisted for NCAAF: moneyline, spread, total_points, alternate_spread, alternate_total_points, team_total, alternate_team_total, moneyline_h1, spread_h1, total_points_h1."
2026-10-07,401871051,False,2026-10-07T23:00:00Z,Kennesaw State Owls,Jacksonville State Gamecocks,alternate_total_points,under,47.5,115,betmgm,0.4277757972989062,-0.037340481770861245,"10 market(s) allowlisted for NCAAF: moneyline, spread, total_points, alternate_spread, alternate_total_points, team_total, alternate_team_total, moneyline_h1, spread_h1, total_points_h1."
2026-10-07,401871051,False,2026-10-07T23:00:00Z,Kennesaw State Owls,Jacksonville State Gamecocks,alternate_total_points,under,54.5,-190,betmgm,0.6089233226187195,-0.046249091174383916,"10 market(s) allowlisted for NCAAF: moneyline, spread, total_points, alternate_spread, alternate_total_points, team_total, alternate_team_total, moneyline_h1, spread_h1, total_points_h1."
2026-10-07,401871051,False,2026-10-07T23:00:00Z,Kennesaw State Owls,Jacksonville State Gamecocks,alternate_total_points,under,46.5,130,betmgm,0.4036377602425843,-0.031144848453067864,"10 market(s) allowlisted for NCAAF: moneyline, spread, total_points, alternate_spread, alternate_total_points, team_total, alternate_team_total, moneyline_h1, spread_h1, total_points_h1."
2026-10-07,401871051,False,2026-10-07T23:00:00Z,Kennesaw State Owls,Jacksonville State Gamecocks,alternate_total_points,under,55.5,-225,betmgm,0.6407741638463508,-0.051533528461341516,"10 market(s) allowlisted for NCAAF: moneyline, spread, total_points, alternate_spread, alternate_total_points, team_total, alternate_team_total, moneyline_h1, spread_h1, total_points_h1."
2026-10-07,401871051,False,2026-10-07T23:00:00Z,Kennesaw State Owls,Jacksonville State Gamecocks,alternate_total_points,under,45.5,140,betmgm,0.3858178530508973,-0.03084881361576941,"10 market(s) allowlisted for NCAAF: moneyline, spread, total_points, alternate_spread, alternate_total_points, team_total, alternate_team_total, moneyline_h1, spread_h1, total_points_h1."
2026-10-07,401871051,False,2026-10-07T23:00:00Z,Kennesaw State Owls,Jacksonville State Gamecocks,alternate_total_points,under,56.5,-235,betmgm,0.6640113347820936,-0.03748120253133924,"10 market(s) allowlisted for NCAAF: moneyline, spread, total_points, alternate_spread, alternate_total_points, team_total, alternate_team_total, moneyline_h1, spread_h1, total_points_h1."
2026-10-07,401871051,False,2026-10-07T23:00:00Z,Kennesaw State Owls,Jacksonville State Gamecocks,alternate_total_points,under,44.5,160,betmgm,0.34820774820287526,-0.03640763641250938,"10 market(s) allowlisted for NCAAF: moneyline, spread, total_points, alternate_spread, alternate_total_points, team_total, alternate_team_total, moneyline_h1, spread_h1, total_points_h1."
2026-10-07,401871051,False,2026-10-07T23:00:00Z,Kennesaw State Owls,Jacksonville State Gamecocks,alternate_total_points,under,57.5,-275,betmgm,0.6854106670936446,-0.04792266623968866,"10 market(s) allowlisted for NCAAF: moneyline, spread, total_points, alternate_spread, alternate_total_points, team_total, alternate_team_total, moneyline_h1, spread_h1, total_points_h1."
2026-10-07,401871051,False,2026-10-07T23:00:00Z,Kennesaw State Owls,Jacksonville State Gamecocks,alternate_total_points,under,43.5,185,betmgm,0.3157168385679501,-0.035160354414506045,"10 market(s) allowlisted for NCAAF: moneyline, spread, total_points, alternate_spread, alternate_total_points, team_total, alternate_team_total, moneyline_h1, spread_h1, total_points_h1."
2026-10-07,401871051,False,2026-10-07T23:00:00Z,Kennesaw State Owls,Jacksonville State Gamecocks,alternate_total_points,under,58.5,-300,betmgm,0.7102611344192656,-0.03973886558073436,"10 market(s) allowlisted for NCAAF: moneyline, spread, total_points, alternate_spread, alternate_total_points, team_total, alternate_team_total, moneyline_h1, spread_h1, total_points_h1."
2026-10-07,401871051,False,2026-10-07T23:00:00Z,Kennesaw State Owls,Jacksonville State Gamecocks,alternate_total_points,under,42.5,210,betmgm,0.30150632211886813,-0.021074323042422183,"10 market(s) allowlisted for NCAAF: moneyline, spread, total_points, alternate_spread, alternate_total_points, team_total, alternate_team_total, moneyline_h1, spread_h1, total_points_h1."
2026-10-07,401871051,False,2026-10-07T23:00:00Z,Kennesaw State Owls,Jacksonville State Gamecocks,alternate_total_points,under,59.5,-350,betmgm,0.7341578446336944,-0.04361993314408341,"10 market(s) allowlisted for NCAAF: moneyline, spread, total_points, alternate_spread, alternate_total_points, team_total, alternate_team_total, moneyline_h1, spread_h1, total_points_h1."
2026-10-07,401871051,False,2026-10-07T23:00:00Z,Kennesaw State Owls,Jacksonville State Gamecocks,alternate_total_points,under,41.5,220,betmgm,0.2876989285720896,-0.02480107142791038,"10 market(s) allowlisted for NCAAF: moneyline, spread, total_points, alternate_spread, alternate_total_points, team_total, alternate_team_total, moneyline_h1, spread_h1, total_points_h1."
2026-10-07,401871051,False,2026-10-07T23:00:00Z,Kennesaw State Owls,Jacksonville State Gamecocks,alternate_total_points,under,60.5,-375,betmgm,0.7455369516204803,-0.043936732590046046,"10 market(s) allowlisted for NCAAF: moneyline, spread, total_points, alternate_spread, alternate_total_points, team_total, alternate_team_total, moneyline_h1, spread_h1, total_points_h1."
2026-10-07,401871051,False,2026-10-07T23:00:00Z,Kennesaw State Owls,Jacksonville State Gamecocks,alternate_total_points,under,40.5,260,betmgm,0.2550375892561806,-0.022740188521597204,"10 market(s) allowlisted for NCAAF: moneyline, spread, total_points, alternate_spread, alternate_total_points, team_total, alternate_team_total, moneyline_h1, spread_h1, total_points_h1."
2026-10-07,401871051,False,2026-10-07T23:00:00Z,Kennesaw State Owls,Jacksonville State Gamecocks,alternate_total_points,under,61.5,-450,betmgm,0.7655927016596249,-0.052589116522193335,"10 market(s) allowlisted for NCAAF: moneyline, spread, total_points, alternate_spread, alternate_total_points, team_total, alternate_team_total, moneyline_h1, spread_h1, total_points_h1."
2026-10-07,401871051,False,2026-10-07T23:00:00Z,Kennesaw State Owls,Jacksonville State Gamecocks,alternate_total_points,under,39.5,300,betmgm,0.2351851982618785,-0.014814801738121497,"10 market(s) allowlisted for NCAAF: moneyline, spread, total_points, alternate_spread, alternate_total_points, team_total, alternate_team_total, moneyline_h1, spread_h1, total_points_h1."
2026-10-07,401871051,False,2026-10-07T23:00:00Z,Kennesaw State Owls,Jacksonville State Gamecocks,alternate_total_points,under,38.5,320,betmgm,0.22444336483140687,-0.013651873263831216,"10 market(s) allowlisted for NCAAF: moneyline, spread, total_points, alternate_spread, alternate_total_points, team_total, alternate_team_total, moneyline_h1, spread_h1, total_points_h1."
2026-10-07,401871051,False,2026-10-07T23:00:00Z,Kennesaw State Owls,Jacksonville State Gamecocks,alternate_total_points,under,62.5,-500,betmgm,0.7857381310063271,-0.047595202327006314,"10 market(s) allowlisted for NCAAF: moneyline, spread, total_points, alternate_spread, alternate_total_points, team_total, alternate_team_total, moneyline_h1, spread_h1, total_points_h1."
2026-10-07,401871051,False,2026-10-07T23:00:00Z,Kennesaw State Owls,Jacksonville State Gamecocks,alternate_total_points,under,63.5,-550,betmgm,0.8018825547946035,-0.04427129135924268,"10 market(s) allowlisted for NCAAF: moneyline, spread, total_points, alternate_spread, alternate_total_points, team_total, alternate_team_total, moneyline_h1, spread_h1, total_points_h1."
2026-10-07,401871051,False,2026-10-07T23:00:00Z,Kennesaw State Owls,Jacksonville State Gamecocks,alternate_total_points,under,37.5,350,betmgm,0.19473013830378244,-0.02749208391843977,"10 market(s) allowlisted for NCAAF: moneyline, spread, total_points, alternate_spread, alternate_total_points, team_total, alternate_team_total, moneyline_h1, spread_h1, total_points_h1."
2026-10-07,401871051,False,2026-10-07T23:00:00Z,Kennesaw State Owls,Jacksonville State Gamecocks,alternate_total_points,under,64.5,-625,betmgm,0.8127961610012142,-0.04927280451602711,"10 market(s) allowlisted for NCAAF: moneyline, spread, total_points, alternate_spread, alternate_total_points, team_total, alternate_team_total, moneyline_h1, spread_h1, total_points_h1."
2026-10-07,401871051,False,2026-10-07T23:00:00Z,Kennesaw State Owls,Jacksonville State Gamecocks,alternate_total_points,under,36.5,425,betmgm,0.17252077745934274,-0.01795541301684772,"10 market(s) allowlisted for NCAAF: moneyline, spread, total_points, alternate_spread, alternate_total_points, team_total, alternate_team_total, moneyline_h1, spread_h1, total_points_h1."
2026-10-07,401871051,False,2026-10-07T23:00:00Z,Kennesaw State Owls,Jacksonville State Gamecocks,alternate_total_points,under,50.5,-110,betmgm,0.51153647417109,-0.012273049638433786,"10 market(s) allowlisted for NCAAF: moneyline, spread, total_points, alternate_spread, alternate_total_points, team_total, alternate_team_total, moneyline_h1, spread_h1, total_points_h1."
2026-10-07,401871051,False,2026-10-07T23:00:00Z,Kennesaw State Owls,Jacksonville State Gamecocks,alternate_spread,away,-1.0,-160,bovada,0.5815667882040012,-0.03381782718061421,"10 market(s) allowlisted for NCAAF: moneyline, spread, total_points, alternate_spread, alternate_total_points, team_total, alternate_team_total, moneyline_h1, spread_h1, total_points_h1."
2026-10-07,401871051,False,2026-10-07T23:00:00Z,Kennesaw State Owls,Jacksonville State Gamecocks,alternate_spread,away,-1.5,-150,bovada,0.5681623735608416,-0.03183762643915833,"10 market(s) allowlisted for NCAAF: moneyline, spread, total_points, alternate_spread, alternate_total_points, team_total, alternate_team_total, moneyline_h1, spread_h1, total_points_h1."
2026-10-07,401871051,False,2026-10-07T23:00:00Z,Kennesaw State Owls,Jacksonville State Gamecocks,alternate_spread,away,-2.0,-145,bovada,0.5524783239894033,-0.03935841070447421,"10 market(s) allowlisted for NCAAF: moneyline, spread, total_points, alternate_spread, alternate_total_points, team_total, alternate_team_total, moneyline_h1, spread_h1, total_points_h1."
2026-10-07,401871051,False,2026-10-07T23:00:00Z,Kennesaw State Owls,Jacksonville State Gamecocks,alternate_spread,away,-2.5,-135,bovada,0.5331159156747057,-0.0413521694316773,"10 market(s) allowlisted for NCAAF: moneyline, spread, total_points, alternate_spread, alternate_total_points, team_total, alternate_team_total, moneyline_h1, spread_h1, total_points_h1."
2026-10-07,401871051,False,2026-10-07T23:00:00Z,Kennesaw State Owls,Jacksonville State Gamecocks,alternate_spread,away,-3.5,105,bovada,0.46688409344857673,-0.020920784600203746,"10 market(s) allowlisted for NCAAF: moneyline, spread, total_points, alternate_spread, alternate_total_points, team_total, alternate_team_total, moneyline_h1, spread_h1, total_points_h1."
2026-10-07,401871051,False,2026-10-07T23:00:00Z,Kennesaw State Owls,Jacksonville State Gamecocks,alternate_spread,away,-4.0,110,bovada,0.45449835739255967,-0.021692118797916493,"10 market(s) allowlisted for NCAAF: moneyline, spread, total_points, alternate_spread, alternate_total_points, team_total, alternate_team_total, moneyline_h1, spread_h1, total_points_h1."
2026-10-07,401871051,False,2026-10-07T23:00:00Z,Kennesaw State Owls,Jacksonville State Gamecocks,alternate_spread,away,-4.5,115,bovada,0.4441788711566428,-0.02093740791312465,"10 market(s) allowlisted for NCAAF: moneyline, spread, total_points, alternate_spread, alternate_total_points, team_total, alternate_team_total, moneyline_h1, spread_h1, total_points_h1."
2026-10-07,401871051,False,2026-10-07T23:00:00Z,Kennesaw State Owls,Jacksonville State Gamecocks,alternate_spread,away,-5.0,125,bovada,0.43893076582194684,-0.005513678622497575,"10 market(s) allowlisted for NCAAF: moneyline, spread, total_points, alternate_spread, alternate_total_points, team_total, alternate_team_total, moneyline_h1, spread_h1, total_points_h1."
2026-10-07,401871051,False,2026-10-07T23:00:00Z,Kennesaw State Owls,Jacksonville State Gamecocks,alternate_spread,home,1.0,120,bovada,0.4184332117959985,-0.036112242749456014,"10 market(s) allowlisted for NCAAF: moneyline, spread, total_points, alternate_spread, alternate_total_points, team_total, alternate_team_total, moneyline_h1, spread_h1, total_points_h1."
2026-10-07,401871051,False,2026-10-07T23:00:00Z,Kennesaw State Owls,Jacksonville State Gamecocks,alternate_spread,home,1.5,115,bovada,0.43183762643915813,-0.03327865263060931,"10 market(s) allowlisted for NCAAF: moneyline, spread, total_points, alternate_spread, alternate_total_points, team_total, alternate_team_total, moneyline_h1, spread_h1, total_points_h1."
2026-10-07,401871051,False,2026-10-07T23:00:00Z,Kennesaw State Owls,Jacksonville State Gamecocks,alternate_spread,home,2.0,110,bovada,0.44752167601059645,-0.028668800179879717,"10 market(s) allowlisted for NCAAF: moneyline, spread, total_points, alternate_spread, alternate_total_points, team_total, alternate_team_total, moneyline_h1, spread_h1, total_points_h1."
2026-10-07,401871051,False,2026-10-07T23:00:00Z,Kennesaw State Owls,Jacksonville State Gamecocks,alternate_spread,home,2.5,105,bovada,0.46688408432529405,-0.02092079372348643,"10 market(s) allowlisted for NCAAF: moneyline, spread, total_points, alternate_spread, alternate_total_points, team_total, alternate_team_total, moneyline_h1, spread_h1, total_points_h1."
2026-10-07,401871051,False,2026-10-07T23:00:00Z,Kennesaw State Owls,Jacksonville State Gamecocks,alternate_spread,home,3.5,-135,bovada,0.5331159065514235,-0.04135217855495954,"10 market(s) allowlisted for NCAAF: moneyline, spread, total_points, alternate_spread, alternate_total_points, team_total, alternate_team_total, moneyline_h1, spread_h1, total_points_h1."
2026-10-07,401871051,False,2026-10-07T23:00:00Z,Kennesaw State Owls,Jacksonville State Gamecocks,alternate_spread,home,4.0,-145,bovada,0.5455016426074405,-0.046335092086437046,"10 market(s) allowlisted for NCAAF: moneyline, spread, total_points, alternate_spread, alternate_total_points, team_total, alternate_team_total, moneyline_h1, spread_h1, total_points_h1."
2026-10-07,401871051,False,2026-10-07T23:00:00Z,Kennesaw State Owls,Jacksonville State Gamecocks,alternate_spread,home,4.5,-150,bovada,0.5558211288433574,-0.04417887115664254,"10 market(s) allowlisted for NCAAF: moneyline, spread, total_points, alternate_spread, alternate_total_points, team_total, alternate_team_total, moneyline_h1, spread_h1, total_points_h1."
2026-10-07,401871051,False,2026-10-07T23:00:00Z,Kennesaw State Owls,Jacksonville State Gamecocks,alternate_spread,home,5.0,-165,bovada,0.5610692341780533,-0.061572275255908915,"10 market(s) allowlisted for NCAAF: moneyline, spread, total_points, alternate_spread, alternate_total_points, team_total, alternate_team_total, moneyline_h1, spread_h1, total_points_h1."
2026-10-07,401871051,False,2026-10-07T23:00:00Z,Kennesaw State Owls,Jacksonville State Gamecocks,alternate_total_points,over,48.5,-145,bovada,0.5407749794263637,-0.051061755267513886,"10 market(s) allowlisted for NCAAF: moneyline, spread, total_points, alternate_spread, alternate_total_points, team_total, alternate_team_total, moneyline_h1, spread_h1, total_points_h1."
2026-10-07,401871051,False,2026-10-07T23:00:00Z,Kennesaw State Owls,Jacksonville State Gamecocks,alternate_total_points,over,49.0,-130,bovada,0.52694351909681,-0.03827387220753775,"10 market(s) allowlisted for NCAAF: moneyline, spread, total_points, alternate_spread, alternate_total_points, team_total, alternate_team_total, moneyline_h1, spread_h1, total_points_h1."
2026-10-07,401871051,False,2026-10-07T23:00:00Z,Kennesaw State Owls,Jacksonville State Gamecocks,alternate_total_points,over,49.5,-125,bovada,0.5115364827818494,-0.0440190727737062,"10 market(s) allowlisted for NCAAF: moneyline, spread, total_points, alternate_spread, alternate_total_points, team_total, alternate_team_total, moneyline_h1, spread_h1, total_points_h1."
2026-10-07,401871051,False,2026-10-07T23:00:00Z,Kennesaw State Owls,Jacksonville State Gamecocks,alternate_total_points,over,50.5,-110,bovada,0.48846352582891017,-0.035345997980613664,"10 market(s) allowlisted for NCAAF: moneyline, spread, total_points, alternate_spread, alternate_total_points, team_total, alternate_team_total, moneyline_h1, spread_h1, total_points_h1."
2026-10-07,401871051,False,2026-10-07T23:00:00Z,Kennesaw State Owls,Jacksonville State Gamecocks,alternate_total_points,over,51.0,100,bovada,0.46839191969870575,-0.03160808030129425,"10 market(s) allowlisted for NCAAF: moneyline, spread, total_points, alternate_spread, alternate_total_points, team_total, alternate_team_total, moneyline_h1, spread_h1, total_points_h1."
2026-10-07,401871051,False,2026-10-07T23:00:00Z,Kennesaw State Owls,Jacksonville State Gamecocks,alternate_total_points,over,51.5,105,bovada,0.4507071280728252,-0.037097749975955274,"10 market(s) allowlisted for NCAAF: moneyline, spread, total_points, alternate_spread, alternate_total_points, team_total, alternate_team_total, moneyline_h1, spread_h1, total_points_h1."
2026-10-07,401871051,False,2026-10-07T23:00:00Z,Kennesaw State Owls,Jacksonville State Gamecocks,alternate_total_points,over,52.0,110,bovada,0.43871188049622356,-0.0374785956942526,"10 market(s) allowlisted for NCAAF: moneyline, spread, total_points, alternate_spread, alternate_total_points, team_total, alternate_team_total, moneyline_h1, spread_h1, total_points_h1."
2026-10-07,401871051,False,2026-10-07T23:00:00Z,Kennesaw State Owls,Jacksonville State Gamecocks,alternate_total_points,over,52.5,115,bovada,0.4293362008078647,-0.035780078261902715,"10 market(s) allowlisted for NCAAF: moneyline, spread, total_points, alternate_spread, alternate_total_points, team_total, alternate_team_total, moneyline_h1, spread_h1, total_points_h1."
2026-10-07,401871051,False,2026-10-07T23:00:00Z,Kennesaw State Owls,Jacksonville State Gamecocks,alternate_total_points,under,48.5,110,bovada,0.45922502057363623,-0.01696545561683993,"10 market(s) allowlisted for NCAAF: moneyline, spread, total_points, alternate_spread, alternate_total_points, team_total, alternate_team_total, moneyline_h1, spread_h1, total_points_h1."
2026-10-07,401871051,False,2026-10-07T23:00:00Z,Kennesaw State Owls,Jacksonville State Gamecocks,alternate_total_points,under,49.0,100,bovada,0.47305648090318986,-0.026943519096810142,"10 market(s) allowlisted for NCAAF: moneyline, spread, total_points, alternate_spread, alternate_total_points, team_total, alternate_team_total, moneyline_h1, spread_h1, total_points_h1."
2026-10-07,401871051,False,2026-10-07T23:00:00Z,Kennesaw State Owls,Jacksonville State Gamecocks,alternate_total_points,under,49.5,-105,bovada,0.48846351721815057,-0.023731604733068956,"10 market(s) allowlisted for NCAAF: moneyline, spread, total_points, alternate_spread, alternate_total_points, team_total, alternate_team_total, moneyline_h1, spread_h1, total_points_h1."
2026-10-07,401871051,False,2026-10-07T23:00:00Z,Kennesaw State Owls,Jacksonville State Gamecocks,alternate_total_points,under,50.5,-120,bovada,0.51153647417109,-0.033918071283455364,"10 market(s) allowlisted for NCAAF: moneyline, spread, total_points, alternate_spread, alternate_total_points, team_total, alternate_team_total, moneyline_h1, spread_h1, total_points_h1."
2026-10-07,401871051,False,2026-10-07T23:00:00Z,Kennesaw State Owls,Jacksonville State Gamecocks,alternate_total_points,under,51.0,-130,bovada,0.5316080803012945,-0.03360931100305331,"10 market(s) allowlisted for NCAAF: moneyline, spread, total_points, alternate_spread, alternate_total_points, team_total, alternate_team_total, moneyline_h1, spread_h1, total_points_h1."
2026-10-07,401871051,False,2026-10-07T23:00:00Z,Kennesaw State Owls,Jacksonville State Gamecocks,alternate_total_points,under,51.5,-135,bovada,0.549292871927175,-0.02517521317920801,"10 market(s) allowlisted for NCAAF: moneyline, spread, total_points, alternate_spread, alternate_total_points, team_total, alternate_team_total, moneyline_h1, spread_h1, total_points_h1."
2026-10-07,401871051,False,2026-10-07T23:00:00Z,Kennesaw State Owls,Jacksonville State Gamecocks,alternate_total_points,under,52.0,-145,bovada,0.5612881195037767,-0.03054861519010088,"10 market(s) allowlisted for NCAAF: moneyline, spread, total_points, alternate_spread, alternate_total_points, team_total, alternate_team_total, moneyline_h1, spread_h1, total_points_h1."
2026-10-07,401871051,False,2026-10-07T23:00:00Z,Kennesaw State Owls,Jacksonville State Gamecocks,alternate_total_points,under,52.5,-150,bovada,0.5706637991921355,-0.029336200807864476,"10 market(s) allowlisted for NCAAF: moneyline, spread, total_points, alternate_spread, alternate_total_points, team_total, alternate_team_total, moneyline_h1, spread_h1, total_points_h1."
2026-10-07,401871066,False,2026-10-07T23:30:00Z,Florida International Panthers,New Mexico State Aggies,alternate_spread,home,-31.5,1300,fanduel,0.06288386150691244,-0.008544709921658983,"10 market(s) allowlisted for NCAAF: moneyline, spread, total_points, alternate_spread, alternate_total_points, team_total, alternate_team_total, moneyline_h1, spread_h1, total_points_h1."
2026-10-07,401871066,False,2026-10-07T23:30:00Z,Florida International Panthers,New Mexico State Aggies,alternate_spread,home,-30.5,1100,fanduel,0.07327095815139552,-0.01006237518193781,"10 market(s) allowlisted for NCAAF: moneyline, spread, total_points, alternate_spread, alternate_total_points, team_total, alternate_team_total, moneyline_h1, spread_h1, total_points_h1."
2026-10-07,401871066,False,2026-10-07T23:30:00Z,Florida International Panthers,New Mexico State Aggies,alternate_spread,home,-29.5,1060,fanduel,0.07643804386636503,-0.009768852685359111,"10 market(s) allowlisted for NCAAF: moneyline, spread, total_points, alternate_spread, alternate_total_points, team_total, alternate_team_total, moneyline_h1, spread_h1, total_points_h1."
2026-10-07,401871066,False,2026-10-07T23:30:00Z,Florida International Panthers,New Mexico State Aggies,alternate_spread,home,-28.5,1000,fanduel,0.08042517272464662,-0.010483918184444288,"10 market(s) allowlisted for NCAAF: moneyline, spread, total_points, alternate_spread, alternate_total_points, team_total, alternate_team_total, moneyline_h1, spread_h1, total_points_h1."
2026-10-07,401871066,False,2026-10-07T23:30:00Z,Florida International Panthers,New Mexico State Aggies,alternate_spread,home,-27.5,870,fanduel,0.09667388283608717,-0.006418900669067459,"10 market(s) allowlisted for NCAAF: moneyline, spread, total_points, alternate_spread, alternate_total_points, team_total, alternate_team_total, moneyline_h1, spread_h1, total_points_h1."
2026-10-07,401871066,False,2026-10-07T23:30:00Z,Florida International Panthers,New Mexico State Aggies,alternate_spread,home,-26.5,800,fanduel,0.10405582384860175,-0.007055287262509355,"10 market(s) allowlisted for NCAAF: moneyline, spread, total_points, alternate_spread, alternate_total_points, team_total, alternate_team_total, moneyline_h1, spread_h1, total_points_h1."
2026-10-07,401871066,False,2026-10-07T23:30:00Z,Florida International Panthers,New Mexico State Aggies,alternate_spread,home,-25.5,700,fanduel,0.11018330455284493,-0.014816695447155068,"10 market(s) allowlisted for NCAAF: moneyline, spread, total_points, alternate_spread, alternate_total_points, team_total, alternate_team_total, moneyline_h1, spread_h1, total_points_h1."
2026-10-07,401871066,False,2026-10-07T23:30:00Z,Florida International Panthers,New Mexico State Aggies,alternate_spread,home,-24.5,630,fanduel,0.11875624766205818,-0.018230053707804825,"10 market(s) allowlisted for NCAAF: moneyline, spread, total_points, alternate_spread, alternate_total_points, team_total, alternate_team_total, moneyline_h1, spread_h1, total_points_h1."
2026-10-07,401871066,False,2026-10-07T23:30:00Z,Florida International Panthers,New Mexico State Aggies,alternate_spread,home,-23.5,540,fanduel,0.13362358167040242,-0.02262641832959758,"10 market(s) allowlisted for NCAAF: moneyline, spread, total_points, alternate_spread, alternate_total_points, team_total, alternate_team_total, moneyline_h1, spread_h1, total_points_h1."
2026-10-07,401871066,False,2026-10-07T23:30:00Z,Florida International Panthers,New Mexico State Aggies,alternate_spread,home,-22.5,500,fanduel,0.14182460798693153,-0.02484205867973513,"10 market(s) allowlisted for NCAAF: moneyline, spread, total_points, alternate_spread, alternate_total_points, team_total, alternate_team_total, moneyline_h1, spread_h1, total_points_h1."
2026-10-07,401871066,False,2026-10-07T23:30:00Z,Florida International Panthers,New Mexico State Aggies,alternate_spread,home,-21.5,460,fanduel,0.15939669940700957,-0.019174729164419008,"10 market(s) allowlisted for NCAAF: moneyline, spread, total_points, alternate_spread, alternate_total_points, team_total, alternate_team_total, moneyline_h1, spread_h1, total_points_h1."
2026-10-07,401871066,False,2026-10-07T23:30:00Z,Florida International Panthers,New Mexico State Aggies,alternate_spread,home,-20.5,390,fanduel,0.191091167862926,-0.012990464790135242,"10 market(s) allowlisted for NCAAF: moneyline, spread, total_points, alternate_spread, alternate_total_points, team_total, alternate_team_total, moneyline_h1, spread_h1, total_points_h1."
2026-10-07,401871066,False,2026-10-07T23:30:00Z,Florida International Panthers,New Mexico State Aggies,alternate_spread,home,-19.5,350,fanduel,0.21538106142865565,-0.006841160793566559,"10 market(s) allowlisted for NCAAF: moneyline, spread, total_points, alternate_spread, alternate_total_points, team_total, alternate_team_total, moneyline_h1, spread_h1, total_points_h1."
2026-10-07,401871066,False,2026-10-07T23:30:00Z,Florida International Panthers,New Mexico State Aggies,alternate_spread,home,-18.5,330,fanduel,0.23395866132403578,0.001400521789152065,"10 market(s) allowlisted for NCAAF: moneyline, spread, total_points, alternate_spread, alternate_total_points, team_total, alternate_team_total, moneyline_h1, spread_h1, total_points_h1."
2026-10-07,401871066,False,2026-10-07T23:30:00Z,Florida International Panthers,New Mexico State Aggies,alternate_spread,home,-17.5,290,fanduel,0.2519364847037742,-0.004473771706482166,"10 market(s) allowlisted for NCAAF: moneyline, spread, total_points, alternate_spread, alternate_total_points, team_total, alternate_team_total, moneyline_h1, spread_h1, total_points_h1."
2026-10-07,401871066,False,2026-10-07T23:30:00Z,Florida International Panthers,New Mexico State Aggies,alternate_spread,home,-16.5,255,fanduel,0.27797367879108464,-0.0037164620539857918,"10 market(s) allowlisted for NCAAF: moneyline, spread, total_points, alternate_spread, alternate_total_points, team_total, alternate_team_total, moneyline_h1, spread_h1, total_points_h1."
2026-10-07,401871066,False,2026-10-07T23:30:00Z,Florida International Panthers,New Mexico State Aggies,alternate_spread,home,-15.5,240,fanduel,0.28716151435862086,-0.006956132700202677,"10 market(s) allowlisted for NCAAF: moneyline, spread, total_points, alternate_spread, alternate_total_points, team_total, alternate_team_total, moneyline_h1, spread_h1, total_points_h1."
2026-10-07,401871066,False,2026-10-07T23:30:00Z,Florida International Panthers,New Mexico State Aggies,alternate_spread,home,-14.5,220,fanduel,0.30266259493245223,-0.009837405067547766,"10 market(s) allowlisted for NCAAF: moneyline, spread, total_points, alternate_spread, alternate_total_points, team_total, alternate_team_total, moneyline_h1, spread_h1, total_points_h1."
2026-10-07,401871066,False,2026-10-07T23:30:00Z,Florida International Panthers,New Mexico State Aggies,alternate_spread,home,-13.5,190,fanduel,0.3322443355389327,-0.012583250667963897,"10 market(s) allowlisted for NCAAF: moneyline, spread, total_points, alternate_spread, alternate_total_points, team_total, alternate_team_total, moneyline_h1, spread_h1, total_points_h1."
2026-10-07,401871066,False,2026-10-07T23:30:00Z,Florida International Panthers,New Mexico State Aggies,alternate_spread,home,-12.5,172,fanduel,0.3437374019709412,-0.023909656852588224,"10 market(s) allowlisted for NCAAF: moneyline, spread, total_points, alternate_spread, alternate_total_points, team_total, alternate_team_total, moneyline_h1, spread_h1, total_points_h1."
2026-10-07,401871066,False,2026-10-07T23:30:00Z,Florida International Panthers,New Mexico State Aggies,alternate_spread,home,-11.5,162,fanduel,0.3533214989284659,-0.028357890384511197,"10 market(s) allowlisted for NCAAF: moneyline, spread, total_points, alternate_spread, alternate_total_points, team_total, alternate_team_total, moneyline_h1, spread_h1, total_points_h1."
2026-10-07,401871066,False,2026-10-07T23:30:00Z,Florida International Panthers,New Mexico State Aggies,alternate_spread,home,-10.5,146,fanduel,0.37873583363119145,-0.027768231409458943,"10 market(s) allowlisted for NCAAF: moneyline, spread, total_points, alternate_spread, alternate_total_points, team_total, alternate_team_total, moneyline_h1, spread_h1, total_points_h1."
2026-10-07,401871066,False,2026-10-07T23:30:00Z,Florida International Panthers,New Mexico State Aggies,alternate_spread,home,-9.5,126,fanduel,0.40727390047235623,-0.03520397563383848,"10 market(s) allowlisted for NCAAF: moneyline, spread, total_points, alternate_spread, alternate_total_points, team_total, alternate_team_total, moneyline_h1, spread_h1, total_points_h1."
2026-10-07,401871066,False,2026-10-07T23:30:00Z,Florida International Panthers,New Mexico State Aggies,alternate_spread,home,-8.5,122,fanduel,0.41943613186886797,-0.03101431858158249,"10 market(s) allowlisted for NCAAF: moneyline, spread, total_points, alternate_spread, alternate_total_points, team_total, alternate_team_total, moneyline_h1, spread_h1, total_points_h1."
2026-10-07,401871066,False,2026-10-07T23:30:00Z,Florida International Panthers,New Mexico State Aggies,alternate_spread,home,-7.5,110,fanduel,0.4496399486548811,-0.02655052753559506,"10 market(s) allowlisted for NCAAF: moneyline, spread, total_points, alternate_spread, alternate_total_points, team_total, alternate_team_total, moneyline_h1, spread_h1, total_points_h1."
2026-10-07,401871066,False,2026-10-07T23:30:00Z,Florida International Panthers,New Mexico State Aggies,alternate_spread,home,-6.5,-115,fanduel,0.4999999968368236,-0.0348837240934089,"10 market(s) allowlisted for NCAAF: moneyline, spread, total_points, alternate_spread, alternate_total_points, team_total, alternate_team_total, moneyline_h1, spread_h1, total_points_h1."
2026-10-07,401871066,False,2026-10-07T23:30:00Z,Florida International Panthers,New Mexico State Aggies,alternate_spread,home,-5.5,-130,fanduel,0.5214683335274182,-0.04374905777692961,"10 market(s) allowlisted for NCAAF: moneyline, spread, total_points, alternate_spread, alternate_total_points, team_total, alternate_team_total, moneyline_h1, spread_h1, total_points_h1."
2026-10-07,401871066,False,2026-10-07T23:30:00Z,Florida International Panthers,New Mexico State Aggies,alternate_spread,home,-4.5,-142,fanduel,0.5441889863762087,-0.04258787312792356,"10 market(s) allowlisted for NCAAF: moneyline, spread, total_points, alternate_spread, alternate_total_points, team_total, alternate_team_total, moneyline_h1, spread_h1, total_points_h1."
2026-10-07,401871066,False,2026-10-07T23:30:00Z,Florida International Panthers,New Mexico State Aggies,alternate_spread,home,-3.5,-162,fanduel,0.5791353857630765,-0.03918522492394638,"10 market(s) allowlisted for NCAAF: moneyline, spread, total_points, alternate_spread, alternate_total_points, team_total, alternate_team_total, moneyline_h1, spread_h1, total_points_h1."
2026-10-07,401871066,False,2026-10-07T23:30:00Z,Florida International Panthers,New Mexico State Aggies,alternate_spread,home,-2.5,-210,fanduel,0.6492770304241816,-0.02814232441452802,"10 market(s) allowlisted for NCAAF: moneyline, spread, total_points, alternate_spread, alternate_total_points, team_total, alternate_team_total, moneyline_h1, spread_h1, total_points_h1."
2026-10-07,401871066,False,2026-10-07T23:30:00Z,Florida International Panthers,New Mexico State Aggies,alternate_spread,home,-1.5,-230,fanduel,0.671208976370417,-0.02576072059928003,"10 market(s) allowlisted for NCAAF: moneyline, spread, total_points, alternate_spread, alternate_total_points, team_total, alternate_team_total, moneyline_h1, spread_h1, total_points_h1."
2026-10-07,401871066,False,2026-10-07T23:30:00Z,Florida International Panthers,New Mexico State Aggies,alternate_spread,home,1.5,-280,fanduel,0.7045060806225006,-0.03233602464065721,"10 market(s) allowlisted for NCAAF: moneyline, spread, total_points, alternate_spread, alternate_total_points, team_total, alternate_team_total, moneyline_h1, spread_h1, total_points_h1."
2026-10-07,401871066,False,2026-10-07T23:30:00Z,Florida International Panthers,New Mexico State Aggies,alternate_spread,home,2.5,-310,fanduel,0.7252671121482976,-0.030830448827312118,"10 market(s) allowlisted for NCAAF: moneyline, spread, total_points, alternate_spread, alternate_total_points, team_total, alternate_team_total, moneyline_h1, spread_h1, total_points_h1."
2026-10-07,401871066,False,2026-10-07T23:30:00Z,Florida International Panthers,New Mexico State Aggies,alternate_spread,home,3.5,-400,fanduel,0.7727417983537893,-0.027258201646210733,"10 market(s) allowlisted for NCAAF: moneyline, spread, total_points, alternate_spread, alternate_total_points, team_total, alternate_team_total, moneyline_h1, spread_h1, total_points_h1."
2026-10-07,401871066,False,2026-10-07T23:30:00Z,Florida International Panthers,New Mexico State Aggies,alternate_spread,home,4.5,-440,fanduel,0.7950370753804,-0.019777739434414743,"10 market(s) allowlisted for NCAAF: moneyline, spread, total_points, alternate_spread, alternate_total_points, team_total, alternate_team_total, moneyline_h1, spread_h1, total_points_h1."
2026-10-07,401871066,False,2026-10-07T23:30:00Z,Florida International Panthers,New Mexico State Aggies,alternate_spread,home,5.5,-500,fanduel,0.8094526757749034,-0.02388065755842994,"10 market(s) allowlisted for NCAAF: moneyline, spread, total_points, alternate_spread, alternate_total_points, team_total, alternate_team_total, moneyline_h1, spread_h1, total_points_h1."
2026-10-07,401871066,False,2026-10-07T23:30:00Z,Florida International Panthers,New Mexico State Aggies,alternate_spread,home,6.5,-560,fanduel,0.8359596826324693,-0.012525165852379172,"10 market(s) allowlisted for NCAAF: moneyline, spread, total_points, alternate_spread, alternate_total_points, team_total, alternate_team_total, moneyline_h1, spread_h1, total_points_h1."
2026-10-07,401871066,False,2026-10-07T23:30:00Z,Florida International Panthers,New Mexico State Aggies,alternate_spread,home,7.5,-770,fanduel,0.8674092470806993,-0.017648224183668515,"10 market(s) allowlisted for NCAAF: moneyline, spread, total_points, alternate_spread, alternate_total_points, team_total, alternate_team_total, moneyline_h1, spread_h1, total_points_h1."
2026-10-07,401871066,False,2026-10-07T23:30:00Z,Florida International Panthers,New Mexico State Aggies,alternate_spread,home,8.5,-900,fanduel,0.8779619102346032,-0.022038089765396784,"10 market(s) allowlisted for NCAAF: moneyline, spread, total_points, alternate_spread, alternate_total_points, team_total, alternate_team_total, moneyline_h1, spread_h1, total_points_h1."
2026-10-07,401871066,False,2026-10-07T23:30:00Z,Florida International Panthers,New Mexico State Aggies,alternate_spread,home,9.5,-1000,fanduel,0.8874336523418773,-0.02165725674903174,"10 market(s) allowlisted for NCAAF: moneyline, spread, total_points, alternate_spread, alternate_total_points, team_total, alternate_team_total, moneyline_h1, spread_h1, total_points_h1."
2026-10-07,401871066,False,2026-10-07T23:30:00Z,Florida International Panthers,New Mexico State Aggies,alternate_spread,home,10.5,-1200,fanduel,0.9022809896361002,-0.020795933440822978,"10 market(s) allowlisted for NCAAF: moneyline, spread, total_points, alternate_spread, alternate_total_points, team_total, alternate_team_total, moneyline_h1, spread_h1, total_points_h1."
2026-10-07,401871066,False,2026-10-07T23:30:00Z,Florida International Panthers,New Mexico State Aggies,alternate_spread,home,11.5,-1400,fanduel,0.9100431738628847,-0.023290159470448657,"10 market(s) allowlisted for NCAAF: moneyline, spread, total_points, alternate_spread, alternate_total_points, team_total, alternate_team_total, moneyline_h1, spread_h1, total_points_h1."
2026-10-07,401871066,False,2026-10-07T23:30:00Z,Florida International Panthers,New Mexico State Aggies,alternate_spread,home,12.5,-1600,fanduel,0.9147284395260271,-0.026448031062208166,"10 market(s) allowlisted for NCAAF: moneyline, spread, total_points, alternate_spread, alternate_total_points, team_total, alternate_team_total, moneyline_h1, spread_h1, total_points_h1."
2026-10-07,401871066,False,2026-10-07T23:30:00Z,Florida International Panthers,New Mexico State Aggies,alternate_spread,home,13.5,-2000,fanduel,0.9268806633880164,-0.025500288992935882,"10 market(s) allowlisted for NCAAF: moneyline, spread, total_points, alternate_spread, alternate_total_points, team_total, alternate_team_total, moneyline_h1, spread_h1, total_points_h1."
2026-10-07,401871066,False,2026-10-07T23:30:00Z,Florida International Panthers,New Mexico State Aggies,alternate_spread,home,14.5,-2500,fanduel,0.9376765446743922,-0.023861916864069355,"10 market(s) allowlisted for NCAAF: moneyline, spread, total_points, alternate_spread, alternate_total_points, team_total, alternate_team_total, moneyline_h1, spread_h1, total_points_h1."
2026-10-07,401871066,False,2026-10-07T23:30:00Z,Florida International Panthers,New Mexico State Aggies,alternate_spread,home,15.5,-3500,fanduel,0.9456418082189579,-0.026580414003264274,"10 market(s) allowlisted for NCAAF: moneyline, spread, total_points, alternate_spread, alternate_total_points, team_total, alternate_team_total, moneyline_h1, spread_h1, total_points_h1."
2026-10-07,401871066,False,2026-10-07T23:30:00Z,Florida International Panthers,New Mexico State Aggies,alternate_spread,home,16.5,-3500,fanduel,0.9503665197335107,-0.021855702488711493,"10 market(s) allowlisted for NCAAF: moneyline, spread, total_points, alternate_spread, alternate_total_points, team_total, alternate_team_total, moneyline_h1, spread_h1, total_points_h1."
2026-10-07,401871066,False,2026-10-07T23:30:00Z,Florida International Panthers,New Mexico State Aggies,alternate_spread,home,17.5,-4500,fanduel,0.9554741364552841,-0.022786733109933288,"10 market(s) allowlisted for NCAAF: moneyline, spread, total_points, alternate_spread, alternate_total_points, team_total, alternate_team_total, moneyline_h1, spread_h1, total_points_h1."
2026-10-07,401871066,False,2026-10-07T23:30:00Z,Florida International Panthers,New Mexico State Aggies,alternate_spread,home,18.5,-5000,fanduel,0.9596577546062697,-0.02073440225647538,"10 market(s) allowlisted for NCAAF: moneyline, spread, total_points, alternate_spread, alternate_total_points, team_total, alternate_team_total, moneyline_h1, spread_h1, total_points_h1."
2026-10-07,401871066,False,2026-10-07T23:30:00Z,Florida International Panthers,New Mexico State Aggies,alternate_spread,home,19.5,-6000,fanduel,0.9635142935565184,-0.020092263820530754,"10 market(s) allowlisted for NCAAF: moneyline, spread, total_points, alternate_spread, alternate_total_points, team_total, alternate_team_total, moneyline_h1, spread_h1, total_points_h1."
2026-10-07,401871066,False,2026-10-07T23:30:00Z,Florida International Panthers,New Mexico State Aggies,alternate_spread,home,20.5,-7000,fanduel,0.966347751149734,-0.019567741808012462,"10 market(s) allowlisted for NCAAF: moneyline, spread, total_points, alternate_spread, alternate_total_points, team_total, alternate_team_total, moneyline_h1, spread_h1, total_points_h1."
2026-10-07,401871066,False,2026-10-07T23:30:00Z,Florida International Panthers,New Mexico State Aggies,alternate_spread,away,31.5,-5000,fanduel,0.9371161384930878,-0.04327601836965722,"10 market(s) allowlisted for NCAAF: moneyline, spread, total_points, alternate_spread, alternate_total_points, team_total, alternate_team_total, moneyline_h1, spread_h1, total_points_h1."
2026-10-07,401871066,False,2026-10-07T23:30:00Z,Florida International Panthers,New Mexico State Aggies,alternate_spread,away,30.5,-4000,fanduel,0.9267290418486048,-0.048880714248956125,"10 market(s) allowlisted for NCAAF: moneyline, spread, total_points, alternate_spread, alternate_total_points, team_total, alternate_team_total, moneyline_h1, spread_h1, total_points_h1."
2026-10-07,401871066,False,2026-10-07T23:30:00Z,Florida International Panthers,New Mexico State Aggies,alternate_spread,away,29.5,-3500,fanduel,0.9235619561336353,-0.04866026608858687,"10 market(s) allowlisted for NCAAF: moneyline, spread, total_points, alternate_spread, alternate_total_points, team_total, alternate_team_total, moneyline_h1, spread_h1, total_points_h1."
2026-10-07,401871066,False,2026-10-07T23:30:00Z,Florida International Panthers,New Mexico State Aggies,alternate_spread,away,28.5,-3000,fanduel,0.9195748272753538,-0.04816710820851722,"10 market(s) allowlisted for NCAAF: moneyline, spread, total_points, alternate_spread, alternate_total_points, team_total, alternate_team_total, moneyline_h1, spread_h1, total_points_h1."
2026-10-07,401871066,False,2026-10-07T23:30:00Z,Florida International Panthers,New Mexico State Aggies,alternate_spread,away,27.5,-2200,fanduel,0.9033261171639132,-0.05319562196652161,"10 market(s) allowlisted for NCAAF: moneyline, spread, total_points, alternate_spread, alternate_total_points, team_total, alternate_team_total, moneyline_h1, spread_h1, total_points_h1."
2026-10-07,401871066,False,2026-10-07T23:30:00Z,Florida International Panthers,New Mexico State Aggies,alternate_spread,away,26.5,-1800,fanduel,0.8959441761513987,-0.051424244901232874,"10 market(s) allowlisted for NCAAF: moneyline, spread, total_points, alternate_spread, alternate_total_points, team_total, alternate_team_total, moneyline_h1, spread_h1, total_points_h1."
2026-10-07,401871066,False,2026-10-07T23:30:00Z,Florida International Panthers,New Mexico State Aggies,alternate_spread,away,25.5,-1400,fanduel,0.8898166954471555,-0.04351663788617788,"10 market(s) allowlisted for NCAAF: moneyline, spread, total_points, alternate_spread, alternate_total_points, team_total, alternate_team_total, moneyline_h1, spread_h1, total_points_h1."
2026-10-07,401871066,False,2026-10-07T23:30:00Z,Florida International Panthers,New Mexico State Aggies,alternate_spread,away,24.5,-1200,fanduel,0.8812437523379423,-0.04183317073898085,"10 market(s) allowlisted for NCAAF: moneyline, spread, total_points, alternate_spread, alternate_total_points, team_total, alternate_team_total, moneyline_h1, spread_h1, total_points_h1."
2026-10-07,401871066,False,2026-10-07T23:30:00Z,Florida International Panthers,New Mexico State Aggies,alternate_spread,away,23.5,-950,fanduel,0.866376418329598,-0.03838548643230677,"10 market(s) allowlisted for NCAAF: moneyline, spread, total_points, alternate_spread, alternate_total_points, team_total, alternate_team_total, moneyline_h1, spread_h1, total_points_h1."
2026-10-07,401871066,False,2026-10-07T23:30:00Z,Florida International Panthers,New Mexico State Aggies,alternate_spread,away,22.5,-850,fanduel,0.8581753920130689,-0.03656145009219425,"10 market(s) allowlisted for NCAAF: moneyline, spread, total_points, alternate_spread, alternate_total_points, team_total, alternate_team_total, moneyline_h1, spread_h1, total_points_h1."
2026-10-07,401871066,False,2026-10-07T23:30:00Z,Florida International Panthers,New Mexico State Aggies,alternate_spread,away,21.5,-750,fanduel,0.8406033005929908,-0.04174964058347974,"10 market(s) allowlisted for NCAAF: moneyline, spread, total_points, alternate_spread, alternate_total_points, team_total, alternate_team_total, moneyline_h1, spread_h1, total_points_h1."
2026-10-07,401871066,False,2026-10-07T23:30:00Z,Florida International Panthers,New Mexico State Aggies,alternate_spread,away,20.5,-590,fanduel,0.8089088321370744,-0.046163631631041535,"10 market(s) allowlisted for NCAAF: moneyline, spread, total_points, alternate_spread, alternate_total_points, team_total, alternate_team_total, moneyline_h1, spread_h1, total_points_h1."
2026-10-07,401871066,False,2026-10-07T23:30:00Z,Florida International Panthers,New Mexico State Aggies,alternate_spread,away,19.5,-520,fanduel,0.7846189385713448,-0.05409073884801008,"10 market(s) allowlisted for NCAAF: moneyline, spread, total_points, alternate_spread, alternate_total_points, team_total, alternate_team_total, moneyline_h1, spread_h1, total_points_h1."
2026-10-07,401871066,False,2026-10-07T23:30:00Z,Florida International Panthers,New Mexico State Aggies,alternate_spread,away,18.5,-480,fanduel,0.7660413386759646,-0.061544868220587134,"10 market(s) allowlisted for NCAAF: moneyline, spread, total_points, alternate_spread, alternate_total_points, team_total, alternate_team_total, moneyline_h1, spread_h1, total_points_h1."
2026-10-07,401871066,False,2026-10-07T23:30:00Z,Florida International Panthers,New Mexico State Aggies,alternate_spread,away,17.5,-410,fanduel,0.7480635152962262,-0.055858053331224844,"10 market(s) allowlisted for NCAAF: moneyline, spread, total_points, alternate_spread, alternate_total_points, team_total, alternate_team_total, moneyline_h1, spread_h1, total_points_h1."
2026-10-07,401871066,False,2026-10-07T23:30:00Z,Florida International Panthers,New Mexico State Aggies,alternate_spread,away,16.5,-350,fanduel,0.7220263212089157,-0.055751456568862046,"10 market(s) allowlisted for NCAAF: moneyline, spread, total_points, alternate_spread, alternate_total_points, team_total, alternate_team_total, moneyline_h1, spread_h1, total_points_h1."
2026-10-07,401871066,False,2026-10-07T23:30:00Z,Florida International Panthers,New Mexico State Aggies,alternate_spread,away,15.5,-330,fanduel,0.7128384856413794,-0.054603374823736894,"10 market(s) allowlisted for NCAAF: moneyline, spread, total_points, alternate_spread, alternate_total_points, team_total, alternate_team_total, moneyline_h1, spread_h1, total_points_h1."
2026-10-07,401871066,False,2026-10-07T23:30:00Z,Florida International Panthers,New Mexico State Aggies,alternate_spread,away,14.5,-295,fanduel,0.697337405067548,-0.04949803797042662,"10 market(s) allowlisted for NCAAF: moneyline, spread, total_points, alternate_spread, alternate_total_points, team_total, alternate_team_total, moneyline_h1, spread_h1, total_points_h1."
2026-10-07,401871066,False,2026-10-07T23:30:00Z,Florida International Panthers,New Mexico State Aggies,alternate_spread,away,13.5,-250,fanduel,0.6677556644610676,-0.0465300498246467,"10 market(s) allowlisted for NCAAF: moneyline, spread, total_points, alternate_spread, alternate_total_points, team_total, alternate_team_total, moneyline_h1, spread_h1, total_points_h1."
2026-10-07,401871066,False,2026-10-07T23:30:00Z,Florida International Panthers,New Mexico State Aggies,alternate_spread,away,12.5,-225,fanduel,0.6562625980290591,-0.03604509427863323,"10 market(s) allowlisted for NCAAF: moneyline, spread, total_points, alternate_spread, alternate_total_points, team_total, alternate_team_total, moneyline_h1, spread_h1, total_points_h1."
2026-10-07,401871066,False,2026-10-07T23:30:00Z,Florida International Panthers,New Mexico State Aggies,alternate_spread,away,11.5,-210,fanduel,0.6466785010715344,-0.03074085376717528,"10 market(s) allowlisted for NCAAF: moneyline, spread, total_points, alternate_spread, alternate_total_points, team_total, alternate_team_total, moneyline_h1, spread_h1, total_points_h1."
2026-10-07,401871066,False,2026-10-07T23:30:00Z,Florida International Panthers,New Mexico State Aggies,alternate_spread,away,10.5,-186,fanduel,0.6212641663688089,-0.02908548398084143,"10 market(s) allowlisted for NCAAF: moneyline, spread, total_points, alternate_spread, alternate_total_points, team_total, alternate_team_total, moneyline_h1, spread_h1, total_points_h1."
2026-10-07,401871066,False,2026-10-07T23:30:00Z,Florida International Panthers,New Mexico State Aggies,alternate_spread,away,9.5,-162,fanduel,0.5927260995276441,-0.02559451115937883,"10 market(s) allowlisted for NCAAF: moneyline, spread, total_points, alternate_spread, alternate_total_points, team_total, alternate_team_total, moneyline_h1, spread_h1, total_points_h1."
2026-10-07,401871066,False,2026-10-07T23:30:00Z,Florida International Panthers,New Mexico State Aggies,alternate_spread,away,8.5,-156,fanduel,0.5805638681311324,-0.028811131868867634,"10 market(s) allowlisted for NCAAF: moneyline, spread, total_points, alternate_spread, alternate_total_points, team_total, alternate_team_total, moneyline_h1, spread_h1, total_points_h1."
2026-10-07,401871066,False,2026-10-07T23:30:00Z,Florida International Panthers,New Mexico State Aggies,alternate_spread,away,7.5,-140,fanduel,0.5503600513451192,-0.03297328198821414,"10 market(s) allowlisted for NCAAF: moneyline, spread, total_points, alternate_spread, alternate_total_points, team_total, alternate_team_total, moneyline_h1, spread_h1, total_points_h1."
2026-10-07,401871066,False,2026-10-07T23:30:00Z,Florida International Panthers,New Mexico State Aggies,alternate_spread,away,6.5,-111,fanduel,0.5000000031631767,-0.026066347547723745,"10 market(s) allowlisted for NCAAF: moneyline, spread, total_points, alternate_spread, alternate_total_points, team_total, alternate_team_total, moneyline_h1, spread_h1, total_points_h1."
2026-10-07,401871066,False,2026-10-07T23:30:00Z,Florida International Panthers,New Mexico State Aggies,alternate_spread,away,5.5,102,fanduel,0.4785316664725828,-0.016517838477912272,"10 market(s) allowlisted for NCAAF: moneyline, spread, total_points, alternate_spread, alternate_total_points, team_total, alternate_team_total, moneyline_h1, spread_h1, total_points_h1."
2026-10-07,401871066,False,2026-10-07T23:30:00Z,Florida International Panthers,New Mexico State Aggies,alternate_spread,away,4.5,112,fanduel,0.4558110136237922,-0.01588709958375495,"10 market(s) allowlisted for NCAAF: moneyline, spread, total_points, alternate_spread, alternate_total_points, team_total, alternate_team_total, moneyline_h1, spread_h1, total_points_h1."
2026-10-07,401871066,False,2026-10-07T23:30:00Z,Florida International Panthers,New Mexico State Aggies,alternate_spread,away,3.5,126,fanduel,0.42086461423692434,-0.021613261869270373,"10 market(s) allowlisted for NCAAF: moneyline, spread, total_points, alternate_spread, alternate_total_points, team_total, alternate_team_total, moneyline_h1, spread_h1, total_points_h1."
2026-10-07,401871066,False,2026-10-07T23:30:00Z,Florida International Panthers,New Mexico State Aggies,alternate_spread,away,2.5,162,fanduel,0.3507229695758191,-0.030956419737158014,"10 market(s) allowlisted for NCAAF: moneyline, spread, total_points, alternate_spread, alternate_total_points, team_total, alternate_team_total, moneyline_h1, spread_h1, total_points_h1."
2026-10-07,401871066,False,2026-10-07T23:30:00Z,Florida International Panthers,New Mexico State Aggies,alternate_spread,away,1.5,176,fanduel,0.3287910236295837,-0.033527816950126466,"10 market(s) allowlisted for NCAAF: moneyline, spread, total_points, alternate_spread, alternate_total_points, team_total, alternate_team_total, moneyline_h1, spread_h1, total_points_h1."
2026-10-07,401871066,False,2026-10-07T23:30:00Z,Florida International Panthers,New Mexico State Aggies,alternate_spread,away,-1.5,210,fanduel,0.29549391937749986,-0.027086725783790455,"10 market(s) allowlisted for NCAAF: moneyline, spread, total_points, alternate_spread, alternate_total_points, team_total, alternate_team_total, moneyline_h1, spread_h1, total_points_h1."
2026-10-07,401871066,False,2026-10-07T23:30:00Z,Florida International Panthers,New Mexico State Aggies,alternate_spread,away,-2.5,230,fanduel,0.27473288785170297,-0.02829741517860007,"10 market(s) allowlisted for NCAAF: moneyline, spread, total_points, alternate_spread, alternate_total_points, team_total, alternate_team_total, moneyline_h1, spread_h1, total_points_h1."
2026-10-07,401871066,False,2026-10-07T23:30:00Z,Florida International Panthers,New Mexico State Aggies,alternate_spread,away,-3.5,285,fanduel,0.22725820164621136,-0.03248205809404836,"10 market(s) allowlisted for NCAAF: moneyline, spread, total_points, alternate_spread, alternate_total_points, team_total, alternate_team_total, moneyline_h1, spread_h1, total_points_h1."
2026-10-07,401871066,False,2026-10-07T23:30:00Z,Florida International Panthers,New Mexico State Aggies,alternate_spread,away,-4.5,310,fanduel,0.2049629246196007,-0.038939514404789544,"10 market(s) allowlisted for NCAAF: moneyline, spread, total_points, alternate_spread, alternate_total_points, team_total, alternate_team_total, moneyline_h1, spread_h1, total_points_h1."
2026-10-07,401871066,False,2026-10-07T23:30:00Z,Florida International Panthers,New Mexico State Aggies,alternate_spread,away,-5.5,340,fanduel,0.19054732422509726,-0.03672540304763,"10 market(s) allowlisted for NCAAF: moneyline, spread, total_points, alternate_spread, alternate_total_points, team_total, alternate_team_total, moneyline_h1, spread_h1, total_points_h1."
2026-10-07,401871066,False,2026-10-07T23:30:00Z,Florida International Panthers,New Mexico State Aggies,alternate_spread,away,-6.5,370,fanduel,0.16404031736753125,-0.048725640079277266,"10 market(s) allowlisted for NCAAF: moneyline, spread, total_points, alternate_spread, alternate_total_points, team_total, alternate_team_total, moneyline_h1, spread_h1, total_points_h1."
2026-10-07,401871066,False,2026-10-07T23:30:00Z,Florida International Panthers,New Mexico State Aggies,alternate_spread,away,-7.5,480,fanduel,0.13259075291930142,-0.03982304018414687,"10 market(s) allowlisted for NCAAF: moneyline, spread, total_points, alternate_spread, alternate_total_points, team_total, alternate_team_total, moneyline_h1, spread_h1, total_points_h1."
2026-10-07,401871066,False,2026-10-07T23:30:00Z,Florida International Panthers,New Mexico State Aggies,alternate_spread,away,-8.5,520,fanduel,0.12203808976539747,-0.03925223281524769,"10 market(s) allowlisted for NCAAF: moneyline, spread, total_points, alternate_spread, alternate_total_points, team_total, alternate_team_total, moneyline_h1, spread_h1, total_points_h1."
2026-10-07,401871066,False,2026-10-07T23:30:00Z,Florida International Panthers,New Mexico State Aggies,alternate_spread,away,-9.5,560,fanduel,0.11256634765812332,-0.0389488038570282,"10 market(s) allowlisted for NCAAF: moneyline, spread, total_points, alternate_spread, alternate_total_points, team_total, alternate_team_total, moneyline_h1, spread_h1, total_points_h1."
2026-10-07,401871066,False,2026-10-07T23:30:00Z,Florida International Panthers,New Mexico State Aggies,alternate_spread,away,-10.5,630,fanduel,0.09771901036390042,-0.03926729100596259,"10 market(s) allowlisted for NCAAF: moneyline, spread, total_points, alternate_spread, alternate_total_points, team_total, alternate_team_total, moneyline_h1, spread_h1, total_points_h1."
2026-10-07,401871066,False,2026-10-07T23:30:00Z,Florida International Panthers,New Mexico State Aggies,alternate_spread,away,-11.5,680,fanduel,0.08995682613711609,-0.03824830206801211,"10 market(s) allowlisted for NCAAF: moneyline, spread, total_points, alternate_spread, alternate_total_points, team_total, alternate_team_total, moneyline_h1, spread_h1, total_points_h1."
2026-10-07,401871066,False,2026-10-07T23:30:00Z,Florida International Panthers,New Mexico State Aggies,alternate_spread,away,-12.5,750,fanduel,0.08527156047397359,-0.03237549834955582,"10 market(s) allowlisted for NCAAF: moneyline, spread, total_points, alternate_spread, alternate_total_points, team_total, alternate_team_total, moneyline_h1, spread_h1, total_points_h1."
2026-10-07,401871066,False,2026-10-07T23:30:00Z,Florida International Panthers,New Mexico State Aggies,alternate_spread,away,-13.5,830,fanduel,0.07311933661198419,-0.03440754510844592,"10 market(s) allowlisted for NCAAF: moneyline, spread, total_points, alternate_spread, alternate_total_points, team_total, alternate_team_total, moneyline_h1, spread_h1, total_points_h1."
2026-10-07,401871066,False,2026-10-07T23:30:00Z,Florida International Panthers,New Mexico State Aggies,alternate_spread,away,-14.5,900,fanduel,0.06232345532560839,-0.03767654467439162,"10 market(s) allowlisted for NCAAF: moneyline, spread, total_points, alternate_spread, alternate_total_points, team_total, alternate_team_total, moneyline_h1, spread_h1, total_points_h1."
2026-10-07,401871066,False,2026-10-07T23:30:00Z,Florida International Panthers,New Mexico State Aggies,alternate_spread,away,-15.5,1060,fanduel,0.05435819178104279,-0.03184870477068135,"10 market(s) allowlisted for NCAAF: moneyline, spread, total_points, alternate_spread, alternate_total_points, team_total, alternate_team_total, moneyline_h1, spread_h1, total_points_h1."
2026-10-07,401871066,False,2026-10-07T23:30:00Z,Florida International Panthers,New Mexico State Aggies,alternate_spread,away,-16.5,1060,fanduel,0.04963348026648996,-0.03657341628523418,"10 market(s) allowlisted for NCAAF: moneyline, spread, total_points, alternate_spread, alternate_total_points, team_total, alternate_team_total, moneyline_h1, spread_h1, total_points_h1."
2026-10-07,401871066,False,2026-10-07T23:30:00Z,Florida International Panthers,New Mexico State Aggies,alternate_spread,away,-17.5,1200,fanduel,0.04452586354471652,-0.03239721337836041,"10 market(s) allowlisted for NCAAF: moneyline, spread, total_points, alternate_spread, alternate_total_points, team_total, alternate_team_total, moneyline_h1, spread_h1, total_points_h1."
2026-10-07,401871066,False,2026-10-07T23:30:00Z,Florida International Panthers,New Mexico State Aggies,alternate_spread,away,-18.5,1300,fanduel,0.04034224539373099,-0.031086326034840434,"10 market(s) allowlisted for NCAAF: moneyline, spread, total_points, alternate_spread, alternate_total_points, team_total, alternate_team_total, moneyline_h1, spread_h1, total_points_h1."
2026-10-07,401871066,False,2026-10-07T23:30:00Z,Florida International Panthers,New Mexico State Aggies,alternate_spread,away,-19.5,1400,fanduel,0.03648570644348224,-0.03018096022318443,"10 market(s) allowlisted for NCAAF: moneyline, spread, total_points, alternate_spread, alternate_total_points, team_total, alternate_team_total, moneyline_h1, spread_h1, total_points_h1."
2026-10-07,401871066,False,2026-10-07T23:30:00Z,Florida International Panthers,New Mexico State Aggies,alternate_spread,away,-20.5,1500,fanduel,0.033652248850266804,-0.028847751149733196,"10 market(s) allowlisted for NCAAF: moneyline, spread, total_points, alternate_spread, alternate_total_points, team_total, alternate_team_total, moneyline_h1, spread_h1, total_points_h1."
2026-10-07,401871066,False,2026-10-07T23:30:00Z,Florida International Panthers,New Mexico State Aggies,alternate_total_points,over,17.5,-50000,fanduel,0.9816763673822271,-0.016327624633740934,"10 market(s) allowlisted for NCAAF: moneyline, spread, total_points, alternate_spread, alternate_total_points, team_total, alternate_team_total, moneyline_h1, spread_h1, total_points_h1."
2026-10-07,401871066,False,2026-10-07T23:30:00Z,Florida International Panthers,New Mexico State Aggies,alternate_total_points,over,18.5,-50000,fanduel,0.9805553897129595,-0.017448602303008487,"10 market(s) allowlisted for NCAAF: moneyline, spread, total_points, alternate_spread, alternate_total_points, team_total, alternate_team_total, moneyline_h1, spread_h1, total_points_h1."
2026-10-07,401871066,False,2026-10-07T23:30:00Z,Florida International Panthers,New Mexico State Aggies,alternate_total_points,over,19.5,-20000,fanduel,0.9756139298018871,-0.019410945820003467,"10 market(s) allowlisted for NCAAF: moneyline, spread, total_points, alternate_spread, alternate_total_points, team_total, alternate_team_total, moneyline_h1, spread_h1, total_points_h1."
2026-10-07,401871066,False,2026-10-07T23:30:00Z,Florida International Panthers,New Mexico State Aggies,alternate_total_points,over,20.5,-10000,fanduel,0.9746348411356267,-0.015464168765363384,"10 market(s) allowlisted for NCAAF: moneyline, spread, total_points, alternate_spread, alternate_total_points, team_total, alternate_team_total, moneyline_h1, spread_h1, total_points_h1."
2026-10-07,401871066,False,2026-10-07T23:30:00Z,Florida International Panthers,New Mexico State Aggies,alternate_total_points,over,21.5,-10000,fanduel,0.9724670768183259,-0.017631933082664197,"10 market(s) allowlisted for NCAAF: moneyline, spread, total_points, alternate_spread, alternate_total_points, team_total, alternate_team_total, moneyline_h1, spread_h1, total_points_h1."
2026-10-07,401871066,False,2026-10-07T23:30:00Z,Florida International Panthers,New Mexico State Aggies,alternate_total_points,over,22.5,-7000,fanduel,0.9647080895846689,-0.021207403373077582,"10 market(s) allowlisted for NCAAF: moneyline, spread, total_points, alternate_spread, alternate_total_points, team_total, alternate_team_total, moneyline_h1, spread_h1, total_points_h1."
2026-10-07,401871066,False,2026-10-07T23:30:00Z,Florida International Panthers,New Mexico State Aggies,alternate_total_points,over,23.5,-5000,fanduel,0.9507794116728805,-0.029612745189864564,"10 market(s) allowlisted for NCAAF: moneyline, spread, total_points, alternate_spread, alternate_total_points, team_total, alternate_team_total, moneyline_h1, spread_h1, total_points_h1."
2026-10-07,401871066,False,2026-10-07T23:30:00Z,Florida International Panthers,New Mexico State Aggies,alternate_total_points,over,24.5,-4500,fanduel,0.9382474531174354,-0.040013416447782,"10 market(s) allowlisted for NCAAF: moneyline, spread, total_points, alternate_spread, alternate_total_points, team_total, alternate_team_total, moneyline_h1, spread_h1, total_points_h1."
2026-10-07,401871066,False,2026-10-07T23:30:00Z,Florida International Panthers,New Mexico State Aggies,alternate_total_points,over,25.5,-4000,fanduel,0.9316615215062867,-0.04394823459127428,"10 market(s) allowlisted for NCAAF: moneyline, spread, total_points, alternate_spread, alternate_total_points, team_total, alternate_team_total, moneyline_h1, spread_h1, total_points_h1."
2026-10-07,401871066,False,2026-10-07T23:30:00Z,Florida International Panthers,New Mexico State Aggies,alternate_total_points,over,26.5,-3000,fanduel,0.9177387091885287,-0.05000322629534226,"10 market(s) allowlisted for NCAAF: moneyline, spread, total_points, alternate_spread, alternate_total_points, team_total, alternate_team_total, moneyline_h1, spread_h1, total_points_h1."
2026-10-07,401871066,False,2026-10-07T23:30:00Z,Florida International Panthers,New Mexico State Aggies,alternate_total_points,over,27.5,-2000,fanduel,0.9002994075076107,-0.0520815448733416,"10 market(s) allowlisted for NCAAF: moneyline, spread, total_points, alternate_spread, alternate_total_points, team_total, alternate_team_total, moneyline_h1, spread_h1, total_points_h1."
2026-10-07,401871066,False,2026-10-07T23:30:00Z,Florida International Panthers,New Mexico State Aggies,alternate_total_points,over,28.5,-1600,fanduel,0.8883239792114632,-0.05285249137677206,"10 market(s) allowlisted for NCAAF: moneyline, spread, total_points, alternate_spread, alternate_total_points, team_total, alternate_team_total, moneyline_h1, spread_h1, total_points_h1."
2026-10-07,401871066,False,2026-10-07T23:30:00Z,Florida International Panthers,New Mexico State Aggies,alternate_total_points,over,29.5,-1400,fanduel,0.8772815295124861,-0.05605180382084729,"10 market(s) allowlisted for NCAAF: moneyline, spread, total_points, alternate_spread, alternate_total_points, team_total, alternate_team_total, moneyline_h1, spread_h1, total_points_h1."
2026-10-07,401871066,False,2026-10-07T23:30:00Z,Florida International Panthers,New Mexico State Aggies,alternate_total_points,over,30.5,-1000,fanduel,0.8524160022573128,-0.05667490683359622,"10 market(s) allowlisted for NCAAF: moneyline, spread, total_points, alternate_spread, alternate_total_points, team_total, alternate_team_total, moneyline_h1, spread_h1, total_points_h1."
2026-10-07,401871066,False,2026-10-07T23:30:00Z,Florida International Panthers,New Mexico State Aggies,alternate_total_points,over,31.5,-850,fanduel,0.8334247598384632,-0.06131208226679996,"10 market(s) allowlisted for NCAAF: moneyline, spread, total_points, alternate_spread, alternate_total_points, team_total, alternate_team_total, moneyline_h1, spread_h1, total_points_h1."
2026-10-07,401871066,False,2026-10-07T23:30:00Z,Florida International Panthers,New Mexico State Aggies,alternate_total_points,over,32.5,-750,fanduel,0.8232216455556449,-0.05913129562082564,"10 market(s) allowlisted for NCAAF: moneyline, spread, total_points, alternate_spread, alternate_total_points, team_total, alternate_team_total, moneyline_h1, spread_h1, total_points_h1."
2026-10-07,401871066,False,2026-10-07T23:30:00Z,Florida International Panthers,New Mexico State Aggies,alternate_total_points,over,33.5,-620,fanduel,0.8023751903085855,-0.058735920802525654,"10 market(s) allowlisted for NCAAF: moneyline, spread, total_points, alternate_spread, alternate_total_points, team_total, alternate_team_total, moneyline_h1, spread_h1, total_points_h1."
2026-10-07,401871066,False,2026-10-07T23:30:00Z,Florida International Panthers,New Mexico State Aggies,alternate_total_points,over,34.5,-500,fanduel,0.7837408844298308,-0.04959244890350256,"10 market(s) allowlisted for NCAAF: moneyline, spread, total_points, alternate_spread, alternate_total_points, team_total, alternate_team_total, moneyline_h1, spread_h1, total_points_h1."
2026-10-07,401871066,False,2026-10-07T23:30:00Z,Florida International Panthers,New Mexico State Aggies,alternate_total_points,over,35.5,-460,fanduel,0.7641057007375645,-0.057322870691006944,"10 market(s) allowlisted for NCAAF: moneyline, spread, total_points, alternate_spread, alternate_total_points, team_total, alternate_team_total, moneyline_h1, spread_h1, total_points_h1."
2026-10-07,401871066,False,2026-10-07T23:30:00Z,Florida International Panthers,New Mexico State Aggies,alternate_total_points,over,36.5,-400,fanduel,0.7513507159162955,-0.0486492840837045,"10 market(s) allowlisted for NCAAF: moneyline, spread, total_points, alternate_spread, alternate_total_points, team_total, alternate_team_total, moneyline_h1, spread_h1, total_points_h1."
2026-10-07,401871066,False,2026-10-07T23:30:00Z,Florida International Panthers,New Mexico State Aggies,alternate_total_points,over,37.5,-330,fanduel,0.71845853208833,-0.04898332837678632,"10 market(s) allowlisted for NCAAF: moneyline, spread, total_points, alternate_spread, alternate_total_points, team_total, alternate_team_total, moneyline_h1, spread_h1, total_points_h1."
2026-10-07,401871066,False,2026-10-07T23:30:00Z,Florida International Panthers,New Mexico State Aggies,alternate_total_points,over,38.5,-290,fanduel,0.6892965606026971,-0.05429318298704655,"10 market(s) allowlisted for NCAAF: moneyline, spread, total_points, alternate_spread, alternate_total_points, team_total, alternate_team_total, moneyline_h1, spread_h1, total_points_h1."
2026-10-07,401871066,False,2026-10-07T23:30:00Z,Florida International Panthers,New Mexico State Aggies,alternate_total_points,over,39.5,-265,fanduel,0.677072735184918,-0.04895466207535604,"10 market(s) allowlisted for NCAAF: moneyline, spread, total_points, alternate_spread, alternate_total_points, team_total, alternate_team_total, moneyline_h1, spread_h1, total_points_h1."
2026-10-07,401871066,False,2026-10-07T23:30:00Z,Florida International Panthers,New Mexico State Aggies,alternate_total_points,over,40.5,-230,fanduel,0.6534777577731985,-0.04349193919649852,"10 market(s) allowlisted for NCAAF: moneyline, spread, total_points, alternate_spread, alternate_total_points, team_total, alternate_team_total, moneyline_h1, spread_h1, total_points_h1."
2026-10-07,401871066,False,2026-10-07T23:30:00Z,Florida International Panthers,New Mexico State Aggies,alternate_total_points,over,41.5,-192,fanduel,0.6157723018209134,-0.04176194475442907,"10 market(s) allowlisted for NCAAF: moneyline, spread, total_points, alternate_spread, alternate_total_points, team_total, alternate_team_total, moneyline_h1, spread_h1, total_points_h1."
2026-10-07,401871066,False,2026-10-07T23:30:00Z,Florida International Panthers,New Mexico State Aggies,alternate_total_points,over,42.5,-180,fanduel,0.5963342060657352,-0.04652293679140773,"10 market(s) allowlisted for NCAAF: moneyline, spread, total_points, alternate_spread, alternate_total_points, team_total, alternate_team_total, moneyline_h1, spread_h1, total_points_h1."
2026-10-07,401871066,False,2026-10-07T23:30:00Z,Florida International Panthers,New Mexico State Aggies,alternate_total_points,over,43.5,-160,fanduel,0.5775193450609638,-0.03786527032365161,"10 market(s) allowlisted for NCAAF: moneyline, spread, total_points, alternate_spread, alternate_total_points, team_total, alternate_team_total, moneyline_h1, spread_h1, total_points_h1."
2026-10-07,401871066,False,2026-10-07T23:30:00Z,Florida International Panthers,New Mexico State Aggies,alternate_total_points,over,44.5,-136,fanduel,0.5488311960634936,-0.027439990377184365,"10 market(s) allowlisted for NCAAF: moneyline, spread, total_points, alternate_spread, alternate_total_points, team_total, alternate_team_total, moneyline_h1, spread_h1, total_points_h1."
2026-10-07,401871066,False,2026-10-07T23:30:00Z,Florida International Panthers,New Mexico State Aggies,alternate_total_points,over,45.5,-120,fanduel,0.5175519896878159,-0.02790255576672951,"10 market(s) allowlisted for NCAAF: moneyline, spread, total_points, alternate_spread, alternate_total_points, team_total, alternate_team_total, moneyline_h1, spread_h1, total_points_h1."
2026-10-07,401871066,False,2026-10-07T23:30:00Z,Florida International Panthers,New Mexico State Aggies,alternate_total_points,over,46.5,-113,fanduel,0.499999993315831,-0.03051643860905162,"10 market(s) allowlisted for NCAAF: moneyline, spread, total_points, alternate_spread, alternate_total_points, team_total, alternate_team_total, moneyline_h1, spread_h1, total_points_h1."
2026-10-07,401871066,False,2026-10-07T23:30:00Z,Florida International Panthers,New Mexico State Aggies,alternate_total_points,over,47.5,102,fanduel,0.4712932945196273,-0.02375621043086773,"10 market(s) allowlisted for NCAAF: moneyline, spread, total_points, alternate_spread, alternate_total_points, team_total, alternate_team_total, moneyline_h1, spread_h1, total_points_h1."
2026-10-07,401871066,False,2026-10-07T23:30:00Z,Florida International Panthers,New Mexico State Aggies,alternate_total_points,over,48.5,116,fanduel,0.4383330001082315,-0.024629962854731458,"10 market(s) allowlisted for NCAAF: moneyline, spread, total_points, alternate_spread, alternate_total_points, team_total, alternate_team_total, moneyline_h1, spread_h1, total_points_h1."
2026-10-07,401871066,False,2026-10-07T23:30:00Z,Florida International Panthers,New Mexico State Aggies,alternate_total_points,over,49.5,128,fanduel,0.4182316898487841,-0.020364801379286035,"10 market(s) allowlisted for NCAAF: moneyline, spread, total_points, alternate_spread, alternate_total_points, team_total, alternate_team_total, moneyline_h1, spread_h1, total_points_h1."
2026-10-07,401871066,False,2026-10-07T23:30:00Z,Florida International Panthers,New Mexico State Aggies,alternate_total_points,over,50.5,140,fanduel,0.4016853516729352,-0.01498131499373151,"10 market(s) allowlisted for NCAAF: moneyline, spread, total_points, alternate_spread, alternate_total_points, team_total, alternate_team_total, moneyline_h1, spread_h1, total_points_h1."
2026-10-07,401871066,False,2026-10-07T23:30:00Z,Florida International Panthers,New Mexico State Aggies,alternate_total_points,over,51.5,162,fanduel,0.3673287242363792,-0.014350665076597935,"10 market(s) allowlisted for NCAAF: moneyline, spread, total_points, alternate_spread, alternate_total_points, team_total, alternate_team_total, moneyline_h1, spread_h1, total_points_h1."
2026-10-07,401871066,False,2026-10-07T23:30:00Z,Florida International Panthers,New Mexico State Aggies,alternate_total_points,over,52.5,182,fanduel,0.3435043934417861,-0.01110553563622807,"10 market(s) allowlisted for NCAAF: moneyline, spread, total_points, alternate_spread, alternate_total_points, team_total, alternate_team_total, moneyline_h1, spread_h1, total_points_h1."
2026-10-07,401871066,False,2026-10-07T23:30:00Z,Florida International Panthers,New Mexico State Aggies,alternate_total_points,over,53.5,200,fanduel,0.32660475788795573,-0.0067285754453775826,"10 market(s) allowlisted for NCAAF: moneyline, spread, total_points, alternate_spread, alternate_total_points, team_total, alternate_team_total, moneyline_h1, spread_h1, total_points_h1."
2026-10-07,401871066,False,2026-10-07T23:30:00Z,Florida International Panthers,New Mexico State Aggies,alternate_total_points,over,54.5,220,fanduel,0.3083364389201238,-0.004163561079876199,"10 market(s) allowlisted for NCAAF: moneyline, spread, total_points, alternate_spread, alternate_total_points, team_total, alternate_team_total, moneyline_h1, spread_h1, total_points_h1."
2026-10-07,401871066,False,2026-10-07T23:30:00Z,Florida International Panthers,New Mexico State Aggies,alternate_total_points,over,55.5,255,fanduel,0.28158324883521946,-0.00010689200985097846,"10 market(s) allowlisted for NCAAF: moneyline, spread, total_points, alternate_spread, alternate_total_points, team_total, alternate_team_total, moneyline_h1, spread_h1, total_points_h1."
2026-10-07,401871066,False,2026-10-07T23:30:00Z,Florida International Panthers,New Mexico State Aggies,alternate_total_points,over,56.5,280,fanduel,0.2648016460454553,0.0016437513086132172,"10 market(s) allowlisted for NCAAF: moneyline, spread, total_points, alternate_spread, alternate_total_points, team_total, alternate_team_total, moneyline_h1, spread_h1, total_points_h1."
2026-10-07,401871066,False,2026-10-07T23:30:00Z,Florida International Panthers,New Mexico State Aggies,alternate_total_points,over,57.5,300,fanduel,0.24489552933637315,-0.005104470663626848,"10 market(s) allowlisted for NCAAF: moneyline, spread, total_points, alternate_spread, alternate_total_points, team_total, alternate_team_total, moneyline_h1, spread_h1, total_points_h1."
2026-10-07,401871066,False,2026-10-07T23:30:00Z,Florida International Panthers,New Mexico State Aggies,alternate_total_points,over,58.5,340,fanduel,0.22502651509014387,-0.0022462121825833903,"10 market(s) allowlisted for NCAAF: moneyline, spread, total_points, alternate_spread, alternate_total_points, team_total, alternate_team_total, moneyline_h1, spread_h1, total_points_h1."
2026-10-07,401871066,False,2026-10-07T23:30:00Z,Florida International Panthers,New Mexico State Aggies,alternate_total_points,over,59.5,370,fanduel,0.20424506300005596,-0.008520894446752553,"10 market(s) allowlisted for NCAAF: moneyline, spread, total_points, alternate_spread, alternate_total_points, team_total, alternate_team_total, moneyline_h1, spread_h1, total_points_h1."
2026-10-07,401871066,False,2026-10-07T23:30:00Z,Florida International Panthers,New Mexico State Aggies,alternate_total_points,over,60.5,400,fanduel,0.19223358857799006,-0.007766411422009956,"10 market(s) allowlisted for NCAAF: moneyline, spread, total_points, alternate_spread, alternate_total_points, team_total, alternate_team_total, moneyline_h1, spread_h1, total_points_h1."
2026-10-07,401871066,False,2026-10-07T23:30:00Z,Florida International Panthers,New Mexico State Aggies,alternate_total_points,over,61.5,450,fanduel,0.1801452730771993,-0.001672908740982526,"10 market(s) allowlisted for NCAAF: moneyline, spread, total_points, alternate_spread, alternate_total_points, team_total, alternate_team_total, moneyline_h1, spread_h1, total_points_h1."
2026-10-07,401871066,False,2026-10-07T23:30:00Z,Florida International Panthers,New Mexico State Aggies,alternate_total_points,over,62.5,500,fanduel,0.1588697650685249,-0.007796901598141753,"10 market(s) allowlisted for NCAAF: moneyline, spread, total_points, alternate_spread, alternate_total_points, team_total, alternate_team_total, moneyline_h1, spread_h1, total_points_h1."
2026-10-07,401871066,False,2026-10-07T23:30:00Z,Florida International Panthers,New Mexico State Aggies,alternate_total_points,over,63.5,560,fanduel,0.14413506321858968,-0.0073800882965618375,"10 market(s) allowlisted for NCAAF: moneyline, spread, total_points, alternate_spread, alternate_total_points, team_total, alternate_team_total, moneyline_h1, spread_h1, total_points_h1."
2026-10-07,401871066,False,2026-10-07T23:30:00Z,Florida International Panthers,New Mexico State Aggies,alternate_total_points,over,64.5,600,fanduel,0.13380550009400588,-0.009051642763136969,"10 market(s) allowlisted for NCAAF: moneyline, spread, total_points, alternate_spread, alternate_total_points, team_total, alternate_team_total, moneyline_h1, spread_h1, total_points_h1."
2026-10-07,401871066,False,2026-10-07T23:30:00Z,Florida International Panthers,New Mexico State Aggies,alternate_total_points,over,65.5,680,fanduel,0.1150576397629123,-0.013147488442215888,"10 market(s) allowlisted for NCAAF: moneyline, spread, total_points, alternate_spread, alternate_total_points, team_total, alternate_team_total, moneyline_h1, spread_h1, total_points_h1."
2026-10-07,401871066,False,2026-10-07T23:30:00Z,Florida International Panthers,New Mexico State Aggies,alternate_total_points,over,66.5,800,fanduel,0.10209554992126019,-0.009015561189850918,"10 market(s) allowlisted for NCAAF: moneyline, spread, total_points, alternate_spread, alternate_total_points, team_total, alternate_team_total, moneyline_h1, spread_h1, total_points_h1."
2026-10-07,401871066,False,2026-10-07T23:30:00Z,Florida International Panthers,New Mexico State Aggies,alternate_total_points,over,67.5,830,fanduel,0.09572464246803816,-0.011802239252391947,"10 market(s) allowlisted for NCAAF: moneyline, spread, total_points, alternate_spread, alternate_total_points, team_total, alternate_team_total, moneyline_h1, spread_h1, total_points_h1."
2026-10-07,401871066,False,2026-10-07T23:30:00Z,Florida International Panthers,New Mexico State Aggies,alternate_total_points,over,68.5,900,fanduel,0.0866525788601867,-0.013347421139813312,"10 market(s) allowlisted for NCAAF: moneyline, spread, total_points, alternate_spread, alternate_total_points, team_total, alternate_team_total, moneyline_h1, spread_h1, total_points_h1."
2026-10-07,401871066,False,2026-10-07T23:30:00Z,Florida International Panthers,New Mexico State Aggies,alternate_total_points,over,69.5,1060,fanduel,0.07324927822461122,-0.012957618327112924,"10 market(s) allowlisted for NCAAF: moneyline, spread, total_points, alternate_spread, alternate_total_points, team_total, alternate_team_total, moneyline_h1, spread_h1, total_points_h1."
2026-10-07,401871066,False,2026-10-07T23:30:00Z,Florida International Panthers,New Mexico State Aggies,alternate_total_points,over,70.5,1100,fanduel,0.06273150576666177,-0.02060182756667156,"10 market(s) allowlisted for NCAAF: moneyline, spread, total_points, alternate_spread, alternate_total_points, team_total, alternate_team_total, moneyline_h1, spread_h1, total_points_h1."
2026-10-07,401871066,False,2026-10-07T23:30:00Z,Florida International Panthers,New Mexico State Aggies,alternate_total_points,over,71.5,1200,fanduel,0.05602482349496265,-0.02089825342811428,"10 market(s) allowlisted for NCAAF: moneyline, spread, total_points, alternate_spread, alternate_total_points, team_total, alternate_team_total, moneyline_h1, spread_h1, total_points_h1."
2026-10-07,401871066,False,2026-10-07T23:30:00Z,Florida International Panthers,New Mexico State Aggies,alternate_total_points,over,72.5,1300,fanduel,0.05199092752598999,-0.019437643902581438,"10 market(s) allowlisted for NCAAF: moneyline, spread, total_points, alternate_spread, alternate_total_points, team_total, alternate_team_total, moneyline_h1, spread_h1, total_points_h1."
2026-10-07,401871066,False,2026-10-07T23:30:00Z,Florida International Panthers,New Mexico State Aggies,alternate_total_points,over,73.5,1400,fanduel,0.043991439474695866,-0.0226752271919708,"10 market(s) allowlisted for NCAAF: moneyline, spread, total_points, alternate_spread, alternate_total_points, team_total, alternate_team_total, moneyline_h1, spread_h1, total_points_h1."
2026-10-07,401871066,False,2026-10-07T23:30:00Z,Florida International Panthers,New Mexico State Aggies,alternate_total_points,over,74.5,1500,fanduel,0.03993994208566148,-0.022560057914338523,"10 market(s) allowlisted for NCAAF: moneyline, spread, total_points, alternate_spread, alternate_total_points, team_total, alternate_team_total, moneyline_h1, spread_h1, total_points_h1."
2026-10-07,401871066,False,2026-10-07T23:30:00Z,Florida International Panthers,New Mexico State Aggies,alternate_total_points,over,75.5,1500,fanduel,0.03832347052009714,-0.024176529479902863,"10 market(s) allowlisted for NCAAF: moneyline, spread, total_points, alternate_spread, alternate_total_points, team_total, alternate_team_total, moneyline_h1, spread_h1, total_points_h1."
2026-10-07,401871066,False,2026-10-07T23:30:00Z,Florida International Panthers,New Mexico State Aggies,alternate_total_points,over,76.5,1700,fanduel,0.034850208527433084,-0.02070534702812247,"10 market(s) allowlisted for NCAAF: moneyline, spread, total_points, alternate_spread, alternate_total_points, team_total, alternate_team_total, moneyline_h1, spread_h1, total_points_h1."
2026-10-07,401871066,False,2026-10-07T23:30:00Z,Florida International Panthers,New Mexico State Aggies,alternate_total_points,over,77.5,1700,fanduel,0.030923388958316332,-0.02463216659723922,"10 market(s) allowlisted for NCAAF: moneyline, spread, total_points, alternate_spread, alternate_total_points, team_total, alternate_team_total, moneyline_h1, spread_h1, total_points_h1."
2026-10-07,401871066,False,2026-10-07T23:30:00Z,Florida International Panthers,New Mexico State Aggies,alternate_total_points,under,17.5,3500,fanduel,0.018323632617773044,-0.009454145160004732,"10 market(s) allowlisted for NCAAF: moneyline, spread, total_points, alternate_spread, alternate_total_points, team_total, alternate_team_total, moneyline_h1, spread_h1, total_points_h1."
2026-10-07,401871066,False,2026-10-07T23:30:00Z,Florida International Panthers,New Mexico State Aggies,alternate_total_points,under,18.5,3500,fanduel,0.0194446102870406,-0.008333167490737176,"10 market(s) allowlisted for NCAAF: moneyline, spread, total_points, alternate_spread, alternate_total_points, team_total, alternate_team_total, moneyline_h1, spread_h1, total_points_h1."
2026-10-07,401871066,False,2026-10-07T23:30:00Z,Florida International Panthers,New Mexico State Aggies,alternate_total_points,under,19.5,2500,fanduel,0.02438607019811298,-0.014075468263425484,"10 market(s) allowlisted for NCAAF: moneyline, spread, total_points, alternate_spread, alternate_total_points, team_total, alternate_team_total, moneyline_h1, spread_h1, total_points_h1."
2026-10-07,401871066,False,2026-10-07T23:30:00Z,Florida International Panthers,New Mexico State Aggies,alternate_total_points,under,20.5,1800,fanduel,0.02536515886437338,-0.027266420082995037,"10 market(s) allowlisted for NCAAF: moneyline, spread, total_points, alternate_spread, alternate_total_points, team_total, alternate_team_total, moneyline_h1, spread_h1, total_points_h1."
2026-10-07,401871066,False,2026-10-07T23:30:00Z,Florida International Panthers,New Mexico State Aggies,alternate_total_points,under,21.5,1700,fanduel,0.027532923181674274,-0.02802263237388128,"10 market(s) allowlisted for NCAAF: moneyline, spread, total_points, alternate_spread, alternate_total_points, team_total, alternate_team_total, moneyline_h1, spread_h1, total_points_h1."
2026-10-07,401871066,False,2026-10-07T23:30:00Z,Florida International Panthers,New Mexico State Aggies,alternate_total_points,under,22.5,1500,fanduel,0.03529191041533115,-0.027208089584668853,"10 market(s) allowlisted for NCAAF: moneyline, spread, total_points, alternate_spread, alternate_total_points, team_total, alternate_team_total, moneyline_h1, spread_h1, total_points_h1."
2026-10-07,401871066,False,2026-10-07T23:30:00Z,Florida International Panthers,New Mexico State Aggies,alternate_total_points,under,23.5,1300,fanduel,0.04922058832711959,-0.022207983101451834,"10 market(s) allowlisted for NCAAF: moneyline, spread, total_points, alternate_spread, alternate_total_points, team_total, alternate_team_total, moneyline_h1, spread_h1, total_points_h1."
2026-10-07,401871066,False,2026-10-07T23:30:00Z,Florida International Panthers,New Mexico State Aggies,alternate_total_points,under,24.5,1200,fanduel,0.06175254688256468,-0.015170530040512248,"10 market(s) allowlisted for NCAAF: moneyline, spread, total_points, alternate_spread, alternate_total_points, team_total, alternate_team_total, moneyline_h1, spread_h1, total_points_h1."
2026-10-07,401871066,False,2026-10-07T23:30:00Z,Florida International Panthers,New Mexico State Aggies,alternate_total_points,under,25.5,1100,fanduel,0.06833847849371336,-0.014994854839619973,"10 market(s) allowlisted for NCAAF: moneyline, spread, total_points, alternate_spread, alternate_total_points, team_total, alternate_team_total, moneyline_h1, spread_h1, total_points_h1."
2026-10-07,401871066,False,2026-10-07T23:30:00Z,Florida International Panthers,New Mexico State Aggies,alternate_total_points,under,26.5,1000,fanduel,0.0822612908114713,-0.008647800097619618,"10 market(s) allowlisted for NCAAF: moneyline, spread, total_points, alternate_spread, alternate_total_points, team_total, alternate_team_total, moneyline_h1, spread_h1, total_points_h1."
2026-10-07,401871066,False,2026-10-07T23:30:00Z,Florida International Panthers,New Mexico State Aggies,alternate_total_points,under,27.5,830,fanduel,0.09970059249238947,-0.007826289228040642,"10 market(s) allowlisted for NCAAF: moneyline, spread, total_points, alternate_spread, alternate_total_points, team_total, alternate_team_total, moneyline_h1, spread_h1, total_points_h1."
2026-10-07,401871066,False,2026-10-07T23:30:00Z,Florida International Panthers,New Mexico State Aggies,alternate_total_points,under,28.5,750,fanduel,0.11167602078853696,-0.005971038034992451,"10 market(s) allowlisted for NCAAF: moneyline, spread, total_points, alternate_spread, alternate_total_points, team_total, alternate_team_total, moneyline_h1, spread_h1, total_points_h1."
2026-10-07,401871066,False,2026-10-07T23:30:00Z,Florida International Panthers,New Mexico State Aggies,alternate_total_points,under,29.5,680,fanduel,0.12271847048751397,-0.005486657717614224,"10 market(s) allowlisted for NCAAF: moneyline, spread, total_points, alternate_spread, alternate_total_points, team_total, alternate_team_total, moneyline_h1, spread_h1, total_points_h1."
2026-10-07,401871066,False,2026-10-07T23:30:00Z,Florida International Panthers,New Mexico State Aggies,alternate_total_points,under,30.5,560,fanduel,0.14758399774268716,-0.003931153772464363,"10 market(s) allowlisted for NCAAF: moneyline, spread, total_points, alternate_spread, alternate_total_points, team_total, alternate_team_total, moneyline_h1, spread_h1, total_points_h1."
2026-10-07,401871066,False,2026-10-07T23:30:00Z,Florida International Panthers,New Mexico State Aggies,alternate_total_points,under,31.5,500,fanduel,0.1665752401615369,-9.142650512974915e-05,"10 market(s) allowlisted for NCAAF: moneyline, spread, total_points, alternate_spread, alternate_total_points, team_total, alternate_team_total, moneyline_h1, spread_h1, total_points_h1."
2026-10-07,401871066,False,2026-10-07T23:30:00Z,Florida International Panthers,New Mexico State Aggies,alternate_total_points,under,32.5,460,fanduel,0.17677835444435525,-0.0017930741270733297,"10 market(s) allowlisted for NCAAF: moneyline, spread, total_points, alternate_spread, alternate_total_points, team_total, alternate_team_total, moneyline_h1, spread_h1, total_points_h1."
2026-10-07,401871066,False,2026-10-07T23:30:00Z,Florida International Panthers,New Mexico State Aggies,alternate_total_points,under,33.5,400,fanduel,0.19762480969141447,-0.0023751903085855453,"10 market(s) allowlisted for NCAAF: moneyline, spread, total_points, alternate_spread, alternate_total_points, team_total, alternate_team_total, moneyline_h1, spread_h1, total_points_h1."
2026-10-07,401871066,False,2026-10-07T23:30:00Z,Florida International Panthers,New Mexico State Aggies,alternate_total_points,under,34.5,340,fanduel,0.21625911557016922,-0.011013611702558046,"10 market(s) allowlisted for NCAAF: moneyline, spread, total_points, alternate_spread, alternate_total_points, team_total, alternate_team_total, moneyline_h1, spread_h1, total_points_h1."
2026-10-07,401871066,False,2026-10-07T23:30:00Z,Florida International Panthers,New Mexico State Aggies,alternate_total_points,under,35.5,320,fanduel,0.23589429926243555,-0.0022009388328025348,"10 market(s) allowlisted for NCAAF: moneyline, spread, total_points, alternate_spread, alternate_total_points, team_total, alternate_team_total, moneyline_h1, spread_h1, total_points_h1."
2026-10-07,401871066,False,2026-10-07T23:30:00Z,Florida International Panthers,New Mexico State Aggies,alternate_total_points,under,36.5,285,fanduel,0.24864928408370449,-0.01109097565655523,"10 market(s) allowlisted for NCAAF: moneyline, spread, total_points, alternate_spread, alternate_total_points, team_total, alternate_team_total, moneyline_h1, spread_h1, total_points_h1."
2026-10-07,401871066,False,2026-10-07T23:30:00Z,Florida International Panthers,New Mexico State Aggies,alternate_total_points,under,37.5,240,fanduel,0.2815414679116699,-0.012576179147153643,"10 market(s) allowlisted for NCAAF: moneyline, spread, total_points, alternate_spread, alternate_total_points, team_total, alternate_team_total, moneyline_h1, spread_h1, total_points_h1."
2026-10-07,401871066,False,2026-10-07T23:30:00Z,Florida International Panthers,New Mexico State Aggies,alternate_total_points,under,38.5,215,fanduel,0.310703439397303,-0.006756878063014449,"10 market(s) allowlisted for NCAAF: moneyline, spread, total_points, alternate_spread, alternate_total_points, team_total, alternate_team_total, moneyline_h1, spread_h1, total_points_h1."
2026-10-07,401871066,False,2026-10-07T23:30:00Z,Florida International Panthers,New Mexico State Aggies,alternate_total_points,under,39.5,200,fanduel,0.3229272648150821,-0.01040606851825121,"10 market(s) allowlisted for NCAAF: moneyline, spread, total_points, alternate_spread, alternate_total_points, team_total, alternate_team_total, moneyline_h1, spread_h1, total_points_h1."
2026-10-07,401871066,False,2026-10-07T23:30:00Z,Florida International Panthers,New Mexico State Aggies,alternate_total_points,under,40.5,176,fanduel,0.34652224222680145,-0.015796598352908697,"10 market(s) allowlisted for NCAAF: moneyline, spread, total_points, alternate_spread, alternate_total_points, team_total, alternate_team_total, moneyline_h1, spread_h1, total_points_h1."
2026-10-07,401871066,False,2026-10-07T23:30:00Z,Florida International Panthers,New Mexico State Aggies,alternate_total_points,under,41.5,148,fanduel,0.3842276981790867,-0.018998108272526182,"10 market(s) allowlisted for NCAAF: moneyline, spread, total_points, alternate_spread, alternate_total_points, team_total, alternate_team_total, moneyline_h1, spread_h1, total_points_h1."
2026-10-07,401871066,False,2026-10-07T23:30:00Z,Florida International Panthers,New Mexico State Aggies,alternate_total_points,under,42.5,140,fanduel,0.4036657939342647,-0.013000872732401969,"10 market(s) allowlisted for NCAAF: moneyline, spread, total_points, alternate_spread, alternate_total_points, team_total, alternate_team_total, moneyline_h1, spread_h1, total_points_h1."
2026-10-07,401871066,False,2026-10-07T23:30:00Z,Florida International Panthers,New Mexico State Aggies,alternate_total_points,under,43.5,124,fanduel,0.4224806549390361,-0.02394791648953537,"10 market(s) allowlisted for NCAAF: moneyline, spread, total_points, alternate_spread, alternate_total_points, team_total, alternate_team_total, moneyline_h1, spread_h1, total_points_h1."
2026-10-07,401871066,False,2026-10-07T23:30:00Z,Florida International Panthers,New Mexico State Aggies,alternate_total_points,under,44.5,106,fanduel,0.45116880393650616,-0.034268089267377344,"10 market(s) allowlisted for NCAAF: moneyline, spread, total_points, alternate_spread, alternate_total_points, team_total, alternate_team_total, moneyline_h1, spread_h1, total_points_h1."
2026-10-07,401871066,False,2026-10-07T23:30:00Z,Florida International Panthers,New Mexico State Aggies,alternate_total_points,under,45.5,-106,fanduel,0.4824480103121841,-0.032115096483932404,"10 market(s) allowlisted for NCAAF: moneyline, spread, total_points, alternate_spread, alternate_total_points, team_total, alternate_team_total, moneyline_h1, spread_h1, total_points_h1."
2026-10-07,401871066,False,2026-10-07T23:30:00Z,Florida International Panthers,New Mexico State Aggies,alternate_total_points,under,46.5,-113,fanduel,0.5000000066841689,-0.03051642524071374,"10 market(s) allowlisted for NCAAF: moneyline, spread, total_points, alternate_spread, alternate_total_points, team_total, alternate_team_total, moneyline_h1, spread_h1, total_points_h1."
2026-10-07,401871066,False,2026-10-07T23:30:00Z,Florida International Panthers,New Mexico State Aggies,alternate_total_points,under,47.5,-130,fanduel,0.5287067054803726,-0.03651068582397521,"10 market(s) allowlisted for NCAAF: moneyline, spread, total_points, alternate_spread, alternate_total_points, team_total, alternate_team_total, moneyline_h1, spread_h1, total_points_h1."
2026-10-07,401871066,False,2026-10-07T23:30:00Z,Florida International Panthers,New Mexico State Aggies,alternate_total_points,under,48.5,-148,fanduel,0.5616669998917684,-0.03510719365661874,"10 market(s) allowlisted for NCAAF: moneyline, spread, total_points, alternate_spread, alternate_total_points, team_total, alternate_team_total, moneyline_h1, spread_h1, total_points_h1."
2026-10-07,401871066,False,2026-10-07T23:30:00Z,Florida International Panthers,New Mexico State Aggies,alternate_total_points,under,49.5,-164,fanduel,0.5817683101512158,-0.03944381106090544,"10 market(s) allowlisted for NCAAF: moneyline, spread, total_points, alternate_spread, alternate_total_points, team_total, alternate_team_total, moneyline_h1, spread_h1, total_points_h1."
2026-10-07,401871066,False,2026-10-07T23:30:00Z,Florida International Panthers,New Mexico State Aggies,alternate_total_points,under,50.5,-180,fanduel,0.5983146483270647,-0.04454249453007819,"10 market(s) allowlisted for NCAAF: moneyline, spread, total_points, alternate_spread, alternate_total_points, team_total, alternate_team_total, moneyline_h1, spread_h1, total_points_h1."
2026-10-07,401871066,False,2026-10-07T23:30:00Z,Florida International Panthers,New Mexico State Aggies,alternate_total_points,under,51.5,-210,fanduel,0.6326712757636207,-0.04474807907508893,"10 market(s) allowlisted for NCAAF: moneyline, spread, total_points, alternate_spread, alternate_total_points, team_total, alternate_team_total, moneyline_h1, spread_h1, total_points_h1."
2026-10-07,401871066,False,2026-10-07T23:30:00Z,Florida International Panthers,New Mexico State Aggies,alternate_total_points,under,52.5,-240,fanduel,0.6564956065582137,-0.04938674638296281,"10 market(s) allowlisted for NCAAF: moneyline, spread, total_points, alternate_spread, alternate_total_points, team_total, alternate_team_total, moneyline_h1, spread_h1, total_points_h1."
2026-10-07,401871066,False,2026-10-07T23:30:00Z,Florida International Panthers,New Mexico State Aggies,alternate_total_points,under,53.5,-265,fanduel,0.6733952421120442,-0.05263215514822983,"10 market(s) allowlisted for NCAAF: moneyline, spread, total_points, alternate_spread, alternate_total_points, team_total, alternate_team_total, moneyline_h1, spread_h1, total_points_h1."
2026-10-07,401871066,False,2026-10-07T23:30:00Z,Florida International Panthers,New Mexico State Aggies,alternate_total_points,under,54.5,-295,fanduel,0.6916635610798761,-0.05517188195809852,"10 market(s) allowlisted for NCAAF: moneyline, spread, total_points, alternate_spread, alternate_total_points, team_total, alternate_team_total, moneyline_h1, spread_h1, total_points_h1."
2026-10-07,401871066,False,2026-10-07T23:30:00Z,Florida International Panthers,New Mexico State Aggies,alternate_total_points,under,55.5,-350,fanduel,0.7184167511647804,-0.05936102661299736,"10 market(s) allowlisted for NCAAF: moneyline, spread, total_points, alternate_spread, alternate_total_points, team_total, alternate_team_total, moneyline_h1, spread_h1, total_points_h1."
2026-10-07,401871066,False,2026-10-07T23:30:00Z,Florida International Panthers,New Mexico State Aggies,alternate_total_points,under,56.5,-390,fanduel,0.7351983539545446,-0.06072001339239419,"10 market(s) allowlisted for NCAAF: moneyline, spread, total_points, alternate_spread, alternate_total_points, team_total, alternate_team_total, moneyline_h1, spread_h1, total_points_h1."
2026-10-07,401871066,False,2026-10-07T23:30:00Z,Florida International Panthers,New Mexico State Aggies,alternate_total_points,under,57.5,-430,fanduel,0.7551044706636266,-0.05621628405335455,"10 market(s) allowlisted for NCAAF: moneyline, spread, total_points, alternate_spread, alternate_total_points, team_total, alternate_team_total, moneyline_h1, spread_h1, total_points_h1."
2026-10-07,401871066,False,2026-10-07T23:30:00Z,Florida International Panthers,New Mexico State Aggies,alternate_total_points,under,58.5,-500,fanduel,0.774973484909856,-0.05835984842347741,"10 market(s) allowlisted for NCAAF: moneyline, spread, total_points, alternate_spread, alternate_total_points, team_total, alternate_team_total, moneyline_h1, spread_h1, total_points_h1."
2026-10-07,401871066,False,2026-10-07T23:30:00Z,Florida International Panthers,New Mexico State Aggies,alternate_total_points,under,59.5,-560,fanduel,0.7957549369999438,-0.05272991148490469,"10 market(s) allowlisted for NCAAF: moneyline, spread, total_points, alternate_spread, alternate_total_points, team_total, alternate_team_total, moneyline_h1, spread_h1, total_points_h1."
2026-10-07,401871066,False,2026-10-07T23:30:00Z,Florida International Panthers,New Mexico State Aggies,alternate_total_points,under,60.5,-620,fanduel,0.8077664114220097,-0.053344699689101494,"10 market(s) allowlisted for NCAAF: moneyline, spread, total_points, alternate_spread, alternate_total_points, team_total, alternate_team_total, moneyline_h1, spread_h1, total_points_h1."
2026-10-07,401871066,False,2026-10-07T23:30:00Z,Florida International Panthers,New Mexico State Aggies,alternate_total_points,under,61.5,-720,fanduel,0.8198547269228005,-0.0581940535650044,"10 market(s) allowlisted for NCAAF: moneyline, spread, total_points, alternate_spread, alternate_total_points, team_total, alternate_team_total, moneyline_h1, spread_h1, total_points_h1."
2026-10-07,401871066,False,2026-10-07T23:30:00Z,Florida International Panthers,New Mexico State Aggies,alternate_total_points,under,62.5,-850,fanduel,0.8411302349314749,-0.05360660717378829,"10 market(s) allowlisted for NCAAF: moneyline, spread, total_points, alternate_spread, alternate_total_points, team_total, alternate_team_total, moneyline_h1, spread_h1, total_points_h1."
2026-10-07,401871066,False,2026-10-07T23:30:00Z,Florida International Panthers,New Mexico State Aggies,alternate_total_points,under,63.5,-1000,fanduel,0.8558649367814101,-0.05322597230949899,"10 market(s) allowlisted for NCAAF: moneyline, spread, total_points, alternate_spread, alternate_total_points, team_total, alternate_team_total, moneyline_h1, spread_h1, total_points_h1."
2026-10-07,401871066,False,2026-10-07T23:30:00Z,Florida International Panthers,New Mexico State Aggies,alternate_total_points,under,64.5,-1100,fanduel,0.8661944999059938,-0.05047216676067279,"10 market(s) allowlisted for NCAAF: moneyline, spread, total_points, alternate_spread, alternate_total_points, team_total, alternate_team_total, moneyline_h1, spread_h1, total_points_h1."
2026-10-07,401871066,False,2026-10-07T23:30:00Z,Florida International Panthers,New Mexico State Aggies,alternate_total_points,under,65.5,-1400,fanduel,0.8849423602370875,-0.04839097309624585,"10 market(s) allowlisted for NCAAF: moneyline, spread, total_points, alternate_spread, alternate_total_points, team_total, alternate_team_total, moneyline_h1, spread_h1, total_points_h1."
2026-10-07,401871066,False,2026-10-07T23:30:00Z,Florida International Panthers,New Mexico State Aggies,alternate_total_points,under,66.5,-1800,fanduel,0.8979044500787396,-0.04946397097389188,"10 market(s) allowlisted for NCAAF: moneyline, spread, total_points, alternate_spread, alternate_total_points, team_total, alternate_team_total, moneyline_h1, spread_h1, total_points_h1."
2026-10-07,401871066,False,2026-10-07T23:30:00Z,Florida International Panthers,New Mexico State Aggies,alternate_total_points,under,67.5,-2000,fanduel,0.9042753575319616,-0.048105594848990685,"10 market(s) allowlisted for NCAAF: moneyline, spread, total_points, alternate_spread, alternate_total_points, team_total, alternate_team_total, moneyline_h1, spread_h1, total_points_h1."
2026-10-07,401871066,False,2026-10-07T23:30:00Z,Florida International Panthers,New Mexico State Aggies,alternate_total_points,under,68.5,-2500,fanduel,0.9133474211398132,-0.04819104039864841,"10 market(s) allowlisted for NCAAF: moneyline, spread, total_points, alternate_spread, alternate_total_points, team_total, alternate_team_total, moneyline_h1, spread_h1, total_points_h1."
2026-10-07,401871066,False,2026-10-07T23:30:00Z,Florida International Panthers,New Mexico State Aggies,alternate_total_points,under,69.5,-3500,fanduel,0.9267507217753886,-0.04547150044683357,"10 market(s) allowlisted for NCAAF: moneyline, spread, total_points, alternate_spread, alternate_total_points, team_total, alternate_team_total, moneyline_h1, spread_h1, total_points_h1."
2026-10-07,401871066,False,2026-10-07T23:30:00Z,Florida International Panthers,New Mexico State Aggies,alternate_total_points,under,70.5,-4000,fanduel,0.937268494233338,-0.03834126186422293,"10 market(s) allowlisted for NCAAF: moneyline, spread, total_points, alternate_spread, alternate_total_points, team_total, alternate_team_total, moneyline_h1, spread_h1, total_points_h1."
2026-10-07,401871066,False,2026-10-07T23:30:00Z,Florida International Panthers,New Mexico State Aggies,alternate_total_points,under,71.5,-4500,fanduel,0.9439751765050372,-0.034285693060180256,"10 market(s) allowlisted for NCAAF: moneyline, spread, total_points, alternate_spread, alternate_total_points, team_total, alternate_team_total, moneyline_h1, spread_h1, total_points_h1."
2026-10-07,401871066,False,2026-10-07T23:30:00Z,Florida International Panthers,New Mexico State Aggies,alternate_total_points,under,72.5,-5000,fanduel,0.9480090724740098,-0.03238308438873527,"10 market(s) allowlisted for NCAAF: moneyline, spread, total_points, alternate_spread, alternate_total_points, team_total, alternate_team_total, moneyline_h1, spread_h1, total_points_h1."
2026-10-07,401871066,False,2026-10-07T23:30:00Z,Florida International Panthers,New Mexico State Aggies,alternate_total_points,under,73.5,-6000,fanduel,0.9560085605253039,-0.027597996851745243,"10 market(s) allowlisted for NCAAF: moneyline, spread, total_points, alternate_spread, alternate_total_points, team_total, alternate_team_total, moneyline_h1, spread_h1, total_points_h1."
2026-10-07,401871066,False,2026-10-07T23:30:00Z,Florida International Panthers,New Mexico State Aggies,alternate_total_points,under,74.5,-7000,fanduel,0.9600600579143383,-0.025855435043408148,"10 market(s) allowlisted for NCAAF: moneyline, spread, total_points, alternate_spread, alternate_total_points, team_total, alternate_team_total, moneyline_h1, spread_h1, total_points_h1."
2026-10-07,401871066,False,2026-10-07T23:30:00Z,Florida International Panthers,New Mexico State Aggies,alternate_total_points,under,75.5,-7000,fanduel,0.9616765294799027,-0.024238963477843822,"10 market(s) allowlisted for NCAAF: moneyline, spread, total_points, alternate_spread, alternate_total_points, team_total, alternate_team_total, moneyline_h1, spread_h1, total_points_h1."
2026-10-07,401871066,False,2026-10-07T23:30:00Z,Florida International Panthers,New Mexico State Aggies,alternate_total_points,under,76.5,-10000,fanduel,0.9651497914725667,-0.024949218428423348,"10 market(s) allowlisted for NCAAF: moneyline, spread, total_points, alternate_spread, alternate_total_points, team_total, alternate_team_total, moneyline_h1, spread_h1, total_points_h1."
2026-10-07,401871066,False,2026-10-07T23:30:00Z,Florida International Panthers,New Mexico State Aggies,alternate_total_points,under,77.5,-10000,fanduel,0.9690766110416835,-0.021022398859306568,"10 market(s) allowlisted for NCAAF: moneyline, spread, total_points, alternate_spread, alternate_total_points, team_total, alternate_team_total, moneyline_h1, spread_h1, total_points_h1."
2026-10-07,401871066,False,2026-10-07T23:30:00Z,Florida International Panthers,New Mexico State Aggies,alternate_spread,home,16.5,-8400,draftkings,0.9503665197335107,-0.03786877438413638,"10 market(s) allowlisted for NCAAF: moneyline, spread, total_points, alternate_spread, alternate_total_points, team_total, alternate_team_total, moneyline_h1, spread_h1, total_points_h1."
2026-10-07,401871066,False,2026-10-07T23:30:00Z,Florida International Panthers,New Mexico State Aggies,alternate_spread,home,15.5,-6100,draftkings,0.9456418082189579,-0.03822915952297756,"10 market(s) allowlisted for NCAAF: moneyline, spread, total_points, alternate_spread, alternate_total_points, team_total, alternate_team_total, moneyline_h1, spread_h1, total_points_h1."
2026-10-07,401871066,False,2026-10-07T23:30:00Z,Florida International Panthers,New Mexico State Aggies,alternate_spread,home,14.5,-4700,draftkings,0.9376765446743922,-0.04149012199227442,"10 market(s) allowlisted for NCAAF: moneyline, spread, total_points, alternate_spread, alternate_total_points, team_total, alternate_team_total, moneyline_h1, spread_h1, total_points_h1."
2026-10-07,401871066,False,2026-10-07T23:30:00Z,Florida International Panthers,New Mexico State Aggies,alternate_spread,home,13.5,-2800,draftkings,0.9268806633880164,-0.03863657799129394,"10 market(s) allowlisted for NCAAF: moneyline, spread, total_points, alternate_spread, alternate_total_points, team_total, alternate_team_total, moneyline_h1, spread_h1, total_points_h1."
2026-10-07,401871066,False,2026-10-07T23:30:00Z,Florida International Panthers,New Mexico State Aggies,alternate_spread,home,12.5,-2300,draftkings,0.9147284395260271,-0.043604893807306255,"10 market(s) allowlisted for NCAAF: moneyline, spread, total_points, alternate_spread, alternate_total_points, team_total, alternate_team_total, moneyline_h1, spread_h1, total_points_h1."
2026-10-07,401871066,False,2026-10-07T23:30:00Z,Florida International Panthers,New Mexico State Aggies,alternate_spread,home,11.5,-1940,draftkings,0.9100431738628847,-0.040937218293978006,"10 market(s) allowlisted for NCAAF: moneyline, spread, total_points, alternate_spread, alternate_total_points, team_total, alternate_team_total, moneyline_h1, spread_h1, total_points_h1."
2026-10-07,401871066,False,2026-10-07T23:30:00Z,Florida International Panthers,New Mexico State Aggies,alternate_spread,home,10.5,-1600,draftkings,0.9022809896361002,-0.03889548095213513,"10 market(s) allowlisted for NCAAF: moneyline, spread, total_points, alternate_spread, alternate_total_points, team_total, alternate_team_total, moneyline_h1, spread_h1, total_points_h1."
2026-10-07,401871066,False,2026-10-07T23:30:00Z,Florida International Panthers,New Mexico State Aggies,alternate_spread,home,9.5,-1160,draftkings,0.8874336523418773,-0.03320126829304326,"10 market(s) allowlisted for NCAAF: moneyline, spread, total_points, alternate_spread, alternate_total_points, team_total, alternate_team_total, moneyline_h1, spread_h1, total_points_h1."
2026-10-07,401871066,False,2026-10-07T23:30:00Z,Florida International Panthers,New Mexico State Aggies,alternate_spread,home,8.5,-1060,draftkings,0.8779619102346032,-0.035831193213672674,"10 market(s) allowlisted for NCAAF: moneyline, spread, total_points, alternate_spread, alternate_total_points, team_total, alternate_team_total, moneyline_h1, spread_h1, total_points_h1."
2026-10-07,401871066,False,2026-10-07T23:30:00Z,Florida International Panthers,New Mexico State Aggies,alternate_spread,home,7.5,-940,draftkings,0.8674092470806993,-0.036436906765454524,"10 market(s) allowlisted for NCAAF: moneyline, spread, total_points, alternate_spread, alternate_total_points, team_total, alternate_team_total, moneyline_h1, spread_h1, total_points_h1."
2026-10-07,401871066,False,2026-10-07T23:30:00Z,Florida International Panthers,New Mexico State Aggies,alternate_spread,home,6.5,-650,draftkings,0.8359596826324693,-0.03070698403419736,"10 market(s) allowlisted for NCAAF: moneyline, spread, total_points, alternate_spread, alternate_total_points, team_total, alternate_team_total, moneyline_h1, spread_h1, total_points_h1."
2026-10-07,401871066,False,2026-10-07T23:30:00Z,Florida International Panthers,New Mexico State Aggies,alternate_spread,home,5.5,-558,draftkings,0.8094526757749034,-0.0385716403345191,"10 market(s) allowlisted for NCAAF: moneyline, spread, total_points, alternate_spread, alternate_total_points, team_total, alternate_team_total, moneyline_h1, spread_h1, total_points_h1."
2026-10-07,401871066,False,2026-10-07T23:30:00Z,Florida International Panthers,New Mexico State Aggies,alternate_spread,home,4.5,-504,draftkings,0.7950370753804,-0.03940001071231525,"10 market(s) allowlisted for NCAAF: moneyline, spread, total_points, alternate_spread, alternate_total_points, team_total, alternate_team_total, moneyline_h1, spread_h1, total_points_h1."
2026-10-07,401871066,False,2026-10-07T23:30:00Z,Florida International Panthers,New Mexico State Aggies,alternate_spread,home,3.5,-444,draftkings,0.7727417983537893,-0.04343467223444597,"10 market(s) allowlisted for NCAAF: moneyline, spread, total_points, alternate_spread, alternate_total_points, team_total, alternate_team_total, moneyline_h1, spread_h1, total_points_h1."
2026-10-07,401871066,False,2026-10-07T23:30:00Z,Florida International Panthers,New Mexico State Aggies,alternate_spread,home,2.5,-324,draftkings,0.7252671121482976,-0.038883831247928824,"10 market(s) allowlisted for NCAAF: moneyline, spread, total_points, alternate_spread, alternate_total_points, team_total, alternate_team_total, moneyline_h1, spread_h1, total_points_h1."
2026-10-07,401871066,False,2026-10-07T23:30:00Z,Florida International Panthers,New Mexico State Aggies,alternate_spread,home,1.5,-292,draftkings,0.7045060806225006,-0.04039187856117288,"10 market(s) allowlisted for NCAAF: moneyline, spread, total_points, alternate_spread, alternate_total_points, team_total, alternate_team_total, moneyline_h1, spread_h1, total_points_h1."
2026-10-07,401871066,False,2026-10-07T23:30:00Z,Florida International Panthers,New Mexico State Aggies,alternate_spread,home,-1.5,-243,draftkings,0.671208976370417,-0.037245834125209876,"10 market(s) allowlisted for NCAAF: moneyline, spread, total_points, alternate_spread, alternate_total_points, team_total, alternate_team_total, moneyline_h1, spread_h1, total_points_h1."
2026-10-07,401871066,False,2026-10-07T23:30:00Z,Florida International Panthers,New Mexico State Aggies,alternate_spread,home,-2.5,-220,draftkings,0.6492770304241816,-0.03822296957581839,"10 market(s) allowlisted for NCAAF: moneyline, spread, total_points, alternate_spread, alternate_total_points, team_total, alternate_team_total, moneyline_h1, spread_h1, total_points_h1."
2026-10-07,401871066,False,2026-10-07T23:30:00Z,Florida International Panthers,New Mexico State Aggies,alternate_spread,home,-3.5,-166,draftkings,0.5791353857630765,-0.04492476461286332,"10 market(s) allowlisted for NCAAF: moneyline, spread, total_points, alternate_spread, alternate_total_points, team_total, alternate_team_total, moneyline_h1, spread_h1, total_points_h1."
2026-10-07,401871066,False,2026-10-07T23:30:00Z,Florida International Panthers,New Mexico State Aggies,alternate_spread,home,-4.5,-149,draftkings,0.5441889863762087,-0.05420458792098004,"10 market(s) allowlisted for NCAAF: moneyline, spread, total_points, alternate_spread, alternate_total_points, team_total, alternate_team_total, moneyline_h1, spread_h1, total_points_h1."
2026-10-07,401871066,False,2026-10-07T23:30:00Z,Florida International Panthers,New Mexico State Aggies,alternate_spread,home,-5.5,-136,draftkings,0.5214683335274182,-0.054802852913259814,"10 market(s) allowlisted for NCAAF: moneyline, spread, total_points, alternate_spread, alternate_total_points, team_total, alternate_team_total, moneyline_h1, spread_h1, total_points_h1."
2026-10-07,401871066,False,2026-10-07T23:30:00Z,Florida International Panthers,New Mexico State Aggies,alternate_spread,home,-7.5,106,draftkings,0.4496399486548811,-0.035796944549002396,"10 market(s) allowlisted for NCAAF: moneyline, spread, total_points, alternate_spread, alternate_total_points, team_total, alternate_team_total, moneyline_h1, spread_h1, total_points_h1."
2026-10-07,401871066,False,2026-10-07T23:30:00Z,Florida International Panthers,New Mexico State Aggies,alternate_spread,home,-8.5,116,draftkings,0.41943613186886797,-0.043526831094095,"10 market(s) allowlisted for NCAAF: moneyline, spread, total_points, alternate_spread, alternate_total_points, team_total, alternate_team_total, moneyline_h1, spread_h1, total_points_h1."
2026-10-07,401871066,False,2026-10-07T23:30:00Z,Florida International Panthers,New Mexico State Aggies,alternate_spread,home,-9.5,123,draftkings,0.40727390047235623,-0.04115659280118639,"10 market(s) allowlisted for NCAAF: moneyline, spread, total_points, alternate_spread, alternate_total_points, team_total, alternate_team_total, moneyline_h1, spread_h1, total_points_h1."
2026-10-07,401871066,False,2026-10-07T23:30:00Z,Florida International Panthers,New Mexico State Aggies,alternate_spread,home,-10.5,149,draftkings,0.37873583363119145,-0.02287059207161979,"10 market(s) allowlisted for NCAAF: moneyline, spread, total_points, alternate_spread, alternate_total_points, team_total, alternate_team_total, moneyline_h1, spread_h1, total_points_h1."
2026-10-07,401871066,False,2026-10-07T23:30:00Z,Florida International Panthers,New Mexico State Aggies,alternate_spread,home,-11.5,164,draftkings,0.3533214989284659,-0.025466379859412858,"10 market(s) allowlisted for NCAAF: moneyline, spread, total_points, alternate_spread, alternate_total_points, team_total, alternate_team_total, moneyline_h1, spread_h1, total_points_h1."
2026-10-07,401871066,False,2026-10-07T23:30:00Z,Florida International Panthers,New Mexico State Aggies,alternate_spread,home,-12.5,177,draftkings,0.3437374019709412,-0.017273428353968556,"10 market(s) allowlisted for NCAAF: moneyline, spread, total_points, alternate_spread, alternate_total_points, team_total, alternate_team_total, moneyline_h1, spread_h1, total_points_h1."
2026-10-07,401871066,False,2026-10-07T23:30:00Z,Florida International Panthers,New Mexico State Aggies,alternate_spread,home,-13.5,193,draftkings,0.3322443355389327,-0.0090525927887124,"10 market(s) allowlisted for NCAAF: moneyline, spread, total_points, alternate_spread, alternate_total_points, team_total, alternate_team_total, moneyline_h1, spread_h1, total_points_h1."
2026-10-07,401871066,False,2026-10-07T23:30:00Z,Florida International Panthers,New Mexico State Aggies,alternate_spread,home,-14.5,232,draftkings,0.30266259493245223,0.0014577756553437737,"10 market(s) allowlisted for NCAAF: moneyline, spread, total_points, alternate_spread, alternate_total_points, team_total, alternate_team_total, moneyline_h1, spread_h1, total_points_h1."
2026-10-07,401871066,False,2026-10-07T23:30:00Z,Florida International Panthers,New Mexico State Aggies,alternate_spread,home,-15.5,251,draftkings,0.28716151435862086,0.002261229458335956,"10 market(s) allowlisted for NCAAF: moneyline, spread, total_points, alternate_spread, alternate_total_points, team_total, alternate_team_total, moneyline_h1, spread_h1, total_points_h1."
2026-10-07,401871066,False,2026-10-07T23:30:00Z,Florida International Panthers,New Mexico State Aggies,alternate_spread,home,-16.5,271,draftkings,0.27797367879108464,0.008431899815343424,"10 market(s) allowlisted for NCAAF: moneyline, spread, total_points, alternate_spread, alternate_total_points, team_total, alternate_team_total, moneyline_h1, spread_h1, total_points_h1."
2026-10-07,401871066,False,2026-10-07T23:30:00Z,Florida International Panthers,New Mexico State Aggies,alternate_spread,home,-17.5,322,draftkings,0.2519364847037742,0.014969660059224454,"10 market(s) allowlisted for NCAAF: moneyline, spread, total_points, alternate_spread, alternate_total_points, team_total, alternate_team_total, moneyline_h1, spread_h1, total_points_h1."
2026-10-07,401871066,False,2026-10-07T23:30:00Z,Florida International Panthers,New Mexico State Aggies,alternate_spread,home,-18.5,363,draftkings,0.23395866132403578,0.01797593994174637,"10 market(s) allowlisted for NCAAF: moneyline, spread, total_points, alternate_spread, alternate_total_points, team_total, alternate_team_total, moneyline_h1, spread_h1, total_points_h1."
2026-10-07,401871066,False,2026-10-07T23:30:00Z,Florida International Panthers,New Mexico State Aggies,alternate_spread,home,-19.5,393,draftkings,0.21538106142865565,0.012541304836363565,"10 market(s) allowlisted for NCAAF: moneyline, spread, total_points, alternate_spread, alternate_total_points, team_total, alternate_team_total, moneyline_h1, spread_h1, total_points_h1."
2026-10-07,401871066,False,2026-10-07T23:30:00Z,Florida International Panthers,New Mexico State Aggies,alternate_spread,home,-20.5,433,draftkings,0.191091167862926,0.003473907074933502,"10 market(s) allowlisted for NCAAF: moneyline, spread, total_points, alternate_spread, alternate_total_points, team_total, alternate_team_total, moneyline_h1, spread_h1, total_points_h1."
2026-10-07,401871066,False,2026-10-07T23:30:00Z,Florida International Panthers,New Mexico State Aggies,alternate_spread,home,-21.5,522,draftkings,0.15939669940700957,-0.0013750047730547443,"10 market(s) allowlisted for NCAAF: moneyline, spread, total_points, alternate_spread, alternate_total_points, team_total, alternate_team_total, moneyline_h1, spread_h1, total_points_h1."
2026-10-07,401871066,False,2026-10-07T23:30:00Z,Florida International Panthers,New Mexico State Aggies,alternate_spread,home,-22.5,561,draftkings,0.14182460798693153,-0.009461322421540491,"10 market(s) allowlisted for NCAAF: moneyline, spread, total_points, alternate_spread, alternate_total_points, team_total, alternate_team_total, moneyline_h1, spread_h1, total_points_h1."
2026-10-07,401871066,False,2026-10-07T23:30:00Z,Florida International Panthers,New Mexico State Aggies,alternate_spread,home,-23.5,600,draftkings,0.13362358167040242,-0.00923356118674043,"10 market(s) allowlisted for NCAAF: moneyline, spread, total_points, alternate_spread, alternate_total_points, team_total, alternate_team_total, moneyline_h1, spread_h1, total_points_h1."
2026-10-07,401871066,False,2026-10-07T23:30:00Z,Florida International Panthers,New Mexico State Aggies,alternate_spread,home,-24.5,720,draftkings,0.11875624766205818,-0.003194971850136938,"10 market(s) allowlisted for NCAAF: moneyline, spread, total_points, alternate_spread, alternate_total_points, team_total, alternate_team_total, moneyline_h1, spread_h1, total_points_h1."
2026-10-07,401871066,False,2026-10-07T23:30:00Z,Florida International Panthers,New Mexico State Aggies,alternate_spread,home,-25.5,810,draftkings,0.11018330455284493,0.000293194662735044,"10 market(s) allowlisted for NCAAF: moneyline, spread, total_points, alternate_spread, alternate_total_points, team_total, alternate_team_total, moneyline_h1, spread_h1, total_points_h1."
2026-10-07,401871066,False,2026-10-07T23:30:00Z,Florida International Panthers,New Mexico State Aggies,alternate_spread,home,-26.5,870,draftkings,0.10405582384860175,0.0009630403434471163,"10 market(s) allowlisted for NCAAF: moneyline, spread, total_points, alternate_spread, alternate_total_points, team_total, alternate_team_total, moneyline_h1, spread_h1, total_points_h1."
2026-10-07,401871066,False,2026-10-07T23:30:00Z,Florida International Panthers,New Mexico State Aggies,alternate_spread,home,-27.5,970,draftkings,0.09667388283608717,0.003215938910853533,"10 market(s) allowlisted for NCAAF: moneyline, spread, total_points, alternate_spread, alternate_total_points, team_total, alternate_team_total, moneyline_h1, spread_h1, total_points_h1."
2026-10-07,401871066,False,2026-10-07T23:30:00Z,Florida International Panthers,New Mexico State Aggies,alternate_spread,away,-16.5,1120,draftkings,0.04963348026648996,-0.03233373284826413,"10 market(s) allowlisted for NCAAF: moneyline, spread, total_points, alternate_spread, alternate_total_points, team_total, alternate_team_total, moneyline_h1, spread_h1, total_points_h1."
2026-10-07,401871066,False,2026-10-07T23:30:00Z,Florida International Panthers,New Mexico State Aggies,alternate_spread,away,-15.5,1060,draftkings,0.05435819178104279,-0.03184870477068135,"10 market(s) allowlisted for NCAAF: moneyline, spread, total_points, alternate_spread, alternate_total_points, team_total, alternate_team_total, moneyline_h1, spread_h1, total_points_h1."
2026-10-07,401871066,False,2026-10-07T23:30:00Z,Florida International Panthers,New Mexico State Aggies,alternate_spread,away,-14.5,1000,draftkings,0.06232345532560839,-0.028585635583482524,"10 market(s) allowlisted for NCAAF: moneyline, spread, total_points, alternate_spread, alternate_total_points, team_total, alternate_team_total, moneyline_h1, spread_h1, total_points_h1."
2026-10-07,401871066,False,2026-10-07T23:30:00Z,Florida International Panthers,New Mexico State Aggies,alternate_spread,away,-13.5,860,draftkings,0.07311933661198419,-0.03104733005468248,"10 market(s) allowlisted for NCAAF: moneyline, spread, total_points, alternate_spread, alternate_total_points, team_total, alternate_team_total, moneyline_h1, spread_h1, total_points_h1."
2026-10-07,401871066,False,2026-10-07T23:30:00Z,Florida International Panthers,New Mexico State Aggies,alternate_spread,away,-12.5,790,draftkings,0.08527156047397359,-0.027087990087824157,"10 market(s) allowlisted for NCAAF: moneyline, spread, total_points, alternate_spread, alternate_total_points, team_total, alternate_team_total, moneyline_h1, spread_h1, total_points_h1."
2026-10-07,401871066,False,2026-10-07T23:30:00Z,Florida International Panthers,New Mexico State Aggies,alternate_spread,away,-11.5,740,draftkings,0.08995682613711609,-0.029090792910502955,"10 market(s) allowlisted for NCAAF: moneyline, spread, total_points, alternate_spread, alternate_total_points, team_total, alternate_team_total, moneyline_h1, spread_h1, total_points_h1."
2026-10-07,401871066,False,2026-10-07T23:30:00Z,Florida International Panthers,New Mexico State Aggies,alternate_spread,away,-10.5,670,draftkings,0.09771901036390042,-0.03215111950622944,"10 market(s) allowlisted for NCAAF: moneyline, spread, total_points, alternate_spread, alternate_total_points, team_total, alternate_team_total, moneyline_h1, spread_h1, total_points_h1."
2026-10-07,401871066,False,2026-10-07T23:30:00Z,Florida International Panthers,New Mexico State Aggies,alternate_spread,away,-9.5,572,draftkings,0.11256634765812332,-0.03624317615140049,"10 market(s) allowlisted for NCAAF: moneyline, spread, total_points, alternate_spread, alternate_total_points, team_total, alternate_team_total, moneyline_h1, spread_h1, total_points_h1."
2026-10-07,401871066,False,2026-10-07T23:30:00Z,Florida International Panthers,New Mexico State Aggies,alternate_spread,away,-8.5,543,draftkings,0.12203808976539747,-0.03348290556897267,"10 market(s) allowlisted for NCAAF: moneyline, spread, total_points, alternate_spread, alternate_total_points, team_total, alternate_team_total, moneyline_h1, spread_h1, total_points_h1."
2026-10-07,401871066,False,2026-10-07T23:30:00Z,Florida International Panthers,New Mexico State Aggies,alternate_spread,away,-7.5,501,draftkings,0.13259075291930142,-0.033798598162229354,"10 market(s) allowlisted for NCAAF: moneyline, spread, total_points, alternate_spread, alternate_total_points, team_total, alternate_team_total, moneyline_h1, spread_h1, total_points_h1."
2026-10-07,401871066,False,2026-10-07T23:30:00Z,Florida International Panthers,New Mexico State Aggies,alternate_spread,away,-6.5,391,draftkings,0.16404031736753125,-0.0396256704125095,"10 market(s) allowlisted for NCAAF: moneyline, spread, total_points, alternate_spread, alternate_total_points, team_total, alternate_team_total, moneyline_h1, spread_h1, total_points_h1."
2026-10-07,401871066,False,2026-10-07T23:30:00Z,Florida International Panthers,New Mexico State Aggies,alternate_spread,away,-5.5,351,draftkings,0.19054732422509726,-0.031182165797075695,"10 market(s) allowlisted for NCAAF: moneyline, spread, total_points, alternate_spread, alternate_total_points, team_total, alternate_team_total, moneyline_h1, spread_h1, total_points_h1."
2026-10-07,401871066,False,2026-10-07T23:30:00Z,Florida International Panthers,New Mexico State Aggies,alternate_spread,away,-4.5,325,draftkings,0.2049629246196007,-0.030331193027458125,"10 market(s) allowlisted for NCAAF: moneyline, spread, total_points, alternate_spread, alternate_total_points, team_total, alternate_team_total, moneyline_h1, spread_h1, total_points_h1."
2026-10-07,401871066,False,2026-10-07T23:30:00Z,Florida International Panthers,New Mexico State Aggies,alternate_spread,away,-3.5,294,draftkings,0.22725820164621136,-0.0265489049527734,"10 market(s) allowlisted for NCAAF: moneyline, spread, total_points, alternate_spread, alternate_total_points, team_total, alternate_team_total, moneyline_h1, spread_h1, total_points_h1."
2026-10-07,401871066,False,2026-10-07T23:30:00Z,Florida International Panthers,New Mexico State Aggies,alternate_spread,away,-2.5,227,draftkings,0.27473288785170297,-0.031077509701813832,"10 market(s) allowlisted for NCAAF: moneyline, spread, total_points, alternate_spread, alternate_total_points, team_total, alternate_team_total, moneyline_h1, spread_h1, total_points_h1."
2026-10-07,401871066,False,2026-10-07T23:30:00Z,Florida International Panthers,New Mexico State Aggies,alternate_spread,away,-1.5,208,draftkings,0.29549391937749986,-0.029181405297824814,"10 market(s) allowlisted for NCAAF: moneyline, spread, total_points, alternate_spread, alternate_total_points, team_total, alternate_team_total, moneyline_h1, spread_h1, total_points_h1."
2026-10-07,401871066,False,2026-10-07T23:30:00Z,Florida International Panthers,New Mexico State Aggies,alternate_spread,away,1.5,176,draftkings,0.3287910236295837,-0.033527816950126466,"10 market(s) allowlisted for NCAAF: moneyline, spread, total_points, alternate_spread, alternate_total_points, team_total, alternate_team_total, moneyline_h1, spread_h1, total_points_h1."
2026-10-07,401871066,False,2026-10-07T23:30:00Z,Florida International Panthers,New Mexico State Aggies,alternate_spread,away,2.5,161,draftkings,0.3507229695758191,-0.03241879287628818,"10 market(s) allowlisted for NCAAF: moneyline, spread, total_points, alternate_spread, alternate_total_points, team_total, alternate_team_total, moneyline_h1, spread_h1, total_points_h1."
2026-10-07,401871066,False,2026-10-07T23:30:00Z,Florida International Panthers,New Mexico State Aggies,alternate_spread,away,3.5,124,draftkings,0.42086461423692434,-0.025563957191647113,"10 market(s) allowlisted for NCAAF: moneyline, spread, total_points, alternate_spread, alternate_total_points, team_total, alternate_team_total, moneyline_h1, spread_h1, total_points_h1."
2026-10-07,401871066,False,2026-10-07T23:30:00Z,Florida International Panthers,New Mexico State Aggies,alternate_spread,away,4.5,111,draftkings,0.4558110136237922,-0.018122635665307307,"10 market(s) allowlisted for NCAAF: moneyline, spread, total_points, alternate_spread, alternate_total_points, team_total, alternate_team_total, moneyline_h1, spread_h1, total_points_h1."
2026-10-07,401871066,False,2026-10-07T23:30:00Z,Florida International Panthers,New Mexico State Aggies,alternate_spread,away,5.5,102,draftkings,0.4785316664725828,-0.016517838477912272,"10 market(s) allowlisted for NCAAF: moneyline, spread, total_points, alternate_spread, alternate_total_points, team_total, alternate_team_total, moneyline_h1, spread_h1, total_points_h1."
2026-10-07,401871066,False,2026-10-07T23:30:00Z,Florida International Panthers,New Mexico State Aggies,alternate_spread,away,7.5,-141,draftkings,0.5503600513451192,-0.03470218931878122,"10 market(s) allowlisted for NCAAF: moneyline, spread, total_points, alternate_spread, alternate_total_points, team_total, alternate_team_total, moneyline_h1, spread_h1, total_points_h1."
2026-10-07,401871066,False,2026-10-07T23:30:00Z,Florida International Panthers,New Mexico State Aggies,alternate_spread,away,8.5,-155,draftkings,0.5805638681311324,-0.027279269123769545,"10 market(s) allowlisted for NCAAF: moneyline, spread, total_points, alternate_spread, alternate_total_points, team_total, alternate_team_total, moneyline_h1, spread_h1, total_points_h1."
2026-10-07,401871066,False,2026-10-07T23:30:00Z,Florida International Panthers,New Mexico State Aggies,alternate_spread,away,9.5,-164,draftkings,0.5927260995276441,-0.028486021684477114,"10 market(s) allowlisted for NCAAF: moneyline, spread, total_points, alternate_spread, alternate_total_points, team_total, alternate_team_total, moneyline_h1, spread_h1, total_points_h1."
2026-10-07,401871066,False,2026-10-07T23:30:00Z,Florida International Panthers,New Mexico State Aggies,alternate_spread,away,10.5,-201,draftkings,0.6212641663688089,-0.04650992000992871,"10 market(s) allowlisted for NCAAF: moneyline, spread, total_points, alternate_spread, alternate_total_points, team_total, alternate_team_total, moneyline_h1, spread_h1, total_points_h1."
2026-10-07,401871066,False,2026-10-07T23:30:00Z,Florida International Panthers,New Mexico State Aggies,alternate_spread,away,11.5,-224,draftkings,0.6466785010715344,-0.044679523619823636,"10 market(s) allowlisted for NCAAF: moneyline, spread, total_points, alternate_spread, alternate_total_points, team_total, alternate_team_total, moneyline_h1, spread_h1, total_points_h1."
2026-10-07,401871066,False,2026-10-07T23:30:00Z,Florida International Panthers,New Mexico State Aggies,alternate_spread,away,12.5,-244,draftkings,0.6562625980290591,-0.053039727552336324,"10 market(s) allowlisted for NCAAF: moneyline, spread, total_points, alternate_spread, alternate_total_points, team_total, alternate_team_total, moneyline_h1, spread_h1, total_points_h1."
2026-10-07,401871066,False,2026-10-07T23:30:00Z,Florida International Panthers,New Mexico State Aggies,alternate_spread,away,13.5,-269,draftkings,0.6677556644610676,-0.0612416255118321,"10 market(s) allowlisted for NCAAF: moneyline, spread, total_points, alternate_spread, alternate_total_points, team_total, alternate_team_total, moneyline_h1, spread_h1, total_points_h1."
2026-10-07,401871066,False,2026-10-07T23:30:00Z,Florida International Panthers,New Mexico State Aggies,alternate_spread,away,14.5,-333,draftkings,0.697337405067548,-0.07171571271536192,"10 market(s) allowlisted for NCAAF: moneyline, spread, total_points, alternate_spread, alternate_total_points, team_total, alternate_team_total, moneyline_h1, spread_h1, total_points_h1."
2026-10-07,401871066,False,2026-10-07T23:30:00Z,Florida International Panthers,New Mexico State Aggies,alternate_spread,away,15.5,-365,draftkings,0.7128384856413794,-0.07210775091776034,"10 market(s) allowlisted for NCAAF: moneyline, spread, total_points, alternate_spread, alternate_total_points, team_total, alternate_team_total, moneyline_h1, spread_h1, total_points_h1."
2026-10-07,401871066,False,2026-10-07T23:30:00Z,Florida International Panthers,New Mexico State Aggies,alternate_spread,away,16.5,-401,draftkings,0.7220263212089157,-0.0783728803878907,"10 market(s) allowlisted for NCAAF: moneyline, spread, total_points, alternate_spread, alternate_total_points, team_total, alternate_team_total, moneyline_h1, spread_h1, total_points_h1."
2026-10-07,401871066,False,2026-10-07T23:30:00Z,Florida International Panthers,New Mexico State Aggies,alternate_spread,away,17.5,-497,draftkings,0.7480635152962262,-0.08443229709908373,"10 market(s) allowlisted for NCAAF: moneyline, spread, total_points, alternate_spread, alternate_total_points, team_total, alternate_team_total, moneyline_h1, spread_h1, total_points_h1."
2026-10-07,401871066,False,2026-10-07T23:30:00Z,Florida International Panthers,New Mexico State Aggies,alternate_spread,away,18.5,-584,draftkings,0.7660413386759646,-0.08775983091467865,"10 market(s) allowlisted for NCAAF: moneyline, spread, total_points, alternate_spread, alternate_total_points, team_total, alternate_team_total, moneyline_h1, spread_h1, total_points_h1."
2026-10-07,401871066,False,2026-10-07T23:30:00Z,Florida International Panthers,New Mexico State Aggies,alternate_spread,away,19.5,-650,draftkings,0.7846189385713448,-0.0820477280953219,"10 market(s) allowlisted for NCAAF: moneyline, spread, total_points, alternate_spread, alternate_total_points, team_total, alternate_team_total, moneyline_h1, spread_h1, total_points_h1."
2026-10-07,401871066,False,2026-10-07T23:30:00Z,Florida International Panthers,New Mexico State Aggies,alternate_spread,away,20.5,-750,draftkings,0.8089088321370744,-0.07344410903939613,"10 market(s) allowlisted for NCAAF: moneyline, spread, total_points, alternate_spread, alternate_total_points, team_total, alternate_team_total, moneyline_h1, spread_h1, total_points_h1."
2026-10-07,401871066,False,2026-10-07T23:30:00Z,Florida International Panthers,New Mexico State Aggies,alternate_spread,away,21.5,-1000,draftkings,0.8406033005929908,-0.06848760849791824,"10 market(s) allowlisted for NCAAF: moneyline, spread, total_points, alternate_spread, alternate_total_points, team_total, alternate_team_total, moneyline_h1, spread_h1, total_points_h1."
2026-10-07,401871066,False,2026-10-07T23:30:00Z,Florida International Panthers,New Mexico State Aggies,alternate_spread,away,22.5,-1120,draftkings,0.8581753920130689,-0.059857394872177005,"10 market(s) allowlisted for NCAAF: moneyline, spread, total_points, alternate_spread, alternate_total_points, team_total, alternate_team_total, moneyline_h1, spread_h1, total_points_h1."
2026-10-07,401871066,False,2026-10-07T23:30:00Z,Florida International Panthers,New Mexico State Aggies,alternate_spread,away,23.5,-1280,draftkings,0.866376418329598,-0.061159813554459985,"10 market(s) allowlisted for NCAAF: moneyline, spread, total_points, alternate_spread, alternate_total_points, team_total, alternate_team_total, moneyline_h1, spread_h1, total_points_h1."
2026-10-07,401871066,False,2026-10-07T23:30:00Z,Florida International Panthers,New Mexico State Aggies,alternate_spread,away,24.5,-1840,draftkings,0.8812437523379423,-0.06720985590948036,"10 market(s) allowlisted for NCAAF: moneyline, spread, total_points, alternate_spread, alternate_total_points, team_total, alternate_team_total, moneyline_h1, spread_h1, total_points_h1."
2026-10-07,401871066,False,2026-10-07T23:30:00Z,Florida International Panthers,New Mexico State Aggies,alternate_spread,away,25.5,-2400,draftkings,0.8898166954471555,-0.0701833045528445,"10 market(s) allowlisted for NCAAF: moneyline, spread, total_points, alternate_spread, alternate_total_points, team_total, alternate_team_total, moneyline_h1, spread_h1, total_points_h1."
2026-10-07,401871066,False,2026-10-07T23:30:00Z,Florida International Panthers,New Mexico State Aggies,alternate_spread,away,26.5,-3000,draftkings,0.8959441761513987,-0.07179775933247234,"10 market(s) allowlisted for NCAAF: moneyline, spread, total_points, alternate_spread, alternate_total_points, team_total, alternate_team_total, moneyline_h1, spread_h1, total_points_h1."
2026-10-07,401871066,False,2026-10-07T23:30:00Z,Florida International Panthers,New Mexico State Aggies,alternate_spread,away,27.5,-4200,draftkings,0.9033261171639132,-0.07341806888259839,"10 market(s) allowlisted for NCAAF: moneyline, spread, total_points, alternate_spread, alternate_total_points, team_total, alternate_team_total, moneyline_h1, spread_h1, total_points_h1."
2026-10-07,401871066,False,2026-10-07T23:30:00Z,Florida International Panthers,New Mexico State Aggies,alternate_total_points,over,26.5,-4000,draftkings,0.9177387091885287,-0.05787104690903222,"10 market(s) allowlisted for NCAAF: moneyline, spread, total_points, alternate_spread, alternate_total_points, team_total, alternate_team_total, moneyline_h1, spread_h1, total_points_h1."
2026-10-07,401871066,False,2026-10-07T23:30:00Z,Florida International Panthers,New Mexico State Aggies,alternate_total_points,over,27.5,-2200,draftkings,0.9002994075076107,-0.056222331622824084,"10 market(s) allowlisted for NCAAF: moneyline, spread, total_points, alternate_spread, alternate_total_points, team_total, alternate_team_total, moneyline_h1, spread_h1, total_points_h1."
2026-10-07,401871066,False,2026-10-07T23:30:00Z,Florida International Panthers,New Mexico State Aggies,alternate_total_points,over,28.5,-1860,draftkings,0.8883239792114632,-0.06065561262527153,"10 market(s) allowlisted for NCAAF: moneyline, spread, total_points, alternate_spread, alternate_total_points, team_total, alternate_team_total, moneyline_h1, spread_h1, total_points_h1."
2026-10-07,401871066,False,2026-10-07T23:30:00Z,Florida International Panthers,New Mexico State Aggies,alternate_total_points,over,29.5,-1600,draftkings,0.8772815295124861,-0.06389494107574922,"10 market(s) allowlisted for NCAAF: moneyline, spread, total_points, alternate_spread, alternate_total_points, team_total, alternate_team_total, moneyline_h1, spread_h1, total_points_h1."
2026-10-07,401871066,False,2026-10-07T23:30:00Z,Florida International Panthers,New Mexico State Aggies,alternate_total_points,over,30.5,-1160,draftkings,0.8524160022573128,-0.06821891837760774,"10 market(s) allowlisted for NCAAF: moneyline, spread, total_points, alternate_spread, alternate_total_points, team_total, alternate_team_total, moneyline_h1, spread_h1, total_points_h1."
2026-10-07,401871066,False,2026-10-07T23:30:00Z,Florida International Panthers,New Mexico State Aggies,alternate_total_points,over,31.5,-860,draftkings,0.8334247598384632,-0.06240857349487017,"10 market(s) allowlisted for NCAAF: moneyline, spread, total_points, alternate_spread, alternate_total_points, team_total, alternate_team_total, moneyline_h1, spread_h1, total_points_h1."
2026-10-07,401871066,False,2026-10-07T23:30:00Z,Florida International Panthers,New Mexico State Aggies,alternate_total_points,over,32.5,-790,draftkings,0.8232216455556449,-0.06441880388255727,"10 market(s) allowlisted for NCAAF: moneyline, spread, total_points, alternate_spread, alternate_total_points, team_total, alternate_team_total, moneyline_h1, spread_h1, total_points_h1."
2026-10-07,401871066,False,2026-10-07T23:30:00Z,Florida International Panthers,New Mexico State Aggies,alternate_total_points,over,33.5,-660,draftkings,0.8023751903085855,-0.06604586232299348,"10 market(s) allowlisted for NCAAF: moneyline, spread, total_points, alternate_spread, alternate_total_points, team_total, alternate_team_total, moneyline_h1, spread_h1, total_points_h1."
2026-10-07,401871066,False,2026-10-07T23:30:00Z,Florida International Panthers,New Mexico State Aggies,alternate_total_points,over,34.5,-542,draftkings,0.7837408844298308,-0.060495875694779766,"10 market(s) allowlisted for NCAAF: moneyline, spread, total_points, alternate_spread, alternate_total_points, team_total, alternate_team_total, moneyline_h1, spread_h1, total_points_h1."
2026-10-07,401871066,False,2026-10-07T23:30:00Z,Florida International Panthers,New Mexico State Aggies,alternate_total_points,over,35.5,-464,draftkings,0.7641057007375645,-0.05858933472342842,"10 market(s) allowlisted for NCAAF: moneyline, spread, total_points, alternate_spread, alternate_total_points, team_total, alternate_team_total, moneyline_h1, spread_h1, total_points_h1."
2026-10-07,401871066,False,2026-10-07T23:30:00Z,Florida International Panthers,New Mexico State Aggies,alternate_total_points,over,36.5,-424,draftkings,0.7513507159162955,-0.057809589427215924,"10 market(s) allowlisted for NCAAF: moneyline, spread, total_points, alternate_spread, alternate_total_points, team_total, alternate_team_total, moneyline_h1, spread_h1, total_points_h1."
2026-10-07,401871066,False,2026-10-07T23:30:00Z,Florida International Panthers,New Mexico State Aggies,alternate_total_points,over,37.5,-338,draftkings,0.71845853208833,-0.053230965628565,"10 market(s) allowlisted for NCAAF: moneyline, spread, total_points, alternate_spread, alternate_total_points, team_total, alternate_team_total, moneyline_h1, spread_h1, total_points_h1."
2026-10-07,401871066,False,2026-10-07T23:30:00Z,Florida International Panthers,New Mexico State Aggies,alternate_total_points,over,38.5,-287,draftkings,0.6892965606026971,-0.05230550658076549,"10 market(s) allowlisted for NCAAF: moneyline, spread, total_points, alternate_spread, alternate_total_points, team_total, alternate_team_total, moneyline_h1, spread_h1, total_points_h1."
2026-10-07,401871066,False,2026-10-07T23:30:00Z,Florida International Panthers,New Mexico State Aggies,alternate_total_points,over,39.5,-269,draftkings,0.677072735184918,-0.05192455478798175,"10 market(s) allowlisted for NCAAF: moneyline, spread, total_points, alternate_spread, alternate_total_points, team_total, alternate_team_total, moneyline_h1, spread_h1, total_points_h1."
2026-10-07,401871066,False,2026-10-07T23:30:00Z,Florida International Panthers,New Mexico State Aggies,alternate_total_points,over,40.5,-240,draftkings,0.6534777577731985,-0.05240459516797802,"10 market(s) allowlisted for NCAAF: moneyline, spread, total_points, alternate_spread, alternate_total_points, team_total, alternate_team_total, moneyline_h1, spread_h1, total_points_h1."
2026-10-07,401871066,False,2026-10-07T23:30:00Z,Florida International Panthers,New Mexico State Aggies,alternate_total_points,over,41.5,-196,draftkings,0.6157723018209134,-0.04638986034124881,"10 market(s) allowlisted for NCAAF: moneyline, spread, total_points, alternate_spread, alternate_total_points, team_total, alternate_team_total, moneyline_h1, spread_h1, total_points_h1."
2026-10-07,401871066,False,2026-10-07T23:30:00Z,Florida International Panthers,New Mexico State Aggies,alternate_total_points,over,42.5,-182,draftkings,0.5963342060657352,-0.049055864856250686,"10 market(s) allowlisted for NCAAF: moneyline, spread, total_points, alternate_spread, alternate_total_points, team_total, alternate_team_total, moneyline_h1, spread_h1, total_points_h1."
2026-10-07,401871066,False,2026-10-07T23:30:00Z,Florida International Panthers,New Mexico State Aggies,alternate_total_points,over,43.5,-164,draftkings,0.5775193450609638,-0.04369277615115741,"10 market(s) allowlisted for NCAAF: moneyline, spread, total_points, alternate_spread, alternate_total_points, team_total, alternate_team_total, moneyline_h1, spread_h1, total_points_h1."
2026-10-07,401871066,False,2026-10-07T23:30:00Z,Florida International Panthers,New Mexico State Aggies,alternate_total_points,over,44.5,-142,draftkings,0.5488311960634936,-0.037945663440638655,"10 market(s) allowlisted for NCAAF: moneyline, spread, total_points, alternate_spread, alternate_total_points, team_total, alternate_team_total, moneyline_h1, spread_h1, total_points_h1."
2026-10-07,401871066,False,2026-10-07T23:30:00Z,Florida International Panthers,New Mexico State Aggies,alternate_total_points,over,45.5,-121,draftkings,0.5175519896878159,-0.029959322529378718,"10 market(s) allowlisted for NCAAF: moneyline, spread, total_points, alternate_spread, alternate_total_points, team_total, alternate_team_total, moneyline_h1, spread_h1, total_points_h1."
2026-10-07,401871066,False,2026-10-07T23:30:00Z,Florida International Panthers,New Mexico State Aggies,alternate_total_points,over,47.5,-102,draftkings,0.4712932945196273,-0.03365720052987764,"10 market(s) allowlisted for NCAAF: moneyline, spread, total_points, alternate_spread, alternate_total_points, team_total, alternate_team_total, moneyline_h1, spread_h1, total_points_h1."
2026-10-07,401871066,False,2026-10-07T23:30:00Z,Florida International Panthers,New Mexico State Aggies,alternate_total_points,over,48.5,113,draftkings,0.4383330001082315,-0.031150567966885867,"10 market(s) allowlisted for NCAAF: moneyline, spread, total_points, alternate_spread, alternate_total_points, team_total, alternate_team_total, moneyline_h1, spread_h1, total_points_h1."
2026-10-07,401871066,False,2026-10-07T23:30:00Z,Florida International Panthers,New Mexico State Aggies,alternate_total_points,over,49.5,127,draftkings,0.4182316898487841,-0.022296944512449346,"10 market(s) allowlisted for NCAAF: moneyline, spread, total_points, alternate_spread, alternate_total_points, team_total, alternate_team_total, moneyline_h1, spread_h1, total_points_h1."
2026-10-07,401871066,False,2026-10-07T23:30:00Z,Florida International Panthers,New Mexico State Aggies,alternate_total_points,over,50.5,136,draftkings,0.4016853516729352,-0.02204346188638684,"10 market(s) allowlisted for NCAAF: moneyline, spread, total_points, alternate_spread, alternate_total_points, team_total, alternate_team_total, moneyline_h1, spread_h1, total_points_h1."
2026-10-07,401871066,False,2026-10-07T23:30:00Z,Florida International Panthers,New Mexico State Aggies,alternate_total_points,over,51.5,159,draftkings,0.3673287242363792,-0.018771661864006917,"10 market(s) allowlisted for NCAAF: moneyline, spread, total_points, alternate_spread, alternate_total_points, team_total, alternate_team_total, moneyline_h1, spread_h1, total_points_h1."
2026-10-07,401871066,False,2026-10-07T23:30:00Z,Florida International Panthers,New Mexico State Aggies,alternate_total_points,over,52.5,183,draftkings,0.3435043934417861,-0.009852497017577844,"10 market(s) allowlisted for NCAAF: moneyline, spread, total_points, alternate_spread, alternate_total_points, team_total, alternate_team_total, moneyline_h1, spread_h1, total_points_h1."
2026-10-07,401871066,False,2026-10-07T23:30:00Z,Florida International Panthers,New Mexico State Aggies,alternate_total_points,over,53.5,194,draftkings,0.32660475788795573,-0.013531296533812964,"10 market(s) allowlisted for NCAAF: moneyline, spread, total_points, alternate_spread, alternate_total_points, team_total, alternate_team_total, moneyline_h1, spread_h1, total_points_h1."
2026-10-07,401871066,False,2026-10-07T23:30:00Z,Florida International Panthers,New Mexico State Aggies,alternate_total_points,over,54.5,212,draftkings,0.3083364389201238,-0.012176381592696739,"10 market(s) allowlisted for NCAAF: moneyline, spread, total_points, alternate_spread, alternate_total_points, team_total, alternate_team_total, moneyline_h1, spread_h1, total_points_h1."
2026-10-07,401871066,False,2026-10-07T23:30:00Z,Florida International Panthers,New Mexico State Aggies,alternate_total_points,over,55.5,248,draftkings,0.28158324883521946,-0.0057730730038609845,"10 market(s) allowlisted for NCAAF: moneyline, spread, total_points, alternate_spread, alternate_total_points, team_total, alternate_team_total, moneyline_h1, spread_h1, total_points_h1."
2026-10-07,401871066,False,2026-10-07T23:30:00Z,Florida International Panthers,New Mexico State Aggies,alternate_total_points,over,56.5,268,draftkings,0.2648016460454553,-0.006937484389327286,"10 market(s) allowlisted for NCAAF: moneyline, spread, total_points, alternate_spread, alternate_total_points, team_total, alternate_team_total, moneyline_h1, spread_h1, total_points_h1."
2026-10-07,401871066,False,2026-10-07T23:30:00Z,Florida International Panthers,New Mexico State Aggies,alternate_total_points,over,57.5,292,draftkings,0.24489552933637315,-0.010206511479953384,"10 market(s) allowlisted for NCAAF: moneyline, spread, total_points, alternate_spread, alternate_total_points, team_total, alternate_team_total, moneyline_h1, spread_h1, total_points_h1."
2026-10-07,401871066,False,2026-10-07T23:30:00Z,Florida International Panthers,New Mexico State Aggies,alternate_total_points,over,58.5,330,draftkings,0.22502651509014387,-0.007531624444739843,"10 market(s) allowlisted for NCAAF: moneyline, spread, total_points, alternate_spread, alternate_total_points, team_total, alternate_team_total, moneyline_h1, spread_h1, total_points_h1."
2026-10-07,401871066,False,2026-10-07T23:30:00Z,Florida International Panthers,New Mexico State Aggies,alternate_total_points,over,59.5,381,draftkings,0.20424506300005596,-0.003655144900151952,"10 market(s) allowlisted for NCAAF: moneyline, spread, total_points, alternate_spread, alternate_total_points, team_total, alternate_team_total, moneyline_h1, spread_h1, total_points_h1."
2026-10-07,401871066,False,2026-10-07T23:30:00Z,Florida International Panthers,New Mexico State Aggies,alternate_total_points,over,60.5,403,draftkings,0.19223358857799006,-0.006573568479664033,"10 market(s) allowlisted for NCAAF: moneyline, spread, total_points, alternate_spread, alternate_total_points, team_total, alternate_team_total, moneyline_h1, spread_h1, total_points_h1."
2026-10-07,401871066,False,2026-10-07T23:30:00Z,Florida International Panthers,New Mexico State Aggies,alternate_total_points,over,61.5,441,draftkings,0.1801452730771993,-0.004697610471784075,"10 market(s) allowlisted for NCAAF: moneyline, spread, total_points, alternate_spread, alternate_total_points, team_total, alternate_team_total, moneyline_h1, spread_h1, total_points_h1."
2026-10-07,401871066,False,2026-10-07T23:30:00Z,Florida International Panthers,New Mexico State Aggies,alternate_total_points,over,62.5,488,draftkings,0.1588697650685249,-0.011198262142359444,"10 market(s) allowlisted for NCAAF: moneyline, spread, total_points, alternate_spread, alternate_total_points, team_total, alternate_team_total, moneyline_h1, spread_h1, total_points_h1."
2026-10-07,401871066,False,2026-10-07T23:30:00Z,Florida International Panthers,New Mexico State Aggies,alternate_total_points,over,63.5,548,draftkings,0.14413506321858968,-0.010185924435731297,"10 market(s) allowlisted for NCAAF: moneyline, spread, total_points, alternate_spread, alternate_total_points, team_total, alternate_team_total, moneyline_h1, spread_h1, total_points_h1."
2026-10-07,401871066,False,2026-10-07T23:30:00Z,Florida International Panthers,New Mexico State Aggies,alternate_total_points,over,64.5,586,draftkings,0.13380550009400588,-0.011967094658180716,"10 market(s) allowlisted for NCAAF: moneyline, spread, total_points, alternate_spread, alternate_total_points, team_total, alternate_team_total, moneyline_h1, spread_h1, total_points_h1."
2026-10-07,401871066,False,2026-10-07T23:30:00Z,Florida International Panthers,New Mexico State Aggies,alternate_total_points,over,65.5,660,draftkings,0.1150576397629123,-0.01652130760550874,"10 market(s) allowlisted for NCAAF: moneyline, spread, total_points, alternate_spread, alternate_total_points, team_total, alternate_team_total, moneyline_h1, spread_h1, total_points_h1."
2026-10-07,401871066,False,2026-10-07T23:30:00Z,Florida International Panthers,New Mexico State Aggies,alternate_total_points,over,66.5,750,draftkings,0.10209554992126019,-0.015551508902269223,"10 market(s) allowlisted for NCAAF: moneyline, spread, total_points, alternate_spread, alternate_total_points, team_total, alternate_team_total, moneyline_h1, spread_h1, total_points_h1."
2026-10-07,401871066,False,2026-10-07T23:30:00Z,Florida International Panthers,New Mexico State Aggies,alternate_total_points,over,67.5,800,draftkings,0.09572464246803816,-0.015386468643072942,"10 market(s) allowlisted for NCAAF: moneyline, spread, total_points, alternate_spread, alternate_total_points, team_total, alternate_team_total, moneyline_h1, spread_h1, total_points_h1."
2026-10-07,401871066,False,2026-10-07T23:30:00Z,Florida International Panthers,New Mexico State Aggies,alternate_total_points,over,68.5,870,draftkings,0.0866525788601867,-0.01644020464496794,"10 market(s) allowlisted for NCAAF: moneyline, spread, total_points, alternate_spread, alternate_total_points, team_total, alternate_team_total, moneyline_h1, spread_h1, total_points_h1."
2026-10-07,401871066,False,2026-10-07T23:30:00Z,Florida International Panthers,New Mexico State Aggies,alternate_total_points,under,26.5,960,draftkings,0.0822612908114713,-0.012078331830038147,"10 market(s) allowlisted for NCAAF: moneyline, spread, total_points, alternate_spread, alternate_total_points, team_total, alternate_team_total, moneyline_h1, spread_h1, total_points_h1."
2026-10-07,401871066,False,2026-10-07T23:30:00Z,Florida International Panthers,New Mexico State Aggies,alternate_total_points,under,27.5,780,draftkings,0.09970059249238947,-0.013935771143974165,"10 market(s) allowlisted for NCAAF: moneyline, spread, total_points, alternate_spread, alternate_total_points, team_total, alternate_team_total, moneyline_h1, spread_h1, total_points_h1."
2026-10-07,401871066,False,2026-10-07T23:30:00Z,Florida International Panthers,New Mexico State Aggies,alternate_total_points,under,28.5,730,draftkings,0.11167602078853696,-0.008805906922306414,"10 market(s) allowlisted for NCAAF: moneyline, spread, total_points, alternate_spread, alternate_total_points, team_total, alternate_team_total, moneyline_h1, spread_h1, total_points_h1."
2026-10-07,401871066,False,2026-10-07T23:30:00Z,Florida International Panthers,New Mexico State Aggies,alternate_total_points,under,29.5,670,draftkings,0.12271847048751397,-0.007151659382615888,"10 market(s) allowlisted for NCAAF: moneyline, spread, total_points, alternate_spread, alternate_total_points, team_total, alternate_team_total, moneyline_h1, spread_h1, total_points_h1."
2026-10-07,401871066,False,2026-10-07T23:30:00Z,Florida International Panthers,New Mexico State Aggies,alternate_total_points,under,30.5,572,draftkings,0.14758399774268716,-0.0012255260668366519,"10 market(s) allowlisted for NCAAF: moneyline, spread, total_points, alternate_spread, alternate_total_points, team_total, alternate_team_total, moneyline_h1, spread_h1, total_points_h1."
2026-10-07,401871066,False,2026-10-07T23:30:00Z,Florida International Panthers,New Mexico State Aggies,alternate_total_points,under,31.5,473,draftkings,0.1665752401615369,-0.007944829646491014,"10 market(s) allowlisted for NCAAF: moneyline, spread, total_points, alternate_spread, alternate_total_points, team_total, alternate_team_total, moneyline_h1, spread_h1, total_points_h1."
2026-10-07,401871066,False,2026-10-07T23:30:00Z,Florida International Panthers,New Mexico State Aggies,alternate_total_points,under,32.5,448,draftkings,0.17677835444435525,-0.005703397380462272,"10 market(s) allowlisted for NCAAF: moneyline, spread, total_points, alternate_spread, alternate_total_points, team_total, alternate_team_total, moneyline_h1, spread_h1, total_points_h1."
2026-10-07,401871066,False,2026-10-07T23:30:00Z,Florida International Panthers,New Mexico State Aggies,alternate_total_points,under,33.5,397,draftkings,0.19762480969141447,-0.003582433769350135,"10 market(s) allowlisted for NCAAF: moneyline, spread, total_points, alternate_spread, alternate_total_points, team_total, alternate_team_total, moneyline_h1, spread_h1, total_points_h1."
2026-10-07,401871066,False,2026-10-07T23:30:00Z,Florida International Panthers,New Mexico State Aggies,alternate_total_points,under,34.5,344,draftkings,0.21625911557016922,-0.00896610965505601,"10 market(s) allowlisted for NCAAF: moneyline, spread, total_points, alternate_spread, alternate_total_points, team_total, alternate_team_total, moneyline_h1, spread_h1, total_points_h1."
2026-10-07,401871066,False,2026-10-07T23:30:00Z,Florida International Panthers,New Mexico State Aggies,alternate_total_points,under,35.5,304,draftkings,0.23589429926243555,-0.011630453212811975,"10 market(s) allowlisted for NCAAF: moneyline, spread, total_points, alternate_spread, alternate_total_points, team_total, alternate_team_total, moneyline_h1, spread_h1, total_points_h1."
2026-10-07,401871066,False,2026-10-07T23:30:00Z,Florida International Panthers,New Mexico State Aggies,alternate_total_points,under,36.5,284,draftkings,0.24864928408370449,-0.0117673825829622,"10 market(s) allowlisted for NCAAF: moneyline, spread, total_points, alternate_spread, alternate_total_points, team_total, alternate_team_total, moneyline_h1, spread_h1, total_points_h1."
2026-10-07,401871066,False,2026-10-07T23:30:00Z,Florida International Panthers,New Mexico State Aggies,alternate_total_points,under,37.5,235,draftkings,0.2815414679116699,-0.01696599477489724,"10 market(s) allowlisted for NCAAF: moneyline, spread, total_points, alternate_spread, alternate_total_points, team_total, alternate_team_total, moneyline_h1, spread_h1, total_points_h1."
2026-10-07,401871066,False,2026-10-07T23:30:00Z,Florida International Panthers,New Mexico State Aggies,alternate_total_points,under,38.5,204,draftkings,0.310703439397303,-0.01824392902374966,"10 market(s) allowlisted for NCAAF: moneyline, spread, total_points, alternate_spread, alternate_total_points, team_total, alternate_team_total, moneyline_h1, spread_h1, total_points_h1."
2026-10-07,401871066,False,2026-10-07T23:30:00Z,Florida International Panthers,New Mexico State Aggies,alternate_total_points,under,39.5,193,draftkings,0.3229272648150821,-0.018369663512562973,"10 market(s) allowlisted for NCAAF: moneyline, spread, total_points, alternate_spread, alternate_total_points, team_total, alternate_team_total, moneyline_h1, spread_h1, total_points_h1."
2026-10-07,401871066,False,2026-10-07T23:30:00Z,Florida International Panthers,New Mexico State Aggies,alternate_total_points,under,40.5,174,draftkings,0.34652224222680145,-0.018441261422833588,"10 market(s) allowlisted for NCAAF: moneyline, spread, total_points, alternate_spread, alternate_total_points, team_total, alternate_team_total, moneyline_h1, spread_h1, total_points_h1."
2026-10-07,401871066,False,2026-10-07T23:30:00Z,Florida International Panthers,New Mexico State Aggies,alternate_total_points,under,41.5,145,draftkings,0.3842276981790867,-0.02393556712703576,"10 market(s) allowlisted for NCAAF: moneyline, spread, total_points, alternate_spread, alternate_total_points, team_total, alternate_team_total, moneyline_h1, spread_h1, total_points_h1."
2026-10-07,401871066,False,2026-10-07T23:30:00Z,Florida International Panthers,New Mexico State Aggies,alternate_total_points,under,42.5,135,draftkings,0.4036657939342647,-0.02186612095935231,"10 market(s) allowlisted for NCAAF: moneyline, spread, total_points, alternate_spread, alternate_total_points, team_total, alternate_team_total, moneyline_h1, spread_h1, total_points_h1."
2026-10-07,401871066,False,2026-10-07T23:30:00Z,Florida International Panthers,New Mexico State Aggies,alternate_total_points,under,43.5,123,draftkings,0.4224806549390361,-0.025949838334506536,"10 market(s) allowlisted for NCAAF: moneyline, spread, total_points, alternate_spread, alternate_total_points, team_total, alternate_team_total, moneyline_h1, spread_h1, total_points_h1."
2026-10-07,401871066,False,2026-10-07T23:30:00Z,Florida International Panthers,New Mexico State Aggies,alternate_total_points,under,44.5,106,draftkings,0.45116880393650616,-0.034268089267377344,"10 market(s) allowlisted for NCAAF: moneyline, spread, total_points, alternate_spread, alternate_total_points, team_total, alternate_team_total, moneyline_h1, spread_h1, total_points_h1."
2026-10-07,401871066,False,2026-10-07T23:30:00Z,Florida International Panthers,New Mexico State Aggies,alternate_total_points,under,45.5,-110,draftkings,0.4824480103121841,-0.04136151349733974,"10 market(s) allowlisted for NCAAF: moneyline, spread, total_points, alternate_spread, alternate_total_points, team_total, alternate_team_total, moneyline_h1, spread_h1, total_points_h1."
2026-10-07,401871066,False,2026-10-07T23:30:00Z,Florida International Panthers,New Mexico State Aggies,alternate_total_points,under,47.5,-131,draftkings,0.5287067054803726,-0.03839286161919453,"10 market(s) allowlisted for NCAAF: moneyline, spread, total_points, alternate_spread, alternate_total_points, team_total, alternate_team_total, moneyline_h1, spread_h1, total_points_h1."
2026-10-07,401871066,False,2026-10-07T23:30:00Z,Florida International Panthers,New Mexico State Aggies,alternate_total_points,under,48.5,-151,draftkings,0.5616669998917684,-0.03992662560623961,"10 market(s) allowlisted for NCAAF: moneyline, spread, total_points, alternate_spread, alternate_total_points, team_total, alternate_team_total, moneyline_h1, spread_h1, total_points_h1."
2026-10-07,401871066,False,2026-10-07T23:30:00Z,Florida International Panthers,New Mexico State Aggies,alternate_total_points,under,49.5,-170,draftkings,0.5817683101512158,-0.04786131947841388,"10 market(s) allowlisted for NCAAF: moneyline, spread, total_points, alternate_spread, alternate_total_points, team_total, alternate_team_total, moneyline_h1, spread_h1, total_points_h1."
2026-10-07,401871066,False,2026-10-07T23:30:00Z,Florida International Panthers,New Mexico State Aggies,alternate_total_points,under,50.5,-182,draftkings,0.5983146483270647,-0.047075422594921146,"10 market(s) allowlisted for NCAAF: moneyline, spread, total_points, alternate_spread, alternate_total_points, team_total, alternate_team_total, moneyline_h1, spread_h1, total_points_h1."
2026-10-07,401871066,False,2026-10-07T23:30:00Z,Florida International Panthers,New Mexico State Aggies,alternate_total_points,under,51.5,-216,draftkings,0.6326712757636207,-0.050873028033847634,"10 market(s) allowlisted for NCAAF: moneyline, spread, total_points, alternate_spread, alternate_total_points, team_total, alternate_team_total, moneyline_h1, spread_h1, total_points_h1."
2026-10-07,401871066,False,2026-10-07T23:30:00Z,Florida International Panthers,New Mexico State Aggies,alternate_total_points,under,52.5,-253,draftkings,0.6564956065582137,-0.06021827446161632,"10 market(s) allowlisted for NCAAF: moneyline, spread, total_points, alternate_spread, alternate_total_points, team_total, alternate_team_total, moneyline_h1, spread_h1, total_points_h1."
2026-10-07,401871066,False,2026-10-07T23:30:00Z,Florida International Panthers,New Mexico State Aggies,alternate_total_points,under,53.5,-270,draftkings,0.6733952421120442,-0.05633448761768556,"10 market(s) allowlisted for NCAAF: moneyline, spread, total_points, alternate_spread, alternate_total_points, team_total, alternate_team_total, moneyline_h1, spread_h1, total_points_h1."
2026-10-07,401871066,False,2026-10-07T23:30:00Z,Florida International Panthers,New Mexico State Aggies,alternate_total_points,under,54.5,-300,draftkings,0.6916635610798761,-0.058336438920123856,"10 market(s) allowlisted for NCAAF: moneyline, spread, total_points, alternate_spread, alternate_total_points, team_total, alternate_team_total, moneyline_h1, spread_h1, total_points_h1."
2026-10-07,401871066,False,2026-10-07T23:30:00Z,Florida International Panthers,New Mexico State Aggies,alternate_total_points,under,55.5,-361,draftkings,0.7184167511647804,-0.06466350913890717,"10 market(s) allowlisted for NCAAF: moneyline, spread, total_points, alternate_spread, alternate_total_points, team_total, alternate_team_total, moneyline_h1, spread_h1, total_points_h1."
2026-10-07,401871066,False,2026-10-07T23:30:00Z,Florida International Panthers,New Mexico State Aggies,alternate_total_points,under,56.5,-396,draftkings,0.7351983539545446,-0.06318874281964892,"10 market(s) allowlisted for NCAAF: moneyline, spread, total_points, alternate_spread, alternate_total_points, team_total, alternate_team_total, moneyline_h1, spread_h1, total_points_h1."
2026-10-07,401871066,False,2026-10-07T23:30:00Z,Florida International Panthers,New Mexico State Aggies,alternate_total_points,under,57.5,-439,draftkings,0.7551044706636266,-0.059366772379044974,"10 market(s) allowlisted for NCAAF: moneyline, spread, total_points, alternate_spread, alternate_total_points, team_total, alternate_team_total, moneyline_h1, spread_h1, total_points_h1."
2026-10-07,401871066,False,2026-10-07T23:30:00Z,Florida International Panthers,New Mexico State Aggies,alternate_total_points,under,58.5,-514,draftkings,0.774973484909856,-0.06216006557874343,"10 market(s) allowlisted for NCAAF: moneyline, spread, total_points, alternate_spread, alternate_total_points, team_total, alternate_team_total, moneyline_h1, spread_h1, total_points_h1."
2026-10-07,401871066,False,2026-10-07T23:30:00Z,Florida International Panthers,New Mexico State Aggies,alternate_total_points,under,59.5,-630,draftkings,0.7957549369999438,-0.06725876163019318,"10 market(s) allowlisted for NCAAF: moneyline, spread, total_points, alternate_spread, alternate_total_points, team_total, alternate_team_total, moneyline_h1, spread_h1, total_points_h1."
2026-10-07,401871066,False,2026-10-07T23:30:00Z,Florida International Panthers,New Mexico State Aggies,alternate_total_points,under,60.5,-680,draftkings,0.8077664114220097,-0.06402846037286214,"10 market(s) allowlisted for NCAAF: moneyline, spread, total_points, alternate_spread, alternate_total_points, team_total, alternate_team_total, moneyline_h1, spread_h1, total_points_h1."
2026-10-07,401871066,False,2026-10-07T23:30:00Z,Florida International Panthers,New Mexico State Aggies,alternate_total_points,under,61.5,-770,draftkings,0.8198547269228005,-0.06520274434156736,"10 market(s) allowlisted for NCAAF: moneyline, spread, total_points, alternate_spread, alternate_total_points, team_total, alternate_team_total, moneyline_h1, spread_h1, total_points_h1."
2026-10-07,401871066,False,2026-10-07T23:30:00Z,Florida International Panthers,New Mexico State Aggies,alternate_total_points,under,62.5,-900,draftkings,0.8411302349314749,-0.05886976506852515,"10 market(s) allowlisted for NCAAF: moneyline, spread, total_points, alternate_spread, alternate_total_points, team_total, alternate_team_total, moneyline_h1, spread_h1, total_points_h1."
2026-10-07,401871066,False,2026-10-07T23:30:00Z,Florida International Panthers,New Mexico State Aggies,alternate_total_points,under,63.5,-1080,draftkings,0.8558649367814101,-0.05938930050672553,"10 market(s) allowlisted for NCAAF: moneyline, spread, total_points, alternate_spread, alternate_total_points, team_total, alternate_team_total, moneyline_h1, spread_h1, total_points_h1."
2026-10-07,401871066,False,2026-10-07T23:30:00Z,Florida International Panthers,New Mexico State Aggies,alternate_total_points,under,64.5,-1220,draftkings,0.8661944999059938,-0.05804792433643036,"10 market(s) allowlisted for NCAAF: moneyline, spread, total_points, alternate_spread, alternate_total_points, team_total, alternate_team_total, moneyline_h1, spread_h1, total_points_h1."
2026-10-07,401871066,False,2026-10-07T23:30:00Z,Florida International Panthers,New Mexico State Aggies,alternate_total_points,under,65.5,-1540,draftkings,0.8849423602370875,-0.054082030006814885,"10 market(s) allowlisted for NCAAF: moneyline, spread, total_points, alternate_spread, alternate_total_points, team_total, alternate_team_total, moneyline_h1, spread_h1, total_points_h1."
2026-10-07,401871066,False,2026-10-07T23:30:00Z,Florida International Panthers,New Mexico State Aggies,alternate_total_points,under,66.5,-2000,draftkings,0.8979044500787396,-0.05447650230221268,"10 market(s) allowlisted for NCAAF: moneyline, spread, total_points, alternate_spread, alternate_total_points, team_total, alternate_team_total, moneyline_h1, spread_h1, total_points_h1."
2026-10-07,401871066,False,2026-10-07T23:30:00Z,Florida International Panthers,New Mexico State Aggies,alternate_total_points,under,67.5,-2400,draftkings,0.9042753575319616,-0.05572464246803832,"10 market(s) allowlisted for NCAAF: moneyline, spread, total_points, alternate_spread, alternate_total_points, team_total, alternate_team_total, moneyline_h1, spread_h1, total_points_h1."
2026-10-07,401871066,False,2026-10-07T23:30:00Z,Florida International Panthers,New Mexico State Aggies,alternate_total_points,under,68.5,-2900,draftkings,0.9133474211398132,-0.05331924552685352,"10 market(s) allowlisted for NCAAF: moneyline, spread, total_points, alternate_spread, alternate_total_points, team_total, alternate_team_total, moneyline_h1, spread_h1, total_points_h1."
2026-10-07,401871066,False,2026-10-07T23:30:00Z,Florida International Panthers,New Mexico State Aggies,alternate_spread,home,-4.5,-140,fanatics,0.5441889863762087,-0.039144346957124654,"10 market(s) allowlisted for NCAAF: moneyline, spread, total_points, alternate_spread, alternate_total_points, team_total, alternate_team_total, moneyline_h1, spread_h1, total_points_h1."
2026-10-07,401871066,False,2026-10-07T23:30:00Z,Florida International Panthers,New Mexico State Aggies,alternate_spread,home,5.5,-550,fanatics,0.8094526757749034,-0.036701170378942716,"10 market(s) allowlisted for NCAAF: moneyline, spread, total_points, alternate_spread, alternate_total_points, team_total, alternate_team_total, moneyline_h1, spread_h1, total_points_h1."
2026-10-07,401871066,False,2026-10-07T23:30:00Z,Florida International Panthers,New Mexico State Aggies,alternate_spread,home,4.5,-500,fanatics,0.7950370753804,-0.038296257952933344,"10 market(s) allowlisted for NCAAF: moneyline, spread, total_points, alternate_spread, alternate_total_points, team_total, alternate_team_total, moneyline_h1, spread_h1, total_points_h1."
2026-10-07,401871066,False,2026-10-07T23:30:00Z,Florida International Panthers,New Mexico State Aggies,alternate_spread,home,2.5,-310,fanatics,0.7252671121482976,-0.030830448827312118,"10 market(s) allowlisted for NCAAF: moneyline, spread, total_points, alternate_spread, alternate_total_points, team_total, alternate_team_total, moneyline_h1, spread_h1, total_points_h1."
2026-10-07,401871066,False,2026-10-07T23:30:00Z,Florida International Panthers,New Mexico State Aggies,alternate_spread,home,1.5,-285,fanatics,0.7045060806225006,-0.03575365963723964,"10 market(s) allowlisted for NCAAF: moneyline, spread, total_points, alternate_spread, alternate_total_points, team_total, alternate_team_total, moneyline_h1, spread_h1, total_points_h1."
2026-10-07,401871066,False,2026-10-07T23:30:00Z,Florida International Panthers,New Mexico State Aggies,alternate_spread,home,3.0,-375,fanatics,0.7614150528547129,-0.028058631355813435,"10 market(s) allowlisted for NCAAF: moneyline, spread, total_points, alternate_spread, alternate_total_points, team_total, alternate_team_total, moneyline_h1, spread_h1, total_points_h1."
2026-10-07,401871066,False,2026-10-07T23:30:00Z,Florida International Panthers,New Mexico State Aggies,alternate_spread,home,8.5,-950,fanatics,0.8779619102346032,-0.02679999452730153,"10 market(s) allowlisted for NCAAF: moneyline, spread, total_points, alternate_spread, alternate_total_points, team_total, alternate_team_total, moneyline_h1, spread_h1, total_points_h1."
2026-10-07,401871066,False,2026-10-07T23:30:00Z,Florida International Panthers,New Mexico State Aggies,alternate_spread,home,6.0,-600,fanatics,0.8314930682366715,-0.025649788906185633,"10 market(s) allowlisted for NCAAF: moneyline, spread, total_points, alternate_spread, alternate_total_points, team_total, alternate_team_total, moneyline_h1, spread_h1, total_points_h1."
2026-10-07,401871066,False,2026-10-07T23:30:00Z,Florida International Panthers,New Mexico State Aggies,alternate_spread,home,1.0,-280,fanatics,0.700298256487482,-0.03654384877567585,"10 market(s) allowlisted for NCAAF: moneyline, spread, total_points, alternate_spread, alternate_total_points, team_total, alternate_team_total, moneyline_h1, spread_h1, total_points_h1."
2026-10-07,401871066,False,2026-10-07T23:30:00Z,Florida International Panthers,New Mexico State Aggies,alternate_spread,home,-8.5,120,fanatics,0.41943613186886797,-0.03510932267658656,"10 market(s) allowlisted for NCAAF: moneyline, spread, total_points, alternate_spread, alternate_total_points, team_total, alternate_team_total, moneyline_h1, spread_h1, total_points_h1."
2026-10-07,401871066,False,2026-10-07T23:30:00Z,Florida International Panthers,New Mexico State Aggies,alternate_spread,home,4.0,-475,fanatics,0.790363164047865,-0.03572379247387414,"10 market(s) allowlisted for NCAAF: moneyline, spread, total_points, alternate_spread, alternate_total_points, team_total, alternate_team_total, moneyline_h1, spread_h1, total_points_h1."
2026-10-07,401871066,False,2026-10-07T23:30:00Z,Florida International Panthers,New Mexico State Aggies,alternate_spread,home,9.0,-1100,fanatics,0.8863572575934391,-0.030309409073227545,"10 market(s) allowlisted for NCAAF: moneyline, spread, total_points, alternate_spread, alternate_total_points, team_total, alternate_team_total, moneyline_h1, spread_h1, total_points_h1."
2026-10-07,401871066,False,2026-10-07T23:30:00Z,Florida International Panthers,New Mexico State Aggies,alternate_spread,home,-13.5,175,fanatics,0.3322443355389327,-0.03139202809743097,"10 market(s) allowlisted for NCAAF: moneyline, spread, total_points, alternate_spread, alternate_total_points, team_total, alternate_team_total, moneyline_h1, spread_h1, total_points_h1."
2026-10-07,401871066,False,2026-10-07T23:30:00Z,Florida International Panthers,New Mexico State Aggies,alternate_spread,home,7.0,-800,fanatics,0.8631039251520591,-0.025784963736829702,"10 market(s) allowlisted for NCAAF: moneyline, spread, total_points, alternate_spread, alternate_total_points, team_total, alternate_team_total, moneyline_h1, spread_h1, total_points_h1."
2026-10-07,401871066,False,2026-10-07T23:30:00Z,Florida International Panthers,New Mexico State Aggies,alternate_spread,home,7.5,-850,fanatics,0.8674092470806993,-0.027327595024563833,"10 market(s) allowlisted for NCAAF: moneyline, spread, total_points, alternate_spread, alternate_total_points, team_total, alternate_team_total, moneyline_h1, spread_h1, total_points_h1."
2026-10-07,401871066,False,2026-10-07T23:30:00Z,Florida International Panthers,New Mexico State Aggies,alternate_spread,home,-24.5,525,fanatics,0.11875624766205818,-0.04124375233794182,"10 market(s) allowlisted for NCAAF: moneyline, spread, total_points, alternate_spread, alternate_total_points, team_total, alternate_team_total, moneyline_h1, spread_h1, total_points_h1."
2026-10-07,401871066,False,2026-10-07T23:30:00Z,Florida International Panthers,New Mexico State Aggies,alternate_spread,home,-23.5,450,fanatics,0.13362358167040242,-0.048194600147779404,"10 market(s) allowlisted for NCAAF: moneyline, spread, total_points, alternate_spread, alternate_total_points, team_total, alternate_team_total, moneyline_h1, spread_h1, total_points_h1."
2026-10-07,401871066,False,2026-10-07T23:30:00Z,Florida International Panthers,New Mexico State Aggies,alternate_spread,home,-12.5,165,fanatics,0.3437374019709412,-0.03362108859509655,"10 market(s) allowlisted for NCAAF: moneyline, spread, total_points, alternate_spread, alternate_total_points, team_total, alternate_team_total, moneyline_h1, spread_h1, total_points_h1."
2026-10-07,401871066,False,2026-10-07T23:30:00Z,Florida International Panthers,New Mexico State Aggies,alternate_spread,home,16.5,-2800,fanatics,0.9503665197335107,-0.01515072164579967,"10 market(s) allowlisted for NCAAF: moneyline, spread, total_points, alternate_spread, alternate_total_points, team_total, alternate_team_total, moneyline_h1, spread_h1, total_points_h1."
2026-10-07,401871066,False,2026-10-07T23:30:00Z,Florida International Panthers,New Mexico State Aggies,alternate_spread,home,-10.0,135,fanatics,0.3898617338506332,-0.035670181042983806,"10 market(s) allowlisted for NCAAF: moneyline, spread, total_points, alternate_spread, alternate_total_points, team_total, alternate_team_total, moneyline_h1, spread_h1, total_points_h1."
2026-10-07,401871066,False,2026-10-07T23:30:00Z,Florida International Panthers,New Mexico State Aggies,alternate_spread,home,-13.0,175,fanatics,0.33610723835765616,-0.02752912527870749,"10 market(s) allowlisted for NCAAF: moneyline, spread, total_points, alternate_spread, alternate_total_points, team_total, alternate_team_total, moneyline_h1, spread_h1, total_points_h1."
2026-10-07,401871066,False,2026-10-07T23:30:00Z,Florida International Panthers,New Mexico State Aggies,alternate_spread,home,-16.0,230,fanatics,0.2805513383561532,-0.022478964674149837,"10 market(s) allowlisted for NCAAF: moneyline, spread, total_points, alternate_spread, alternate_total_points, team_total, alternate_team_total, moneyline_h1, spread_h1, total_points_h1."
2026-10-07,401871066,False,2026-10-07T23:30:00Z,Florida International Panthers,New Mexico State Aggies,alternate_spread,home,-19.0,310,fanatics,0.21945806556452757,-0.024444373459862667,"10 market(s) allowlisted for NCAAF: moneyline, spread, total_points, alternate_spread, alternate_total_points, team_total, alternate_team_total, moneyline_h1, spread_h1, total_points_h1."
2026-10-07,401871066,False,2026-10-07T23:30:00Z,Florida International Panthers,New Mexico State Aggies,alternate_spread,home,-7.5,110,fanatics,0.4496399486548811,-0.02655052753559506,"10 market(s) allowlisted for NCAAF: moneyline, spread, total_points, alternate_spread, alternate_total_points, team_total, alternate_team_total, moneyline_h1, spread_h1, total_points_h1."
2026-10-07,401871066,False,2026-10-07T23:30:00Z,Florida International Panthers,New Mexico State Aggies,alternate_spread,home,15.5,-2500,fanatics,0.9456418082189579,-0.01589665331950363,"10 market(s) allowlisted for NCAAF: moneyline, spread, total_points, alternate_spread, alternate_total_points, team_total, alternate_team_total, moneyline_h1, spread_h1, total_points_h1."
2026-10-07,401871066,False,2026-10-07T23:30:00Z,Florida International Panthers,New Mexico State Aggies,alternate_spread,home,-26.5,600,fanatics,0.10405582384860175,-0.0388013190085411,"10 market(s) allowlisted for NCAAF: moneyline, spread, total_points, alternate_spread, alternate_total_points, team_total, alternate_team_total, moneyline_h1, spread_h1, total_points_h1."
2026-10-07,401871066,False,2026-10-07T23:30:00Z,Florida International Panthers,New Mexico State Aggies,alternate_spread,home,-12.0,160,fanatics,0.34706369406529974,-0.03755169055008489,"10 market(s) allowlisted for NCAAF: moneyline, spread, total_points, alternate_spread, alternate_total_points, team_total, alternate_team_total, moneyline_h1, spread_h1, total_points_h1."
2026-10-07,401871066,False,2026-10-07T23:30:00Z,Florida International Panthers,New Mexico State Aggies,alternate_spread,home,-22.0,430,fanatics,0.1443613386268066,-0.04431790665621227,"10 market(s) allowlisted for NCAAF: moneyline, spread, total_points, alternate_spread, alternate_total_points, team_total, alternate_team_total, moneyline_h1, spread_h1, total_points_h1."
2026-10-07,401871066,False,2026-10-07T23:30:00Z,Florida International Panthers,New Mexico State Aggies,alternate_spread,home,-25.0,550,fanatics,0.11113606773895264,-0.042710086107201214,"10 market(s) allowlisted for NCAAF: moneyline, spread, total_points, alternate_spread, alternate_total_points, team_total, alternate_team_total, moneyline_h1, spread_h1, total_points_h1."
2026-10-07,401871066,False,2026-10-07T23:30:00Z,Florida International Panthers,New Mexico State Aggies,alternate_spread,home,-30.5,950,fanatics,0.07327095815139552,-0.021967137086699715,"10 market(s) allowlisted for NCAAF: moneyline, spread, total_points, alternate_spread, alternate_total_points, team_total, alternate_team_total, moneyline_h1, spread_h1, total_points_h1."
2026-10-07,401871066,False,2026-10-07T23:30:00Z,Florida International Panthers,New Mexico State Aggies,alternate_spread,home,-15.0,215,fanatics,0.2916829147217324,-0.02577740273858503,"10 market(s) allowlisted for NCAAF: moneyline, spread, total_points, alternate_spread, alternate_total_points, team_total, alternate_team_total, moneyline_h1, spread_h1, total_points_h1."
2026-10-07,401871066,False,2026-10-07T23:30:00Z,Florida International Panthers,New Mexico State Aggies,alternate_spread,home,-28.0,850,fanatics,0.08175356266496717,-0.02350959522976967,"10 market(s) allowlisted for NCAAF: moneyline, spread, total_points, alternate_spread, alternate_total_points, team_total, alternate_team_total, moneyline_h1, spread_h1, total_points_h1."
2026-10-07,401871066,False,2026-10-07T23:30:00Z,Florida International Panthers,New Mexico State Aggies,alternate_spread,home,14.5,-2200,fanatics,0.9376765446743922,-0.018845194456042602,"10 market(s) allowlisted for NCAAF: moneyline, spread, total_points, alternate_spread, alternate_total_points, team_total, alternate_team_total, moneyline_h1, spread_h1, total_points_h1."
2026-10-07,401871066,False,2026-10-07T23:30:00Z,Florida International Panthers,New Mexico State Aggies,alternate_spread,home,-15.5,220,fanatics,0.28716151435862086,-0.025338485641379138,"10 market(s) allowlisted for NCAAF: moneyline, spread, total_points, alternate_spread, alternate_total_points, team_total, alternate_team_total, moneyline_h1, spread_h1, total_points_h1."
2026-10-07,401871066,False,2026-10-07T23:30:00Z,Florida International Panthers,New Mexico State Aggies,alternate_spread,home,-18.0,280,fanatics,0.2382417290505908,-0.024916165686251296,"10 market(s) allowlisted for NCAAF: moneyline, spread, total_points, alternate_spread, alternate_total_points, team_total, alternate_team_total, moneyline_h1, spread_h1, total_points_h1."
2026-10-07,401871066,False,2026-10-07T23:30:00Z,Florida International Panthers,New Mexico State Aggies,alternate_spread,home,3.5,-425,fanatics,0.7727417983537893,-0.03678201117002022,"10 market(s) allowlisted for NCAAF: moneyline, spread, total_points, alternate_spread, alternate_total_points, team_total, alternate_team_total, moneyline_h1, spread_h1, total_points_h1."
2026-10-07,401871066,False,2026-10-07T23:30:00Z,Florida International Panthers,New Mexico State Aggies,alternate_spread,home,-14.5,210,fanatics,0.30266259493245223,-0.01991805022883808,"10 market(s) allowlisted for NCAAF: moneyline, spread, total_points, alternate_spread, alternate_total_points, team_total, alternate_team_total, moneyline_h1, spread_h1, total_points_h1."
2026-10-07,401871066,False,2026-10-07T23:30:00Z,Florida International Panthers,New Mexico State Aggies,alternate_spread,home,-11.0,150,fanatics,0.3625350869702085,-0.03746491302979155,"10 market(s) allowlisted for NCAAF: moneyline, spread, total_points, alternate_spread, alternate_total_points, team_total, alternate_team_total, moneyline_h1, spread_h1, total_points_h1."
2026-10-07,401871066,False,2026-10-07T23:30:00Z,Florida International Panthers,New Mexico State Aggies,alternate_spread,home,-31.0,1100,fanatics,0.06354389811782953,-0.019789435215503803,"10 market(s) allowlisted for NCAAF: moneyline, spread, total_points, alternate_spread, alternate_total_points, team_total, alternate_team_total, moneyline_h1, spread_h1, total_points_h1."
2026-10-07,401871066,False,2026-10-07T23:30:00Z,Florida International Panthers,New Mexico State Aggies,alternate_spread,home,-21.0,390,fanatics,0.16461405436033366,-0.03946757829272757,"10 market(s) allowlisted for NCAAF: moneyline, spread, total_points, alternate_spread, alternate_total_points, team_total, alternate_team_total, moneyline_h1, spread_h1, total_points_h1."
2026-10-07,401871066,False,2026-10-07T23:30:00Z,Florida International Panthers,New Mexico State Aggies,alternate_spread,home,-14.0,200,fanatics,0.3118888087715978,-0.021444524561735512,"10 market(s) allowlisted for NCAAF: moneyline, spread, total_points, alternate_spread, alternate_total_points, team_total, alternate_team_total, moneyline_h1, spread_h1, total_points_h1."
2026-10-07,401871066,False,2026-10-07T23:30:00Z,Florida International Panthers,New Mexico State Aggies,alternate_spread,home,-5.5,-125,fanatics,0.5214683335274182,-0.03408722202813741,"10 market(s) allowlisted for NCAAF: moneyline, spread, total_points, alternate_spread, alternate_total_points, team_total, alternate_team_total, moneyline_h1, spread_h1, total_points_h1."
2026-10-07,401871066,False,2026-10-07T23:30:00Z,Florida International Panthers,New Mexico State Aggies,alternate_spread,home,-24.0,500,fanatics,0.12054848221129241,-0.046118184455374245,"10 market(s) allowlisted for NCAAF: moneyline, spread, total_points, alternate_spread, alternate_total_points, team_total, alternate_team_total, moneyline_h1, spread_h1, total_points_h1."
2026-10-07,401871066,False,2026-10-07T23:30:00Z,Florida International Panthers,New Mexico State Aggies,alternate_spread,home,-17.0,250,fanatics,0.2586715664852185,-0.027042719229067202,"10 market(s) allowlisted for NCAAF: moneyline, spread, total_points, alternate_spread, alternate_total_points, team_total, alternate_team_total, moneyline_h1, spread_h1, total_points_h1."
2026-10-07,401871066,False,2026-10-07T23:30:00Z,Florida International Panthers,New Mexico State Aggies,alternate_spread,home,-27.0,650,fanatics,0.09739283096934467,-0.03594050236398866,"10 market(s) allowlisted for NCAAF: moneyline, spread, total_points, alternate_spread, alternate_total_points, team_total, alternate_team_total, moneyline_h1, spread_h1, total_points_h1."
2026-10-07,401871066,False,2026-10-07T23:30:00Z,Florida International Panthers,New Mexico State Aggies,alternate_spread,home,-6.5,-115,fanatics,0.4999999968368236,-0.0348837240934089,"10 market(s) allowlisted for NCAAF: moneyline, spread, total_points, alternate_spread, alternate_total_points, team_total, alternate_team_total, moneyline_h1, spread_h1, total_points_h1."
2026-10-07,401871066,False,2026-10-07T23:30:00Z,Florida International Panthers,New Mexico State Aggies,alternate_spread,home,-20.0,330,fanatics,0.1958483022803444,-0.03670983725453933,"10 market(s) allowlisted for NCAAF: moneyline, spread, total_points, alternate_spread, alternate_total_points, team_total, alternate_team_total, moneyline_h1, spread_h1, total_points_h1."
2026-10-07,401871066,False,2026-10-07T23:30:00Z,Florida International Panthers,New Mexico State Aggies,alternate_spread,home,-23.0,450,fanatics,0.1347284935919362,-0.047089688226245624,"10 market(s) allowlisted for NCAAF: moneyline, spread, total_points, alternate_spread, alternate_total_points, team_total, alternate_team_total, moneyline_h1, spread_h1, total_points_h1."
2026-10-07,401871066,False,2026-10-07T23:30:00Z,Florida International Panthers,New Mexico State Aggies,alternate_spread,home,-17.5,265,fanatics,0.2519364847037742,-0.02203611803595179,"10 market(s) allowlisted for NCAAF: moneyline, spread, total_points, alternate_spread, alternate_total_points, team_total, alternate_team_total, moneyline_h1, spread_h1, total_points_h1."
2026-10-07,401871066,False,2026-10-07T23:30:00Z,Florida International Panthers,New Mexico State Aggies,alternate_spread,home,-20.5,330,fanatics,0.191091167862926,-0.04146697167195773,"10 market(s) allowlisted for NCAAF: moneyline, spread, total_points, alternate_spread, alternate_total_points, team_total, alternate_team_total, moneyline_h1, spread_h1, total_points_h1."
2026-10-07,401871066,False,2026-10-07T23:30:00Z,Florida International Panthers,New Mexico State Aggies,alternate_spread,home,-26.0,600,fanatics,0.10469735487035516,-0.038159787986787694,"10 market(s) allowlisted for NCAAF: moneyline, spread, total_points, alternate_spread, alternate_total_points, team_total, alternate_team_total, moneyline_h1, spread_h1, total_points_h1."
2026-10-07,401871066,False,2026-10-07T23:30:00Z,Florida International Panthers,New Mexico State Aggies,alternate_spread,home,-1.0,-250,fanatics,0.6815524911488996,-0.032733223136814704,"10 market(s) allowlisted for NCAAF: moneyline, spread, total_points, alternate_spread, alternate_total_points, team_total, alternate_team_total, moneyline_h1, spread_h1, total_points_h1."
2026-10-07,401871066,False,2026-10-07T23:30:00Z,Florida International Panthers,New Mexico State Aggies,alternate_spread,home,-4.0,-155,fanatics,0.5638950893820474,-0.043948047872854556,"10 market(s) allowlisted for NCAAF: moneyline, spread, total_points, alternate_spread, alternate_total_points, team_total, alternate_team_total, moneyline_h1, spread_h1, total_points_h1."
2026-10-07,401871066,False,2026-10-07T23:30:00Z,Florida International Panthers,New Mexico State Aggies,alternate_spread,home,-30.0,950,fanatics,0.07350375083064795,-0.021734344407447287,"10 market(s) allowlisted for NCAAF: moneyline, spread, total_points, alternate_spread, alternate_total_points, team_total, alternate_team_total, moneyline_h1, spread_h1, total_points_h1."
2026-10-07,401871066,False,2026-10-07T23:30:00Z,Florida International Panthers,New Mexico State Aggies,alternate_spread,home,-7.0,100,fanatics,0.4734846588899917,-0.026515341110008306,"10 market(s) allowlisted for NCAAF: moneyline, spread, total_points, alternate_spread, alternate_total_points, team_total, alternate_team_total, moneyline_h1, spread_h1, total_points_h1."
2026-10-07,401871066,False,2026-10-07T23:30:00Z,Florida International Panthers,New Mexico State Aggies,alternate_spread,home,-29.0,900,fanatics,0.07674403221189798,-0.02325596778810203,"10 market(s) allowlisted for NCAAF: moneyline, spread, total_points, alternate_spread, alternate_total_points, team_total, alternate_team_total, moneyline_h1, spread_h1, total_points_h1."
2026-10-07,401871066,False,2026-10-07T23:30:00Z,Florida International Panthers,New Mexico State Aggies,alternate_spread,home,9.5,-1100,fanatics,0.8874336523418773,-0.029233014324789308,"10 market(s) allowlisted for NCAAF: moneyline, spread, total_points, alternate_spread, alternate_total_points, team_total, alternate_team_total, moneyline_h1, spread_h1, total_points_h1."
2026-10-07,401871066,False,2026-10-07T23:30:00Z,Florida International Panthers,New Mexico State Aggies,alternate_spread,home,11.5,-1500,fanatics,0.9100431738628847,-0.02745682613711531,"10 market(s) allowlisted for NCAAF: moneyline, spread, total_points, alternate_spread, alternate_total_points, team_total, alternate_team_total, moneyline_h1, spread_h1, total_points_h1."
2026-10-07,401871066,False,2026-10-07T23:30:00Z,Florida International Panthers,New Mexico State Aggies,alternate_spread,home,-11.5,155,fanatics,0.3533214989284659,-0.03883536381663211,"10 market(s) allowlisted for NCAAF: moneyline, spread, total_points, alternate_spread, alternate_total_points, team_total, alternate_team_total, moneyline_h1, spread_h1, total_points_h1."
2026-10-07,401871066,False,2026-10-07T23:30:00Z,Florida International Panthers,New Mexico State Aggies,alternate_spread,home,10.0,-1200,fanatics,0.9008082563614973,-0.022268666715425822,"10 market(s) allowlisted for NCAAF: moneyline, spread, total_points, alternate_spread, alternate_total_points, team_total, alternate_team_total, moneyline_h1, spread_h1, total_points_h1."
2026-10-07,401871066,False,2026-10-07T23:30:00Z,Florida International Panthers,New Mexico State Aggies,alternate_spread,home,13.0,-1800,fanatics,0.925981169995803,-0.021387251056828482,"10 market(s) allowlisted for NCAAF: moneyline, spread, total_points, alternate_spread, alternate_total_points, team_total, alternate_team_total, moneyline_h1, spread_h1, total_points_h1."
2026-10-07,401871066,False,2026-10-07T23:30:00Z,Florida International Panthers,New Mexico State Aggies,alternate_spread,home,16.0,-2800,fanatics,0.9501309026349698,-0.015386338744340589,"10 market(s) allowlisted for NCAAF: moneyline, spread, total_points, alternate_spread, alternate_total_points, team_total, alternate_team_total, moneyline_h1, spread_h1, total_points_h1."
2026-10-07,401871066,False,2026-10-07T23:30:00Z,Florida International Panthers,New Mexico State Aggies,alternate_spread,home,2.0,-300,fanatics,0.7194424479657133,-0.030557552034286672,"10 market(s) allowlisted for NCAAF: moneyline, spread, total_points, alternate_spread, alternate_total_points, team_total, alternate_team_total, moneyline_h1, spread_h1, total_points_h1."
2026-10-07,401871066,False,2026-10-07T23:30:00Z,Florida International Panthers,New Mexico State Aggies,alternate_spread,home,5.0,-525,fanatics,0.8066656449702657,-0.03333435502973425,"10 market(s) allowlisted for NCAAF: moneyline, spread, total_points, alternate_spread, alternate_total_points, team_total, alternate_team_total, moneyline_h1, spread_h1, total_points_h1."
2026-10-07,401871066,False,2026-10-07T23:30:00Z,Florida International Panthers,New Mexico State Aggies,alternate_spread,home,8.0,-950,fanatics,0.8766603484381512,-0.02810155632375355,"10 market(s) allowlisted for NCAAF: moneyline, spread, total_points, alternate_spread, alternate_total_points, team_total, alternate_team_total, moneyline_h1, spread_h1, total_points_h1."
2026-10-07,401871066,False,2026-10-07T23:30:00Z,Florida International Panthers,New Mexico State Aggies,alternate_spread,home,-2.5,-220,fanatics,0.6492770304241816,-0.03822296957581839,"10 market(s) allowlisted for NCAAF: moneyline, spread, total_points, alternate_spread, alternate_total_points, team_total, alternate_team_total, moneyline_h1, spread_h1, total_points_h1."
2026-10-07,401871066,False,2026-10-07T23:30:00Z,Florida International Panthers,New Mexico State Aggies,alternate_spread,home,-25.5,600,fanatics,0.11018330455284493,-0.03267383830429792,"10 market(s) allowlisted for NCAAF: moneyline, spread, total_points, alternate_spread, alternate_total_points, team_total, alternate_team_total, moneyline_h1, spread_h1, total_points_h1."
2026-10-07,401871066,False,2026-10-07T23:30:00Z,Florida International Panthers,New Mexico State Aggies,alternate_spread,home,13.5,-1800,fanatics,0.9268806633880164,-0.02048775766461508,"10 market(s) allowlisted for NCAAF: moneyline, spread, total_points, alternate_spread, alternate_total_points, team_total, alternate_team_total, moneyline_h1, spread_h1, total_points_h1."
2026-10-07,401871066,False,2026-10-07T23:30:00Z,Florida International Panthers,New Mexico State Aggies,alternate_spread,home,-29.5,900,fanatics,0.07643804386636503,-0.023561956133634973,"10 market(s) allowlisted for NCAAF: moneyline, spread, total_points, alternate_spread, alternate_total_points, team_total, alternate_team_total, moneyline_h1, spread_h1, total_points_h1."
2026-10-07,401871066,False,2026-10-07T23:30:00Z,Florida International Panthers,New Mexico State Aggies,alternate_spread,home,-2.0,-225,fanatics,0.663836251202711,-0.028471441104981343,"10 market(s) allowlisted for NCAAF: moneyline, spread, total_points, alternate_spread, alternate_total_points, team_total, alternate_team_total, moneyline_h1, spread_h1, total_points_h1."
2026-10-07,401871066,False,2026-10-07T23:30:00Z,Florida International Panthers,New Mexico State Aggies,alternate_spread,home,-5.0,-135,fanatics,0.5335918896142743,-0.04087619549210875,"10 market(s) allowlisted for NCAAF: moneyline, spread, total_points, alternate_spread, alternate_total_points, team_total, alternate_team_total, moneyline_h1, spread_h1, total_points_h1."
2026-10-07,401871066,False,2026-10-07T23:30:00Z,Florida International Panthers,New Mexico State Aggies,alternate_spread,home,6.5,-600,fanatics,0.8359596826324693,-0.02118317451038776,"10 market(s) allowlisted for NCAAF: moneyline, spread, total_points, alternate_spread, alternate_total_points, team_total, alternate_team_total, moneyline_h1, spread_h1, total_points_h1."
2026-10-07,401871066,False,2026-10-07T23:30:00Z,Florida International Panthers,New Mexico State Aggies,alternate_spread,home,-8.0,115,fanatics,0.4324992602866522,-0.03261701878311524,"10 market(s) allowlisted for NCAAF: moneyline, spread, total_points, alternate_spread, alternate_total_points, team_total, alternate_team_total, moneyline_h1, spread_h1, total_points_h1."
2026-10-07,401871066,False,2026-10-07T23:30:00Z,Florida International Panthers,New Mexico State Aggies,alternate_spread,home,12.5,-1500,fanatics,0.9147284395260271,-0.022771560473972885,"10 market(s) allowlisted for NCAAF: moneyline, spread, total_points, alternate_spread, alternate_total_points, team_total, alternate_team_total, moneyline_h1, spread_h1, total_points_h1."
2026-10-07,401871066,False,2026-10-07T23:30:00Z,Florida International Panthers,New Mexico State Aggies,alternate_spread,home,-3.0,-195,fanatics,0.622821080692452,-0.038195868460090376,"10 market(s) allowlisted for NCAAF: moneyline, spread, total_points, alternate_spread, alternate_total_points, team_total, alternate_team_total, moneyline_h1, spread_h1, total_points_h1."
2026-10-07,401871066,False,2026-10-07T23:30:00Z,Florida International Panthers,New Mexico State Aggies,alternate_spread,home,-6.0,-120,fanatics,0.5109696656578464,-0.03448487979669901,"10 market(s) allowlisted for NCAAF: moneyline, spread, total_points, alternate_spread, alternate_total_points, team_total, alternate_team_total, moneyline_h1, spread_h1, total_points_h1."
2026-10-07,401871066,False,2026-10-07T23:30:00Z,Florida International Panthers,New Mexico State Aggies,alternate_spread,home,-28.5,850,fanatics,0.08042517272464662,-0.024837985170090213,"10 market(s) allowlisted for NCAAF: moneyline, spread, total_points, alternate_spread, alternate_total_points, team_total, alternate_team_total, moneyline_h1, spread_h1, total_points_h1."
2026-10-07,401871066,False,2026-10-07T23:30:00Z,Florida International Panthers,New Mexico State Aggies,alternate_spread,home,-27.5,700,fanatics,0.09667388283608717,-0.028326117163912826,"10 market(s) allowlisted for NCAAF: moneyline, spread, total_points, alternate_spread, alternate_total_points, team_total, alternate_team_total, moneyline_h1, spread_h1, total_points_h1."
2026-10-07,401871066,False,2026-10-07T23:30:00Z,Florida International Panthers,New Mexico State Aggies,alternate_spread,home,-9.0,125,fanatics,0.4122882455163884,-0.032156198928056046,"10 market(s) allowlisted for NCAAF: moneyline, spread, total_points, alternate_spread, alternate_total_points, team_total, alternate_team_total, moneyline_h1, spread_h1, total_points_h1."
2026-10-07,401871066,False,2026-10-07T23:30:00Z,Florida International Panthers,New Mexico State Aggies,alternate_spread,home,-3.5,-160,fanatics,0.5791353857630765,-0.03624922962153887,"10 market(s) allowlisted for NCAAF: moneyline, spread, total_points, alternate_spread, alternate_total_points, team_total, alternate_team_total, moneyline_h1, spread_h1, total_points_h1."
2026-10-07,401871066,False,2026-10-07T23:30:00Z,Florida International Panthers,New Mexico State Aggies,alternate_spread,home,-31.5,1100,fanatics,0.06288386150691244,-0.020449471826420887,"10 market(s) allowlisted for NCAAF: moneyline, spread, total_points, alternate_spread, alternate_total_points, team_total, alternate_team_total, moneyline_h1, spread_h1, total_points_h1."
2026-10-07,401871066,False,2026-10-07T23:30:00Z,Florida International Panthers,New Mexico State Aggies,alternate_spread,home,-16.5,235,fanatics,0.27797367879108464,-0.020533783895482494,"10 market(s) allowlisted for NCAAF: moneyline, spread, total_points, alternate_spread, alternate_total_points, team_total, alternate_team_total, moneyline_h1, spread_h1, total_points_h1."
2026-10-07,401871066,False,2026-10-07T23:30:00Z,Florida International Panthers,New Mexico State Aggies,alternate_spread,home,11.0,-1500,fanatics,0.9093394499714613,-0.028160550028538678,"10 market(s) allowlisted for NCAAF: moneyline, spread, total_points, alternate_spread, alternate_total_points, team_total, alternate_team_total, moneyline_h1, spread_h1, total_points_h1."
2026-10-07,401871066,False,2026-10-07T23:30:00Z,Florida International Panthers,New Mexico State Aggies,alternate_spread,home,14.0,-2200,fanatics,0.9369963649093433,-0.019525374221091463,"10 market(s) allowlisted for NCAAF: moneyline, spread, total_points, alternate_spread, alternate_total_points, team_total, alternate_team_total, moneyline_h1, spread_h1, total_points_h1."
2026-10-07,401871066,False,2026-10-07T23:30:00Z,Florida International Panthers,New Mexico State Aggies,alternate_spread,home,-19.5,310,fanatics,0.21538106142865565,-0.028521377595734587,"10 market(s) allowlisted for NCAAF: moneyline, spread, total_points, alternate_spread, alternate_total_points, team_total, alternate_team_total, moneyline_h1, spread_h1, total_points_h1."
2026-10-07,401871066,False,2026-10-07T23:30:00Z,Florida International Panthers,New Mexico State Aggies,alternate_spread,home,12.0,-1500,fanatics,0.9143270389433287,-0.023172961056671326,"10 market(s) allowlisted for NCAAF: moneyline, spread, total_points, alternate_spread, alternate_total_points, team_total, alternate_team_total, moneyline_h1, spread_h1, total_points_h1."
2026-10-07,401871066,False,2026-10-07T23:30:00Z,Florida International Panthers,New Mexico State Aggies,alternate_spread,home,15.0,-2500,fanatics,0.9452053544261309,-0.016333107112330714,"10 market(s) allowlisted for NCAAF: moneyline, spread, total_points, alternate_spread, alternate_total_points, team_total, alternate_team_total, moneyline_h1, spread_h1, total_points_h1."
2026-10-07,401871066,False,2026-10-07T23:30:00Z,Florida International Panthers,New Mexico State Aggies,alternate_spread,home,-22.5,430,fanatics,0.14182460798693153,-0.046854637296087354,"10 market(s) allowlisted for NCAAF: moneyline, spread, total_points, alternate_spread, alternate_total_points, team_total, alternate_team_total, moneyline_h1, spread_h1, total_points_h1."
2026-10-07,401871066,False,2026-10-07T23:30:00Z,Florida International Panthers,New Mexico State Aggies,alternate_spread,home,10.5,-1400,fanatics,0.9022809896361002,-0.031052343697233198,"10 market(s) allowlisted for NCAAF: moneyline, spread, total_points, alternate_spread, alternate_total_points, team_total, alternate_team_total, moneyline_h1, spread_h1, total_points_h1."
2026-10-07,401871066,False,2026-10-07T23:30:00Z,Florida International Panthers,New Mexico State Aggies,alternate_spread,home,-18.5,290,fanatics,0.23395866132403578,-0.022451595086220605,"10 market(s) allowlisted for NCAAF: moneyline, spread, total_points, alternate_spread, alternate_total_points, team_total, alternate_team_total, moneyline_h1, spread_h1, total_points_h1."
2026-10-07,401871066,False,2026-10-07T23:30:00Z,Florida International Panthers,New Mexico State Aggies,alternate_spread,home,-10.5,145,fanatics,0.37873583363119145,-0.029427431674931004,"10 market(s) allowlisted for NCAAF: moneyline, spread, total_points, alternate_spread, alternate_total_points, team_total, alternate_team_total, moneyline_h1, spread_h1, total_points_h1."
2026-10-07,401871066,False,2026-10-07T23:30:00Z,Florida International Panthers,New Mexico State Aggies,alternate_spread,home,-9.5,125,fanatics,0.40727390047235623,-0.03717054397208819,"10 market(s) allowlisted for NCAAF: moneyline, spread, total_points, alternate_spread, alternate_total_points, team_total, alternate_team_total, moneyline_h1, spread_h1, total_points_h1."
2026-10-07,401871066,False,2026-10-07T23:30:00Z,Florida International Panthers,New Mexico State Aggies,alternate_spread,home,-21.5,410,fanatics,0.15939669940700957,-0.03668173196553945,"10 market(s) allowlisted for NCAAF: moneyline, spread, total_points, alternate_spread, alternate_total_points, team_total, alternate_team_total, moneyline_h1, spread_h1, total_points_h1."
2026-10-07,401871066,False,2026-10-07T23:30:00Z,Florida International Panthers,New Mexico State Aggies,alternate_spread,home,-1.5,-235,fanatics,0.671208976370417,-0.030283560943015875,"10 market(s) allowlisted for NCAAF: moneyline, spread, total_points, alternate_spread, alternate_total_points, team_total, alternate_team_total, moneyline_h1, spread_h1, total_points_h1."
2026-10-07,401871066,False,2026-10-07T23:30:00Z,Florida International Panthers,New Mexico State Aggies,alternate_spread,away,4.5,115,fanatics,0.4558110136237922,-0.009305265445975208,"10 market(s) allowlisted for NCAAF: moneyline, spread, total_points, alternate_spread, alternate_total_points, team_total, alternate_team_total, moneyline_h1, spread_h1, total_points_h1."
2026-10-07,401871066,False,2026-10-07T23:30:00Z,Florida International Panthers,New Mexico State Aggies,alternate_spread,away,-5.5,360,fanatics,0.19054732422509726,-0.026843980122728817,"10 market(s) allowlisted for NCAAF: moneyline, spread, total_points, alternate_spread, alternate_total_points, team_total, alternate_team_total, moneyline_h1, spread_h1, total_points_h1."
2026-10-07,401871066,False,2026-10-07T23:30:00Z,Florida International Panthers,New Mexico State Aggies,alternate_spread,away,-4.5,330,fanatics,0.2049629246196007,-0.027595214915283023,"10 market(s) allowlisted for NCAAF: moneyline, spread, total_points, alternate_spread, alternate_total_points, team_total, alternate_team_total, moneyline_h1, spread_h1, total_points_h1."
2026-10-07,401871066,False,2026-10-07T23:30:00Z,Florida International Panthers,New Mexico State Aggies,alternate_spread,away,-2.5,230,fanatics,0.27473288785170297,-0.02829741517860007,"10 market(s) allowlisted for NCAAF: moneyline, spread, total_points, alternate_spread, alternate_total_points, team_total, alternate_team_total, moneyline_h1, spread_h1, total_points_h1."
2026-10-07,401871066,False,2026-10-07T23:30:00Z,Florida International Panthers,New Mexico State Aggies,alternate_spread,away,-1.5,215,fanatics,0.29549391937749986,-0.021966398082817584,"10 market(s) allowlisted for NCAAF: moneyline, spread, total_points, alternate_spread, alternate_total_points, team_total, alternate_team_total, moneyline_h1, spread_h1, total_points_h1."
2026-10-07,401871066,False,2026-10-07T23:30:00Z,Florida International Panthers,New Mexico State Aggies,alternate_spread,away,-3.0,265,fanatics,0.23858494714528766,-0.03538765559443835,"10 market(s) allowlisted for NCAAF: moneyline, spread, total_points, alternate_spread, alternate_total_points, team_total, alternate_team_total, moneyline_h1, spread_h1, total_points_h1."
2026-10-07,401871066,False,2026-10-07T23:30:00Z,Florida International Panthers,New Mexico State Aggies,alternate_spread,away,-8.5,550,fanatics,0.12203808976539747,-0.031808064080756385,"10 market(s) allowlisted for NCAAF: moneyline, spread, total_points, alternate_spread, alternate_total_points, team_total, alternate_team_total, moneyline_h1, spread_h1, total_points_h1."
2026-10-07,401871066,False,2026-10-07T23:30:00Z,Florida International Panthers,New Mexico State Aggies,alternate_spread,away,-6.0,390,fanatics,0.16850693176332923,-0.035574700889732,"10 market(s) allowlisted for NCAAF: moneyline, spread, total_points, alternate_spread, alternate_total_points, team_total, alternate_team_total, moneyline_h1, spread_h1, total_points_h1."
2026-10-07,401871066,False,2026-10-07T23:30:00Z,Florida International Panthers,New Mexico State Aggies,alternate_spread,away,-1.0,210,fanatics,0.29970174351251866,-0.022878901648771655,"10 market(s) allowlisted for NCAAF: moneyline, spread, total_points, alternate_spread, alternate_total_points, team_total, alternate_team_total, moneyline_h1, spread_h1, total_points_h1."
2026-10-07,401871066,False,2026-10-07T23:30:00Z,Florida International Panthers,New Mexico State Aggies,alternate_spread,away,8.5,-145,fanatics,0.5805638681311324,-0.011272866562745176,"10 market(s) allowlisted for NCAAF: moneyline, spread, total_points, alternate_spread, alternate_total_points, team_total, alternate_team_total, moneyline_h1, spread_h1, total_points_h1."
2026-10-07,401871066,False,2026-10-07T23:30:00Z,Florida International Panthers,New Mexico State Aggies,alternate_spread,away,-4.0,320,fanatics,0.2096368359521357,-0.028458402143102385,"10 market(s) allowlisted for NCAAF: moneyline, spread, total_points, alternate_spread, alternate_total_points, team_total, alternate_team_total, moneyline_h1, spread_h1, total_points_h1."
2026-10-07,401871066,False,2026-10-07T23:30:00Z,Florida International Panthers,New Mexico State Aggies,alternate_spread,away,-9.0,600,fanatics,0.11364274240656166,-0.029214400450581185,"10 market(s) allowlisted for NCAAF: moneyline, spread, total_points, alternate_spread, alternate_total_points, team_total, alternate_team_total, moneyline_h1, spread_h1, total_points_h1."
2026-10-07,401871066,False,2026-10-07T23:30:00Z,Florida International Panthers,New Mexico State Aggies,alternate_spread,away,13.5,-225,fanatics,0.6677556644610676,-0.02455202784662469,"10 market(s) allowlisted for NCAAF: moneyline, spread, total_points, alternate_spread, alternate_total_points, team_total, alternate_team_total, moneyline_h1, spread_h1, total_points_h1."
2026-10-07,401871066,False,2026-10-07T23:30:00Z,Florida International Panthers,New Mexico State Aggies,alternate_spread,away,-7.0,475,fanatics,0.13689607484794145,-0.03701696863031942,"10 market(s) allowlisted for NCAAF: moneyline, spread, total_points, alternate_spread, alternate_total_points, team_total, alternate_team_total, moneyline_h1, spread_h1, total_points_h1."
2026-10-07,401871066,False,2026-10-07T23:30:00Z,Florida International Panthers,New Mexico State Aggies,alternate_spread,away,-7.5,500,fanatics,0.13259075291930142,-0.03407591374736524,"10 market(s) allowlisted for NCAAF: moneyline, spread, total_points, alternate_spread, alternate_total_points, team_total, alternate_team_total, moneyline_h1, spread_h1, total_points_h1."
2026-10-07,401871066,False,2026-10-07T23:30:00Z,Florida International Panthers,New Mexico State Aggies,alternate_spread,away,24.5,-900,fanatics,0.8812437523379423,-0.018756247662057746,"10 market(s) allowlisted for NCAAF: moneyline, spread, total_points, alternate_spread, alternate_total_points, team_total, alternate_team_total, moneyline_h1, spread_h1, total_points_h1."
2026-10-07,401871066,False,2026-10-07T23:30:00Z,Florida International Panthers,New Mexico State Aggies,alternate_spread,away,23.5,-750,fanatics,0.866376418329598,-0.015976522846872565,"10 market(s) allowlisted for NCAAF: moneyline, spread, total_points, alternate_spread, alternate_total_points, team_total, alternate_team_total, moneyline_h1, spread_h1, total_points_h1."
2026-10-07,401871066,False,2026-10-07T23:30:00Z,Florida International Panthers,New Mexico State Aggies,alternate_spread,away,12.5,-210,fanatics,0.6562625980290591,-0.021156756809650568,"10 market(s) allowlisted for NCAAF: moneyline, spread, total_points, alternate_spread, alternate_total_points, team_total, alternate_team_total, moneyline_h1, spread_h1, total_points_h1."
2026-10-07,401871066,False,2026-10-07T23:30:00Z,Florida International Panthers,New Mexico State Aggies,alternate_spread,away,-16.5,1100,fanatics,0.04963348026648996,-0.033699853066843366,"10 market(s) allowlisted for NCAAF: moneyline, spread, total_points, alternate_spread, alternate_total_points, team_total, alternate_team_total, moneyline_h1, spread_h1, total_points_h1."
2026-10-07,401871066,False,2026-10-07T23:30:00Z,Florida International Panthers,New Mexico State Aggies,alternate_spread,away,10.0,-170,fanatics,0.6101382661493672,-0.01949136348026248,"10 market(s) allowlisted for NCAAF: moneyline, spread, total_points, alternate_spread, alternate_total_points, team_total, alternate_team_total, moneyline_h1, spread_h1, total_points_h1."
2026-10-07,401871066,False,2026-10-07T23:30:00Z,Florida International Panthers,New Mexico State Aggies,alternate_spread,away,13.0,-225,fanatics,0.6638927616423441,-0.02841493066534817,"10 market(s) allowlisted for NCAAF: moneyline, spread, total_points, alternate_spread, alternate_total_points, team_total, alternate_team_total, moneyline_h1, spread_h1, total_points_h1."
2026-10-07,401871066,False,2026-10-07T23:30:00Z,Florida International Panthers,New Mexico State Aggies,alternate_spread,away,16.0,-310,fanatics,0.7194486616438471,-0.03664889933176263,"10 market(s) allowlisted for NCAAF: moneyline, spread, total_points, alternate_spread, alternate_total_points, team_total, alternate_team_total, moneyline_h1, spread_h1, total_points_h1."
2026-10-07,401871066,False,2026-10-07T23:30:00Z,Florida International Panthers,New Mexico State Aggies,alternate_spread,away,19.0,-450,fanatics,0.7805419344354729,-0.037639883746345304,"10 market(s) allowlisted for NCAAF: moneyline, spread, total_points, alternate_spread, alternate_total_points, team_total, alternate_team_total, moneyline_h1, spread_h1, total_points_h1."
2026-10-07,401871066,False,2026-10-07T23:30:00Z,Florida International Panthers,New Mexico State Aggies,alternate_spread,away,7.5,-135,fanatics,0.5503600513451192,-0.024108033761263803,"10 market(s) allowlisted for NCAAF: moneyline, spread, total_points, alternate_spread, alternate_total_points, team_total, alternate_team_total, moneyline_h1, spread_h1, total_points_h1."
2026-10-07,401871066,False,2026-10-07T23:30:00Z,Florida International Panthers,New Mexico State Aggies,alternate_spread,away,-15.5,1050,fanatics,0.05435819178104279,-0.03259832995808764,"10 market(s) allowlisted for NCAAF: moneyline, spread, total_points, alternate_spread, alternate_total_points, team_total, alternate_team_total, moneyline_h1, spread_h1, total_points_h1."
2026-10-07,401871066,False,2026-10-07T23:30:00Z,Florida International Panthers,New Mexico State Aggies,alternate_spread,away,26.5,-1100,fanatics,0.8959441761513987,-0.020722490515267977,"10 market(s) allowlisted for NCAAF: moneyline, spread, total_points, alternate_spread, alternate_total_points, team_total, alternate_team_total, moneyline_h1, spread_h1, total_points_h1."
2026-10-07,401871066,False,2026-10-07T23:30:00Z,Florida International Panthers,New Mexico State Aggies,alternate_spread,away,12.0,-205,fanatics,0.6529363059347005,-0.019194841606283042,"10 market(s) allowlisted for NCAAF: moneyline, spread, total_points, alternate_spread, alternate_total_points, team_total, alternate_team_total, moneyline_h1, spread_h1, total_points_h1."
2026-10-07,401871066,False,2026-10-07T23:30:00Z,Florida International Panthers,New Mexico State Aggies,alternate_spread,away,22.0,-700,fanatics,0.8556386613731938,-0.019361338626806224,"10 market(s) allowlisted for NCAAF: moneyline, spread, total_points, alternate_spread, alternate_total_points, team_total, alternate_team_total, moneyline_h1, spread_h1, total_points_h1."
2026-10-07,401871066,False,2026-10-07T23:30:00Z,Florida International Panthers,New Mexico State Aggies,alternate_spread,away,25.0,-950,fanatics,0.8888639322610478,-0.015897972500857005,"10 market(s) allowlisted for NCAAF: moneyline, spread, total_points, alternate_spread, alternate_total_points, team_total, alternate_team_total, moneyline_h1, spread_h1, total_points_h1."
2026-10-07,401871066,False,2026-10-07T23:30:00Z,Florida International Panthers,New Mexico State Aggies,alternate_spread,away,30.5,-2200,fanatics,0.9267290418486048,-0.029792697281829983,"10 market(s) allowlisted for NCAAF: moneyline, spread, total_points, alternate_spread, alternate_total_points, team_total, alternate_team_total, moneyline_h1, spread_h1, total_points_h1."
2026-10-07,401871066,False,2026-10-07T23:30:00Z,Florida International Panthers,New Mexico State Aggies,alternate_spread,away,15.0,-285,fanatics,0.7083170852782679,-0.03194265498147242,"10 market(s) allowlisted for NCAAF: moneyline, spread, total_points, alternate_spread, alternate_total_points, team_total, alternate_team_total, moneyline_h1, spread_h1, total_points_h1."
2026-10-07,401871066,False,2026-10-07T23:30:00Z,Florida International Panthers,New Mexico State Aggies,alternate_spread,away,28.0,-1800,fanatics,0.9182464373350332,-0.029121983717598332,"10 market(s) allowlisted for NCAAF: moneyline, spread, total_points, alternate_spread, alternate_total_points, team_total, alternate_team_total, moneyline_h1, spread_h1, total_points_h1."
2026-10-07,401871066,False,2026-10-07T23:30:00Z,Florida International Panthers,New Mexico State Aggies,alternate_spread,away,-14.5,950,fanatics,0.06232345532560839,-0.032914639912486846,"10 market(s) allowlisted for NCAAF: moneyline, spread, total_points, alternate_spread, alternate_total_points, team_total, alternate_team_total, moneyline_h1, spread_h1, total_points_h1."
2026-10-07,401871066,False,2026-10-07T23:30:00Z,Florida International Panthers,New Mexico State Aggies,alternate_spread,away,15.5,-300,fanatics,0.7128384856413794,-0.037161514358620584,"10 market(s) allowlisted for NCAAF: moneyline, spread, total_points, alternate_spread, alternate_total_points, team_total, alternate_team_total, moneyline_h1, spread_h1, total_points_h1."
2026-10-07,401871066,False,2026-10-07T23:30:00Z,Florida International Panthers,New Mexico State Aggies,alternate_spread,away,18.0,-400,fanatics,0.7617582709494096,-0.03824172905059042,"10 market(s) allowlisted for NCAAF: moneyline, spread, total_points, alternate_spread, alternate_total_points, team_total, alternate_team_total, moneyline_h1, spread_h1, total_points_h1."
2026-10-07,401871066,False,2026-10-07T23:30:00Z,Florida International Panthers,New Mexico State Aggies,alternate_spread,away,-3.5,290,fanatics,0.22725820164621136,-0.029152054764045032,"10 market(s) allowlisted for NCAAF: moneyline, spread, total_points, alternate_spread, alternate_total_points, team_total, alternate_team_total, moneyline_h1, spread_h1, total_points_h1."
2026-10-07,401871066,False,2026-10-07T23:30:00Z,Florida International Panthers,New Mexico State Aggies,alternate_spread,away,14.5,-280,fanatics,0.697337405067548,-0.03950470019560981,"10 market(s) allowlisted for NCAAF: moneyline, spread, total_points, alternate_spread, alternate_total_points, team_total, alternate_team_total, moneyline_h1, spread_h1, total_points_h1."
2026-10-07,401871066,False,2026-10-07T23:30:00Z,Florida International Panthers,New Mexico State Aggies,alternate_spread,away,11.0,-190,fanatics,0.6374649130297918,-0.017707500763311623,"10 market(s) allowlisted for NCAAF: moneyline, spread, total_points, alternate_spread, alternate_total_points, team_total, alternate_team_total, moneyline_h1, spread_h1, total_points_h1."
2026-10-07,401871066,False,2026-10-07T23:30:00Z,Florida International Panthers,New Mexico State Aggies,alternate_spread,away,31.0,-2800,fanatics,0.9364561018821708,-0.02906113949713962,"10 market(s) allowlisted for NCAAF: moneyline, spread, total_points, alternate_spread, alternate_total_points, team_total, alternate_team_total, moneyline_h1, spread_h1, total_points_h1."
2026-10-07,401871066,False,2026-10-07T23:30:00Z,Florida International Panthers,New Mexico State Aggies,alternate_spread,away,21.0,-600,fanatics,0.8353859456396667,-0.021756911503190368,"10 market(s) allowlisted for NCAAF: moneyline, spread, total_points, alternate_spread, alternate_total_points, team_total, alternate_team_total, moneyline_h1, spread_h1, total_points_h1."
2026-10-07,401871066,False,2026-10-07T23:30:00Z,Florida International Panthers,New Mexico State Aggies,alternate_spread,away,14.0,-265,fanatics,0.6881111912284025,-0.03791620603187151,"10 market(s) allowlisted for NCAAF: moneyline, spread, total_points, alternate_spread, alternate_total_points, team_total, alternate_team_total, moneyline_h1, spread_h1, total_points_h1."
2026-10-07,401871066,False,2026-10-07T23:30:00Z,Florida International Panthers,New Mexico State Aggies,alternate_spread,away,5.5,105,fanatics,0.4785316664725828,-0.009273211576197704,"10 market(s) allowlisted for NCAAF: moneyline, spread, total_points, alternate_spread, alternate_total_points, team_total, alternate_team_total, moneyline_h1, spread_h1, total_points_h1."
2026-10-07,401871066,False,2026-10-07T23:30:00Z,Florida International Panthers,New Mexico State Aggies,alternate_spread,away,24.0,-850,fanatics,0.879451517788708,-0.01528532431655516,"10 market(s) allowlisted for NCAAF: moneyline, spread, total_points, alternate_spread, alternate_total_points, team_total, alternate_team_total, moneyline_h1, spread_h1, total_points_h1."
2026-10-07,401871066,False,2026-10-07T23:30:00Z,Florida International Panthers,New Mexico State Aggies,alternate_spread,away,17.0,-350,fanatics,0.741328433514782,-0.03644934426299584,"10 market(s) allowlisted for NCAAF: moneyline, spread, total_points, alternate_spread, alternate_total_points, team_total, alternate_team_total, moneyline_h1, spread_h1, total_points_h1."
2026-10-07,401871066,False,2026-10-07T23:30:00Z,Florida International Panthers,New Mexico State Aggies,alternate_spread,away,27.0,-1200,fanatics,0.9026071690306557,-0.020469754046267385,"10 market(s) allowlisted for NCAAF: moneyline, spread, total_points, alternate_spread, alternate_total_points, team_total, alternate_team_total, moneyline_h1, spread_h1, total_points_h1."
2026-10-07,401871066,False,2026-10-07T23:30:00Z,Florida International Panthers,New Mexico State Aggies,alternate_spread,away,6.5,-105,fanatics,0.5000000031631767,-0.012195118788042802,"10 market(s) allowlisted for NCAAF: moneyline, spread, total_points, alternate_spread, alternate_total_points, team_total, alternate_team_total, moneyline_h1, spread_h1, total_points_h1."
2026-10-07,401871066,False,2026-10-07T23:30:00Z,Florida International Panthers,New Mexico State Aggies,alternate_spread,away,20.0,-500,fanatics,0.804151697719656,-0.02918163561367737,"10 market(s) allowlisted for NCAAF: moneyline, spread, total_points, alternate_spread, alternate_total_points, team_total, alternate_team_total, moneyline_h1, spread_h1, total_points_h1."
2026-10-07,401871066,False,2026-10-07T23:30:00Z,Florida International Panthers,New Mexico State Aggies,alternate_spread,away,23.0,-750,fanatics,0.8652715064080642,-0.0170814347684064,"10 market(s) allowlisted for NCAAF: moneyline, spread, total_points, alternate_spread, alternate_total_points, team_total, alternate_team_total, moneyline_h1, spread_h1, total_points_h1."
2026-10-07,401871066,False,2026-10-07T23:30:00Z,Florida International Panthers,New Mexico State Aggies,alternate_spread,away,17.5,-375,fanatics,0.7480635152962262,-0.04141016891430016,"10 market(s) allowlisted for NCAAF: moneyline, spread, total_points, alternate_spread, alternate_total_points, team_total, alternate_team_total, moneyline_h1, spread_h1, total_points_h1."
2026-10-07,401871066,False,2026-10-07T23:30:00Z,Florida International Panthers,New Mexico State Aggies,alternate_spread,away,20.5,-500,fanatics,0.8089088321370744,-0.02442450119625894,"10 market(s) allowlisted for NCAAF: moneyline, spread, total_points, alternate_spread, alternate_total_points, team_total, alternate_team_total, moneyline_h1, spread_h1, total_points_h1."
2026-10-07,401871066,False,2026-10-07T23:30:00Z,Florida International Panthers,New Mexico State Aggies,alternate_spread,away,26.0,-1100,fanatics,0.8953026451296453,-0.021364021537021327,"10 market(s) allowlisted for NCAAF: moneyline, spread, total_points, alternate_spread, alternate_total_points, team_total, alternate_team_total, moneyline_h1, spread_h1, total_points_h1."
2026-10-07,401871066,False,2026-10-07T23:30:00Z,Florida International Panthers,New Mexico State Aggies,alternate_spread,away,1.0,190,fanatics,0.31844750885110107,-0.026380077355795506,"10 market(s) allowlisted for NCAAF: moneyline, spread, total_points, alternate_spread, alternate_total_points, team_total, alternate_team_total, moneyline_h1, spread_h1, total_points_h1."
2026-10-07,401871066,False,2026-10-07T23:30:00Z,Florida International Panthers,New Mexico State Aggies,alternate_spread,away,4.0,125,fanatics,0.4361049106179537,-0.00833953382649072,"10 market(s) allowlisted for NCAAF: moneyline, spread, total_points, alternate_spread, alternate_total_points, team_total, alternate_team_total, moneyline_h1, spread_h1, total_points_h1."
2026-10-07,401871066,False,2026-10-07T23:30:00Z,Florida International Panthers,New Mexico State Aggies,alternate_spread,away,30.0,-2200,fanatics,0.9264962491693524,-0.030025489961082452,"10 market(s) allowlisted for NCAAF: moneyline, spread, total_points, alternate_spread, alternate_total_points, team_total, alternate_team_total, moneyline_h1, spread_h1, total_points_h1."
2026-10-07,401871066,False,2026-10-07T23:30:00Z,Florida International Panthers,New Mexico State Aggies,alternate_spread,away,7.0,-120,fanatics,0.5265153411100086,-0.018939204344536775,"10 market(s) allowlisted for NCAAF: moneyline, spread, total_points, alternate_spread, alternate_total_points, team_total, alternate_team_total, moneyline_h1, spread_h1, total_points_h1."
2026-10-07,401871066,False,2026-10-07T23:30:00Z,Florida International Panthers,New Mexico State Aggies,alternate_spread,away,29.0,-2000,fanatics,0.9232559677881024,-0.029124984592849956,"10 market(s) allowlisted for NCAAF: moneyline, spread, total_points, alternate_spread, alternate_total_points, team_total, alternate_team_total, moneyline_h1, spread_h1, total_points_h1."
2026-10-07,401871066,False,2026-10-07T23:30:00Z,Florida International Panthers,New Mexico State Aggies,alternate_spread,away,-9.5,600,fanatics,0.11256634765812332,-0.030290795199019532,"10 market(s) allowlisted for NCAAF: moneyline, spread, total_points, alternate_spread, alternate_total_points, team_total, alternate_team_total, moneyline_h1, spread_h1, total_points_h1."
2026-10-07,401871066,False,2026-10-07T23:30:00Z,Florida International Panthers,New Mexico State Aggies,alternate_spread,away,-11.5,750,fanatics,0.08995682613711609,-0.027690232686413324,"10 market(s) allowlisted for NCAAF: moneyline, spread, total_points, alternate_spread, alternate_total_points, team_total, alternate_team_total, moneyline_h1, spread_h1, total_points_h1."
2026-10-07,401871066,False,2026-10-07T23:30:00Z,Florida International Panthers,New Mexico State Aggies,alternate_spread,away,11.5,-195,fanatics,0.6466785010715344,-0.014338448081008037,"10 market(s) allowlisted for NCAAF: moneyline, spread, total_points, alternate_spread, alternate_total_points, team_total, alternate_team_total, moneyline_h1, spread_h1, total_points_h1."
2026-10-07,401871066,False,2026-10-07T23:30:00Z,Florida International Panthers,New Mexico State Aggies,alternate_spread,away,-10.0,650,fanatics,0.09919174363850337,-0.03414158969482996,"10 market(s) allowlisted for NCAAF: moneyline, spread, total_points, alternate_spread, alternate_total_points, team_total, alternate_team_total, moneyline_h1, spread_h1, total_points_h1."
2026-10-07,401871066,False,2026-10-07T23:30:00Z,Florida International Panthers,New Mexico State Aggies,alternate_spread,away,-13.0,850,fanatics,0.07401883000419775,-0.03124432789053909,"10 market(s) allowlisted for NCAAF: moneyline, spread, total_points, alternate_spread, alternate_total_points, team_total, alternate_team_total, moneyline_h1, spread_h1, total_points_h1."
2026-10-07,401871066,False,2026-10-07T23:30:00Z,Florida International Panthers,New Mexico State Aggies,alternate_spread,away,-16.0,1100,fanatics,0.049869097365030875,-0.033464235968302454,"10 market(s) allowlisted for NCAAF: moneyline, spread, total_points, alternate_spread, alternate_total_points, team_total, alternate_team_total, moneyline_h1, spread_h1, total_points_h1."
2026-10-07,401871066,False,2026-10-07T23:30:00Z,Florida International Panthers,New Mexico State Aggies,alternate_spread,away,-2.0,220,fanatics,0.2805575520342872,-0.03194244796571277,"10 market(s) allowlisted for NCAAF: moneyline, spread, total_points, alternate_spread, alternate_total_points, team_total, alternate_team_total, moneyline_h1, spread_h1, total_points_h1."
2026-10-07,401871066,False,2026-10-07T23:30:00Z,Florida International Panthers,New Mexico State Aggies,alternate_spread,away,-5.0,350,fanatics,0.19333435502973498,-0.028887867192487232,"10 market(s) allowlisted for NCAAF: moneyline, spread, total_points, alternate_spread, alternate_total_points, team_total, alternate_team_total, moneyline_h1, spread_h1, total_points_h1."
2026-10-07,401871066,False,2026-10-07T23:30:00Z,Florida International Panthers,New Mexico State Aggies,alternate_spread,away,-8.0,550,fanatics,0.12333965156184955,-0.030506502284304307,"10 market(s) allowlisted for NCAAF: moneyline, spread, total_points, alternate_spread, alternate_total_points, team_total, alternate_team_total, moneyline_h1, spread_h1, total_points_h1."
2026-10-07,401871066,False,2026-10-07T23:30:00Z,Florida International Panthers,New Mexico State Aggies,alternate_spread,away,2.5,170,fanatics,0.3507229695758191,-0.01964740079455124,"10 market(s) allowlisted for NCAAF: moneyline, spread, total_points, alternate_spread, alternate_total_points, team_total, alternate_team_total, moneyline_h1, spread_h1, total_points_h1."
2026-10-07,401871066,False,2026-10-07T23:30:00Z,Florida International Panthers,New Mexico State Aggies,alternate_spread,away,25.5,-1100,fanatics,0.8898166954471555,-0.02684997121951116,"10 market(s) allowlisted for NCAAF: moneyline, spread, total_points, alternate_spread, alternate_total_points, team_total, alternate_team_total, moneyline_h1, spread_h1, total_points_h1."
2026-10-07,401871066,False,2026-10-07T23:30:00Z,Florida International Panthers,New Mexico State Aggies,alternate_spread,away,-13.5,850,fanatics,0.07311933661198419,-0.032143821282752644,"10 market(s) allowlisted for NCAAF: moneyline, spread, total_points, alternate_spread, alternate_total_points, team_total, alternate_team_total, moneyline_h1, spread_h1, total_points_h1."
2026-10-07,401871066,False,2026-10-07T23:30:00Z,Florida International Panthers,New Mexico State Aggies,alternate_spread,away,29.5,-2000,fanatics,0.9235619561336353,-0.028818996247316986,"10 market(s) allowlisted for NCAAF: moneyline, spread, total_points, alternate_spread, alternate_total_points, team_total, alternate_team_total, moneyline_h1, spread_h1, total_points_h1."
2026-10-07,401871066,False,2026-10-07T23:30:00Z,Florida International Panthers,New Mexico State Aggies,alternate_spread,away,2.0,175,fanatics,0.33616374879728966,-0.027472614839073983,"10 market(s) allowlisted for NCAAF: moneyline, spread, total_points, alternate_spread, alternate_total_points, team_total, alternate_team_total, moneyline_h1, spread_h1, total_points_h1."
2026-10-07,401871066,False,2026-10-07T23:30:00Z,Florida International Panthers,New Mexico State Aggies,alternate_spread,away,5.0,110,fanatics,0.4664081103857267,-0.009782365804749449,"10 market(s) allowlisted for NCAAF: moneyline, spread, total_points, alternate_spread, alternate_total_points, team_total, alternate_team_total, moneyline_h1, spread_h1, total_points_h1."
2026-10-07,401871066,False,2026-10-07T23:30:00Z,Florida International Panthers,New Mexico State Aggies,alternate_spread,away,-6.5,390,fanatics,0.16404031736753125,-0.04004131528552998,"10 market(s) allowlisted for NCAAF: moneyline, spread, total_points, alternate_spread, alternate_total_points, team_total, alternate_team_total, moneyline_h1, spread_h1, total_points_h1."
2026-10-07,401871066,False,2026-10-07T23:30:00Z,Florida International Panthers,New Mexico State Aggies,alternate_spread,away,8.0,-140,fanatics,0.5675007397133481,-0.015832593619985236,"10 market(s) allowlisted for NCAAF: moneyline, spread, total_points, alternate_spread, alternate_total_points, team_total, alternate_team_total, moneyline_h1, spread_h1, total_points_h1."
2026-10-07,401871066,False,2026-10-07T23:30:00Z,Florida International Panthers,New Mexico State Aggies,alternate_spread,away,-12.5,750,fanatics,0.08527156047397359,-0.03237549834955582,"10 market(s) allowlisted for NCAAF: moneyline, spread, total_points, alternate_spread, alternate_total_points, team_total, alternate_team_total, moneyline_h1, spread_h1, total_points_h1."
2026-10-07,401871066,False,2026-10-07T23:30:00Z,Florida International Panthers,New Mexico State Aggies,alternate_spread,away,3.0,155,fanatics,0.3771789193075489,-0.014977943437549157,"10 market(s) allowlisted for NCAAF: moneyline, spread, total_points, alternate_spread, alternate_total_points, team_total, alternate_team_total, moneyline_h1, spread_h1, total_points_h1."
2026-10-07,401871066,False,2026-10-07T23:30:00Z,Florida International Panthers,New Mexico State Aggies,alternate_spread,away,6.0,100,fanatics,0.4890303343421538,-0.010969665657846184,"10 market(s) allowlisted for NCAAF: moneyline, spread, total_points, alternate_spread, alternate_total_points, team_total, alternate_team_total, moneyline_h1, spread_h1, total_points_h1."
2026-10-07,401871066,False,2026-10-07T23:30:00Z,Florida International Panthers,New Mexico State Aggies,alternate_spread,away,28.5,-1800,fanatics,0.9195748272753538,-0.027793593777277747,"10 market(s) allowlisted for NCAAF: moneyline, spread, total_points, alternate_spread, alternate_total_points, team_total, alternate_team_total, moneyline_h1, spread_h1, total_points_h1."
2026-10-07,401871066,False,2026-10-07T23:30:00Z,Florida International Panthers,New Mexico State Aggies,alternate_spread,away,27.5,-1400,fanatics,0.9033261171639132,-0.030007216169420148,"10 market(s) allowlisted for NCAAF: moneyline, spread, total_points, alternate_spread, alternate_total_points, team_total, alternate_team_total, moneyline_h1, spread_h1, total_points_h1."
2026-10-07,401871066,False,2026-10-07T23:30:00Z,Florida International Panthers,New Mexico State Aggies,alternate_spread,away,9.0,-155,fanatics,0.5877117544836119,-0.020131382771290007,"10 market(s) allowlisted for NCAAF: moneyline, spread, total_points, alternate_spread, alternate_total_points, team_total, alternate_team_total, moneyline_h1, spread_h1, total_points_h1."
2026-10-07,401871066,False,2026-10-07T23:30:00Z,Florida International Panthers,New Mexico State Aggies,alternate_spread,away,3.5,130,fanatics,0.42086461423692434,-0.013917994458727823,"10 market(s) allowlisted for NCAAF: moneyline, spread, total_points, alternate_spread, alternate_total_points, team_total, alternate_team_total, moneyline_h1, spread_h1, total_points_h1."
2026-10-07,401871066,False,2026-10-07T23:30:00Z,Florida International Panthers,New Mexico State Aggies,alternate_spread,away,31.5,-2800,fanatics,0.9371161384930878,-0.02840110288622255,"10 market(s) allowlisted for NCAAF: moneyline, spread, total_points, alternate_spread, alternate_total_points, team_total, alternate_team_total, moneyline_h1, spread_h1, total_points_h1."
2026-10-07,401871066,False,2026-10-07T23:30:00Z,Florida International Panthers,New Mexico State Aggies,alternate_spread,away,16.5,-320,fanatics,0.7220263212089157,-0.03987844069584612,"10 market(s) allowlisted for NCAAF: moneyline, spread, total_points, alternate_spread, alternate_total_points, team_total, alternate_team_total, moneyline_h1, spread_h1, total_points_h1."
2026-10-07,401871066,False,2026-10-07T23:30:00Z,Florida International Panthers,New Mexico State Aggies,alternate_spread,away,-11.0,750,fanatics,0.0906605500285392,-0.026986508794990205,"10 market(s) allowlisted for NCAAF: moneyline, spread, total_points, alternate_spread, alternate_total_points, team_total, alternate_team_total, moneyline_h1, spread_h1, total_points_h1."
2026-10-07,401871066,False,2026-10-07T23:30:00Z,Florida International Panthers,New Mexico State Aggies,alternate_spread,away,-14.0,950,fanatics,0.06300363509065726,-0.03223446014743797,"10 market(s) allowlisted for NCAAF: moneyline, spread, total_points, alternate_spread, alternate_total_points, team_total, alternate_team_total, moneyline_h1, spread_h1, total_points_h1."
2026-10-07,401871066,False,2026-10-07T23:30:00Z,Florida International Panthers,New Mexico State Aggies,alternate_spread,away,19.5,-450,fanatics,0.7846189385713448,-0.03356287961047344,"10 market(s) allowlisted for NCAAF: moneyline, spread, total_points, alternate_spread, alternate_total_points, team_total, alternate_team_total, moneyline_h1, spread_h1, total_points_h1."
2026-10-07,401871066,False,2026-10-07T23:30:00Z,Florida International Panthers,New Mexico State Aggies,alternate_spread,away,-12.0,750,fanatics,0.08567296105667217,-0.03197409776685724,"10 market(s) allowlisted for NCAAF: moneyline, spread, total_points, alternate_spread, alternate_total_points, team_total, alternate_team_total, moneyline_h1, spread_h1, total_points_h1."
2026-10-07,401871066,False,2026-10-07T23:30:00Z,Florida International Panthers,New Mexico State Aggies,alternate_spread,away,-15.0,1050,fanatics,0.05479464557386973,-0.0321618761652607,"10 market(s) allowlisted for NCAAF: moneyline, spread, total_points, alternate_spread, alternate_total_points, team_total, alternate_team_total, moneyline_h1, spread_h1, total_points_h1."
2026-10-07,401871066,False,2026-10-07T23:30:00Z,Florida International Panthers,New Mexico State Aggies,alternate_spread,away,22.5,-700,fanatics,0.8581753920130689,-0.016824607986931084,"10 market(s) allowlisted for NCAAF: moneyline, spread, total_points, alternate_spread, alternate_total_points, team_total, alternate_team_total, moneyline_h1, spread_h1, total_points_h1."
2026-10-07,401871066,False,2026-10-07T23:30:00Z,Florida International Panthers,New Mexico State Aggies,alternate_spread,away,-10.5,700,fanatics,0.09771901036390042,-0.02728098963609958,"10 market(s) allowlisted for NCAAF: moneyline, spread, total_points, alternate_spread, alternate_total_points, team_total, alternate_team_total, moneyline_h1, spread_h1, total_points_h1."
2026-10-07,401871066,False,2026-10-07T23:30:00Z,Florida International Panthers,New Mexico State Aggies,alternate_spread,away,18.5,-425,fanatics,0.7660413386759646,-0.043482470847844956,"10 market(s) allowlisted for NCAAF: moneyline, spread, total_points, alternate_spread, alternate_total_points, team_total, alternate_team_total, moneyline_h1, spread_h1, total_points_h1."
2026-10-07,401871066,False,2026-10-07T23:30:00Z,Florida International Panthers,New Mexico State Aggies,alternate_spread,away,10.5,-180,fanatics,0.6212641663688089,-0.021592976488334026,"10 market(s) allowlisted for NCAAF: moneyline, spread, total_points, alternate_spread, alternate_total_points, team_total, alternate_team_total, moneyline_h1, spread_h1, total_points_h1."
2026-10-07,401871066,False,2026-10-07T23:30:00Z,Florida International Panthers,New Mexico State Aggies,alternate_spread,away,9.5,-155,fanatics,0.5927260995276441,-0.01511703772725781,"10 market(s) allowlisted for NCAAF: moneyline, spread, total_points, alternate_spread, alternate_total_points, team_total, alternate_team_total, moneyline_h1, spread_h1, total_points_h1."
2026-10-07,401871066,False,2026-10-07T23:30:00Z,Florida International Panthers,New Mexico State Aggies,alternate_spread,away,21.5,-650,fanatics,0.8406033005929908,-0.026063366073675875,"10 market(s) allowlisted for NCAAF: moneyline, spread, total_points, alternate_spread, alternate_total_points, team_total, alternate_team_total, moneyline_h1, spread_h1, total_points_h1."
2026-10-07,401871066,False,2026-10-07T23:30:00Z,Florida International Panthers,New Mexico State Aggies,alternate_spread,away,1.5,180,fanatics,0.3287910236295837,-0.028351833513273472,"10 market(s) allowlisted for NCAAF: moneyline, spread, total_points, alternate_spread, alternate_total_points, team_total, alternate_team_total, moneyline_h1, spread_h1, total_points_h1."
2026-10-07,401871066,False,2026-10-07T23:30:00Z,Florida International Panthers,New Mexico State Aggies,alternate_total_points,over,44.0,-140,fanatics,0.5650411816730363,-0.018292151660297074,"10 market(s) allowlisted for NCAAF: moneyline, spread, total_points, alternate_spread, alternate_total_points, team_total, alternate_team_total, moneyline_h1, spread_h1, total_points_h1."
2026-10-07,401871066,False,2026-10-07T23:30:00Z,Florida International Panthers,New Mexico State Aggies,alternate_total_points,over,43.0,-160,fanatics,0.5885936528271982,-0.026790962557417197,"10 market(s) allowlisted for NCAAF: moneyline, spread, total_points, alternate_spread, alternate_total_points, team_total, alternate_team_total, moneyline_h1, spread_h1, total_points_h1."
2026-10-07,401871066,False,2026-10-07T23:30:00Z,Florida International Panthers,New Mexico State Aggies,alternate_total_points,over,42.0,-170,fanatics,0.6081555927108966,-0.021474036918733064,"10 market(s) allowlisted for NCAAF: moneyline, spread, total_points, alternate_spread, alternate_total_points, team_total, alternate_team_total, moneyline_h1, spread_h1, total_points_h1."
2026-10-07,401871066,False,2026-10-07T23:30:00Z,Florida International Panthers,New Mexico State Aggies,alternate_total_points,over,47.0,-105,fanatics,0.48522242862739645,-0.02697269332382307,"10 market(s) allowlisted for NCAAF: moneyline, spread, total_points, alternate_spread, alternate_total_points, team_total, alternate_team_total, moneyline_h1, spread_h1, total_points_h1."
2026-10-07,401871066,False,2026-10-07T23:30:00Z,Florida International Panthers,New Mexico State Aggies,alternate_total_points,over,66.5,650,fanatics,0.10209554992126019,-0.031237783412073145,"10 market(s) allowlisted for NCAAF: moneyline, spread, total_points, alternate_spread, alternate_total_points, team_total, alternate_team_total, moneyline_h1, spread_h1, total_points_h1."
2026-10-07,401871066,False,2026-10-07T23:30:00Z,Florida International Panthers,New Mexico State Aggies,alternate_total_points,over,46.0,-115,fanatics,0.5089327796172572,-0.025950941312975262,"10 market(s) allowlisted for NCAAF: moneyline, spread, total_points, alternate_spread, alternate_total_points, team_total, alternate_team_total, moneyline_h1, spread_h1, total_points_h1."
2026-10-07,401871066,False,2026-10-07T23:30:00Z,Florida International Panthers,New Mexico State Aggies,alternate_total_points,over,45.0,-125,fanatics,0.534263322408383,-0.021292233147172546,"10 market(s) allowlisted for NCAAF: moneyline, spread, total_points, alternate_spread, alternate_total_points, team_total, alternate_team_total, moneyline_h1, spread_h1, total_points_h1."
2026-10-07,401871066,False,2026-10-07T23:30:00Z,Florida International Panthers,New Mexico State Aggies,alternate_total_points,over,50.0,130,fanatics,0.4084435975639893,-0.02633901113166287,"10 market(s) allowlisted for NCAAF: moneyline, spread, total_points, alternate_spread, alternate_total_points, team_total, alternate_team_total, moneyline_h1, spread_h1, total_points_h1."
2026-10-07,401871066,False,2026-10-07T23:30:00Z,Florida International Panthers,New Mexico State Aggies,alternate_total_points,over,49.0,120,fanatics,0.4268111532627104,-0.027734301282744123,"10 market(s) allowlisted for NCAAF: moneyline, spread, total_points, alternate_spread, alternate_total_points, team_total, alternate_team_total, moneyline_h1, spread_h1, total_points_h1."
2026-10-07,401871066,False,2026-10-07T23:30:00Z,Florida International Panthers,New Mexico State Aggies,alternate_total_points,over,48.0,110,fanatics,0.4532730120335991,-0.022917464156877065,"10 market(s) allowlisted for NCAAF: moneyline, spread, total_points, alternate_spread, alternate_total_points, team_total, alternate_team_total, moneyline_h1, spread_h1, total_points_h1."
2026-10-07,401871066,False,2026-10-07T23:30:00Z,Florida International Panthers,New Mexico State Aggies,alternate_total_points,over,53.0,180,fanatics,0.3322191402827409,-0.02492371686011624,"10 market(s) allowlisted for NCAAF: moneyline, spread, total_points, alternate_spread, alternate_total_points, team_total, alternate_team_total, moneyline_h1, spread_h1, total_points_h1."
2026-10-07,401871066,False,2026-10-07T23:30:00Z,Florida International Panthers,New Mexico State Aggies,alternate_total_points,over,56.0,240,fanatics,0.26932128893926127,-0.024796358119562267,"10 market(s) allowlisted for NCAAF: moneyline, spread, total_points, alternate_spread, alternate_total_points, team_total, alternate_team_total, moneyline_h1, spread_h1, total_points_h1."
2026-10-07,401871066,False,2026-10-07T23:30:00Z,Florida International Panthers,New Mexico State Aggies,alternate_total_points,over,43.5,-155,fanatics,0.5775193450609638,-0.030323792193938104,"10 market(s) allowlisted for NCAAF: moneyline, spread, total_points, alternate_spread, alternate_total_points, team_total, alternate_team_total, moneyline_h1, spread_h1, total_points_h1."
2026-10-07,401871066,False,2026-10-07T23:30:00Z,Florida International Panthers,New Mexico State Aggies,alternate_total_points,over,59.0,330,fanatics,0.20857965102479498,-0.02397848851008874,"10 market(s) allowlisted for NCAAF: moneyline, spread, total_points, alternate_spread, alternate_total_points, team_total, alternate_team_total, moneyline_h1, spread_h1, total_points_h1."
2026-10-07,401871066,False,2026-10-07T23:30:00Z,Florida International Panthers,New Mexico State Aggies,alternate_total_points,over,54.5,200,fanatics,0.3083364389201238,-0.024996894413209514,"10 market(s) allowlisted for NCAAF: moneyline, spread, total_points, alternate_spread, alternate_total_points, team_total, alternate_team_total, moneyline_h1, spread_h1, total_points_h1."
2026-10-07,401871066,False,2026-10-07T23:30:00Z,Florida International Panthers,New Mexico State Aggies,alternate_total_points,over,39.5,-240,fanatics,0.677072735184918,-0.028809617756258565,"10 market(s) allowlisted for NCAAF: moneyline, spread, total_points, alternate_spread, alternate_total_points, team_total, alternate_team_total, moneyline_h1, spread_h1, total_points_h1."
2026-10-07,401871066,False,2026-10-07T23:30:00Z,Florida International Panthers,New Mexico State Aggies,alternate_total_points,over,28.5,-1200,fanatics,0.8883239792114632,-0.03475294386545991,"10 market(s) allowlisted for NCAAF: moneyline, spread, total_points, alternate_spread, alternate_total_points, team_total, alternate_team_total, moneyline_h1, spread_h1, total_points_h1."
2026-10-07,401871066,False,2026-10-07T23:30:00Z,Florida International Panthers,New Mexico State Aggies,alternate_total_points,over,62.0,430,fanatics,0.16232327521025494,-0.02635597007276394,"10 market(s) allowlisted for NCAAF: moneyline, spread, total_points, alternate_spread, alternate_total_points, team_total, alternate_team_total, moneyline_h1, spread_h1, total_points_h1."
2026-10-07,401871066,False,2026-10-07T23:30:00Z,Florida International Panthers,New Mexico State Aggies,alternate_total_points,over,52.0,165,fanatics,0.3518878868609722,-0.025470603705065542,"10 market(s) allowlisted for NCAAF: moneyline, spread, total_points, alternate_spread, alternate_total_points, team_total, alternate_team_total, moneyline_h1, spread_h1, total_points_h1."
2026-10-07,401871066,False,2026-10-07T23:30:00Z,Florida International Panthers,New Mexico State Aggies,alternate_total_points,over,51.0,150,fanatics,0.3803979136327011,-0.019602086367298932,"10 market(s) allowlisted for NCAAF: moneyline, spread, total_points, alternate_spread, alternate_total_points, team_total, alternate_team_total, moneyline_h1, spread_h1, total_points_h1."
2026-10-07,401871066,False,2026-10-07T23:30:00Z,Florida International Panthers,New Mexico State Aggies,alternate_total_points,over,65.0,600,fanatics,0.11725593770601611,-0.025601205151126738,"10 market(s) allowlisted for NCAAF: moneyline, spread, total_points, alternate_spread, alternate_total_points, team_total, alternate_team_total, moneyline_h1, spread_h1, total_points_h1."
2026-10-07,401871066,False,2026-10-07T23:30:00Z,Florida International Panthers,New Mexico State Aggies,alternate_total_points,over,55.0,220,fanatics,0.28932357750012483,-0.02317642249987517,"10 market(s) allowlisted for NCAAF: moneyline, spread, total_points, alternate_spread, alternate_total_points, team_total, alternate_team_total, moneyline_h1, spread_h1, total_points_h1."
2026-10-07,401871066,False,2026-10-07T23:30:00Z,Florida International Panthers,New Mexico State Aggies,alternate_total_points,over,68.0,750,fanatics,0.08744589356888907,-0.03020116525464034,"10 market(s) allowlisted for NCAAF: moneyline, spread, total_points, alternate_spread, alternate_total_points, team_total, alternate_team_total, moneyline_h1, spread_h1, total_points_h1."
2026-10-07,401871066,False,2026-10-07T23:30:00Z,Florida International Panthers,New Mexico State Aggies,alternate_total_points,over,27.5,-1400,fanatics,0.9002994075076107,-0.03303392582572262,"10 market(s) allowlisted for NCAAF: moneyline, spread, total_points, alternate_spread, alternate_total_points, team_total, alternate_team_total, moneyline_h1, spread_h1, total_points_h1."
2026-10-07,401871066,False,2026-10-07T23:30:00Z,Florida International Panthers,New Mexico State Aggies,alternate_total_points,over,54.0,200,fanatics,0.31407404373050957,-0.019259289602823748,"10 market(s) allowlisted for NCAAF: moneyline, spread, total_points, alternate_spread, alternate_total_points, team_total, alternate_team_total, moneyline_h1, spread_h1, total_points_h1."
2026-10-07,401871066,False,2026-10-07T23:30:00Z,Florida International Panthers,New Mexico State Aggies,alternate_total_points,over,71.0,950,fanatics,0.056403101173672976,-0.03883499406442226,"10 market(s) allowlisted for NCAAF: moneyline, spread, total_points, alternate_spread, alternate_total_points, team_total, alternate_team_total, moneyline_h1, spread_h1, total_points_h1."
2026-10-07,401871066,False,2026-10-07T23:30:00Z,Florida International Panthers,New Mexico State Aggies,alternate_total_points,over,58.0,290,fanatics,0.22958820643455835,-0.026822049975698037,"10 market(s) allowlisted for NCAAF: moneyline, spread, total_points, alternate_spread, alternate_total_points, team_total, alternate_team_total, moneyline_h1, spread_h1, total_points_h1."
2026-10-07,401871066,False,2026-10-07T23:30:00Z,Florida International Panthers,New Mexico State Aggies,alternate_total_points,over,57.0,265,fanatics,0.24986945996854226,-0.02410314277118375,"10 market(s) allowlisted for NCAAF: moneyline, spread, total_points, alternate_spread, alternate_total_points, team_total, alternate_team_total, moneyline_h1, spread_h1, total_points_h1."
2026-10-07,401871066,False,2026-10-07T23:30:00Z,Florida International Panthers,New Mexico State Aggies,alternate_total_points,over,42.5,-170,fanatics,0.5963342060657352,-0.03329542356389448,"10 market(s) allowlisted for NCAAF: moneyline, spread, total_points, alternate_spread, alternate_total_points, team_total, alternate_team_total, moneyline_h1, spread_h1, total_points_h1."
2026-10-07,401871066,False,2026-10-07T23:30:00Z,Florida International Panthers,New Mexico State Aggies,alternate_total_points,over,61.0,390,fanatics,0.18234957223784462,-0.02173206041521661,"10 market(s) allowlisted for NCAAF: moneyline, spread, total_points, alternate_spread, alternate_total_points, team_total, alternate_team_total, moneyline_h1, spread_h1, total_points_h1."
2026-10-07,401871066,False,2026-10-07T23:30:00Z,Florida International Panthers,New Mexico State Aggies,alternate_total_points,over,60.0,360,fanatics,0.19457066919430163,-0.02282063515352445,"10 market(s) allowlisted for NCAAF: moneyline, spread, total_points, alternate_spread, alternate_total_points, team_total, alternate_team_total, moneyline_h1, spread_h1, total_points_h1."
2026-10-07,401871066,False,2026-10-07T23:30:00Z,Florida International Panthers,New Mexico State Aggies,alternate_total_points,over,30.5,-800,fanatics,0.8524160022573128,-0.036472886631575996,"10 market(s) allowlisted for NCAAF: moneyline, spread, total_points, alternate_spread, alternate_total_points, team_total, alternate_team_total, moneyline_h1, spread_h1, total_points_h1."
2026-10-07,401871066,False,2026-10-07T23:30:00Z,Florida International Panthers,New Mexico State Aggies,alternate_total_points,over,63.0,475,fanatics,0.1462906117664124,-0.027622431711848472,"10 market(s) allowlisted for NCAAF: moneyline, spread, total_points, alternate_spread, alternate_total_points, team_total, alternate_team_total, moneyline_h1, spread_h1, total_points_h1."
2026-10-07,401871066,False,2026-10-07T23:30:00Z,Florida International Panthers,New Mexico State Aggies,alternate_total_points,over,64.0,525,fanatics,0.13520207849843036,-0.024797921501569647,"10 market(s) allowlisted for NCAAF: moneyline, spread, total_points, alternate_spread, alternate_total_points, team_total, alternate_team_total, moneyline_h1, spread_h1, total_points_h1."
2026-10-07,401871066,False,2026-10-07T23:30:00Z,Florida International Panthers,New Mexico State Aggies,alternate_total_points,over,31.5,-650,fanatics,0.8334247598384632,-0.033241906828203494,"10 market(s) allowlisted for NCAAF: moneyline, spread, total_points, alternate_spread, alternate_total_points, team_total, alternate_team_total, moneyline_h1, spread_h1, total_points_h1."
2026-10-07,401871066,False,2026-10-07T23:30:00Z,Florida International Panthers,New Mexico State Aggies,alternate_total_points,over,67.0,700,fanatics,0.09633840553388552,-0.02866159446611448,"10 market(s) allowlisted for NCAAF: moneyline, spread, total_points, alternate_spread, alternate_total_points, team_total, alternate_team_total, moneyline_h1, spread_h1, total_points_h1."
2026-10-07,401871066,False,2026-10-07T23:30:00Z,Florida International Panthers,New Mexico State Aggies,alternate_total_points,over,66.0,650,fanatics,0.10343630054177075,-0.029897032791562583,"10 market(s) allowlisted for NCAAF: moneyline, spread, total_points, alternate_spread, alternate_total_points, team_total, alternate_team_total, moneyline_h1, spread_h1, total_points_h1."
2026-10-07,401871066,False,2026-10-07T23:30:00Z,Florida International Panthers,New Mexico State Aggies,alternate_total_points,over,65.5,600,fanatics,0.1150576397629123,-0.027799503094230543,"10 market(s) allowlisted for NCAAF: moneyline, spread, total_points, alternate_spread, alternate_total_points, team_total, alternate_team_total, moneyline_h1, spread_h1, total_points_h1."
2026-10-07,401871066,False,2026-10-07T23:30:00Z,Florida International Panthers,New Mexico State Aggies,alternate_total_points,over,69.0,850,fanatics,0.07424439821438603,-0.03101875968035081,"10 market(s) allowlisted for NCAAF: moneyline, spread, total_points, alternate_spread, alternate_total_points, team_total, alternate_team_total, moneyline_h1, spread_h1, total_points_h1."
2026-10-07,401871066,False,2026-10-07T23:30:00Z,Florida International Panthers,New Mexico State Aggies,alternate_total_points,over,48.5,115,fanatics,0.4383330001082315,-0.026783278961535928,"10 market(s) allowlisted for NCAAF: moneyline, spread, total_points, alternate_spread, alternate_total_points, team_total, alternate_team_total, moneyline_h1, spread_h1, total_points_h1."
2026-10-07,401871066,False,2026-10-07T23:30:00Z,Florida International Panthers,New Mexico State Aggies,alternate_total_points,over,70.0,900,fanatics,0.0633983148161151,-0.0366016851838849,"10 market(s) allowlisted for NCAAF: moneyline, spread, total_points, alternate_spread, alternate_total_points, team_total, alternate_team_total, moneyline_h1, spread_h1, total_points_h1."
2026-10-07,401871066,False,2026-10-07T23:30:00Z,Florida International Panthers,New Mexico State Aggies,alternate_total_points,over,63.5,500,fanatics,0.14413506321858968,-0.022531603448076976,"10 market(s) allowlisted for NCAAF: moneyline, spread, total_points, alternate_spread, alternate_total_points, team_total, alternate_team_total, moneyline_h1, spread_h1, total_points_h1."
2026-10-07,401871066,False,2026-10-07T23:30:00Z,Florida International Panthers,New Mexico State Aggies,alternate_total_points,over,72.0,1100,fanatics,0.05220150295834798,-0.031131830374985348,"10 market(s) allowlisted for NCAAF: moneyline, spread, total_points, alternate_spread, alternate_total_points, team_total, alternate_team_total, moneyline_h1, spread_h1, total_points_h1."
2026-10-07,401871066,False,2026-10-07T23:30:00Z,Florida International Panthers,New Mexico State Aggies,alternate_total_points,over,36.5,-375,fanatics,0.7513507159162955,-0.038122968294230786,"10 market(s) allowlisted for NCAAF: moneyline, spread, total_points, alternate_spread, alternate_total_points, team_total, alternate_team_total, moneyline_h1, spread_h1, total_points_h1."
2026-10-07,401871066,False,2026-10-07T23:30:00Z,Florida International Panthers,New Mexico State Aggies,alternate_total_points,over,51.5,155,fanatics,0.3673287242363792,-0.024828138508718844,"10 market(s) allowlisted for NCAAF: moneyline, spread, total_points, alternate_spread, alternate_total_points, team_total, alternate_team_total, moneyline_h1, spread_h1, total_points_h1."
2026-10-07,401871066,False,2026-10-07T23:30:00Z,Florida International Panthers,New Mexico State Aggies,alternate_total_points,over,24.5,-2200,fanatics,0.9382474531174354,-0.018274286012999408,"10 market(s) allowlisted for NCAAF: moneyline, spread, total_points, alternate_spread, alternate_total_points, team_total, alternate_team_total, moneyline_h1, spread_h1, total_points_h1."
2026-10-07,401871066,False,2026-10-07T23:30:00Z,Florida International Panthers,New Mexico State Aggies,alternate_total_points,over,69.5,850,fanatics,0.07324927822461122,-0.03201387967012562,"10 market(s) allowlisted for NCAAF: moneyline, spread, total_points, alternate_spread, alternate_total_points, team_total, alternate_team_total, moneyline_h1, spread_h1, total_points_h1."
2026-10-07,401871066,False,2026-10-07T23:30:00Z,Florida International Panthers,New Mexico State Aggies,alternate_total_points,over,38.5,-265,fanatics,0.6892965606026971,-0.036730836657576926,"10 market(s) allowlisted for NCAAF: moneyline, spread, total_points, alternate_spread, alternate_total_points, team_total, alternate_team_total, moneyline_h1, spread_h1, total_points_h1."
2026-10-07,401871066,False,2026-10-07T23:30:00Z,Florida International Panthers,New Mexico State Aggies,alternate_total_points,over,57.5,265,fanatics,0.24489552933637315,-0.02907707340335286,"10 market(s) allowlisted for NCAAF: moneyline, spread, total_points, alternate_spread, alternate_total_points, team_total, alternate_team_total, moneyline_h1, spread_h1, total_points_h1."
2026-10-07,401871066,False,2026-10-07T23:30:00Z,Florida International Panthers,New Mexico State Aggies,alternate_total_points,over,72.5,1100,fanatics,0.05199092752598999,-0.03134240580734334,"10 market(s) allowlisted for NCAAF: moneyline, spread, total_points, alternate_spread, alternate_total_points, team_total, alternate_team_total, moneyline_h1, spread_h1, total_points_h1."
2026-10-07,401871066,False,2026-10-07T23:30:00Z,Florida International Panthers,New Mexico State Aggies,alternate_total_points,over,45.5,-115,fanatics,0.5175519896878159,-0.017331731242416604,"10 market(s) allowlisted for NCAAF: moneyline, spread, total_points, alternate_spread, alternate_total_points, team_total, alternate_team_total, moneyline_h1, spread_h1, total_points_h1."
2026-10-07,401871066,False,2026-10-07T23:30:00Z,Florida International Panthers,New Mexico State Aggies,alternate_total_points,over,60.5,360,fanatics,0.19223358857799006,-0.025157715769836025,"10 market(s) allowlisted for NCAAF: moneyline, spread, total_points, alternate_spread, alternate_total_points, team_total, alternate_team_total, moneyline_h1, spread_h1, total_points_h1."
2026-10-07,401871066,False,2026-10-07T23:30:00Z,Florida International Panthers,New Mexico State Aggies,alternate_total_points,over,53.5,185,fanatics,0.32660475788795573,-0.02427243509450039,"10 market(s) allowlisted for NCAAF: moneyline, spread, total_points, alternate_spread, alternate_total_points, team_total, alternate_team_total, moneyline_h1, spread_h1, total_points_h1."
2026-10-07,401871066,False,2026-10-07T23:30:00Z,Florida International Panthers,New Mexico State Aggies,alternate_total_points,over,33.5,-525,fanatics,0.8023751903085855,-0.03762480969141446,"10 market(s) allowlisted for NCAAF: moneyline, spread, total_points, alternate_spread, alternate_total_points, team_total, alternate_team_total, moneyline_h1, spread_h1, total_points_h1."
2026-10-07,401871066,False,2026-10-07T23:30:00Z,Florida International Panthers,New Mexico State Aggies,alternate_total_points,over,49.5,125,fanatics,0.4182316898487841,-0.026212754595660304,"10 market(s) allowlisted for NCAAF: moneyline, spread, total_points, alternate_spread, alternate_total_points, team_total, alternate_team_total, moneyline_h1, spread_h1, total_points_h1."
2026-10-07,401871066,False,2026-10-07T23:30:00Z,Florida International Panthers,New Mexico State Aggies,alternate_total_points,over,26.5,-1800,fanatics,0.9177387091885287,-0.029629711864102792,"10 market(s) allowlisted for NCAAF: moneyline, spread, total_points, alternate_spread, alternate_total_points, team_total, alternate_team_total, moneyline_h1, spread_h1, total_points_h1."
2026-10-07,401871066,False,2026-10-07T23:30:00Z,Florida International Panthers,New Mexico State Aggies,alternate_total_points,over,26.0,-2200,fanatics,0.9306966236037345,-0.025825115526700304,"10 market(s) allowlisted for NCAAF: moneyline, spread, total_points, alternate_spread, alternate_total_points, team_total, alternate_team_total, moneyline_h1, spread_h1, total_points_h1."
2026-10-07,401871066,False,2026-10-07T23:30:00Z,Florida International Panthers,New Mexico State Aggies,alternate_total_points,over,41.5,-175,fanatics,0.6157723018209134,-0.020591334542722994,"10 market(s) allowlisted for NCAAF: moneyline, spread, total_points, alternate_spread, alternate_total_points, team_total, alternate_team_total, moneyline_h1, spread_h1, total_points_h1."
2026-10-07,401871066,False,2026-10-07T23:30:00Z,Florida International Panthers,New Mexico State Aggies,alternate_total_points,over,29.0,-1200,fanatics,0.8870770330288247,-0.03599989004809845,"10 market(s) allowlisted for NCAAF: moneyline, spread, total_points, alternate_spread, alternate_total_points, team_total, alternate_team_total, moneyline_h1, spread_h1, total_points_h1."
2026-10-07,401871066,False,2026-10-07T23:30:00Z,Florida International Panthers,New Mexico State Aggies,alternate_total_points,over,64.5,525,fanatics,0.13380550009400588,-0.026194499905994123,"10 market(s) allowlisted for NCAAF: moneyline, spread, total_points, alternate_spread, alternate_total_points, team_total, alternate_team_total, moneyline_h1, spread_h1, total_points_h1."
2026-10-07,401871066,False,2026-10-07T23:30:00Z,Florida International Panthers,New Mexico State Aggies,alternate_total_points,over,32.0,-650,fanatics,0.8317076537972328,-0.034959012869433925,"10 market(s) allowlisted for NCAAF: moneyline, spread, total_points, alternate_spread, alternate_total_points, team_total, alternate_team_total, moneyline_h1, spread_h1, total_points_h1."
2026-10-07,401871066,False,2026-10-07T23:30:00Z,Florida International Panthers,New Mexico State Aggies,alternate_total_points,over,35.0,-450,fanatics,0.7794095504317996,-0.03877226775001863,"10 market(s) allowlisted for NCAAF: moneyline, spread, total_points, alternate_spread, alternate_total_points, team_total, alternate_team_total, moneyline_h1, spread_h1, total_points_h1."
2026-10-07,401871066,False,2026-10-07T23:30:00Z,Florida International Panthers,New Mexico State Aggies,alternate_total_points,over,38.0,-280,fanatics,0.7100016072274167,-0.026840498035741178,"10 market(s) allowlisted for NCAAF: moneyline, spread, total_points, alternate_spread, alternate_total_points, team_total, alternate_team_total, moneyline_h1, spread_h1, total_points_h1."
2026-10-07,401871066,False,2026-10-07T23:30:00Z,Florida International Panthers,New Mexico State Aggies,alternate_total_points,over,41.0,-195,fanatics,0.6399000239893085,-0.021116925163233935,"10 market(s) allowlisted for NCAAF: moneyline, spread, total_points, alternate_spread, alternate_total_points, team_total, alternate_team_total, moneyline_h1, spread_h1, total_points_h1."
2026-10-07,401871066,False,2026-10-07T23:30:00Z,Florida International Panthers,New Mexico State Aggies,alternate_total_points,over,37.5,-300,fanatics,0.71845853208833,-0.03154146791167001,"10 market(s) allowlisted for NCAAF: moneyline, spread, total_points, alternate_spread, alternate_total_points, team_total, alternate_team_total, moneyline_h1, spread_h1, total_points_h1."
2026-10-07,401871066,False,2026-10-07T23:30:00Z,Florida International Panthers,New Mexico State Aggies,alternate_total_points,over,52.5,175,fanatics,0.3435043934417861,-0.02013197019457752,"10 market(s) allowlisted for NCAAF: moneyline, spread, total_points, alternate_spread, alternate_total_points, team_total, alternate_team_total, moneyline_h1, spread_h1, total_points_h1."
2026-10-07,401871066,False,2026-10-07T23:30:00Z,Florida International Panthers,New Mexico State Aggies,alternate_total_points,over,59.5,350,fanatics,0.20424506300005596,-0.01797715922216625,"10 market(s) allowlisted for NCAAF: moneyline, spread, total_points, alternate_spread, alternate_total_points, team_total, alternate_team_total, moneyline_h1, spread_h1, total_points_h1."
2026-10-07,401871066,False,2026-10-07T23:30:00Z,Florida International Panthers,New Mexico State Aggies,alternate_total_points,over,25.5,-2200,fanatics,0.9316615215062867,-0.02486021762414814,"10 market(s) allowlisted for NCAAF: moneyline, spread, total_points, alternate_spread, alternate_total_points, team_total, alternate_team_total, moneyline_h1, spread_h1, total_points_h1."
2026-10-07,401871066,False,2026-10-07T23:30:00Z,Florida International Panthers,New Mexico State Aggies,alternate_total_points,over,40.5,-210,fanatics,0.6534777577731985,-0.023941597065511133,"10 market(s) allowlisted for NCAAF: moneyline, spread, total_points, alternate_spread, alternate_total_points, team_total, alternate_team_total, moneyline_h1, spread_h1, total_points_h1."
2026-10-07,401871066,False,2026-10-07T23:30:00Z,Florida International Panthers,New Mexico State Aggies,alternate_total_points,over,47.5,105,fanatics,0.4712932945196273,-0.016511583529153162,"10 market(s) allowlisted for NCAAF: moneyline, spread, total_points, alternate_spread, alternate_total_points, team_total, alternate_team_total, moneyline_h1, spread_h1, total_points_h1."
2026-10-07,401871066,False,2026-10-07T23:30:00Z,Florida International Panthers,New Mexico State Aggies,alternate_total_points,over,62.5,450,fanatics,0.1588697650685249,-0.02294841674965692,"10 market(s) allowlisted for NCAAF: moneyline, spread, total_points, alternate_spread, alternate_total_points, team_total, alternate_team_total, moneyline_h1, spread_h1, total_points_h1."
2026-10-07,401871066,False,2026-10-07T23:30:00Z,Florida International Panthers,New Mexico State Aggies,alternate_total_points,over,35.5,-400,fanatics,0.7641057007375645,-0.03589429926243559,"10 market(s) allowlisted for NCAAF: moneyline, spread, total_points, alternate_spread, alternate_total_points, team_total, alternate_team_total, moneyline_h1, spread_h1, total_points_h1."
2026-10-07,401871066,False,2026-10-07T23:30:00Z,Florida International Panthers,New Mexico State Aggies,alternate_total_points,over,58.5,310,fanatics,0.22502651509014387,-0.018875923934246364,"10 market(s) allowlisted for NCAAF: moneyline, spread, total_points, alternate_spread, alternate_total_points, team_total, alternate_team_total, moneyline_h1, spread_h1, total_points_h1."
2026-10-07,401871066,False,2026-10-07T23:30:00Z,Florida International Panthers,New Mexico State Aggies,alternate_total_points,over,50.5,135,fanatics,0.4016853516729352,-0.02384656322068185,"10 market(s) allowlisted for NCAAF: moneyline, spread, total_points, alternate_spread, alternate_total_points, team_total, alternate_team_total, moneyline_h1, spread_h1, total_points_h1."
2026-10-07,401871066,False,2026-10-07T23:30:00Z,Florida International Panthers,New Mexico State Aggies,alternate_total_points,over,23.5,-2800,fanatics,0.9507794116728805,-0.014737829706429895,"10 market(s) allowlisted for NCAAF: moneyline, spread, total_points, alternate_spread, alternate_total_points, team_total, alternate_team_total, moneyline_h1, spread_h1, total_points_h1."
2026-10-07,401871066,False,2026-10-07T23:30:00Z,Florida International Panthers,New Mexico State Aggies,alternate_total_points,over,46.5,-110,fanatics,0.499999993315831,-0.023809530493692832,"10 market(s) allowlisted for NCAAF: moneyline, spread, total_points, alternate_spread, alternate_total_points, team_total, alternate_team_total, moneyline_h1, spread_h1, total_points_h1."
2026-10-07,401871066,False,2026-10-07T23:30:00Z,Florida International Panthers,New Mexico State Aggies,alternate_total_points,over,61.5,410,fanatics,0.1801452730771993,-0.01593315829534972,"10 market(s) allowlisted for NCAAF: moneyline, spread, total_points, alternate_spread, alternate_total_points, team_total, alternate_team_total, moneyline_h1, spread_h1, total_points_h1."
2026-10-07,401871066,False,2026-10-07T23:30:00Z,Florida International Panthers,New Mexico State Aggies,alternate_total_points,over,34.5,-450,fanatics,0.7837408844298308,-0.034440933751987424,"10 market(s) allowlisted for NCAAF: moneyline, spread, total_points, alternate_spread, alternate_total_points, team_total, alternate_team_total, moneyline_h1, spread_h1, total_points_h1."
2026-10-07,401871066,False,2026-10-07T23:30:00Z,Florida International Panthers,New Mexico State Aggies,alternate_total_points,over,68.5,750,fanatics,0.0866525788601867,-0.030994479963342716,"10 market(s) allowlisted for NCAAF: moneyline, spread, total_points, alternate_spread, alternate_total_points, team_total, alternate_team_total, moneyline_h1, spread_h1, total_points_h1."
2026-10-07,401871066,False,2026-10-07T23:30:00Z,Florida International Panthers,New Mexico State Aggies,alternate_total_points,over,56.5,240,fanatics,0.2648016460454553,-0.02931600101336823,"10 market(s) allowlisted for NCAAF: moneyline, spread, total_points, alternate_spread, alternate_total_points, team_total, alternate_team_total, moneyline_h1, spread_h1, total_points_h1."
2026-10-07,401871066,False,2026-10-07T23:30:00Z,Florida International Panthers,New Mexico State Aggies,alternate_total_points,over,71.5,1050,fanatics,0.05602482349496265,-0.030931698244167784,"10 market(s) allowlisted for NCAAF: moneyline, spread, total_points, alternate_spread, alternate_total_points, team_total, alternate_team_total, moneyline_h1, spread_h1, total_points_h1."
2026-10-07,401871066,False,2026-10-07T23:30:00Z,Florida International Panthers,New Mexico State Aggies,alternate_total_points,over,24.0,-2800,fanatics,0.9501547531046014,-0.015362488274708985,"10 market(s) allowlisted for NCAAF: moneyline, spread, total_points, alternate_spread, alternate_total_points, team_total, alternate_team_total, moneyline_h1, spread_h1, total_points_h1."
2026-10-07,401871066,False,2026-10-07T23:30:00Z,Florida International Panthers,New Mexico State Aggies,alternate_total_points,over,25.0,-2200,fanatics,0.9378380588240343,-0.018683680306400552,"10 market(s) allowlisted for NCAAF: moneyline, spread, total_points, alternate_spread, alternate_total_points, team_total, alternate_team_total, moneyline_h1, spread_h1, total_points_h1."
2026-10-07,401871066,False,2026-10-07T23:30:00Z,Florida International Panthers,New Mexico State Aggies,alternate_total_points,over,27.0,-1800,fanatics,0.9162786676159551,-0.031089753436676415,"10 market(s) allowlisted for NCAAF: moneyline, spread, total_points, alternate_spread, alternate_total_points, team_total, alternate_team_total, moneyline_h1, spread_h1, total_points_h1."
2026-10-07,401871066,False,2026-10-07T23:30:00Z,Florida International Panthers,New Mexico State Aggies,alternate_total_points,over,29.5,-1100,fanatics,0.8772815295124861,-0.03938513715418057,"10 market(s) allowlisted for NCAAF: moneyline, spread, total_points, alternate_spread, alternate_total_points, team_total, alternate_team_total, moneyline_h1, spread_h1, total_points_h1."
2026-10-07,401871066,False,2026-10-07T23:30:00Z,Florida International Panthers,New Mexico State Aggies,alternate_total_points,over,67.5,700,fanatics,0.09572464246803816,-0.029275357531961838,"10 market(s) allowlisted for NCAAF: moneyline, spread, total_points, alternate_spread, alternate_total_points, team_total, alternate_team_total, moneyline_h1, spread_h1, total_points_h1."
2026-10-07,401871066,False,2026-10-07T23:30:00Z,Florida International Panthers,New Mexico State Aggies,alternate_total_points,over,28.0,-1400,fanatics,0.8990909787593084,-0.034242354574024914,"10 market(s) allowlisted for NCAAF: moneyline, spread, total_points, alternate_spread, alternate_total_points, team_total, alternate_team_total, moneyline_h1, spread_h1, total_points_h1."
2026-10-07,401871066,False,2026-10-07T23:30:00Z,Florida International Panthers,New Mexico State Aggies,alternate_total_points,over,44.5,-135,fanatics,0.5488311960634936,-0.02563688904288941,"10 market(s) allowlisted for NCAAF: moneyline, spread, total_points, alternate_spread, alternate_total_points, team_total, alternate_team_total, moneyline_h1, spread_h1, total_points_h1."
2026-10-07,401871066,False,2026-10-07T23:30:00Z,Florida International Panthers,New Mexico State Aggies,alternate_total_points,over,30.0,-950,fanatics,0.8741522590806541,-0.030609645681250686,"10 market(s) allowlisted for NCAAF: moneyline, spread, total_points, alternate_spread, alternate_total_points, team_total, alternate_team_total, moneyline_h1, spread_h1, total_points_h1."
2026-10-07,401871066,False,2026-10-07T23:30:00Z,Florida International Panthers,New Mexico State Aggies,alternate_total_points,over,31.0,-800,fanatics,0.8495589396096918,-0.039329949279197085,"10 market(s) allowlisted for NCAAF: moneyline, spread, total_points, alternate_spread, alternate_total_points, team_total, alternate_team_total, moneyline_h1, spread_h1, total_points_h1."
2026-10-07,401871066,False,2026-10-07T23:30:00Z,Florida International Panthers,New Mexico State Aggies,alternate_total_points,over,33.0,-600,fanatics,0.8194579845095082,-0.037684872633348854,"10 market(s) allowlisted for NCAAF: moneyline, spread, total_points, alternate_spread, alternate_total_points, team_total, alternate_team_total, moneyline_h1, spread_h1, total_points_h1."
2026-10-07,401871066,False,2026-10-07T23:30:00Z,Florida International Panthers,New Mexico State Aggies,alternate_total_points,over,34.0,-500,fanatics,0.7986226634217373,-0.034710669911596104,"10 market(s) allowlisted for NCAAF: moneyline, spread, total_points, alternate_spread, alternate_total_points, team_total, alternate_team_total, moneyline_h1, spread_h1, total_points_h1."
2026-10-07,401871066,False,2026-10-07T23:30:00Z,Florida International Panthers,New Mexico State Aggies,alternate_total_points,over,36.0,-400,fanatics,0.7610579991434758,-0.03894200085652422,"10 market(s) allowlisted for NCAAF: moneyline, spread, total_points, alternate_spread, alternate_total_points, team_total, alternate_team_total, moneyline_h1, spread_h1, total_points_h1."
2026-10-07,401871066,False,2026-10-07T23:30:00Z,Florida International Panthers,New Mexico State Aggies,alternate_total_points,over,37.0,-350,fanatics,0.7428939359957841,-0.03488384178199366,"10 market(s) allowlisted for NCAAF: moneyline, spread, total_points, alternate_spread, alternate_total_points, team_total, alternate_team_total, moneyline_h1, spread_h1, total_points_h1."
2026-10-07,401871066,False,2026-10-07T23:30:00Z,Florida International Panthers,New Mexico State Aggies,alternate_total_points,over,39.0,-250,fanatics,0.6854515755771142,-0.028834138708600077,"10 market(s) allowlisted for NCAAF: moneyline, spread, total_points, alternate_spread, alternate_total_points, team_total, alternate_team_total, moneyline_h1, spread_h1, total_points_h1."
2026-10-07,401871066,False,2026-10-07T23:30:00Z,Florida International Panthers,New Mexico State Aggies,alternate_total_points,over,32.5,-600,fanatics,0.8232216455556449,-0.033921211587212174,"10 market(s) allowlisted for NCAAF: moneyline, spread, total_points, alternate_spread, alternate_total_points, team_total, alternate_team_total, moneyline_h1, spread_h1, total_points_h1."
2026-10-07,401871066,False,2026-10-07T23:30:00Z,Florida International Panthers,New Mexico State Aggies,alternate_total_points,over,55.5,230,fanatics,0.28158324883521946,-0.02144705419508358,"10 market(s) allowlisted for NCAAF: moneyline, spread, total_points, alternate_spread, alternate_total_points, team_total, alternate_team_total, moneyline_h1, spread_h1, total_points_h1."
2026-10-07,401871066,False,2026-10-07T23:30:00Z,Florida International Panthers,New Mexico State Aggies,alternate_total_points,over,70.5,950,fanatics,0.06273150576666177,-0.032506589471433464,"10 market(s) allowlisted for NCAAF: moneyline, spread, total_points, alternate_spread, alternate_total_points, team_total, alternate_team_total, moneyline_h1, spread_h1, total_points_h1."
2026-10-07,401871066,False,2026-10-07T23:30:00Z,Florida International Panthers,New Mexico State Aggies,alternate_total_points,over,40.0,-235,fanatics,0.6692691482075155,-0.03222338910591738,"10 market(s) allowlisted for NCAAF: moneyline, spread, total_points, alternate_spread, alternate_total_points, team_total, alternate_team_total, moneyline_h1, spread_h1, total_points_h1."
2026-10-07,401871066,False,2026-10-07T23:30:00Z,Florida International Panthers,New Mexico State Aggies,alternate_total_points,under,44.0,115,fanatics,0.43495881832696354,-0.0301574607428039,"10 market(s) allowlisted for NCAAF: moneyline, spread, total_points, alternate_spread, alternate_total_points, team_total, alternate_team_total, moneyline_h1, spread_h1, total_points_h1."
2026-10-07,401871066,False,2026-10-07T23:30:00Z,Florida International Panthers,New Mexico State Aggies,alternate_total_points,under,43.0,130,fanatics,0.41140634717280167,-0.023376261522850494,"10 market(s) allowlisted for NCAAF: moneyline, spread, total_points, alternate_spread, alternate_total_points, team_total, alternate_team_total, moneyline_h1, spread_h1, total_points_h1."
2026-10-07,401871066,False,2026-10-07T23:30:00Z,Florida International Panthers,New Mexico State Aggies,alternate_total_points,under,42.0,135,fanatics,0.39184440728910325,-0.03368750760451378,"10 market(s) allowlisted for NCAAF: moneyline, spread, total_points, alternate_spread, alternate_total_points, team_total, alternate_team_total, moneyline_h1, spread_h1, total_points_h1."
2026-10-07,401871066,False,2026-10-07T23:30:00Z,Florida International Panthers,New Mexico State Aggies,alternate_total_points,under,47.0,-115,fanatics,0.5147775713726035,-0.020106149557629016,"10 market(s) allowlisted for NCAAF: moneyline, spread, total_points, alternate_spread, alternate_total_points, team_total, alternate_team_total, moneyline_h1, spread_h1, total_points_h1."
2026-10-07,401871066,False,2026-10-07T23:30:00Z,Florida International Panthers,New Mexico State Aggies,alternate_total_points,under,66.5,-1200,fanatics,0.8979044500787396,-0.02517247299818348,"10 market(s) allowlisted for NCAAF: moneyline, spread, total_points, alternate_spread, alternate_total_points, team_total, alternate_team_total, moneyline_h1, spread_h1, total_points_h1."
2026-10-07,401871066,False,2026-10-07T23:30:00Z,Florida International Panthers,New Mexico State Aggies,alternate_total_points,under,46.0,-105,fanatics,0.49106722038274264,-0.02112790156847688,"10 market(s) allowlisted for NCAAF: moneyline, spread, total_points, alternate_spread, alternate_total_points, team_total, alternate_team_total, moneyline_h1, spread_h1, total_points_h1."
2026-10-07,401871066,False,2026-10-07T23:30:00Z,Florida International Panthers,New Mexico State Aggies,alternate_total_points,under,45.0,105,fanatics,0.4657366775916169,-0.022068200457163567,"10 market(s) allowlisted for NCAAF: moneyline, spread, total_points, alternate_spread, alternate_total_points, team_total, alternate_team_total, moneyline_h1, spread_h1, total_points_h1."
2026-10-07,401871066,False,2026-10-07T23:30:00Z,Florida International Panthers,New Mexico State Aggies,alternate_total_points,under,50.0,-160,fanatics,0.5915564024360106,-0.02382821294860482,"10 market(s) allowlisted for NCAAF: moneyline, spread, total_points, alternate_spread, alternate_total_points, team_total, alternate_team_total, moneyline_h1, spread_h1, total_points_h1."
2026-10-07,401871066,False,2026-10-07T23:30:00Z,Florida International Panthers,New Mexico State Aggies,alternate_total_points,under,49.0,-145,fanatics,0.5731888467372894,-0.018647887956588116,"10 market(s) allowlisted for NCAAF: moneyline, spread, total_points, alternate_spread, alternate_total_points, team_total, alternate_team_total, moneyline_h1, spread_h1, total_points_h1."
2026-10-07,401871066,False,2026-10-07T23:30:00Z,Florida International Panthers,New Mexico State Aggies,alternate_total_points,under,48.0,-135,fanatics,0.5467269879664008,-0.027741097139982185,"10 market(s) allowlisted for NCAAF: moneyline, spread, total_points, alternate_spread, alternate_total_points, team_total, alternate_team_total, moneyline_h1, spread_h1, total_points_h1."
2026-10-07,401871066,False,2026-10-07T23:30:00Z,Florida International Panthers,New Mexico State Aggies,alternate_total_points,under,53.0,-235,fanatics,0.667780859717259,-0.033711677596173883,"10 market(s) allowlisted for NCAAF: moneyline, spread, total_points, alternate_spread, alternate_total_points, team_total, alternate_team_total, moneyline_h1, spread_h1, total_points_h1."
2026-10-07,401871066,False,2026-10-07T23:30:00Z,Florida International Panthers,New Mexico State Aggies,alternate_total_points,under,56.0,-330,fanatics,0.7306787110607386,-0.03676314940437775,"10 market(s) allowlisted for NCAAF: moneyline, spread, total_points, alternate_spread, alternate_total_points, team_total, alternate_team_total, moneyline_h1, spread_h1, total_points_h1."
2026-10-07,401871066,False,2026-10-07T23:30:00Z,Florida International Panthers,New Mexico State Aggies,alternate_total_points,under,43.5,125,fanatics,0.4224806549390361,-0.021963789505408338,"10 market(s) allowlisted for NCAAF: moneyline, spread, total_points, alternate_spread, alternate_total_points, team_total, alternate_team_total, moneyline_h1, spread_h1, total_points_h1."
2026-10-07,401871066,False,2026-10-07T23:30:00Z,Florida International Panthers,New Mexico State Aggies,alternate_total_points,under,59.0,-500,fanatics,0.7914203489752047,-0.041912984358128624,"10 market(s) allowlisted for NCAAF: moneyline, spread, total_points, alternate_spread, alternate_total_points, team_total, alternate_team_total, moneyline_h1, spread_h1, total_points_h1."
2026-10-07,401871066,False,2026-10-07T23:30:00Z,Florida International Panthers,New Mexico State Aggies,alternate_total_points,under,54.5,-265,fanatics,0.6916635610798761,-0.034363836180397844,"10 market(s) allowlisted for NCAAF: moneyline, spread, total_points, alternate_spread, alternate_total_points, team_total, alternate_team_total, moneyline_h1, spread_h1, total_points_h1."
2026-10-07,401871066,False,2026-10-07T23:30:00Z,Florida International Panthers,New Mexico State Aggies,alternate_total_points,under,39.5,185,fanatics,0.3229272648150821,-0.027949928167374016,"10 market(s) allowlisted for NCAAF: moneyline, spread, total_points, alternate_spread, alternate_total_points, team_total, alternate_team_total, moneyline_h1, spread_h1, total_points_h1."
2026-10-07,401871066,False,2026-10-07T23:30:00Z,Florida International Panthers,New Mexico State Aggies,alternate_total_points,under,28.5,650,fanatics,0.11167602078853696,-0.021657312544796373,"10 market(s) allowlisted for NCAAF: moneyline, spread, total_points, alternate_spread, alternate_total_points, team_total, alternate_team_total, moneyline_h1, spread_h1, total_points_h1."
2026-10-07,401871066,False,2026-10-07T23:30:00Z,Florida International Panthers,New Mexico State Aggies,alternate_total_points,under,62.0,-700,fanatics,0.8376767247897449,-0.037323275210255136,"10 market(s) allowlisted for NCAAF: moneyline, spread, total_points, alternate_spread, alternate_total_points, team_total, alternate_team_total, moneyline_h1, spread_h1, total_points_h1."
2026-10-07,401871066,False,2026-10-07T23:30:00Z,Florida International Panthers,New Mexico State Aggies,alternate_total_points,under,52.0,-210,fanatics,0.6481121131390276,-0.02930724169968202,"10 market(s) allowlisted for NCAAF: moneyline, spread, total_points, alternate_spread, alternate_total_points, team_total, alternate_team_total, moneyline_h1, spread_h1, total_points_h1."
2026-10-07,401871066,False,2026-10-07T23:30:00Z,Florida International Panthers,New Mexico State Aggies,alternate_total_points,under,51.0,-190,fanatics,0.6196020863672987,-0.03557032742580468,"10 market(s) allowlisted for NCAAF: moneyline, spread, total_points, alternate_spread, alternate_total_points, team_total, alternate_team_total, moneyline_h1, spread_h1, total_points_h1."
2026-10-07,401871066,False,2026-10-07T23:30:00Z,Florida International Panthers,New Mexico State Aggies,alternate_total_points,under,65.0,-1100,fanatics,0.8827440622939837,-0.03392260437268291,"10 market(s) allowlisted for NCAAF: moneyline, spread, total_points, alternate_spread, alternate_total_points, team_total, alternate_team_total, moneyline_h1, spread_h1, total_points_h1."
2026-10-07,401871066,False,2026-10-07T23:30:00Z,Florida International Panthers,New Mexico State Aggies,alternate_total_points,under,55.0,-300,fanatics,0.7106764224998751,-0.03932357750012494,"10 market(s) allowlisted for NCAAF: moneyline, spread, total_points, alternate_spread, alternate_total_points, team_total, alternate_team_total, moneyline_h1, spread_h1, total_points_h1."
2026-10-07,401871066,False,2026-10-07T23:30:00Z,Florida International Panthers,New Mexico State Aggies,alternate_total_points,under,68.0,-1500,fanatics,0.9125541064311108,-0.02494589356888921,"10 market(s) allowlisted for NCAAF: moneyline, spread, total_points, alternate_spread, alternate_total_points, team_total, alternate_team_total, moneyline_h1, spread_h1, total_points_h1."
2026-10-07,401871066,False,2026-10-07T23:30:00Z,Florida International Panthers,New Mexico State Aggies,alternate_total_points,under,27.5,700,fanatics,0.09970059249238947,-0.025299407507610533,"10 market(s) allowlisted for NCAAF: moneyline, spread, total_points, alternate_spread, alternate_total_points, team_total, alternate_team_total, moneyline_h1, spread_h1, total_points_h1."
2026-10-07,401871066,False,2026-10-07T23:30:00Z,Florida International Panthers,New Mexico State Aggies,alternate_total_points,under,54.0,-265,fanatics,0.6859259562694904,-0.04010144099078361,"10 market(s) allowlisted for NCAAF: moneyline, spread, total_points, alternate_spread, alternate_total_points, team_total, alternate_team_total, moneyline_h1, spread_h1, total_points_h1."
2026-10-07,401871066,False,2026-10-07T23:30:00Z,Florida International Panthers,New Mexico State Aggies,alternate_total_points,under,71.0,-2200,fanatics,0.9435968988263268,-0.01292484030410801,"10 market(s) allowlisted for NCAAF: moneyline, spread, total_points, alternate_spread, alternate_total_points, team_total, alternate_team_total, moneyline_h1, spread_h1, total_points_h1."
2026-10-07,401871066,False,2026-10-07T23:30:00Z,Florida International Panthers,New Mexico State Aggies,alternate_total_points,under,58.0,-425,fanatics,0.7704117935654414,-0.03911201595836811,"10 market(s) allowlisted for NCAAF: moneyline, spread, total_points, alternate_spread, alternate_total_points, team_total, alternate_team_total, moneyline_h1, spread_h1, total_points_h1."
2026-10-07,401871066,False,2026-10-07T23:30:00Z,Florida International Panthers,New Mexico State Aggies,alternate_total_points,under,57.0,-375,fanatics,0.7501305400314575,-0.03934314417906881,"10 market(s) allowlisted for NCAAF: moneyline, spread, total_points, alternate_spread, alternate_total_points, team_total, alternate_team_total, moneyline_h1, spread_h1, total_points_h1."
2026-10-07,401871066,False,2026-10-07T23:30:00Z,Florida International Panthers,New Mexico State Aggies,alternate_total_points,under,42.5,135,fanatics,0.4036657939342647,-0.02186612095935231,"10 market(s) allowlisted for NCAAF: moneyline, spread, total_points, alternate_spread, alternate_total_points, team_total, alternate_team_total, moneyline_h1, spread_h1, total_points_h1."
2026-10-07,401871066,False,2026-10-07T23:30:00Z,Florida International Panthers,New Mexico State Aggies,alternate_total_points,under,61.0,-600,fanatics,0.8176504277621551,-0.039492429380701966,"10 market(s) allowlisted for NCAAF: moneyline, spread, total_points, alternate_spread, alternate_total_points, team_total, alternate_team_total, moneyline_h1, spread_h1, total_points_h1."
2026-10-07,401871066,False,2026-10-07T23:30:00Z,Florida International Panthers,New Mexico State Aggies,alternate_total_points,under,60.0,-550,fanatics,0.8054293308056981,-0.04072451534814803,"10 market(s) allowlisted for NCAAF: moneyline, spread, total_points, alternate_spread, alternate_total_points, team_total, alternate_team_total, moneyline_h1, spread_h1, total_points_h1."
2026-10-07,401871066,False,2026-10-07T23:30:00Z,Florida International Panthers,New Mexico State Aggies,alternate_total_points,under,30.5,475,fanatics,0.14758399774268716,-0.02632904573557371,"10 market(s) allowlisted for NCAAF: moneyline, spread, total_points, alternate_spread, alternate_total_points, team_total, alternate_team_total, moneyline_h1, spread_h1, total_points_h1."
2026-10-07,401871066,False,2026-10-07T23:30:00Z,Florida International Panthers,New Mexico State Aggies,alternate_total_points,under,63.0,-800,fanatics,0.8537093882335873,-0.03517950065530151,"10 market(s) allowlisted for NCAAF: moneyline, spread, total_points, alternate_spread, alternate_total_points, team_total, alternate_team_total, moneyline_h1, spread_h1, total_points_h1."
2026-10-07,401871066,False,2026-10-07T23:30:00Z,Florida International Panthers,New Mexico State Aggies,alternate_total_points,under,64.0,-900,fanatics,0.8647979215015694,-0.0352020784984306,"10 market(s) allowlisted for NCAAF: moneyline, spread, total_points, alternate_spread, alternate_total_points, team_total, alternate_team_total, moneyline_h1, spread_h1, total_points_h1."
2026-10-07,401871066,False,2026-10-07T23:30:00Z,Florida International Panthers,New Mexico State Aggies,alternate_total_points,under,31.5,410,fanatics,0.1665752401615369,-0.02950319121101211,"10 market(s) allowlisted for NCAAF: moneyline, spread, total_points, alternate_spread, alternate_total_points, team_total, alternate_team_total, moneyline_h1, spread_h1, total_points_h1."
2026-10-07,401871066,False,2026-10-07T23:30:00Z,Florida International Panthers,New Mexico State Aggies,alternate_total_points,under,67.0,-1400,fanatics,0.9036615944661143,-0.029671738867219077,"10 market(s) allowlisted for NCAAF: moneyline, spread, total_points, alternate_spread, alternate_total_points, team_total, alternate_team_total, moneyline_h1, spread_h1, total_points_h1."
2026-10-07,401871066,False,2026-10-07T23:30:00Z,Florida International Panthers,New Mexico State Aggies,alternate_total_points,under,66.0,-1200,fanatics,0.8965636994582291,-0.026513223618694015,"10 market(s) allowlisted for NCAAF: moneyline, spread, total_points, alternate_spread, alternate_total_points, team_total, alternate_team_total, moneyline_h1, spread_h1, total_points_h1."
2026-10-07,401871066,False,2026-10-07T23:30:00Z,Florida International Panthers,New Mexico State Aggies,alternate_total_points,under,65.5,-1100,fanatics,0.8849423602370875,-0.03172430642957913,"10 market(s) allowlisted for NCAAF: moneyline, spread, total_points, alternate_spread, alternate_total_points, team_total, alternate_team_total, moneyline_h1, spread_h1, total_points_h1."
2026-10-07,401871066,False,2026-10-07T23:30:00Z,Florida International Panthers,New Mexico State Aggies,alternate_total_points,under,69.0,-1800,fanatics,0.9257556017856139,-0.021612819267017636,"10 market(s) allowlisted for NCAAF: moneyline, spread, total_points, alternate_spread, alternate_total_points, team_total, alternate_team_total, moneyline_h1, spread_h1, total_points_h1."
2026-10-07,401871066,False,2026-10-07T23:30:00Z,Florida International Panthers,New Mexico State Aggies,alternate_total_points,under,48.5,-140,fanatics,0.5616669998917684,-0.02166633344156499,"10 market(s) allowlisted for NCAAF: moneyline, spread, total_points, alternate_spread, alternate_total_points, team_total, alternate_team_total, moneyline_h1, spread_h1, total_points_h1."
2026-10-07,401871066,False,2026-10-07T23:30:00Z,Florida International Panthers,New Mexico State Aggies,alternate_total_points,under,70.0,-2000,fanatics,0.9366016851838846,-0.01577926719706768,"10 market(s) allowlisted for NCAAF: moneyline, spread, total_points, alternate_spread, alternate_total_points, team_total, alternate_team_total, moneyline_h1, spread_h1, total_points_h1."
2026-10-07,401871066,False,2026-10-07T23:30:00Z,Florida International Panthers,New Mexico State Aggies,alternate_total_points,under,63.5,-850,fanatics,0.8558649367814101,-0.038871905323853095,"10 market(s) allowlisted for NCAAF: moneyline, spread, total_points, alternate_spread, alternate_total_points, team_total, alternate_team_total, moneyline_h1, spread_h1, total_points_h1."
2026-10-07,401871066,False,2026-10-07T23:30:00Z,Florida International Panthers,New Mexico State Aggies,alternate_total_points,under,72.0,-2800,fanatics,0.9477984970416518,-0.017718744337658632,"10 market(s) allowlisted for NCAAF: moneyline, spread, total_points, alternate_spread, alternate_total_points, team_total, alternate_team_total, moneyline_h1, spread_h1, total_points_h1."
2026-10-07,401871066,False,2026-10-07T23:30:00Z,Florida International Panthers,New Mexico State Aggies,alternate_total_points,under,36.5,265,fanatics,0.24864928408370449,-0.025323318656021526,"10 market(s) allowlisted for NCAAF: moneyline, spread, total_points, alternate_spread, alternate_total_points, team_total, alternate_team_total, moneyline_h1, spread_h1, total_points_h1."
2026-10-07,401871066,False,2026-10-07T23:30:00Z,Florida International Panthers,New Mexico State Aggies,alternate_total_points,under,51.5,-195,fanatics,0.6326712757636207,-0.02834567338892169,"10 market(s) allowlisted for NCAAF: moneyline, spread, total_points, alternate_spread, alternate_total_points, team_total, alternate_team_total, moneyline_h1, spread_h1, total_points_h1."
2026-10-07,401871066,False,2026-10-07T23:30:00Z,Florida International Panthers,New Mexico State Aggies,alternate_total_points,under,24.5,950,fanatics,0.06175254688256468,-0.03348554835553055,"10 market(s) allowlisted for NCAAF: moneyline, spread, total_points, alternate_spread, alternate_total_points, team_total, alternate_team_total, moneyline_h1, spread_h1, total_points_h1."
2026-10-07,401871066,False,2026-10-07T23:30:00Z,Florida International Panthers,New Mexico State Aggies,alternate_total_points,under,69.5,-1800,fanatics,0.9267507217753886,-0.020617699277242885,"10 market(s) allowlisted for NCAAF: moneyline, spread, total_points, alternate_spread, alternate_total_points, team_total, alternate_team_total, moneyline_h1, spread_h1, total_points_h1."
2026-10-07,401871066,False,2026-10-07T23:30:00Z,Florida International Panthers,New Mexico State Aggies,alternate_total_points,under,38.5,200,fanatics,0.310703439397303,-0.02262989393603032,"10 market(s) allowlisted for NCAAF: moneyline, spread, total_points, alternate_spread, alternate_total_points, team_total, alternate_team_total, moneyline_h1, spread_h1, total_points_h1."
2026-10-07,401871066,False,2026-10-07T23:30:00Z,Florida International Panthers,New Mexico State Aggies,alternate_total_points,under,57.5,-375,fanatics,0.7551044706636266,-0.0343692135468997,"10 market(s) allowlisted for NCAAF: moneyline, spread, total_points, alternate_spread, alternate_total_points, team_total, alternate_team_total, moneyline_h1, spread_h1, total_points_h1."
2026-10-07,401871066,False,2026-10-07T23:30:00Z,Florida International Panthers,New Mexico State Aggies,alternate_total_points,under,72.5,-2800,fanatics,0.9480090724740098,-0.017508168905300603,"10 market(s) allowlisted for NCAAF: moneyline, spread, total_points, alternate_spread, alternate_total_points, team_total, alternate_team_total, moneyline_h1, spread_h1, total_points_h1."
2026-10-07,401871066,False,2026-10-07T23:30:00Z,Florida International Panthers,New Mexico State Aggies,alternate_total_points,under,45.5,-105,fanatics,0.4824480103121841,-0.02974711163903543,"10 market(s) allowlisted for NCAAF: moneyline, spread, total_points, alternate_spread, alternate_total_points, team_total, alternate_team_total, moneyline_h1, spread_h1, total_points_h1."
2026-10-07,401871066,False,2026-10-07T23:30:00Z,Florida International Panthers,New Mexico State Aggies,alternate_total_points,under,60.5,-550,fanatics,0.8077664114220097,-0.03838743473183648,"10 market(s) allowlisted for NCAAF: moneyline, spread, total_points, alternate_spread, alternate_total_points, team_total, alternate_team_total, moneyline_h1, spread_h1, total_points_h1."
2026-10-07,401871066,False,2026-10-07T23:30:00Z,Florida International Panthers,New Mexico State Aggies,alternate_total_points,under,53.5,-240,fanatics,0.6733952421120442,-0.03248711082913236,"10 market(s) allowlisted for NCAAF: moneyline, spread, total_points, alternate_spread, alternate_total_points, team_total, alternate_team_total, moneyline_h1, spread_h1, total_points_h1."
2026-10-07,401871066,False,2026-10-07T23:30:00Z,Florida International Panthers,New Mexico State Aggies,alternate_total_points,under,33.5,350,fanatics,0.19762480969141447,-0.024597412530807744,"10 market(s) allowlisted for NCAAF: moneyline, spread, total_points, alternate_spread, alternate_total_points, team_total, alternate_team_total, moneyline_h1, spread_h1, total_points_h1."
2026-10-07,401871066,False,2026-10-07T23:30:00Z,Florida International Panthers,New Mexico State Aggies,alternate_total_points,under,49.5,-155,fanatics,0.5817683101512158,-0.026074827103686138,"10 market(s) allowlisted for NCAAF: moneyline, spread, total_points, alternate_spread, alternate_total_points, team_total, alternate_team_total, moneyline_h1, spread_h1, total_points_h1."
2026-10-07,401871066,False,2026-10-07T23:30:00Z,Florida International Panthers,New Mexico State Aggies,alternate_total_points,under,26.5,850,fanatics,0.0822612908114713,-0.023001867083265543,"10 market(s) allowlisted for NCAAF: moneyline, spread, total_points, alternate_spread, alternate_total_points, team_total, alternate_team_total, moneyline_h1, spread_h1, total_points_h1."
2026-10-07,401871066,False,2026-10-07T23:30:00Z,Florida International Panthers,New Mexico State Aggies,alternate_total_points,under,26.0,950,fanatics,0.06930337639626549,-0.02593471884182974,"10 market(s) allowlisted for NCAAF: moneyline, spread, total_points, alternate_spread, alternate_total_points, team_total, alternate_team_total, moneyline_h1, spread_h1, total_points_h1."
2026-10-07,401871066,False,2026-10-07T23:30:00Z,Florida International Panthers,New Mexico State Aggies,alternate_total_points,under,41.5,140,fanatics,0.3842276981790867,-0.03243896848757999,"10 market(s) allowlisted for NCAAF: moneyline, spread, total_points, alternate_spread, alternate_total_points, team_total, alternate_team_total, moneyline_h1, spread_h1, total_points_h1."
2026-10-07,401871066,False,2026-10-07T23:30:00Z,Florida International Panthers,New Mexico State Aggies,alternate_total_points,under,29.0,650,fanatics,0.1129229669711754,-0.020410366362157928,"10 market(s) allowlisted for NCAAF: moneyline, spread, total_points, alternate_spread, alternate_total_points, team_total, alternate_team_total, moneyline_h1, spread_h1, total_points_h1."
2026-10-07,401871066,False,2026-10-07T23:30:00Z,Florida International Panthers,New Mexico State Aggies,alternate_total_points,under,64.5,-900,fanatics,0.8661944999059938,-0.03380550009400618,"10 market(s) allowlisted for NCAAF: moneyline, spread, total_points, alternate_spread, alternate_total_points, team_total, alternate_team_total, moneyline_h1, spread_h1, total_points_h1."
2026-10-07,401871066,False,2026-10-07T23:30:00Z,Florida International Panthers,New Mexico State Aggies,alternate_total_points,under,32.0,410,fanatics,0.16829234620276737,-0.02778608516978165,"10 market(s) allowlisted for NCAAF: moneyline, spread, total_points, alternate_spread, alternate_total_points, team_total, alternate_team_total, moneyline_h1, spread_h1, total_points_h1."
2026-10-07,401871066,False,2026-10-07T23:30:00Z,Florida International Panthers,New Mexico State Aggies,alternate_total_points,under,35.0,310,fanatics,0.22059044956820045,-0.023311989456189786,"10 market(s) allowlisted for NCAAF: moneyline, spread, total_points, alternate_spread, alternate_total_points, team_total, alternate_team_total, moneyline_h1, spread_h1, total_points_h1."
2026-10-07,401871066,False,2026-10-07T23:30:00Z,Florida International Panthers,New Mexico State Aggies,alternate_total_points,under,38.0,210,fanatics,0.28999839277258344,-0.03258225238870688,"10 market(s) allowlisted for NCAAF: moneyline, spread, total_points, alternate_spread, alternate_total_points, team_total, alternate_team_total, moneyline_h1, spread_h1, total_points_h1."
2026-10-07,401871066,False,2026-10-07T23:30:00Z,Florida International Panthers,New Mexico State Aggies,alternate_total_points,under,41.0,155,fanatics,0.36009997601069155,-0.03205688673440649,"10 market(s) allowlisted for NCAAF: moneyline, spread, total_points, alternate_spread, alternate_total_points, team_total, alternate_team_total, moneyline_h1, spread_h1, total_points_h1."
2026-10-07,401871066,False,2026-10-07T23:30:00Z,Florida International Panthers,New Mexico State Aggies,alternate_total_points,under,37.5,220,fanatics,0.2815414679116699,-0.030958532088330104,"10 market(s) allowlisted for NCAAF: moneyline, spread, total_points, alternate_spread, alternate_total_points, team_total, alternate_team_total, moneyline_h1, spread_h1, total_points_h1."
2026-10-07,401871066,False,2026-10-07T23:30:00Z,Florida International Panthers,New Mexico State Aggies,alternate_total_points,under,52.5,-225,fanatics,0.6564956065582137,-0.035812085749478584,"10 market(s) allowlisted for NCAAF: moneyline, spread, total_points, alternate_spread, alternate_total_points, team_total, alternate_team_total, moneyline_h1, spread_h1, total_points_h1."
2026-10-07,401871066,False,2026-10-07T23:30:00Z,Florida International Panthers,New Mexico State Aggies,alternate_total_points,under,59.5,-525,fanatics,0.7957549369999438,-0.04424506300005615,"10 market(s) allowlisted for NCAAF: moneyline, spread, total_points, alternate_spread, alternate_total_points, team_total, alternate_team_total, moneyline_h1, spread_h1, total_points_h1."
2026-10-07,401871066,False,2026-10-07T23:30:00Z,Florida International Panthers,New Mexico State Aggies,alternate_total_points,under,25.5,950,fanatics,0.06833847849371336,-0.026899616744381877,"10 market(s) allowlisted for NCAAF: moneyline, spread, total_points, alternate_spread, alternate_total_points, team_total, alternate_team_total, moneyline_h1, spread_h1, total_points_h1."
2026-10-07,401871066,False,2026-10-07T23:30:00Z,Florida International Panthers,New Mexico State Aggies,alternate_total_points,under,40.5,165,fanatics,0.34652224222680145,-0.030836248339236316,"10 market(s) allowlisted for NCAAF: moneyline, spread, total_points, alternate_spread, alternate_total_points, team_total, alternate_team_total, moneyline_h1, spread_h1, total_points_h1."
2026-10-07,401871066,False,2026-10-07T23:30:00Z,Florida International Panthers,New Mexico State Aggies,alternate_total_points,under,47.5,-125,fanatics,0.5287067054803726,-0.026848850075183006,"10 market(s) allowlisted for NCAAF: moneyline, spread, total_points, alternate_spread, alternate_total_points, team_total, alternate_team_total, moneyline_h1, spread_h1, total_points_h1."
2026-10-07,401871066,False,2026-10-07T23:30:00Z,Florida International Panthers,New Mexico State Aggies,alternate_total_points,under,62.5,-750,fanatics,0.8411302349314749,-0.04122270624499569,"10 market(s) allowlisted for NCAAF: moneyline, spread, total_points, alternate_spread, alternate_total_points, team_total, alternate_team_total, moneyline_h1, spread_h1, total_points_h1."
2026-10-07,401871066,False,2026-10-07T23:30:00Z,Florida International Panthers,New Mexico State Aggies,alternate_total_points,under,35.5,280,fanatics,0.23589429926243555,-0.027263595474406543,"10 market(s) allowlisted for NCAAF: moneyline, spread, total_points, alternate_spread, alternate_total_points, team_total, alternate_team_total, moneyline_h1, spread_h1, total_points_h1."
2026-10-07,401871066,False,2026-10-07T23:30:00Z,Florida International Panthers,New Mexico State Aggies,alternate_total_points,under,58.5,-450,fanatics,0.774973484909856,-0.043208333271962274,"10 market(s) allowlisted for NCAAF: moneyline, spread, total_points, alternate_spread, alternate_total_points, team_total, alternate_team_total, moneyline_h1, spread_h1, total_points_h1."
2026-10-07,401871066,False,2026-10-07T23:30:00Z,Florida International Panthers,New Mexico State Aggies,alternate_total_points,under,50.5,-170,fanatics,0.5983146483270647,-0.03131498130256494,"10 market(s) allowlisted for NCAAF: moneyline, spread, total_points, alternate_spread, alternate_total_points, team_total, alternate_team_total, moneyline_h1, spread_h1, total_points_h1."
2026-10-07,401871066,False,2026-10-07T23:30:00Z,Florida International Panthers,New Mexico State Aggies,alternate_total_points,under,23.5,1100,fanatics,0.04922058832711959,-0.03411274500621374,"10 market(s) allowlisted for NCAAF: moneyline, spread, total_points, alternate_spread, alternate_total_points, team_total, alternate_team_total, moneyline_h1, spread_h1, total_points_h1."
2026-10-07,401871066,False,2026-10-07T23:30:00Z,Florida International Panthers,New Mexico State Aggies,alternate_total_points,under,46.5,-110,fanatics,0.5000000066841689,-0.02380951712535495,"10 market(s) allowlisted for NCAAF: moneyline, spread, total_points, alternate_spread, alternate_total_points, team_total, alternate_team_total, moneyline_h1, spread_h1, total_points_h1."
2026-10-07,401871066,False,2026-10-07T23:30:00Z,Florida International Panthers,New Mexico State Aggies,alternate_total_points,under,61.5,-650,fanatics,0.8198547269228005,-0.046811939743866215,"10 market(s) allowlisted for NCAAF: moneyline, spread, total_points, alternate_spread, alternate_total_points, team_total, alternate_team_total, moneyline_h1, spread_h1, total_points_h1."
2026-10-07,401871066,False,2026-10-07T23:30:00Z,Florida International Panthers,New Mexico State Aggies,alternate_total_points,under,34.5,310,fanatics,0.21625911557016922,-0.02764332345422102,"10 market(s) allowlisted for NCAAF: moneyline, spread, total_points, alternate_spread, alternate_total_points, team_total, alternate_team_total, moneyline_h1, spread_h1, total_points_h1."
2026-10-07,401871066,False,2026-10-07T23:30:00Z,Florida International Panthers,New Mexico State Aggies,alternate_total_points,under,68.5,-1500,fanatics,0.9133474211398132,-0.024152578860186846,"10 market(s) allowlisted for NCAAF: moneyline, spread, total_points, alternate_spread, alternate_total_points, team_total, alternate_team_total, moneyline_h1, spread_h1, total_points_h1."
2026-10-07,401871066,False,2026-10-07T23:30:00Z,Florida International Panthers,New Mexico State Aggies,alternate_total_points,under,56.5,-330,fanatics,0.7351983539545446,-0.03224350651057173,"10 market(s) allowlisted for NCAAF: moneyline, spread, total_points, alternate_spread, alternate_total_points, team_total, alternate_team_total, moneyline_h1, spread_h1, total_points_h1."
2026-10-07,401871066,False,2026-10-07T23:30:00Z,Florida International Panthers,New Mexico State Aggies,alternate_total_points,under,71.5,-2500,fanatics,0.9439751765050372,-0.017563285033424414,"10 market(s) allowlisted for NCAAF: moneyline, spread, total_points, alternate_spread, alternate_total_points, team_total, alternate_team_total, moneyline_h1, spread_h1, total_points_h1."
2026-10-07,401871066,False,2026-10-07T23:30:00Z,Florida International Panthers,New Mexico State Aggies,alternate_total_points,under,24.0,1100,fanatics,0.049845246895398654,-0.033488086437934675,"10 market(s) allowlisted for NCAAF: moneyline, spread, total_points, alternate_spread, alternate_total_points, team_total, alternate_team_total, moneyline_h1, spread_h1, total_points_h1."
2026-10-07,401871066,False,2026-10-07T23:30:00Z,Florida International Panthers,New Mexico State Aggies,alternate_total_points,under,25.0,950,fanatics,0.06216194117596584,-0.033076154062129395,"10 market(s) allowlisted for NCAAF: moneyline, spread, total_points, alternate_spread, alternate_total_points, team_total, alternate_team_total, moneyline_h1, spread_h1, total_points_h1."
2026-10-07,401871066,False,2026-10-07T23:30:00Z,Florida International Panthers,New Mexico State Aggies,alternate_total_points,under,27.0,850,fanatics,0.08372133238404507,-0.021541825510691767,"10 market(s) allowlisted for NCAAF: moneyline, spread, total_points, alternate_spread, alternate_total_points, team_total, alternate_team_total, moneyline_h1, spread_h1, total_points_h1."
2026-10-07,401871066,False,2026-10-07T23:30:00Z,Florida International Panthers,New Mexico State Aggies,alternate_total_points,under,29.5,600,fanatics,0.12271847048751397,-0.02013867236962888,"10 market(s) allowlisted for NCAAF: moneyline, spread, total_points, alternate_spread, alternate_total_points, team_total, alternate_team_total, moneyline_h1, spread_h1, total_points_h1."
2026-10-07,401871066,False,2026-10-07T23:30:00Z,Florida International Panthers,New Mexico State Aggies,alternate_total_points,under,67.5,-1400,fanatics,0.9042753575319616,-0.029057975801371705,"10 market(s) allowlisted for NCAAF: moneyline, spread, total_points, alternate_spread, alternate_total_points, team_total, alternate_team_total, moneyline_h1, spread_h1, total_points_h1."
2026-10-07,401871066,False,2026-10-07T23:30:00Z,Florida International Panthers,New Mexico State Aggies,alternate_total_points,under,28.0,700,fanatics,0.1009090212406918,-0.0240909787593082,"10 market(s) allowlisted for NCAAF: moneyline, spread, total_points, alternate_spread, alternate_total_points, team_total, alternate_team_total, moneyline_h1, spread_h1, total_points_h1."
2026-10-07,401871066,False,2026-10-07T23:30:00Z,Florida International Panthers,New Mexico State Aggies,alternate_total_points,under,44.5,110,fanatics,0.45116880393650616,-0.025021672253970006,"10 market(s) allowlisted for NCAAF: moneyline, spread, total_points, alternate_spread, alternate_total_points, team_total, alternate_team_total, moneyline_h1, spread_h1, total_points_h1."
2026-10-07,401871066,False,2026-10-07T23:30:00Z,Florida International Panthers,New Mexico State Aggies,alternate_total_points,under,30.0,550,fanatics,0.12584774091934595,-0.02799841292680791,"10 market(s) allowlisted for NCAAF: moneyline, spread, total_points, alternate_spread, alternate_total_points, team_total, alternate_team_total, moneyline_h1, spread_h1, total_points_h1."
2026-10-07,401871066,False,2026-10-07T23:30:00Z,Florida International Panthers,New Mexico State Aggies,alternate_total_points,under,31.0,475,fanatics,0.15044106039030833,-0.023471983087952536,"10 market(s) allowlisted for NCAAF: moneyline, spread, total_points, alternate_spread, alternate_total_points, team_total, alternate_team_total, moneyline_h1, spread_h1, total_points_h1."
2026-10-07,401871066,False,2026-10-07T23:30:00Z,Florida International Panthers,New Mexico State Aggies,alternate_total_points,under,33.0,390,fanatics,0.18054201549049165,-0.02353961716256958,"10 market(s) allowlisted for NCAAF: moneyline, spread, total_points, alternate_spread, alternate_total_points, team_total, alternate_team_total, moneyline_h1, spread_h1, total_points_h1."
2026-10-07,401871066,False,2026-10-07T23:30:00Z,Florida International Panthers,New Mexico State Aggies,alternate_total_points,under,34.0,330,fanatics,0.20137733657826276,-0.031180802956620957,"10 market(s) allowlisted for NCAAF: moneyline, spread, total_points, alternate_spread, alternate_total_points, team_total, alternate_team_total, moneyline_h1, spread_h1, total_points_h1."
2026-10-07,401871066,False,2026-10-07T23:30:00Z,Florida International Panthers,New Mexico State Aggies,alternate_total_points,under,36.0,280,fanatics,0.23894200085652414,-0.024215893880317946,"10 market(s) allowlisted for NCAAF: moneyline, spread, total_points, alternate_spread, alternate_total_points, team_total, alternate_team_total, moneyline_h1, spread_h1, total_points_h1."
2026-10-07,401871066,False,2026-10-07T23:30:00Z,Florida International Panthers,New Mexico State Aggies,alternate_total_points,under,37.0,250,fanatics,0.2571060640042158,-0.02860822171006988,"10 market(s) allowlisted for NCAAF: moneyline, spread, total_points, alternate_spread, alternate_total_points, team_total, alternate_team_total, moneyline_h1, spread_h1, total_points_h1."
2026-10-07,401871066,False,2026-10-07T23:30:00Z,Florida International Panthers,New Mexico State Aggies,alternate_total_points,under,39.0,190,fanatics,0.31454842442288583,-0.030279161784010744,"10 market(s) allowlisted for NCAAF: moneyline, spread, total_points, alternate_spread, alternate_total_points, team_total, alternate_team_total, moneyline_h1, spread_h1, total_points_h1."
2026-10-07,401871066,False,2026-10-07T23:30:00Z,Florida International Panthers,New Mexico State Aggies,alternate_total_points,under,32.5,390,fanatics,0.17677835444435525,-0.027303278208705983,"10 market(s) allowlisted for NCAAF: moneyline, spread, total_points, alternate_spread, alternate_total_points, team_total, alternate_team_total, moneyline_h1, spread_h1, total_points_h1."
2026-10-07,401871066,False,2026-10-07T23:30:00Z,Florida International Panthers,New Mexico State Aggies,alternate_total_points,under,55.5,-310,fanatics,0.7184167511647804,-0.03768080981082933,"10 market(s) allowlisted for NCAAF: moneyline, spread, total_points, alternate_spread, alternate_total_points, team_total, alternate_team_total, moneyline_h1, spread_h1, total_points_h1."
2026-10-07,401871066,False,2026-10-07T23:30:00Z,Florida International Panthers,New Mexico State Aggies,alternate_total_points,under,70.5,-2200,fanatics,0.937268494233338,-0.01925324489709679,"10 market(s) allowlisted for NCAAF: moneyline, spread, total_points, alternate_spread, alternate_total_points, team_total, alternate_team_total, moneyline_h1, spread_h1, total_points_h1."
2026-10-07,401871066,False,2026-10-07T23:30:00Z,Florida International Panthers,New Mexico State Aggies,alternate_total_points,under,40.0,180,fanatics,0.33073085179248446,-0.02641200535037269,"10 market(s) allowlisted for NCAAF: moneyline, spread, total_points, alternate_spread, alternate_total_points, team_total, alternate_team_total, moneyline_h1, spread_h1, total_points_h1."
2026-10-07,401871066,False,2026-10-07T23:30:00Z,Florida International Panthers,New Mexico State Aggies,alternate_spread,home,-7.0,-103,betrivers,0.4734846588899917,-0.03390450367158471,"10 market(s) allowlisted for NCAAF: moneyline, spread, total_points, alternate_spread, alternate_total_points, team_total, alternate_team_total, moneyline_h1, spread_h1, total_points_h1."
2026-10-07,401871066,False,2026-10-07T23:30:00Z,Florida International Panthers,New Mexico State Aggies,alternate_spread,home,-14.0,245,betrivers,0.3118888087715978,0.022033736307829677,"10 market(s) allowlisted for NCAAF: moneyline, spread, total_points, alternate_spread, alternate_total_points, team_total, alternate_team_total, moneyline_h1, spread_h1, total_points_h1."
2026-10-07,401871066,False,2026-10-07T23:30:00Z,Florida International Panthers,New Mexico State Aggies,alternate_spread,home,1.5,-385,betrivers,0.7045060806225006,-0.08930835236719004,"10 market(s) allowlisted for NCAAF: moneyline, spread, total_points, alternate_spread, alternate_total_points, team_total, alternate_team_total, moneyline_h1, spread_h1, total_points_h1."
2026-10-07,401871066,False,2026-10-07T23:30:00Z,Florida International Panthers,New Mexico State Aggies,alternate_spread,home,-11.5,160,betrivers,0.3533214989284659,-0.03129388568691871,"10 market(s) allowlisted for NCAAF: moneyline, spread, total_points, alternate_spread, alternate_total_points, team_total, alternate_team_total, moneyline_h1, spread_h1, total_points_h1."
2026-10-07,401871066,False,2026-10-07T23:30:00Z,Florida International Panthers,New Mexico State Aggies,alternate_spread,home,-0.5,-315,betrivers,0.6863853786472929,-0.07265076593102038,"10 market(s) allowlisted for NCAAF: moneyline, spread, total_points, alternate_spread, alternate_total_points, team_total, alternate_team_total, moneyline_h1, spread_h1, total_points_h1."
2026-10-07,401871066,False,2026-10-07T23:30:00Z,Florida International Panthers,New Mexico State Aggies,alternate_spread,home,-8.0,116,betrivers,0.4324992602866522,-0.030463702676310767,"10 market(s) allowlisted for NCAAF: moneyline, spread, total_points, alternate_spread, alternate_total_points, team_total, alternate_team_total, moneyline_h1, spread_h1, total_points_h1."
2026-10-07,401871066,False,2026-10-07T23:30:00Z,Florida International Panthers,New Mexico State Aggies,alternate_spread,home,-9.5,130,betrivers,0.40727390047235623,-0.02750870822329593,"10 market(s) allowlisted for NCAAF: moneyline, spread, total_points, alternate_spread, alternate_total_points, team_total, alternate_team_total, moneyline_h1, spread_h1, total_points_h1."
2026-10-07,401871066,False,2026-10-07T23:30:00Z,Florida International Panthers,New Mexico State Aggies,alternate_spread,home,-4.0,-159,betrivers,0.5638950893820474,-0.05000452451756654,"10 market(s) allowlisted for NCAAF: moneyline, spread, total_points, alternate_spread, alternate_total_points, team_total, alternate_team_total, moneyline_h1, spread_h1, total_points_h1."
2026-10-07,401871066,False,2026-10-07T23:30:00Z,Florida International Panthers,New Mexico State Aggies,alternate_spread,home,-2.5,-240,betrivers,0.6492770304241816,-0.056605322516994905,"10 market(s) allowlisted for NCAAF: moneyline, spread, total_points, alternate_spread, alternate_total_points, team_total, alternate_team_total, moneyline_h1, spread_h1, total_points_h1."
2026-10-07,401871066,False,2026-10-07T23:30:00Z,Florida International Panthers,New Mexico State Aggies,alternate_spread,home,-9.0,125,betrivers,0.4122882455163884,-0.032156198928056046,"10 market(s) allowlisted for NCAAF: moneyline, spread, total_points, alternate_spread, alternate_total_points, team_total, alternate_team_total, moneyline_h1, spread_h1, total_points_h1."
2026-10-07,401871066,False,2026-10-07T23:30:00Z,Florida International Panthers,New Mexico State Aggies,alternate_spread,home,-5.0,-139,betrivers,0.5335918896142743,-0.04799806854472155,"10 market(s) allowlisted for NCAAF: moneyline, spread, total_points, alternate_spread, alternate_total_points, team_total, alternate_team_total, moneyline_h1, spread_h1, total_points_h1."
2026-10-07,401871066,False,2026-10-07T23:30:00Z,Florida International Panthers,New Mexico State Aggies,alternate_spread,home,-8.5,120,betrivers,0.41943613186886797,-0.03510932267658656,"10 market(s) allowlisted for NCAAF: moneyline, spread, total_points, alternate_spread, alternate_total_points, team_total, alternate_team_total, moneyline_h1, spread_h1, total_points_h1."
2026-10-07,401871066,False,2026-10-07T23:30:00Z,Florida International Panthers,New Mexico State Aggies,alternate_spread,home,-13.5,200,betrivers,0.3322443355389327,-0.0010889977944006368,"10 market(s) allowlisted for NCAAF: moneyline, spread, total_points, alternate_spread, alternate_total_points, team_total, alternate_team_total, moneyline_h1, spread_h1, total_points_h1."
2026-10-07,401871066,False,2026-10-07T23:30:00Z,Florida International Panthers,New Mexico State Aggies,alternate_spread,home,-5.5,-130,betrivers,0.5214683335274182,-0.04374905777692961,"10 market(s) allowlisted for NCAAF: moneyline, spread, total_points, alternate_spread, alternate_total_points, team_total, alternate_team_total, moneyline_h1, spread_h1, total_points_h1."
2026-10-07,401871066,False,2026-10-07T23:30:00Z,Florida International Panthers,New Mexico State Aggies,alternate_spread,home,-1.0,-286,betrivers,0.6815524911488996,-0.059380151338147,"10 market(s) allowlisted for NCAAF: moneyline, spread, total_points, alternate_spread, alternate_total_points, team_total, alternate_team_total, moneyline_h1, spread_h1, total_points_h1."
2026-10-07,401871066,False,2026-10-07T23:30:00Z,Florida International Panthers,New Mexico State Aggies,alternate_spread,home,-1.5,-275,betrivers,0.671208976370417,-0.062124356962916294,"10 market(s) allowlisted for NCAAF: moneyline, spread, total_points, alternate_spread, alternate_total_points, team_total, alternate_team_total, moneyline_h1, spread_h1, total_points_h1."
2026-10-07,401871066,False,2026-10-07T23:30:00Z,Florida International Panthers,New Mexico State Aggies,alternate_spread,home,-4.5,-148,betrivers,0.5441889863762087,-0.052585207172178405,"10 market(s) allowlisted for NCAAF: moneyline, spread, total_points, alternate_spread, alternate_total_points, team_total, alternate_team_total, moneyline_h1, spread_h1, total_points_h1."
2026-10-07,401871066,False,2026-10-07T23:30:00Z,Florida International Panthers,New Mexico State Aggies,alternate_spread,home,-13.0,190,betrivers,0.33610723835765616,-0.008720347849240417,"10 market(s) allowlisted for NCAAF: moneyline, spread, total_points, alternate_spread, alternate_total_points, team_total, alternate_team_total, moneyline_h1, spread_h1, total_points_h1."
2026-10-07,401871066,False,2026-10-07T23:30:00Z,Florida International Panthers,New Mexico State Aggies,alternate_spread,home,-11.0,150,betrivers,0.3625350869702085,-0.03746491302979155,"10 market(s) allowlisted for NCAAF: moneyline, spread, total_points, alternate_spread, alternate_total_points, team_total, alternate_team_total, moneyline_h1, spread_h1, total_points_h1."
2026-10-07,401871066,False,2026-10-07T23:30:00Z,Florida International Panthers,New Mexico State Aggies,alternate_spread,home,-12.5,170,betrivers,0.3437374019709412,-0.026632968399429136,"10 market(s) allowlisted for NCAAF: moneyline, spread, total_points, alternate_spread, alternate_total_points, team_total, alternate_team_total, moneyline_h1, spread_h1, total_points_h1."
2026-10-07,401871066,False,2026-10-07T23:30:00Z,Florida International Panthers,New Mexico State Aggies,alternate_spread,home,-12.0,170,betrivers,0.34706369406529974,-0.023306676305070606,"10 market(s) allowlisted for NCAAF: moneyline, spread, total_points, alternate_spread, alternate_total_points, team_total, alternate_team_total, moneyline_h1, spread_h1, total_points_h1."
2026-10-07,401871066,False,2026-10-07T23:30:00Z,Florida International Panthers,New Mexico State Aggies,alternate_spread,home,-10.5,148,betrivers,0.37873583363119145,-0.024489972820421424,"10 market(s) allowlisted for NCAAF: moneyline, spread, total_points, alternate_spread, alternate_total_points, team_total, alternate_team_total, moneyline_h1, spread_h1, total_points_h1."
2026-10-07,401871066,False,2026-10-07T23:30:00Z,Florida International Panthers,New Mexico State Aggies,alternate_spread,home,0.0,-315,betrivers,0.689197762513575,-0.06983838206473825,"10 market(s) allowlisted for NCAAF: moneyline, spread, total_points, alternate_spread, alternate_total_points, team_total, alternate_team_total, moneyline_h1, spread_h1, total_points_h1."
2026-10-07,401871066,False,2026-10-07T23:30:00Z,Florida International Panthers,New Mexico State Aggies,alternate_spread,home,-7.5,110,betrivers,0.4496399486548811,-0.02655052753559506,"10 market(s) allowlisted for NCAAF: moneyline, spread, total_points, alternate_spread, alternate_total_points, team_total, alternate_team_total, moneyline_h1, spread_h1, total_points_h1."
2026-10-07,401871066,False,2026-10-07T23:30:00Z,Florida International Panthers,New Mexico State Aggies,alternate_spread,home,-10.0,140,betrivers,0.3898617338506332,-0.026804932816033467,"10 market(s) allowlisted for NCAAF: moneyline, spread, total_points, alternate_spread, alternate_total_points, team_total, alternate_team_total, moneyline_h1, spread_h1, total_points_h1."
2026-10-07,401871066,False,2026-10-07T23:30:00Z,Florida International Panthers,New Mexico State Aggies,alternate_spread,home,0.5,-315,betrivers,0.6904660417301577,-0.06857010284815557,"10 market(s) allowlisted for NCAAF: moneyline, spread, total_points, alternate_spread, alternate_total_points, team_total, alternate_team_total, moneyline_h1, spread_h1, total_points_h1."
2026-10-07,401871066,False,2026-10-07T23:30:00Z,Florida International Panthers,New Mexico State Aggies,alternate_spread,home,1.0,-375,betrivers,0.700298256487482,-0.08917542772304432,"10 market(s) allowlisted for NCAAF: moneyline, spread, total_points, alternate_spread, alternate_total_points, team_total, alternate_team_total, moneyline_h1, spread_h1, total_points_h1."
2026-10-07,401871066,False,2026-10-07T23:30:00Z,Florida International Panthers,New Mexico State Aggies,alternate_spread,home,-3.0,-210,betrivers,0.622821080692452,-0.05459827414625762,"10 market(s) allowlisted for NCAAF: moneyline, spread, total_points, alternate_spread, alternate_total_points, team_total, alternate_team_total, moneyline_h1, spread_h1, total_points_h1."
2026-10-07,401871066,False,2026-10-07T23:30:00Z,Florida International Panthers,New Mexico State Aggies,alternate_spread,home,-3.5,-180,betrivers,0.5791353857630765,-0.06372175709406636,"10 market(s) allowlisted for NCAAF: moneyline, spread, total_points, alternate_spread, alternate_total_points, team_total, alternate_team_total, moneyline_h1, spread_h1, total_points_h1."
2026-10-07,401871066,False,2026-10-07T23:30:00Z,Florida International Panthers,New Mexico State Aggies,alternate_spread,home,-2.0,-265,betrivers,0.663836251202711,-0.06219114605756304,"10 market(s) allowlisted for NCAAF: moneyline, spread, total_points, alternate_spread, alternate_total_points, team_total, alternate_team_total, moneyline_h1, spread_h1, total_points_h1."
2026-10-07,401871066,False,2026-10-07T23:30:00Z,Florida International Panthers,New Mexico State Aggies,alternate_spread,home,-6.0,-124,betrivers,0.5109696656578464,-0.0426017629135822,"10 market(s) allowlisted for NCAAF: moneyline, spread, total_points, alternate_spread, alternate_total_points, team_total, alternate_team_total, moneyline_h1, spread_h1, total_points_h1."
2026-10-07,401871066,False,2026-10-07T23:30:00Z,Florida International Panthers,New Mexico State Aggies,alternate_spread,home,-6.5,-114,betrivers,0.4999999968368236,-0.03271028353700811,"10 market(s) allowlisted for NCAAF: moneyline, spread, total_points, alternate_spread, alternate_total_points, team_total, alternate_team_total, moneyline_h1, spread_h1, total_points_h1."
2026-10-07,401871066,False,2026-10-07T23:30:00Z,Florida International Panthers,New Mexico State Aggies,alternate_spread,away,7.0,-124,betrivers,0.5265153411100086,-0.027056087461419964,"10 market(s) allowlisted for NCAAF: moneyline, spread, total_points, alternate_spread, alternate_total_points, team_total, alternate_team_total, moneyline_h1, spread_h1, total_points_h1."
2026-10-07,401871066,False,2026-10-07T23:30:00Z,Florida International Panthers,New Mexico State Aggies,alternate_spread,away,14.0,-400,betrivers,0.6881111912284025,-0.11188880877159757,"10 market(s) allowlisted for NCAAF: moneyline, spread, total_points, alternate_spread, alternate_total_points, team_total, alternate_team_total, moneyline_h1, spread_h1, total_points_h1."
2026-10-07,401871066,False,2026-10-07T23:30:00Z,Florida International Panthers,New Mexico State Aggies,alternate_spread,away,-1.5,245,betrivers,0.29549391937749986,0.005638846913731732,"10 market(s) allowlisted for NCAAF: moneyline, spread, total_points, alternate_spread, alternate_total_points, team_total, alternate_team_total, moneyline_h1, spread_h1, total_points_h1."
2026-10-07,401871066,False,2026-10-07T23:30:00Z,Florida International Panthers,New Mexico State Aggies,alternate_spread,away,11.5,-220,betrivers,0.6466785010715344,-0.04082149892846565,"10 market(s) allowlisted for NCAAF: moneyline, spread, total_points, alternate_spread, alternate_total_points, team_total, alternate_team_total, moneyline_h1, spread_h1, total_points_h1."
2026-10-07,401871066,False,2026-10-07T23:30:00Z,Florida International Panthers,New Mexico State Aggies,alternate_spread,away,0.5,220,betrivers,0.3136146213527078,0.0011146213527077897,"10 market(s) allowlisted for NCAAF: moneyline, spread, total_points, alternate_spread, alternate_total_points, team_total, alternate_team_total, moneyline_h1, spread_h1, total_points_h1."
2026-10-07,401871066,False,2026-10-07T23:30:00Z,Florida International Panthers,New Mexico State Aggies,alternate_spread,away,8.0,-143,betrivers,0.5675007397133481,-0.020976626541795884,"10 market(s) allowlisted for NCAAF: moneyline, spread, total_points, alternate_spread, alternate_total_points, team_total, alternate_team_total, moneyline_h1, spread_h1, total_points_h1."
2026-10-07,401871066,False,2026-10-07T23:30:00Z,Florida International Panthers,New Mexico State Aggies,alternate_spread,away,9.5,-162,betrivers,0.5927260995276441,-0.02559451115937883,"10 market(s) allowlisted for NCAAF: moneyline, spread, total_points, alternate_spread, alternate_total_points, team_total, alternate_team_total, moneyline_h1, spread_h1, total_points_h1."
2026-10-07,401871066,False,2026-10-07T23:30:00Z,Florida International Panthers,New Mexico State Aggies,alternate_spread,away,4.0,123,betrivers,0.4361049106179537,-0.012325582655588918,"10 market(s) allowlisted for NCAAF: moneyline, spread, total_points, alternate_spread, alternate_total_points, team_total, alternate_team_total, moneyline_h1, spread_h1, total_points_h1."
2026-10-07,401871066,False,2026-10-07T23:30:00Z,Florida International Panthers,New Mexico State Aggies,alternate_spread,away,2.5,175,betrivers,0.3507229695758191,-0.012913394060544536,"10 market(s) allowlisted for NCAAF: moneyline, spread, total_points, alternate_spread, alternate_total_points, team_total, alternate_team_total, moneyline_h1, spread_h1, total_points_h1."
2026-10-07,401871066,False,2026-10-07T23:30:00Z,Florida International Panthers,New Mexico State Aggies,alternate_spread,away,9.0,-157,betrivers,0.5877117544836119,-0.023183187150629392,"10 market(s) allowlisted for NCAAF: moneyline, spread, total_points, alternate_spread, alternate_total_points, team_total, alternate_team_total, moneyline_h1, spread_h1, total_points_h1."
2026-10-07,401871066,False,2026-10-07T23:30:00Z,Florida International Panthers,New Mexico State Aggies,alternate_spread,away,5.0,110,betrivers,0.4664081103857267,-0.009782365804749449,"10 market(s) allowlisted for NCAAF: moneyline, spread, total_points, alternate_spread, alternate_total_points, team_total, alternate_team_total, moneyline_h1, spread_h1, total_points_h1."
2026-10-07,401871066,False,2026-10-07T23:30:00Z,Florida International Panthers,New Mexico State Aggies,alternate_spread,away,8.5,-150,betrivers,0.5805638681311324,-0.019436131868867612,"10 market(s) allowlisted for NCAAF: moneyline, spread, total_points, alternate_spread, alternate_total_points, team_total, alternate_team_total, moneyline_h1, spread_h1, total_points_h1."
2026-10-07,401871066,False,2026-10-07T23:30:00Z,Florida International Panthers,New Mexico State Aggies,alternate_spread,away,13.5,-295,betrivers,0.6677556644610676,-0.07907977857690707,"10 market(s) allowlisted for NCAAF: moneyline, spread, total_points, alternate_spread, alternate_total_points, team_total, alternate_team_total, moneyline_h1, spread_h1, total_points_h1."
2026-10-07,401871066,False,2026-10-07T23:30:00Z,Florida International Panthers,New Mexico State Aggies,alternate_spread,away,5.5,105,betrivers,0.4785316664725828,-0.009273211576197704,"10 market(s) allowlisted for NCAAF: moneyline, spread, total_points, alternate_spread, alternate_total_points, team_total, alternate_team_total, moneyline_h1, spread_h1, total_points_h1."
2026-10-07,401871066,False,2026-10-07T23:30:00Z,Florida International Panthers,New Mexico State Aggies,alternate_spread,away,1.0,205,betrivers,0.31844750885110107,-0.0094213436079153,"10 market(s) allowlisted for NCAAF: moneyline, spread, total_points, alternate_spread, alternate_total_points, team_total, alternate_team_total, moneyline_h1, spread_h1, total_points_h1."
2026-10-07,401871066,False,2026-10-07T23:30:00Z,Florida International Panthers,New Mexico State Aggies,alternate_spread,away,1.5,190,betrivers,0.3287910236295837,-0.016036562577312896,"10 market(s) allowlisted for NCAAF: moneyline, spread, total_points, alternate_spread, alternate_total_points, team_total, alternate_team_total, moneyline_h1, spread_h1, total_points_h1."
2026-10-07,401871066,False,2026-10-07T23:30:00Z,Florida International Panthers,New Mexico State Aggies,alternate_spread,away,4.5,120,betrivers,0.4558110136237922,0.0012655590783376969,"10 market(s) allowlisted for NCAAF: moneyline, spread, total_points, alternate_spread, alternate_total_points, team_total, alternate_team_total, moneyline_h1, spread_h1, total_points_h1."
2026-10-07,401871066,False,2026-10-07T23:30:00Z,Florida International Panthers,New Mexico State Aggies,alternate_spread,away,13.0,-278,betrivers,0.6638927616423441,-0.07155697380739134,"10 market(s) allowlisted for NCAAF: moneyline, spread, total_points, alternate_spread, alternate_total_points, team_total, alternate_team_total, moneyline_h1, spread_h1, total_points_h1."
2026-10-07,401871066,False,2026-10-07T23:30:00Z,Florida International Panthers,New Mexico State Aggies,alternate_spread,away,11.0,-200,betrivers,0.6374649130297918,-0.029201753636874828,"10 market(s) allowlisted for NCAAF: moneyline, spread, total_points, alternate_spread, alternate_total_points, team_total, alternate_team_total, moneyline_h1, spread_h1, total_points_h1."
2026-10-07,401871066,False,2026-10-07T23:30:00Z,Florida International Panthers,New Mexico State Aggies,alternate_spread,away,12.5,-240,betrivers,0.6562625980290591,-0.04961975491211745,"10 market(s) allowlisted for NCAAF: moneyline, spread, total_points, alternate_spread, alternate_total_points, team_total, alternate_team_total, moneyline_h1, spread_h1, total_points_h1."
2026-10-07,401871066,False,2026-10-07T23:30:00Z,Florida International Panthers,New Mexico State Aggies,alternate_spread,away,12.0,-225,betrivers,0.6529363059347005,-0.03937138637299176,"10 market(s) allowlisted for NCAAF: moneyline, spread, total_points, alternate_spread, alternate_total_points, team_total, alternate_team_total, moneyline_h1, spread_h1, total_points_h1."
2026-10-07,401871066,False,2026-10-07T23:30:00Z,Florida International Panthers,New Mexico State Aggies,alternate_spread,away,10.5,-186,betrivers,0.6212641663688089,-0.02908548398084143,"10 market(s) allowlisted for NCAAF: moneyline, spread, total_points, alternate_spread, alternate_total_points, team_total, alternate_team_total, moneyline_h1, spread_h1, total_points_h1."
2026-10-07,401871066,False,2026-10-07T23:30:00Z,Florida International Panthers,New Mexico State Aggies,alternate_spread,away,0.0,220,betrivers,0.31080223748642566,-0.0016977625135743413,"10 market(s) allowlisted for NCAAF: moneyline, spread, total_points, alternate_spread, alternate_total_points, team_total, alternate_team_total, moneyline_h1, spread_h1, total_points_h1."
2026-10-07,401871066,False,2026-10-07T23:30:00Z,Florida International Panthers,New Mexico State Aggies,alternate_spread,away,7.5,-136,betrivers,0.5503600513451192,-0.025911135095558757,"10 market(s) allowlisted for NCAAF: moneyline, spread, total_points, alternate_spread, alternate_total_points, team_total, alternate_team_total, moneyline_h1, spread_h1, total_points_h1."
2026-10-07,401871066,False,2026-10-07T23:30:00Z,Florida International Panthers,New Mexico State Aggies,alternate_spread,away,10.0,-177,betrivers,0.6101382661493672,-0.02885090352572306,"10 market(s) allowlisted for NCAAF: moneyline, spread, total_points, alternate_spread, alternate_total_points, team_total, alternate_team_total, moneyline_h1, spread_h1, total_points_h1."
2026-10-07,401871066,False,2026-10-07T23:30:00Z,Florida International Panthers,New Mexico State Aggies,alternate_spread,away,-0.5,220,betrivers,0.30953395826984303,-0.0029660417301569653,"10 market(s) allowlisted for NCAAF: moneyline, spread, total_points, alternate_spread, alternate_total_points, team_total, alternate_team_total, moneyline_h1, spread_h1, total_points_h1."
2026-10-07,401871066,False,2026-10-07T23:30:00Z,Florida International Panthers,New Mexico State Aggies,alternate_spread,away,-1.0,240,betrivers,0.29970174351251866,0.00558409645369512,"10 market(s) allowlisted for NCAAF: moneyline, spread, total_points, alternate_spread, alternate_total_points, team_total, alternate_team_total, moneyline_h1, spread_h1, total_points_h1."
2026-10-07,401871066,False,2026-10-07T23:30:00Z,Florida International Panthers,New Mexico State Aggies,alternate_spread,away,3.0,160,betrivers,0.3771789193075489,-0.00743646530783576,"10 market(s) allowlisted for NCAAF: moneyline, spread, total_points, alternate_spread, alternate_total_points, team_total, alternate_team_total, moneyline_h1, spread_h1, total_points_h1."
2026-10-07,401871066,False,2026-10-07T23:30:00Z,Florida International Panthers,New Mexico State Aggies,alternate_spread,away,3.5,140,betrivers,0.42086461423692434,0.004197947570257654,"10 market(s) allowlisted for NCAAF: moneyline, spread, total_points, alternate_spread, alternate_total_points, team_total, alternate_team_total, moneyline_h1, spread_h1, total_points_h1."
2026-10-07,401871066,False,2026-10-07T23:30:00Z,Florida International Panthers,New Mexico State Aggies,alternate_spread,away,2.0,185,betrivers,0.33616374879728966,-0.014713444185166458,"10 market(s) allowlisted for NCAAF: moneyline, spread, total_points, alternate_spread, alternate_total_points, team_total, alternate_team_total, moneyline_h1, spread_h1, total_points_h1."
2026-10-07,401871066,False,2026-10-07T23:30:00Z,Florida International Panthers,New Mexico State Aggies,alternate_spread,away,6.0,-103,betrivers,0.4890303343421538,-0.018358828219422585,"10 market(s) allowlisted for NCAAF: moneyline, spread, total_points, alternate_spread, alternate_total_points, team_total, alternate_team_total, moneyline_h1, spread_h1, total_points_h1."
2026-10-07,401871066,False,2026-10-07T23:30:00Z,Florida International Panthers,New Mexico State Aggies,alternate_spread,away,6.5,-109,betrivers,0.5000000031631767,-0.021531097315292125,"10 market(s) allowlisted for NCAAF: moneyline, spread, total_points, alternate_spread, alternate_total_points, team_total, alternate_team_total, moneyline_h1, spread_h1, total_points_h1."
2026-10-07,401871066,False,2026-10-07T23:30:00Z,Florida International Panthers,New Mexico State Aggies,alternate_spread,home,-3.5,-160,betmgm,0.5791353857630765,-0.03624922962153887,"10 market(s) allowlisted for NCAAF: moneyline, spread, total_points, alternate_spread, alternate_total_points, team_total, alternate_team_total, moneyline_h1, spread_h1, total_points_h1."
2026-10-07,401871066,False,2026-10-07T23:30:00Z,Florida International Panthers,New Mexico State Aggies,alternate_spread,home,-5.0,-135,betmgm,0.5335918896142743,-0.04087619549210875,"10 market(s) allowlisted for NCAAF: moneyline, spread, total_points, alternate_spread, alternate_total_points, team_total, alternate_team_total, moneyline_h1, spread_h1, total_points_h1."
2026-10-07,401871066,False,2026-10-07T23:30:00Z,Florida International Panthers,New Mexico State Aggies,alternate_spread,home,-6.5,-112,betmgm,0.4999999968368236,-0.02830188995562921,"10 market(s) allowlisted for NCAAF: moneyline, spread, total_points, alternate_spread, alternate_total_points, team_total, alternate_team_total, moneyline_h1, spread_h1, total_points_h1."
2026-10-07,401871066,False,2026-10-07T23:30:00Z,Florida International Panthers,New Mexico State Aggies,alternate_spread,home,-6.0,-125,betmgm,0.5109696656578464,-0.044585889897709174,"10 market(s) allowlisted for NCAAF: moneyline, spread, total_points, alternate_spread, alternate_total_points, team_total, alternate_team_total, moneyline_h1, spread_h1, total_points_h1."
2026-10-07,401871066,False,2026-10-07T23:30:00Z,Florida International Panthers,New Mexico State Aggies,alternate_spread,home,-5.5,-130,betmgm,0.5214683335274182,-0.04374905777692961,"10 market(s) allowlisted for NCAAF: moneyline, spread, total_points, alternate_spread, alternate_total_points, team_total, alternate_team_total, moneyline_h1, spread_h1, total_points_h1."
2026-10-07,401871066,False,2026-10-07T23:30:00Z,Florida International Panthers,New Mexico State Aggies,alternate_spread,home,-4.5,-145,betmgm,0.5441889863762087,-0.047647748317668825,"10 market(s) allowlisted for NCAAF: moneyline, spread, total_points, alternate_spread, alternate_total_points, team_total, alternate_team_total, moneyline_h1, spread_h1, total_points_h1."
2026-10-07,401871066,False,2026-10-07T23:30:00Z,Florida International Panthers,New Mexico State Aggies,alternate_spread,home,-7.0,-105,betmgm,0.4734846588899917,-0.03871046306122783,"10 market(s) allowlisted for NCAAF: moneyline, spread, total_points, alternate_spread, alternate_total_points, team_total, alternate_team_total, moneyline_h1, spread_h1, total_points_h1."
2026-10-07,401871066,False,2026-10-07T23:30:00Z,Florida International Panthers,New Mexico State Aggies,alternate_spread,home,-8.0,115,betmgm,0.4324992602866522,-0.03261701878311524,"10 market(s) allowlisted for NCAAF: moneyline, spread, total_points, alternate_spread, alternate_total_points, team_total, alternate_team_total, moneyline_h1, spread_h1, total_points_h1."
2026-10-07,401871066,False,2026-10-07T23:30:00Z,Florida International Panthers,New Mexico State Aggies,alternate_spread,home,-7.5,110,betmgm,0.4496399486548811,-0.02655052753559506,"10 market(s) allowlisted for NCAAF: moneyline, spread, total_points, alternate_spread, alternate_total_points, team_total, alternate_team_total, moneyline_h1, spread_h1, total_points_h1."
2026-10-07,401871066,False,2026-10-07T23:30:00Z,Florida International Panthers,New Mexico State Aggies,alternate_spread,home,-8.5,120,betmgm,0.41943613186886797,-0.03510932267658656,"10 market(s) allowlisted for NCAAF: moneyline, spread, total_points, alternate_spread, alternate_total_points, team_total, alternate_team_total, moneyline_h1, spread_h1, total_points_h1."
2026-10-07,401871066,False,2026-10-07T23:30:00Z,Florida International Panthers,New Mexico State Aggies,alternate_spread,home,-9.0,125,betmgm,0.4122882455163884,-0.032156198928056046,"10 market(s) allowlisted for NCAAF: moneyline, spread, total_points, alternate_spread, alternate_total_points, team_total, alternate_team_total, moneyline_h1, spread_h1, total_points_h1."
2026-10-07,401871066,False,2026-10-07T23:30:00Z,Florida International Panthers,New Mexico State Aggies,alternate_spread,home,-9.5,125,betmgm,0.40727390047235623,-0.03717054397208819,"10 market(s) allowlisted for NCAAF: moneyline, spread, total_points, alternate_spread, alternate_total_points, team_total, alternate_team_total, moneyline_h1, spread_h1, total_points_h1."
2026-10-07,401871066,False,2026-10-07T23:30:00Z,Florida International Panthers,New Mexico State Aggies,alternate_spread,home,-3.0,-190,betmgm,0.622821080692452,-0.032351333100651414,"10 market(s) allowlisted for NCAAF: moneyline, spread, total_points, alternate_spread, alternate_total_points, team_total, alternate_team_total, moneyline_h1, spread_h1, total_points_h1."
2026-10-07,401871066,False,2026-10-07T23:30:00Z,Florida International Panthers,New Mexico State Aggies,alternate_spread,home,-10.0,140,betmgm,0.3898617338506332,-0.026804932816033467,"10 market(s) allowlisted for NCAAF: moneyline, spread, total_points, alternate_spread, alternate_total_points, team_total, alternate_team_total, moneyline_h1, spread_h1, total_points_h1."
2026-10-07,401871066,False,2026-10-07T23:30:00Z,Florida International Panthers,New Mexico State Aggies,alternate_spread,home,-2.5,-220,betmgm,0.6492770304241816,-0.03822296957581839,"10 market(s) allowlisted for NCAAF: moneyline, spread, total_points, alternate_spread, alternate_total_points, team_total, alternate_team_total, moneyline_h1, spread_h1, total_points_h1."
2026-10-07,401871066,False,2026-10-07T23:30:00Z,Florida International Panthers,New Mexico State Aggies,alternate_spread,home,-10.5,150,betmgm,0.37873583363119145,-0.021264166368808568,"10 market(s) allowlisted for NCAAF: moneyline, spread, total_points, alternate_spread, alternate_total_points, team_total, alternate_team_total, moneyline_h1, spread_h1, total_points_h1."
2026-10-07,401871066,False,2026-10-07T23:30:00Z,Florida International Panthers,New Mexico State Aggies,alternate_spread,home,-11.0,160,betmgm,0.3625350869702085,-0.02208029764517616,"10 market(s) allowlisted for NCAAF: moneyline, spread, total_points, alternate_spread, alternate_total_points, team_total, alternate_team_total, moneyline_h1, spread_h1, total_points_h1."
2026-10-07,401871066,False,2026-10-07T23:30:00Z,Florida International Panthers,New Mexico State Aggies,alternate_spread,home,-2.0,-235,betmgm,0.663836251202711,-0.037656286110721915,"10 market(s) allowlisted for NCAAF: moneyline, spread, total_points, alternate_spread, alternate_total_points, team_total, alternate_team_total, moneyline_h1, spread_h1, total_points_h1."
2026-10-07,401871066,False,2026-10-07T23:30:00Z,Florida International Panthers,New Mexico State Aggies,alternate_spread,home,-1.5,-235,betmgm,0.671208976370417,-0.030283560943015875,"10 market(s) allowlisted for NCAAF: moneyline, spread, total_points, alternate_spread, alternate_total_points, team_total, alternate_team_total, moneyline_h1, spread_h1, total_points_h1."
2026-10-07,401871066,False,2026-10-07T23:30:00Z,Florida International Panthers,New Mexico State Aggies,alternate_spread,home,-11.5,160,betmgm,0.3533214989284659,-0.03129388568691871,"10 market(s) allowlisted for NCAAF: moneyline, spread, total_points, alternate_spread, alternate_total_points, team_total, alternate_team_total, moneyline_h1, spread_h1, total_points_h1."
2026-10-07,401871066,False,2026-10-07T23:30:00Z,Florida International Panthers,New Mexico State Aggies,alternate_spread,home,-1.0,-250,betmgm,0.6815524911488996,-0.032733223136814704,"10 market(s) allowlisted for NCAAF: moneyline, spread, total_points, alternate_spread, alternate_total_points, team_total, alternate_team_total, moneyline_h1, spread_h1, total_points_h1."
2026-10-07,401871066,False,2026-10-07T23:30:00Z,Florida International Panthers,New Mexico State Aggies,alternate_spread,home,-12.0,170,betmgm,0.34706369406529974,-0.023306676305070606,"10 market(s) allowlisted for NCAAF: moneyline, spread, total_points, alternate_spread, alternate_total_points, team_total, alternate_team_total, moneyline_h1, spread_h1, total_points_h1."
2026-10-07,401871066,False,2026-10-07T23:30:00Z,Florida International Panthers,New Mexico State Aggies,alternate_spread,home,-12.5,170,betmgm,0.3437374019709412,-0.026632968399429136,"10 market(s) allowlisted for NCAAF: moneyline, spread, total_points, alternate_spread, alternate_total_points, team_total, alternate_team_total, moneyline_h1, spread_h1, total_points_h1."
2026-10-07,401871066,False,2026-10-07T23:30:00Z,Florida International Panthers,New Mexico State Aggies,alternate_spread,home,-13.0,180,betmgm,0.33610723835765616,-0.021035618785200993,"10 market(s) allowlisted for NCAAF: moneyline, spread, total_points, alternate_spread, alternate_total_points, team_total, alternate_team_total, moneyline_h1, spread_h1, total_points_h1."
2026-10-07,401871066,False,2026-10-07T23:30:00Z,Florida International Panthers,New Mexico State Aggies,alternate_spread,home,-13.5,185,betmgm,0.3322443355389327,-0.018632857443523443,"10 market(s) allowlisted for NCAAF: moneyline, spread, total_points, alternate_spread, alternate_total_points, team_total, alternate_team_total, moneyline_h1, spread_h1, total_points_h1."
2026-10-07,401871066,False,2026-10-07T23:30:00Z,Florida International Panthers,New Mexico State Aggies,alternate_spread,home,1.0,-275,betmgm,0.700298256487482,-0.033035076845851274,"10 market(s) allowlisted for NCAAF: moneyline, spread, total_points, alternate_spread, alternate_total_points, team_total, alternate_team_total, moneyline_h1, spread_h1, total_points_h1."
2026-10-07,401871066,False,2026-10-07T23:30:00Z,Florida International Panthers,New Mexico State Aggies,alternate_spread,home,-14.0,210,betmgm,0.3118888087715978,-0.01069183638969251,"10 market(s) allowlisted for NCAAF: moneyline, spread, total_points, alternate_spread, alternate_total_points, team_total, alternate_team_total, moneyline_h1, spread_h1, total_points_h1."
2026-10-07,401871066,False,2026-10-07T23:30:00Z,Florida International Panthers,New Mexico State Aggies,alternate_spread,home,1.5,-285,betmgm,0.7045060806225006,-0.03575365963723964,"10 market(s) allowlisted for NCAAF: moneyline, spread, total_points, alternate_spread, alternate_total_points, team_total, alternate_team_total, moneyline_h1, spread_h1, total_points_h1."
2026-10-07,401871066,False,2026-10-07T23:30:00Z,Florida International Panthers,New Mexico State Aggies,alternate_spread,home,-4.0,-155,betmgm,0.5638950893820474,-0.043948047872854556,"10 market(s) allowlisted for NCAAF: moneyline, spread, total_points, alternate_spread, alternate_total_points, team_total, alternate_team_total, moneyline_h1, spread_h1, total_points_h1."
2026-10-07,401871066,False,2026-10-07T23:30:00Z,Florida International Panthers,New Mexico State Aggies,alternate_spread,away,3.5,120,betmgm,0.42086461423692434,-0.03368084030853019,"10 market(s) allowlisted for NCAAF: moneyline, spread, total_points, alternate_spread, alternate_total_points, team_total, alternate_team_total, moneyline_h1, spread_h1, total_points_h1."
2026-10-07,401871066,False,2026-10-07T23:30:00Z,Florida International Panthers,New Mexico State Aggies,alternate_spread,away,5.0,105,betmgm,0.4664081103857267,-0.021396767663053762,"10 market(s) allowlisted for NCAAF: moneyline, spread, total_points, alternate_spread, alternate_total_points, team_total, alternate_team_total, moneyline_h1, spread_h1, total_points_h1."
2026-10-07,401871066,False,2026-10-07T23:30:00Z,Florida International Panthers,New Mexico State Aggies,alternate_spread,away,6.5,-108,betmgm,0.5000000031631767,-0.019230766067592553,"10 market(s) allowlisted for NCAAF: moneyline, spread, total_points, alternate_spread, alternate_total_points, team_total, alternate_team_total, moneyline_h1, spread_h1, total_points_h1."
2026-10-07,401871066,False,2026-10-07T23:30:00Z,Florida International Panthers,New Mexico State Aggies,alternate_spread,away,6.0,-108,betmgm,0.4890303343421538,-0.030200434888615457,"10 market(s) allowlisted for NCAAF: moneyline, spread, total_points, alternate_spread, alternate_total_points, team_total, alternate_team_total, moneyline_h1, spread_h1, total_points_h1."
2026-10-07,401871066,False,2026-10-07T23:30:00Z,Florida International Panthers,New Mexico State Aggies,alternate_spread,away,5.5,-102,betmgm,0.4785316664725828,-0.026418828576922182,"10 market(s) allowlisted for NCAAF: moneyline, spread, total_points, alternate_spread, alternate_total_points, team_total, alternate_team_total, moneyline_h1, spread_h1, total_points_h1."
2026-10-07,401871066,False,2026-10-07T23:30:00Z,Florida International Panthers,New Mexico State Aggies,alternate_spread,away,4.5,110,betmgm,0.4558110136237922,-0.020379462566683937,"10 market(s) allowlisted for NCAAF: moneyline, spread, total_points, alternate_spread, alternate_total_points, team_total, alternate_team_total, moneyline_h1, spread_h1, total_points_h1."
2026-10-07,401871066,False,2026-10-07T23:30:00Z,Florida International Panthers,New Mexico State Aggies,alternate_spread,away,7.0,-130,betmgm,0.5265153411100086,-0.038702050194339144,"10 market(s) allowlisted for NCAAF: moneyline, spread, total_points, alternate_spread, alternate_total_points, team_total, alternate_team_total, moneyline_h1, spread_h1, total_points_h1."
2026-10-07,401871066,False,2026-10-07T23:30:00Z,Florida International Panthers,New Mexico State Aggies,alternate_spread,away,8.0,-150,betmgm,0.5675007397133481,-0.03249926028665184,"10 market(s) allowlisted for NCAAF: moneyline, spread, total_points, alternate_spread, alternate_total_points, team_total, alternate_team_total, moneyline_h1, spread_h1, total_points_h1."
2026-10-07,401871066,False,2026-10-07T23:30:00Z,Florida International Panthers,New Mexico State Aggies,alternate_spread,away,7.5,-145,betmgm,0.5503600513451192,-0.041476683348758314,"10 market(s) allowlisted for NCAAF: moneyline, spread, total_points, alternate_spread, alternate_total_points, team_total, alternate_team_total, moneyline_h1, spread_h1, total_points_h1."
2026-10-07,401871066,False,2026-10-07T23:30:00Z,Florida International Panthers,New Mexico State Aggies,alternate_spread,away,8.5,-160,betmgm,0.5805638681311324,-0.03482074725348305,"10 market(s) allowlisted for NCAAF: moneyline, spread, total_points, alternate_spread, alternate_total_points, team_total, alternate_team_total, moneyline_h1, spread_h1, total_points_h1."
2026-10-07,401871066,False,2026-10-07T23:30:00Z,Florida International Panthers,New Mexico State Aggies,alternate_spread,away,9.0,-165,betmgm,0.5877117544836119,-0.034929754950350334,"10 market(s) allowlisted for NCAAF: moneyline, spread, total_points, alternate_spread, alternate_total_points, team_total, alternate_team_total, moneyline_h1, spread_h1, total_points_h1."
2026-10-07,401871066,False,2026-10-07T23:30:00Z,Florida International Panthers,New Mexico State Aggies,alternate_spread,away,9.5,-165,betmgm,0.5927260995276441,-0.029915409906318136,"10 market(s) allowlisted for NCAAF: moneyline, spread, total_points, alternate_spread, alternate_total_points, team_total, alternate_team_total, moneyline_h1, spread_h1, total_points_h1."
2026-10-07,401871066,False,2026-10-07T23:30:00Z,Florida International Panthers,New Mexico State Aggies,alternate_spread,away,3.0,145,betmgm,0.3771789193075489,-0.03098434599857358,"10 market(s) allowlisted for NCAAF: moneyline, spread, total_points, alternate_spread, alternate_total_points, team_total, alternate_team_total, moneyline_h1, spread_h1, total_points_h1."
2026-10-07,401871066,False,2026-10-07T23:30:00Z,Florida International Panthers,New Mexico State Aggies,alternate_spread,away,10.0,-190,betmgm,0.6101382661493672,-0.045034147643736255,"10 market(s) allowlisted for NCAAF: moneyline, spread, total_points, alternate_spread, alternate_total_points, team_total, alternate_team_total, moneyline_h1, spread_h1, total_points_h1."
2026-10-07,401871066,False,2026-10-07T23:30:00Z,Florida International Panthers,New Mexico State Aggies,alternate_spread,away,2.5,160,betmgm,0.3507229695758191,-0.03389241503956553,"10 market(s) allowlisted for NCAAF: moneyline, spread, total_points, alternate_spread, alternate_total_points, team_total, alternate_team_total, moneyline_h1, spread_h1, total_points_h1."
2026-10-07,401871066,False,2026-10-07T23:30:00Z,Florida International Panthers,New Mexico State Aggies,alternate_spread,away,10.5,-200,betmgm,0.6212641663688089,-0.04540250029785775,"10 market(s) allowlisted for NCAAF: moneyline, spread, total_points, alternate_spread, alternate_total_points, team_total, alternate_team_total, moneyline_h1, spread_h1, total_points_h1."
2026-10-07,401871066,False,2026-10-07T23:30:00Z,Florida International Panthers,New Mexico State Aggies,alternate_spread,away,11.0,-210,betmgm,0.6374649130297918,-0.03995444180891783,"10 market(s) allowlisted for NCAAF: moneyline, spread, total_points, alternate_spread, alternate_total_points, team_total, alternate_team_total, moneyline_h1, spread_h1, total_points_h1."
2026-10-07,401871066,False,2026-10-07T23:30:00Z,Florida International Panthers,New Mexico State Aggies,alternate_spread,away,2.0,170,betmgm,0.33616374879728966,-0.03420662157308069,"10 market(s) allowlisted for NCAAF: moneyline, spread, total_points, alternate_spread, alternate_total_points, team_total, alternate_team_total, moneyline_h1, spread_h1, total_points_h1."
2026-10-07,401871066,False,2026-10-07T23:30:00Z,Florida International Panthers,New Mexico State Aggies,alternate_spread,away,1.5,175,betmgm,0.3287910236295837,-0.03484534000677997,"10 market(s) allowlisted for NCAAF: moneyline, spread, total_points, alternate_spread, alternate_total_points, team_total, alternate_team_total, moneyline_h1, spread_h1, total_points_h1."
2026-10-07,401871066,False,2026-10-07T23:30:00Z,Florida International Panthers,New Mexico State Aggies,alternate_spread,away,11.5,-220,betmgm,0.6466785010715344,-0.04082149892846565,"10 market(s) allowlisted for NCAAF: moneyline, spread, total_points, alternate_spread, alternate_total_points, team_total, alternate_team_total, moneyline_h1, spread_h1, total_points_h1."
2026-10-07,401871066,False,2026-10-07T23:30:00Z,Florida International Panthers,New Mexico State Aggies,alternate_spread,away,1.0,188,betmgm,0.31844750885110107,-0.02877471337112114,"10 market(s) allowlisted for NCAAF: moneyline, spread, total_points, alternate_spread, alternate_total_points, team_total, alternate_team_total, moneyline_h1, spread_h1, total_points_h1."
2026-10-07,401871066,False,2026-10-07T23:30:00Z,Florida International Panthers,New Mexico State Aggies,alternate_spread,away,12.0,-225,betmgm,0.6529363059347005,-0.03937138637299176,"10 market(s) allowlisted for NCAAF: moneyline, spread, total_points, alternate_spread, alternate_total_points, team_total, alternate_team_total, moneyline_h1, spread_h1, total_points_h1."
2026-10-07,401871066,False,2026-10-07T23:30:00Z,Florida International Panthers,New Mexico State Aggies,alternate_spread,away,12.5,-235,betmgm,0.6562625980290591,-0.0452299392843738,"10 market(s) allowlisted for NCAAF: moneyline, spread, total_points, alternate_spread, alternate_total_points, team_total, alternate_team_total, moneyline_h1, spread_h1, total_points_h1."
2026-10-07,401871066,False,2026-10-07T23:30:00Z,Florida International Panthers,New Mexico State Aggies,alternate_spread,away,13.0,-235,betmgm,0.6638927616423441,-0.03759977567108874,"10 market(s) allowlisted for NCAAF: moneyline, spread, total_points, alternate_spread, alternate_total_points, team_total, alternate_team_total, moneyline_h1, spread_h1, total_points_h1."
2026-10-07,401871066,False,2026-10-07T23:30:00Z,Florida International Panthers,New Mexico State Aggies,alternate_spread,away,13.5,-250,betmgm,0.6677556644610676,-0.0465300498246467,"10 market(s) allowlisted for NCAAF: moneyline, spread, total_points, alternate_spread, alternate_total_points, team_total, alternate_team_total, moneyline_h1, spread_h1, total_points_h1."
2026-10-07,401871066,False,2026-10-07T23:30:00Z,Florida International Panthers,New Mexico State Aggies,alternate_spread,away,-1.0,200,betmgm,0.29970174351251866,-0.033631589820814656,"10 market(s) allowlisted for NCAAF: moneyline, spread, total_points, alternate_spread, alternate_total_points, team_total, alternate_team_total, moneyline_h1, spread_h1, total_points_h1."
2026-10-07,401871066,False,2026-10-07T23:30:00Z,Florida International Panthers,New Mexico State Aggies,alternate_spread,away,14.0,-285,betmgm,0.6881111912284025,-0.05214854903133781,"10 market(s) allowlisted for NCAAF: moneyline, spread, total_points, alternate_spread, alternate_total_points, team_total, alternate_team_total, moneyline_h1, spread_h1, total_points_h1."
2026-10-07,401871066,False,2026-10-07T23:30:00Z,Florida International Panthers,New Mexico State Aggies,alternate_spread,away,-1.5,210,betmgm,0.29549391937749986,-0.027086725783790455,"10 market(s) allowlisted for NCAAF: moneyline, spread, total_points, alternate_spread, alternate_total_points, team_total, alternate_team_total, moneyline_h1, spread_h1, total_points_h1."
2026-10-07,401871066,False,2026-10-07T23:30:00Z,Florida International Panthers,New Mexico State Aggies,alternate_spread,away,4.0,115,betmgm,0.4361049106179537,-0.029011368451813735,"10 market(s) allowlisted for NCAAF: moneyline, spread, total_points, alternate_spread, alternate_total_points, team_total, alternate_team_total, moneyline_h1, spread_h1, total_points_h1."
2026-10-07,401871066,False,2026-10-07T23:30:00Z,Florida International Panthers,New Mexico State Aggies,alternate_total_points,over,47.5,-102,betmgm,0.4712932945196273,-0.03365720052987764,"10 market(s) allowlisted for NCAAF: moneyline, spread, total_points, alternate_spread, alternate_total_points, team_total, alternate_team_total, moneyline_h1, spread_h1, total_points_h1."
2026-10-07,401871066,False,2026-10-07T23:30:00Z,Florida International Panthers,New Mexico State Aggies,alternate_total_points,over,45.5,-120,betmgm,0.5175519896878159,-0.02790255576672951,"10 market(s) allowlisted for NCAAF: moneyline, spread, total_points, alternate_spread, alternate_total_points, team_total, alternate_team_total, moneyline_h1, spread_h1, total_points_h1."
2026-10-07,401871066,False,2026-10-07T23:30:00Z,Florida International Panthers,New Mexico State Aggies,alternate_total_points,over,48.5,115,betmgm,0.4383330001082315,-0.026783278961535928,"10 market(s) allowlisted for NCAAF: moneyline, spread, total_points, alternate_spread, alternate_total_points, team_total, alternate_team_total, moneyline_h1, spread_h1, total_points_h1."
2026-10-07,401871066,False,2026-10-07T23:30:00Z,Florida International Panthers,New Mexico State Aggies,alternate_total_points,over,44.5,-140,betmgm,0.5488311960634936,-0.03450213726983975,"10 market(s) allowlisted for NCAAF: moneyline, spread, total_points, alternate_spread, alternate_total_points, team_total, alternate_team_total, moneyline_h1, spread_h1, total_points_h1."
2026-10-07,401871066,False,2026-10-07T23:30:00Z,Florida International Panthers,New Mexico State Aggies,alternate_total_points,over,43.5,-160,betmgm,0.5775193450609638,-0.03786527032365161,"10 market(s) allowlisted for NCAAF: moneyline, spread, total_points, alternate_spread, alternate_total_points, team_total, alternate_team_total, moneyline_h1, spread_h1, total_points_h1."
2026-10-07,401871066,False,2026-10-07T23:30:00Z,Florida International Panthers,New Mexico State Aggies,alternate_total_points,over,49.5,125,betmgm,0.4182316898487841,-0.026212754595660304,"10 market(s) allowlisted for NCAAF: moneyline, spread, total_points, alternate_spread, alternate_total_points, team_total, alternate_team_total, moneyline_h1, spread_h1, total_points_h1."
2026-10-07,401871066,False,2026-10-07T23:30:00Z,Florida International Panthers,New Mexico State Aggies,alternate_total_points,over,50.5,135,betmgm,0.4016853516729352,-0.02384656322068185,"10 market(s) allowlisted for NCAAF: moneyline, spread, total_points, alternate_spread, alternate_total_points, team_total, alternate_team_total, moneyline_h1, spread_h1, total_points_h1."
2026-10-07,401871066,False,2026-10-07T23:30:00Z,Florida International Panthers,New Mexico State Aggies,alternate_total_points,over,42.5,-185,betmgm,0.5963342060657352,-0.052788600951808706,"10 market(s) allowlisted for NCAAF: moneyline, spread, total_points, alternate_spread, alternate_total_points, team_total, alternate_team_total, moneyline_h1, spread_h1, total_points_h1."
2026-10-07,401871066,False,2026-10-07T23:30:00Z,Florida International Panthers,New Mexico State Aggies,alternate_total_points,over,51.5,160,betmgm,0.3673287242363792,-0.017286660379005447,"10 market(s) allowlisted for NCAAF: moneyline, spread, total_points, alternate_spread, alternate_total_points, team_total, alternate_team_total, moneyline_h1, spread_h1, total_points_h1."
2026-10-07,401871066,False,2026-10-07T23:30:00Z,Florida International Panthers,New Mexico State Aggies,alternate_total_points,over,41.5,-190,betmgm,0.6157723018209134,-0.039400111972190066,"10 market(s) allowlisted for NCAAF: moneyline, spread, total_points, alternate_spread, alternate_total_points, team_total, alternate_team_total, moneyline_h1, spread_h1, total_points_h1."
2026-10-07,401871066,False,2026-10-07T23:30:00Z,Florida International Panthers,New Mexico State Aggies,alternate_total_points,over,52.5,180,betmgm,0.3435043934417861,-0.013638463701071024,"10 market(s) allowlisted for NCAAF: moneyline, spread, total_points, alternate_spread, alternate_total_points, team_total, alternate_team_total, moneyline_h1, spread_h1, total_points_h1."
2026-10-07,401871066,False,2026-10-07T23:30:00Z,Florida International Panthers,New Mexico State Aggies,alternate_total_points,over,40.5,-235,betmgm,0.6534777577731985,-0.048014779540234365,"10 market(s) allowlisted for NCAAF: moneyline, spread, total_points, alternate_spread, alternate_total_points, team_total, alternate_team_total, moneyline_h1, spread_h1, total_points_h1."
2026-10-07,401871066,False,2026-10-07T23:30:00Z,Florida International Panthers,New Mexico State Aggies,alternate_total_points,over,53.5,195,betmgm,0.32660475788795573,-0.01237829295950188,"10 market(s) allowlisted for NCAAF: moneyline, spread, total_points, alternate_spread, alternate_total_points, team_total, alternate_team_total, moneyline_h1, spread_h1, total_points_h1."
2026-10-07,401871066,False,2026-10-07T23:30:00Z,Florida International Panthers,New Mexico State Aggies,alternate_total_points,over,39.5,-275,betmgm,0.677072735184918,-0.05626059814841533,"10 market(s) allowlisted for NCAAF: moneyline, spread, total_points, alternate_spread, alternate_total_points, team_total, alternate_team_total, moneyline_h1, spread_h1, total_points_h1."
2026-10-07,401871066,False,2026-10-07T23:30:00Z,Florida International Panthers,New Mexico State Aggies,alternate_total_points,over,54.5,220,betmgm,0.3083364389201238,-0.004163561079876199,"10 market(s) allowlisted for NCAAF: moneyline, spread, total_points, alternate_spread, alternate_total_points, team_total, alternate_team_total, moneyline_h1, spread_h1, total_points_h1."
2026-10-07,401871066,False,2026-10-07T23:30:00Z,Florida International Panthers,New Mexico State Aggies,alternate_total_points,over,38.5,-275,betmgm,0.6892965606026971,-0.04403677273063622,"10 market(s) allowlisted for NCAAF: moneyline, spread, total_points, alternate_spread, alternate_total_points, team_total, alternate_team_total, moneyline_h1, spread_h1, total_points_h1."
2026-10-07,401871066,False,2026-10-07T23:30:00Z,Florida International Panthers,New Mexico State Aggies,alternate_total_points,over,55.5,260,betmgm,0.28158324883521946,0.0038054710574416672,"10 market(s) allowlisted for NCAAF: moneyline, spread, total_points, alternate_spread, alternate_total_points, team_total, alternate_team_total, moneyline_h1, spread_h1, total_points_h1."
2026-10-07,401871066,False,2026-10-07T23:30:00Z,Florida International Panthers,New Mexico State Aggies,alternate_total_points,over,37.5,-325,betmgm,0.71845853208833,-0.04624735026461113,"10 market(s) allowlisted for NCAAF: moneyline, spread, total_points, alternate_spread, alternate_total_points, team_total, alternate_team_total, moneyline_h1, spread_h1, total_points_h1."
2026-10-07,401871066,False,2026-10-07T23:30:00Z,Florida International Panthers,New Mexico State Aggies,alternate_total_points,over,56.5,275,betmgm,0.2648016460454553,-0.0018650206212113551,"10 market(s) allowlisted for NCAAF: moneyline, spread, total_points, alternate_spread, alternate_total_points, team_total, alternate_team_total, moneyline_h1, spread_h1, total_points_h1."
2026-10-07,401871066,False,2026-10-07T23:30:00Z,Florida International Panthers,New Mexico State Aggies,alternate_total_points,over,36.5,-400,betmgm,0.7513507159162955,-0.0486492840837045,"10 market(s) allowlisted for NCAAF: moneyline, spread, total_points, alternate_spread, alternate_total_points, team_total, alternate_team_total, moneyline_h1, spread_h1, total_points_h1."
2026-10-07,401871066,False,2026-10-07T23:30:00Z,Florida International Panthers,New Mexico State Aggies,alternate_total_points,over,57.5,300,betmgm,0.24489552933637315,-0.005104470663626848,"10 market(s) allowlisted for NCAAF: moneyline, spread, total_points, alternate_spread, alternate_total_points, team_total, alternate_team_total, moneyline_h1, spread_h1, total_points_h1."
2026-10-07,401871066,False,2026-10-07T23:30:00Z,Florida International Panthers,New Mexico State Aggies,alternate_total_points,over,35.5,-450,betmgm,0.7641057007375645,-0.05407611744425378,"10 market(s) allowlisted for NCAAF: moneyline, spread, total_points, alternate_spread, alternate_total_points, team_total, alternate_team_total, moneyline_h1, spread_h1, total_points_h1."
2026-10-07,401871066,False,2026-10-07T23:30:00Z,Florida International Panthers,New Mexico State Aggies,alternate_total_points,over,58.5,340,betmgm,0.22502651509014387,-0.0022462121825833903,"10 market(s) allowlisted for NCAAF: moneyline, spread, total_points, alternate_spread, alternate_total_points, team_total, alternate_team_total, moneyline_h1, spread_h1, total_points_h1."
2026-10-07,401871066,False,2026-10-07T23:30:00Z,Florida International Panthers,New Mexico State Aggies,alternate_total_points,over,34.5,-500,betmgm,0.7837408844298308,-0.04959244890350256,"10 market(s) allowlisted for NCAAF: moneyline, spread, total_points, alternate_spread, alternate_total_points, team_total, alternate_team_total, moneyline_h1, spread_h1, total_points_h1."
2026-10-07,401871066,False,2026-10-07T23:30:00Z,Florida International Panthers,New Mexico State Aggies,alternate_total_points,over,59.5,400,betmgm,0.20424506300005596,0.004245063000055949,"10 market(s) allowlisted for NCAAF: moneyline, spread, total_points, alternate_spread, alternate_total_points, team_total, alternate_team_total, moneyline_h1, spread_h1, total_points_h1."
2026-10-07,401871066,False,2026-10-07T23:30:00Z,Florida International Panthers,New Mexico State Aggies,alternate_total_points,over,33.5,-625,betmgm,0.8023751903085855,-0.05969377520865582,"10 market(s) allowlisted for NCAAF: moneyline, spread, total_points, alternate_spread, alternate_total_points, team_total, alternate_team_total, moneyline_h1, spread_h1, total_points_h1."
2026-10-07,401871066,False,2026-10-07T23:30:00Z,Florida International Panthers,New Mexico State Aggies,alternate_total_points,over,60.5,425,betmgm,0.19223358857799006,0.0017573981017995899,"10 market(s) allowlisted for NCAAF: moneyline, spread, total_points, alternate_spread, alternate_total_points, team_total, alternate_team_total, moneyline_h1, spread_h1, total_points_h1."
2026-10-07,401871066,False,2026-10-07T23:30:00Z,Florida International Panthers,New Mexico State Aggies,alternate_total_points,over,32.5,-700,betmgm,0.8232216455556449,-0.05177835444435508,"10 market(s) allowlisted for NCAAF: moneyline, spread, total_points, alternate_spread, alternate_total_points, team_total, alternate_team_total, moneyline_h1, spread_h1, total_points_h1."
2026-10-07,401871066,False,2026-10-07T23:30:00Z,Florida International Panthers,New Mexico State Aggies,alternate_total_points,over,46.5,-108,betmgm,0.499999993315831,-0.01923077591493827,"10 market(s) allowlisted for NCAAF: moneyline, spread, total_points, alternate_spread, alternate_total_points, team_total, alternate_team_total, moneyline_h1, spread_h1, total_points_h1."
2026-10-07,401871066,False,2026-10-07T23:30:00Z,Florida International Panthers,New Mexico State Aggies,alternate_total_points,under,47.5,-130,betmgm,0.5287067054803726,-0.03651068582397521,"10 market(s) allowlisted for NCAAF: moneyline, spread, total_points, alternate_spread, alternate_total_points, team_total, alternate_team_total, moneyline_h1, spread_h1, total_points_h1."
2026-10-07,401871066,False,2026-10-07T23:30:00Z,Florida International Panthers,New Mexico State Aggies,alternate_total_points,under,45.5,-108,betmgm,0.4824480103121841,-0.03678275891858518,"10 market(s) allowlisted for NCAAF: moneyline, spread, total_points, alternate_spread, alternate_total_points, team_total, alternate_team_total, moneyline_h1, spread_h1, total_points_h1."
2026-10-07,401871066,False,2026-10-07T23:30:00Z,Florida International Panthers,New Mexico State Aggies,alternate_total_points,under,48.5,-150,betmgm,0.5616669998917684,-0.038333000108231596,"10 market(s) allowlisted for NCAAF: moneyline, spread, total_points, alternate_spread, alternate_total_points, team_total, alternate_team_total, moneyline_h1, spread_h1, total_points_h1."
2026-10-07,401871066,False,2026-10-07T23:30:00Z,Florida International Panthers,New Mexico State Aggies,alternate_total_points,under,44.5,105,betmgm,0.45116880393650616,-0.03663607411227432,"10 market(s) allowlisted for NCAAF: moneyline, spread, total_points, alternate_spread, alternate_total_points, team_total, alternate_team_total, moneyline_h1, spread_h1, total_points_h1."
2026-10-07,401871066,False,2026-10-07T23:30:00Z,Florida International Panthers,New Mexico State Aggies,alternate_total_points,under,43.5,120,betmgm,0.4224806549390361,-0.03206479960641845,"10 market(s) allowlisted for NCAAF: moneyline, spread, total_points, alternate_spread, alternate_total_points, team_total, alternate_team_total, moneyline_h1, spread_h1, total_points_h1."
2026-10-07,401871066,False,2026-10-07T23:30:00Z,Florida International Panthers,New Mexico State Aggies,alternate_total_points,under,49.5,-165,betmgm,0.5817683101512158,-0.040873199282746464,"10 market(s) allowlisted for NCAAF: moneyline, spread, total_points, alternate_spread, alternate_total_points, team_total, alternate_team_total, moneyline_h1, spread_h1, total_points_h1."
2026-10-07,401871066,False,2026-10-07T23:30:00Z,Florida International Panthers,New Mexico State Aggies,alternate_total_points,under,50.5,-185,betmgm,0.5983146483270647,-0.050808158690479166,"10 market(s) allowlisted for NCAAF: moneyline, spread, total_points, alternate_spread, alternate_total_points, team_total, alternate_team_total, moneyline_h1, spread_h1, total_points_h1."
2026-10-07,401871066,False,2026-10-07T23:30:00Z,Florida International Panthers,New Mexico State Aggies,alternate_total_points,under,42.5,135,betmgm,0.4036657939342647,-0.02186612095935231,"10 market(s) allowlisted for NCAAF: moneyline, spread, total_points, alternate_spread, alternate_total_points, team_total, alternate_team_total, moneyline_h1, spread_h1, total_points_h1."
2026-10-07,401871066,False,2026-10-07T23:30:00Z,Florida International Panthers,New Mexico State Aggies,alternate_total_points,under,51.5,-220,betmgm,0.6326712757636207,-0.0548287242363793,"10 market(s) allowlisted for NCAAF: moneyline, spread, total_points, alternate_spread, alternate_total_points, team_total, alternate_team_total, moneyline_h1, spread_h1, total_points_h1."
2026-10-07,401871066,False,2026-10-07T23:30:00Z,Florida International Panthers,New Mexico State Aggies,alternate_total_points,under,41.5,145,betmgm,0.3842276981790867,-0.02393556712703576,"10 market(s) allowlisted for NCAAF: moneyline, spread, total_points, alternate_spread, alternate_total_points, team_total, alternate_team_total, moneyline_h1, spread_h1, total_points_h1."
2026-10-07,401871066,False,2026-10-07T23:30:00Z,Florida International Panthers,New Mexico State Aggies,alternate_total_points,under,52.5,-250,betmgm,0.6564956065582137,-0.057790107727500595,"10 market(s) allowlisted for NCAAF: moneyline, spread, total_points, alternate_spread, alternate_total_points, team_total, alternate_team_total, moneyline_h1, spread_h1, total_points_h1."
2026-10-07,401871066,False,2026-10-07T23:30:00Z,Florida International Panthers,New Mexico State Aggies,alternate_total_points,under,40.5,170,betmgm,0.34652224222680145,-0.023848128143568903,"10 market(s) allowlisted for NCAAF: moneyline, spread, total_points, alternate_spread, alternate_total_points, team_total, alternate_team_total, moneyline_h1, spread_h1, total_points_h1."
2026-10-07,401871066,False,2026-10-07T23:30:00Z,Florida International Panthers,New Mexico State Aggies,alternate_total_points,under,53.5,-275,betmgm,0.6733952421120442,-0.059938091221289125,"10 market(s) allowlisted for NCAAF: moneyline, spread, total_points, alternate_spread, alternate_total_points, team_total, alternate_team_total, moneyline_h1, spread_h1, total_points_h1."
2026-10-07,401871066,False,2026-10-07T23:30:00Z,Florida International Panthers,New Mexico State Aggies,alternate_total_points,under,39.5,190,betmgm,0.3229272648150821,-0.02190032139181447,"10 market(s) allowlisted for NCAAF: moneyline, spread, total_points, alternate_spread, alternate_total_points, team_total, alternate_team_total, moneyline_h1, spread_h1, total_points_h1."
2026-10-07,401871066,False,2026-10-07T23:30:00Z,Florida International Panthers,New Mexico State Aggies,alternate_total_points,under,54.5,-300,betmgm,0.6916635610798761,-0.058336438920123856,"10 market(s) allowlisted for NCAAF: moneyline, spread, total_points, alternate_spread, alternate_total_points, team_total, alternate_team_total, moneyline_h1, spread_h1, total_points_h1."
2026-10-07,401871066,False,2026-10-07T23:30:00Z,Florida International Panthers,New Mexico State Aggies,alternate_total_points,under,38.5,200,betmgm,0.310703439397303,-0.02262989393603032,"10 market(s) allowlisted for NCAAF: moneyline, spread, total_points, alternate_spread, alternate_total_points, team_total, alternate_team_total, moneyline_h1, spread_h1, total_points_h1."
2026-10-07,401871066,False,2026-10-07T23:30:00Z,Florida International Panthers,New Mexico State Aggies,alternate_total_points,under,55.5,-350,betmgm,0.7184167511647804,-0.05936102661299736,"10 market(s) allowlisted for NCAAF: moneyline, spread, total_points, alternate_spread, alternate_total_points, team_total, alternate_team_total, moneyline_h1, spread_h1, total_points_h1."
2026-10-07,401871066,False,2026-10-07T23:30:00Z,Florida International Panthers,New Mexico State Aggies,alternate_total_points,under,37.5,230,betmgm,0.2815414679116699,-0.021488835118633143,"10 market(s) allowlisted for NCAAF: moneyline, spread, total_points, alternate_spread, alternate_total_points, team_total, alternate_team_total, moneyline_h1, spread_h1, total_points_h1."
2026-10-07,401871066,False,2026-10-07T23:30:00Z,Florida International Panthers,New Mexico State Aggies,alternate_total_points,under,56.5,-375,betmgm,0.7351983539545446,-0.054275330255981746,"10 market(s) allowlisted for NCAAF: moneyline, spread, total_points, alternate_spread, alternate_total_points, team_total, alternate_team_total, moneyline_h1, spread_h1, total_points_h1."
2026-10-07,401871066,False,2026-10-07T23:30:00Z,Florida International Panthers,New Mexico State Aggies,alternate_total_points,under,36.5,280,betmgm,0.24864928408370449,-0.014508610653137605,"10 market(s) allowlisted for NCAAF: moneyline, spread, total_points, alternate_spread, alternate_total_points, team_total, alternate_team_total, moneyline_h1, spread_h1, total_points_h1."
2026-10-07,401871066,False,2026-10-07T23:30:00Z,Florida International Panthers,New Mexico State Aggies,alternate_total_points,under,57.5,-450,betmgm,0.7551044706636266,-0.0630773475181916,"10 market(s) allowlisted for NCAAF: moneyline, spread, total_points, alternate_spread, alternate_total_points, team_total, alternate_team_total, moneyline_h1, spread_h1, total_points_h1."
2026-10-07,401871066,False,2026-10-07T23:30:00Z,Florida International Panthers,New Mexico State Aggies,alternate_total_points,under,35.5,310,betmgm,0.23589429926243555,-0.008008139761954691,"10 market(s) allowlisted for NCAAF: moneyline, spread, total_points, alternate_spread, alternate_total_points, team_total, alternate_team_total, moneyline_h1, spread_h1, total_points_h1."
2026-10-07,401871066,False,2026-10-07T23:30:00Z,Florida International Panthers,New Mexico State Aggies,alternate_total_points,under,58.5,-500,betmgm,0.774973484909856,-0.05835984842347741,"10 market(s) allowlisted for NCAAF: moneyline, spread, total_points, alternate_spread, alternate_total_points, team_total, alternate_team_total, moneyline_h1, spread_h1, total_points_h1."
2026-10-07,401871066,False,2026-10-07T23:30:00Z,Florida International Panthers,New Mexico State Aggies,alternate_total_points,under,34.5,350,betmgm,0.21625911557016922,-0.005963106652052991,"10 market(s) allowlisted for NCAAF: moneyline, spread, total_points, alternate_spread, alternate_total_points, team_total, alternate_team_total, moneyline_h1, spread_h1, total_points_h1."
2026-10-07,401871066,False,2026-10-07T23:30:00Z,Florida International Panthers,New Mexico State Aggies,alternate_total_points,under,59.5,-600,betmgm,0.7957549369999438,-0.06138792014291328,"10 market(s) allowlisted for NCAAF: moneyline, spread, total_points, alternate_spread, alternate_total_points, team_total, alternate_team_total, moneyline_h1, spread_h1, total_points_h1."
2026-10-07,401871066,False,2026-10-07T23:30:00Z,Florida International Panthers,New Mexico State Aggies,alternate_total_points,under,33.5,400,betmgm,0.19762480969141447,-0.0023751903085855453,"10 market(s) allowlisted for NCAAF: moneyline, spread, total_points, alternate_spread, alternate_total_points, team_total, alternate_team_total, moneyline_h1, spread_h1, total_points_h1."
2026-10-07,401871066,False,2026-10-07T23:30:00Z,Florida International Panthers,New Mexico State Aggies,alternate_total_points,under,60.5,-625,betmgm,0.8077664114220097,-0.05430255409523166,"10 market(s) allowlisted for NCAAF: moneyline, spread, total_points, alternate_spread, alternate_total_points, team_total, alternate_team_total, moneyline_h1, spread_h1, total_points_h1."
2026-10-07,401871066,False,2026-10-07T23:30:00Z,Florida International Panthers,New Mexico State Aggies,alternate_total_points,under,32.5,475,betmgm,0.17677835444435525,0.002865310966094381,"10 market(s) allowlisted for NCAAF: moneyline, spread, total_points, alternate_spread, alternate_total_points, team_total, alternate_team_total, moneyline_h1, spread_h1, total_points_h1."
2026-10-07,401871066,False,2026-10-07T23:30:00Z,Florida International Panthers,New Mexico State Aggies,alternate_total_points,under,46.5,-110,betmgm,0.5000000066841689,-0.02380951712535495,"10 market(s) allowlisted for NCAAF: moneyline, spread, total_points, alternate_spread, alternate_total_points, team_total, alternate_team_total, moneyline_h1, spread_h1, total_points_h1."
2026-10-07,401871066,False,2026-10-07T23:30:00Z,Florida International Panthers,New Mexico State Aggies,alternate_spread,home,-4.5,-150,bovada,0.5441889863762087,-0.05581101362379126,"10 market(s) allowlisted for NCAAF: moneyline, spread, total_points, alternate_spread, alternate_total_points, team_total, alternate_team_total, moneyline_h1, spread_h1, total_points_h1."
2026-10-07,401871066,False,2026-10-07T23:30:00Z,Florida International Panthers,New Mexico State Aggies,alternate_spread,home,-5.0,-150,bovada,0.5335918896142743,-0.0664081103857257,"10 market(s) allowlisted for NCAAF: moneyline, spread, total_points, alternate_spread, alternate_total_points, team_total, alternate_team_total, moneyline_h1, spread_h1, total_points_h1."
2026-10-07,401871066,False,2026-10-07T23:30:00Z,Florida International Panthers,New Mexico State Aggies,alternate_spread,home,-5.5,-135,bovada,0.5214683335274182,-0.05299975157896486,"10 market(s) allowlisted for NCAAF: moneyline, spread, total_points, alternate_spread, alternate_total_points, team_total, alternate_team_total, moneyline_h1, spread_h1, total_points_h1."
2026-10-07,401871066,False,2026-10-07T23:30:00Z,Florida International Panthers,New Mexico State Aggies,alternate_spread,home,-6.0,-130,bovada,0.5109696656578464,-0.05424772564650138,"10 market(s) allowlisted for NCAAF: moneyline, spread, total_points, alternate_spread, alternate_total_points, team_total, alternate_team_total, moneyline_h1, spread_h1, total_points_h1."
2026-10-07,401871066,False,2026-10-07T23:30:00Z,Florida International Panthers,New Mexico State Aggies,alternate_spread,home,-7.0,100,bovada,0.4734846588899917,-0.026515341110008306,"10 market(s) allowlisted for NCAAF: moneyline, spread, total_points, alternate_spread, alternate_total_points, team_total, alternate_team_total, moneyline_h1, spread_h1, total_points_h1."
2026-10-07,401871066,False,2026-10-07T23:30:00Z,Florida International Panthers,New Mexico State Aggies,alternate_spread,home,-7.5,115,bovada,0.4496399486548811,-0.01547633041488633,"10 market(s) allowlisted for NCAAF: moneyline, spread, total_points, alternate_spread, alternate_total_points, team_total, alternate_team_total, moneyline_h1, spread_h1, total_points_h1."
2026-10-07,401871066,False,2026-10-07T23:30:00Z,Florida International Panthers,New Mexico State Aggies,alternate_spread,home,-8.0,120,bovada,0.4324992602866522,-0.022046194258802332,"10 market(s) allowlisted for NCAAF: moneyline, spread, total_points, alternate_spread, alternate_total_points, team_total, alternate_team_total, moneyline_h1, spread_h1, total_points_h1."
2026-10-07,401871066,False,2026-10-07T23:30:00Z,Florida International Panthers,New Mexico State Aggies,alternate_spread,home,-8.5,120,bovada,0.41943613186886797,-0.03510932267658656,"10 market(s) allowlisted for NCAAF: moneyline, spread, total_points, alternate_spread, alternate_total_points, team_total, alternate_team_total, moneyline_h1, spread_h1, total_points_h1."
2026-10-07,401871066,False,2026-10-07T23:30:00Z,Florida International Panthers,New Mexico State Aggies,alternate_spread,away,4.5,115,bovada,0.4558110136237922,-0.009305265445975208,"10 market(s) allowlisted for NCAAF: moneyline, spread, total_points, alternate_spread, alternate_total_points, team_total, alternate_team_total, moneyline_h1, spread_h1, total_points_h1."
2026-10-07,401871066,False,2026-10-07T23:30:00Z,Florida International Panthers,New Mexico State Aggies,alternate_spread,away,5.0,115,bovada,0.4664081103857267,0.0012918313159592798,"10 market(s) allowlisted for NCAAF: moneyline, spread, total_points, alternate_spread, alternate_total_points, team_total, alternate_team_total, moneyline_h1, spread_h1, total_points_h1."
2026-10-07,401871066,False,2026-10-07T23:30:00Z,Florida International Panthers,New Mexico State Aggies,alternate_spread,away,5.5,105,bovada,0.4785316664725828,-0.009273211576197704,"10 market(s) allowlisted for NCAAF: moneyline, spread, total_points, alternate_spread, alternate_total_points, team_total, alternate_team_total, moneyline_h1, spread_h1, total_points_h1."
2026-10-07,401871066,False,2026-10-07T23:30:00Z,Florida International Panthers,New Mexico State Aggies,alternate_spread,away,6.0,100,bovada,0.4890303343421538,-0.010969665657846184,"10 market(s) allowlisted for NCAAF: moneyline, spread, total_points, alternate_spread, alternate_total_points, team_total, alternate_team_total, moneyline_h1, spread_h1, total_points_h1."
2026-10-07,401871066,False,2026-10-07T23:30:00Z,Florida International Panthers,New Mexico State Aggies,alternate_spread,away,7.0,-130,bovada,0.5265153411100086,-0.038702050194339144,"10 market(s) allowlisted for NCAAF: moneyline, spread, total_points, alternate_spread, alternate_total_points, team_total, alternate_team_total, moneyline_h1, spread_h1, total_points_h1."
2026-10-07,401871066,False,2026-10-07T23:30:00Z,Florida International Panthers,New Mexico State Aggies,alternate_spread,away,7.5,-150,bovada,0.5503600513451192,-0.04963994865488075,"10 market(s) allowlisted for NCAAF: moneyline, spread, total_points, alternate_spread, alternate_total_points, team_total, alternate_team_total, moneyline_h1, spread_h1, total_points_h1."
2026-10-07,401871066,False,2026-10-07T23:30:00Z,Florida International Panthers,New Mexico State Aggies,alternate_spread,away,8.0,-160,bovada,0.5675007397133481,-0.047883875671267284,"10 market(s) allowlisted for NCAAF: moneyline, spread, total_points, alternate_spread, alternate_total_points, team_total, alternate_team_total, moneyline_h1, spread_h1, total_points_h1."
2026-10-07,401871066,False,2026-10-07T23:30:00Z,Florida International Panthers,New Mexico State Aggies,alternate_spread,away,8.5,-160,bovada,0.5805638681311324,-0.03482074725348305,"10 market(s) allowlisted for NCAAF: moneyline, spread, total_points, alternate_spread, alternate_total_points, team_total, alternate_team_total, moneyline_h1, spread_h1, total_points_h1."
2026-10-07,401871066,False,2026-10-07T23:30:00Z,Florida International Panthers,New Mexico State Aggies,alternate_total_points,over,43.5,-150,bovada,0.5775193450609638,-0.02248065493903617,"10 market(s) allowlisted for NCAAF: moneyline, spread, total_points, alternate_spread, alternate_total_points, team_total, alternate_team_total, moneyline_h1, spread_h1, total_points_h1."
2026-10-07,401871066,False,2026-10-07T23:30:00Z,Florida International Panthers,New Mexico State Aggies,alternate_total_points,over,44.0,-145,bovada,0.5650411816730363,-0.026795553020841245,"10 market(s) allowlisted for NCAAF: moneyline, spread, total_points, alternate_spread, alternate_total_points, team_total, alternate_team_total, moneyline_h1, spread_h1, total_points_h1."
2026-10-07,401871066,False,2026-10-07T23:30:00Z,Florida International Panthers,New Mexico State Aggies,alternate_total_points,over,44.5,-130,bovada,0.5488311960634936,-0.016386195240854162,"10 market(s) allowlisted for NCAAF: moneyline, spread, total_points, alternate_spread, alternate_total_points, team_total, alternate_team_total, moneyline_h1, spread_h1, total_points_h1."
2026-10-07,401871066,False,2026-10-07T23:30:00Z,Florida International Panthers,New Mexico State Aggies,alternate_total_points,over,45.0,-125,bovada,0.534263322408383,-0.021292233147172546,"10 market(s) allowlisted for NCAAF: moneyline, spread, total_points, alternate_spread, alternate_total_points, team_total, alternate_team_total, moneyline_h1, spread_h1, total_points_h1."
2026-10-07,401871066,False,2026-10-07T23:30:00Z,Florida International Panthers,New Mexico State Aggies,alternate_total_points,over,46.0,-110,bovada,0.5089327796172572,-0.014876744192266589,"10 market(s) allowlisted for NCAAF: moneyline, spread, total_points, alternate_spread, alternate_total_points, team_total, alternate_team_total, moneyline_h1, spread_h1, total_points_h1."
2026-10-07,401871066,False,2026-10-07T23:30:00Z,Florida International Panthers,New Mexico State Aggies,alternate_total_points,over,46.5,-105,bovada,0.499999993315831,-0.012195128635388519,"10 market(s) allowlisted for NCAAF: moneyline, spread, total_points, alternate_spread, alternate_total_points, team_total, alternate_team_total, moneyline_h1, spread_h1, total_points_h1."
2026-10-07,401871066,False,2026-10-07T23:30:00Z,Florida International Panthers,New Mexico State Aggies,alternate_total_points,over,47.0,105,bovada,0.48522242862739645,-0.0025824494213840254,"10 market(s) allowlisted for NCAAF: moneyline, spread, total_points, alternate_spread, alternate_total_points, team_total, alternate_team_total, moneyline_h1, spread_h1, total_points_h1."
2026-10-07,401871066,False,2026-10-07T23:30:00Z,Florida International Panthers,New Mexico State Aggies,alternate_total_points,over,47.5,110,bovada,0.4712932945196273,-0.004897181670848849,"10 market(s) allowlisted for NCAAF: moneyline, spread, total_points, alternate_spread, alternate_total_points, team_total, alternate_team_total, moneyline_h1, spread_h1, total_points_h1."
2026-10-07,401871066,False,2026-10-07T23:30:00Z,Florida International Panthers,New Mexico State Aggies,alternate_total_points,under,43.5,115,bovada,0.4224806549390361,-0.04263562413073135,"10 market(s) allowlisted for NCAAF: moneyline, spread, total_points, alternate_spread, alternate_total_points, team_total, alternate_team_total, moneyline_h1, spread_h1, total_points_h1."
2026-10-07,401871066,False,2026-10-07T23:30:00Z,Florida International Panthers,New Mexico State Aggies,alternate_total_points,under,44.0,110,bovada,0.43495881832696354,-0.04123165786351263,"10 market(s) allowlisted for NCAAF: moneyline, spread, total_points, alternate_spread, alternate_total_points, team_total, alternate_team_total, moneyline_h1, spread_h1, total_points_h1."
2026-10-07,401871066,False,2026-10-07T23:30:00Z,Florida International Panthers,New Mexico State Aggies,alternate_total_points,under,44.5,100,bovada,0.45116880393650616,-0.04883119606349384,"10 market(s) allowlisted for NCAAF: moneyline, spread, total_points, alternate_spread, alternate_total_points, team_total, alternate_team_total, moneyline_h1, spread_h1, total_points_h1."
2026-10-07,401871066,False,2026-10-07T23:30:00Z,Florida International Panthers,New Mexico State Aggies,alternate_total_points,under,45.0,-105,bovada,0.4657366775916169,-0.04645844435960261,"10 market(s) allowlisted for NCAAF: moneyline, spread, total_points, alternate_spread, alternate_total_points, team_total, alternate_team_total, moneyline_h1, spread_h1, total_points_h1."
2026-10-07,401871066,False,2026-10-07T23:30:00Z,Florida International Panthers,New Mexico State Aggies,alternate_total_points,under,46.0,-120,bovada,0.49106722038274264,-0.05438732507180277,"10 market(s) allowlisted for NCAAF: moneyline, spread, total_points, alternate_spread, alternate_total_points, team_total, alternate_team_total, moneyline_h1, spread_h1, total_points_h1."
2026-10-07,401871066,False,2026-10-07T23:30:00Z,Florida International Panthers,New Mexico State Aggies,alternate_total_points,under,46.5,-125,bovada,0.5000000066841689,-0.055555548871386695,"10 market(s) allowlisted for NCAAF: moneyline, spread, total_points, alternate_spread, alternate_total_points, team_total, alternate_team_total, moneyline_h1, spread_h1, total_points_h1."
2026-10-07,401871066,False,2026-10-07T23:30:00Z,Florida International Panthers,New Mexico State Aggies,alternate_total_points,under,47.0,-135,bovada,0.5147775713726035,-0.05969051373377954,"10 market(s) allowlisted for NCAAF: moneyline, spread, total_points, alternate_spread, alternate_total_points, team_total, alternate_team_total, moneyline_h1, spread_h1, total_points_h1."
2026-10-07,401871066,False,2026-10-07T23:30:00Z,Florida International Panthers,New Mexico State Aggies,alternate_total_points,under,47.5,-145,bovada,0.5287067054803726,-0.06313002921350497,"10 market(s) allowlisted for NCAAF: moneyline, spread, total_points, alternate_spread, alternate_total_points, team_total, alternate_team_total, moneyline_h1, spread_h1, total_points_h1."
