snapshot_date,game_id,flipped,commence_time,home_team,away_team,market,selection,line,american_odds,book,model_probability,edge,gates_in_force
2026-10-01,401871049,False,2026-10-02T00:00:00Z,New Mexico State Aggies,Western Kentucky Hilltoppers,moneyline,home,,-125,fanduel,0.53648516060898,-0.019070394946575586,"10 market(s) allowlisted for NCAAF: moneyline, spread, total_points, alternate_spread, alternate_total_points, team_total, alternate_team_total, moneyline_h1, spread_h1, total_points_h1."
2026-10-01,401871049,False,2026-10-02T00:00:00Z,New Mexico State Aggies,Western Kentucky Hilltoppers,moneyline,away,,104,fanduel,0.4635148393910201,-0.02668123904035241,"10 market(s) allowlisted for NCAAF: moneyline, spread, total_points, alternate_spread, alternate_total_points, team_total, alternate_team_total, moneyline_h1, spread_h1, total_points_h1."
2026-10-01,401871049,False,2026-10-02T00:00:00Z,New Mexico State Aggies,Western Kentucky Hilltoppers,spread,home,-2.5,-106,fanduel,0.499999984075587,-0.014563122720529509,"10 market(s) allowlisted for NCAAF: moneyline, spread, total_points, alternate_spread, alternate_total_points, team_total, alternate_team_total, moneyline_h1, spread_h1, total_points_h1."
2026-10-01,401871049,False,2026-10-02T00:00:00Z,New Mexico State Aggies,Western Kentucky Hilltoppers,spread,away,2.5,-114,fanduel,0.5000000159244132,-0.03271026444941849,"10 market(s) allowlisted for NCAAF: moneyline, spread, total_points, alternate_spread, alternate_total_points, team_total, alternate_team_total, moneyline_h1, spread_h1, total_points_h1."
2026-10-01,401871049,False,2026-10-02T00:00:00Z,New Mexico State Aggies,Western Kentucky Hilltoppers,total_points,over,56.5,-106,fanduel,0.5000000162113298,-0.014563090584786664,"10 market(s) allowlisted for NCAAF: moneyline, spread, total_points, alternate_spread, alternate_total_points, team_total, alternate_team_total, moneyline_h1, spread_h1, total_points_h1."
2026-10-01,401871049,False,2026-10-02T00:00:00Z,New Mexico State Aggies,Western Kentucky Hilltoppers,total_points,under,56.5,-114,fanduel,0.49999998378867,-0.032710296585161724,"10 market(s) allowlisted for NCAAF: moneyline, spread, total_points, alternate_spread, alternate_total_points, team_total, alternate_team_total, moneyline_h1, spread_h1, total_points_h1."
2026-10-01,401871049,False,2026-10-02T00:00:00Z,New Mexico State Aggies,Western Kentucky Hilltoppers,moneyline,home,,-137,betrivers,0.53648516060898,-0.04157391112097786,"10 market(s) allowlisted for NCAAF: moneyline, spread, total_points, alternate_spread, alternate_total_points, team_total, alternate_team_total, moneyline_h1, spread_h1, total_points_h1."
2026-10-01,401871049,False,2026-10-02T00:00:00Z,New Mexico State Aggies,Western Kentucky Hilltoppers,moneyline,away,,110,betrivers,0.4635148393910201,-0.012675636799456047,"10 market(s) allowlisted for NCAAF: moneyline, spread, total_points, alternate_spread, alternate_total_points, team_total, alternate_team_total, moneyline_h1, spread_h1, total_points_h1."
2026-10-01,401871049,False,2026-10-02T00:00:00Z,New Mexico State Aggies,Western Kentucky Hilltoppers,spread,home,-2.5,-109,betrivers,0.499999984075587,-0.021531116402881856,"10 market(s) allowlisted for NCAAF: moneyline, spread, total_points, alternate_spread, alternate_total_points, team_total, alternate_team_total, moneyline_h1, spread_h1, total_points_h1."
2026-10-01,401871049,False,2026-10-02T00:00:00Z,New Mexico State Aggies,Western Kentucky Hilltoppers,spread,away,2.5,-114,betrivers,0.5000000159244132,-0.03271026444941849,"10 market(s) allowlisted for NCAAF: moneyline, spread, total_points, alternate_spread, alternate_total_points, team_total, alternate_team_total, moneyline_h1, spread_h1, total_points_h1."
2026-10-01,401871049,False,2026-10-02T00:00:00Z,New Mexico State Aggies,Western Kentucky Hilltoppers,total_points,over,56.5,-113,betrivers,0.5000000162113298,-0.03051641571355279,"10 market(s) allowlisted for NCAAF: moneyline, spread, total_points, alternate_spread, alternate_total_points, team_total, alternate_team_total, moneyline_h1, spread_h1, total_points_h1."
2026-10-01,401871049,False,2026-10-02T00:00:00Z,New Mexico State Aggies,Western Kentucky Hilltoppers,total_points,under,56.5,-110,betrivers,0.49999998378867,-0.023809540020853837,"10 market(s) allowlisted for NCAAF: moneyline, spread, total_points, alternate_spread, alternate_total_points, team_total, alternate_team_total, moneyline_h1, spread_h1, total_points_h1."
2026-10-01,401871049,False,2026-10-02T00:00:00Z,New Mexico State Aggies,Western Kentucky Hilltoppers,moneyline,home,,-135,draftkings,0.53648516060898,-0.03798292449740304,"10 market(s) allowlisted for NCAAF: moneyline, spread, total_points, alternate_spread, alternate_total_points, team_total, alternate_team_total, moneyline_h1, spread_h1, total_points_h1."
2026-10-01,401871049,False,2026-10-02T00:00:00Z,New Mexico State Aggies,Western Kentucky Hilltoppers,moneyline,away,,114,draftkings,0.4635148393910201,-0.0037748802351481037,"10 market(s) allowlisted for NCAAF: moneyline, spread, total_points, alternate_spread, alternate_total_points, team_total, alternate_team_total, moneyline_h1, spread_h1, total_points_h1."
2026-10-01,401871049,False,2026-10-02T00:00:00Z,New Mexico State Aggies,Western Kentucky Hilltoppers,spread,home,-2.5,-108,draftkings,0.499999984075587,-0.019230785155182284,"10 market(s) allowlisted for NCAAF: moneyline, spread, total_points, alternate_spread, alternate_total_points, team_total, alternate_team_total, moneyline_h1, spread_h1, total_points_h1."
2026-10-01,401871049,False,2026-10-02T00:00:00Z,New Mexico State Aggies,Western Kentucky Hilltoppers,spread,away,2.5,-112,draftkings,0.5000000159244132,-0.02830187086803959,"10 market(s) allowlisted for NCAAF: moneyline, spread, total_points, alternate_spread, alternate_total_points, team_total, alternate_team_total, moneyline_h1, spread_h1, total_points_h1."
2026-10-01,401871049,False,2026-10-02T00:00:00Z,New Mexico State Aggies,Western Kentucky Hilltoppers,total_points,over,56.5,-110,draftkings,0.5000000162113298,-0.023809507598194002,"10 market(s) allowlisted for NCAAF: moneyline, spread, total_points, alternate_spread, alternate_total_points, team_total, alternate_team_total, moneyline_h1, spread_h1, total_points_h1."
2026-10-01,401871049,False,2026-10-02T00:00:00Z,New Mexico State Aggies,Western Kentucky Hilltoppers,total_points,under,56.5,-110,draftkings,0.49999998378867,-0.023809540020853837,"10 market(s) allowlisted for NCAAF: moneyline, spread, total_points, alternate_spread, alternate_total_points, team_total, alternate_team_total, moneyline_h1, spread_h1, total_points_h1."
2026-10-01,401871049,False,2026-10-02T00:00:00Z,New Mexico State Aggies,Western Kentucky Hilltoppers,moneyline,home,,-131,betonlineag,0.53648516060898,-0.03061440649058711,"10 market(s) allowlisted for NCAAF: moneyline, spread, total_points, alternate_spread, alternate_total_points, team_total, alternate_team_total, moneyline_h1, spread_h1, total_points_h1."
2026-10-01,401871049,False,2026-10-02T00:00:00Z,New Mexico State Aggies,Western Kentucky Hilltoppers,moneyline,away,,111,betonlineag,0.4635148393910201,-0.010418809898079417,"10 market(s) allowlisted for NCAAF: moneyline, spread, total_points, alternate_spread, alternate_total_points, team_total, alternate_team_total, moneyline_h1, spread_h1, total_points_h1."
2026-10-01,401871049,False,2026-10-02T00:00:00Z,New Mexico State Aggies,Western Kentucky Hilltoppers,spread,home,-2.5,-105,betonlineag,0.499999984075587,-0.012195137875632533,"10 market(s) allowlisted for NCAAF: moneyline, spread, total_points, alternate_spread, alternate_total_points, team_total, alternate_team_total, moneyline_h1, spread_h1, total_points_h1."
2026-10-01,401871049,False,2026-10-02T00:00:00Z,New Mexico State Aggies,Western Kentucky Hilltoppers,spread,away,2.5,-115,betonlineag,0.5000000159244132,-0.03488370500581928,"10 market(s) allowlisted for NCAAF: moneyline, spread, total_points, alternate_spread, alternate_total_points, team_total, alternate_team_total, moneyline_h1, spread_h1, total_points_h1."
2026-10-01,401871049,False,2026-10-02T00:00:00Z,New Mexico State Aggies,Western Kentucky Hilltoppers,total_points,over,57.0,-105,betonlineag,0.49068535241892824,-0.02150976953229128,"10 market(s) allowlisted for NCAAF: moneyline, spread, total_points, alternate_spread, alternate_total_points, team_total, alternate_team_total, moneyline_h1, spread_h1, total_points_h1."
2026-10-01,401871049,False,2026-10-02T00:00:00Z,New Mexico State Aggies,Western Kentucky Hilltoppers,total_points,under,57.0,-115,betonlineag,0.5093146475810716,-0.02556907334916092,"10 market(s) allowlisted for NCAAF: moneyline, spread, total_points, alternate_spread, alternate_total_points, team_total, alternate_team_total, moneyline_h1, spread_h1, total_points_h1."
2026-10-01,401871049,False,2026-10-02T00:00:00Z,New Mexico State Aggies,Western Kentucky Hilltoppers,moneyline,home,,-131,lowvig,0.53648516060898,-0.03061440649058711,"10 market(s) allowlisted for NCAAF: moneyline, spread, total_points, alternate_spread, alternate_total_points, team_total, alternate_team_total, moneyline_h1, spread_h1, total_points_h1."
2026-10-01,401871049,False,2026-10-02T00:00:00Z,New Mexico State Aggies,Western Kentucky Hilltoppers,moneyline,away,,111,lowvig,0.4635148393910201,-0.010418809898079417,"10 market(s) allowlisted for NCAAF: moneyline, spread, total_points, alternate_spread, alternate_total_points, team_total, alternate_team_total, moneyline_h1, spread_h1, total_points_h1."
2026-10-01,401871049,False,2026-10-02T00:00:00Z,New Mexico State Aggies,Western Kentucky Hilltoppers,spread,home,-2.5,-101,lowvig,0.499999984075587,-0.002487578113467781,"10 market(s) allowlisted for NCAAF: moneyline, spread, total_points, alternate_spread, alternate_total_points, team_total, alternate_team_total, moneyline_h1, spread_h1, total_points_h1."
2026-10-01,401871049,False,2026-10-02T00:00:00Z,New Mexico State Aggies,Western Kentucky Hilltoppers,spread,away,2.5,-111,lowvig,0.5000000159244132,-0.026066334786487233,"10 market(s) allowlisted for NCAAF: moneyline, spread, total_points, alternate_spread, alternate_total_points, team_total, alternate_team_total, moneyline_h1, spread_h1, total_points_h1."
2026-10-01,401871049,False,2026-10-02T00:00:00Z,New Mexico State Aggies,Western Kentucky Hilltoppers,total_points,over,57.0,-103,lowvig,0.49068535241892824,-0.016703810142648157,"10 market(s) allowlisted for NCAAF: moneyline, spread, total_points, alternate_spread, alternate_total_points, team_total, alternate_team_total, moneyline_h1, spread_h1, total_points_h1."
2026-10-01,401871049,False,2026-10-02T00:00:00Z,New Mexico State Aggies,Western Kentucky Hilltoppers,total_points,under,57.0,-114,lowvig,0.5093146475810716,-0.023395632792760135,"10 market(s) allowlisted for NCAAF: moneyline, spread, total_points, alternate_spread, alternate_total_points, team_total, alternate_team_total, moneyline_h1, spread_h1, total_points_h1."
2026-10-01,401871049,False,2026-10-02T00:00:00Z,New Mexico State Aggies,Western Kentucky Hilltoppers,moneyline,home,,-130,fanatics,0.53648516060898,-0.02873223069536779,"10 market(s) allowlisted for NCAAF: moneyline, spread, total_points, alternate_spread, alternate_total_points, team_total, alternate_team_total, moneyline_h1, spread_h1, total_points_h1."
2026-10-01,401871049,False,2026-10-02T00:00:00Z,New Mexico State Aggies,Western Kentucky Hilltoppers,moneyline,away,,110,fanatics,0.4635148393910201,-0.012675636799456047,"10 market(s) allowlisted for NCAAF: moneyline, spread, total_points, alternate_spread, alternate_total_points, team_total, alternate_team_total, moneyline_h1, spread_h1, total_points_h1."
2026-10-01,401871049,False,2026-10-02T00:00:00Z,New Mexico State Aggies,Western Kentucky Hilltoppers,spread,home,-2.0,-110,fanatics,0.5089796541687548,-0.014829869640769044,"10 market(s) allowlisted for NCAAF: moneyline, spread, total_points, alternate_spread, alternate_total_points, team_total, alternate_team_total, moneyline_h1, spread_h1, total_points_h1."
2026-10-01,401871049,False,2026-10-02T00:00:00Z,New Mexico State Aggies,Western Kentucky Hilltoppers,spread,away,2.0,-110,fanatics,0.4910203458312455,-0.03278917797827835,"10 market(s) allowlisted for NCAAF: moneyline, spread, total_points, alternate_spread, alternate_total_points, team_total, alternate_team_total, moneyline_h1, spread_h1, total_points_h1."
2026-10-01,401871049,False,2026-10-02T00:00:00Z,New Mexico State Aggies,Western Kentucky Hilltoppers,total_points,over,56.5,-110,fanatics,0.5000000162113298,-0.023809507598194002,"10 market(s) allowlisted for NCAAF: moneyline, spread, total_points, alternate_spread, alternate_total_points, team_total, alternate_team_total, moneyline_h1, spread_h1, total_points_h1."
2026-10-01,401871049,False,2026-10-02T00:00:00Z,New Mexico State Aggies,Western Kentucky Hilltoppers,total_points,under,56.5,-110,fanatics,0.49999998378867,-0.023809540020853837,"10 market(s) allowlisted for NCAAF: moneyline, spread, total_points, alternate_spread, alternate_total_points, team_total, alternate_team_total, moneyline_h1, spread_h1, total_points_h1."
2026-10-01,401871049,False,2026-10-02T00:00:00Z,New Mexico State Aggies,Western Kentucky Hilltoppers,moneyline,home,,-130,williamhill_us,0.53648516060898,-0.02873223069536779,"10 market(s) allowlisted for NCAAF: moneyline, spread, total_points, alternate_spread, alternate_total_points, team_total, alternate_team_total, moneyline_h1, spread_h1, total_points_h1."
2026-10-01,401871049,False,2026-10-02T00:00:00Z,New Mexico State Aggies,Western Kentucky Hilltoppers,moneyline,away,,110,williamhill_us,0.4635148393910201,-0.012675636799456047,"10 market(s) allowlisted for NCAAF: moneyline, spread, total_points, alternate_spread, alternate_total_points, team_total, alternate_team_total, moneyline_h1, spread_h1, total_points_h1."
2026-10-01,401871049,False,2026-10-02T00:00:00Z,New Mexico State Aggies,Western Kentucky Hilltoppers,spread,home,-2.5,-108,williamhill_us,0.499999984075587,-0.019230785155182284,"10 market(s) allowlisted for NCAAF: moneyline, spread, total_points, alternate_spread, alternate_total_points, team_total, alternate_team_total, moneyline_h1, spread_h1, total_points_h1."
2026-10-01,401871049,False,2026-10-02T00:00:00Z,New Mexico State Aggies,Western Kentucky Hilltoppers,spread,away,2.5,-112,williamhill_us,0.5000000159244132,-0.02830187086803959,"10 market(s) allowlisted for NCAAF: moneyline, spread, total_points, alternate_spread, alternate_total_points, team_total, alternate_team_total, moneyline_h1, spread_h1, total_points_h1."
2026-10-01,401871049,False,2026-10-02T00:00:00Z,New Mexico State Aggies,Western Kentucky Hilltoppers,total_points,over,56.5,-115,williamhill_us,0.5000000162113298,-0.034883704718902675,"10 market(s) allowlisted for NCAAF: moneyline, spread, total_points, alternate_spread, alternate_total_points, team_total, alternate_team_total, moneyline_h1, spread_h1, total_points_h1."
2026-10-01,401871049,False,2026-10-02T00:00:00Z,New Mexico State Aggies,Western Kentucky Hilltoppers,total_points,under,56.5,-105,williamhill_us,0.49999998378867,-0.012195138162549524,"10 market(s) allowlisted for NCAAF: moneyline, spread, total_points, alternate_spread, alternate_total_points, team_total, alternate_team_total, moneyline_h1, spread_h1, total_points_h1."
2026-10-01,401871049,False,2026-10-02T00:00:00Z,New Mexico State Aggies,Western Kentucky Hilltoppers,moneyline,home,,-130,betmgm,0.53648516060898,-0.02873223069536779,"10 market(s) allowlisted for NCAAF: moneyline, spread, total_points, alternate_spread, alternate_total_points, team_total, alternate_team_total, moneyline_h1, spread_h1, total_points_h1."
2026-10-01,401871049,False,2026-10-02T00:00:00Z,New Mexico State Aggies,Western Kentucky Hilltoppers,moneyline,away,,110,betmgm,0.4635148393910201,-0.012675636799456047,"10 market(s) allowlisted for NCAAF: moneyline, spread, total_points, alternate_spread, alternate_total_points, team_total, alternate_team_total, moneyline_h1, spread_h1, total_points_h1."
2026-10-01,401871049,False,2026-10-02T00:00:00Z,New Mexico State Aggies,Western Kentucky Hilltoppers,spread,home,-2.0,-110,betmgm,0.5089796541687548,-0.014829869640769044,"10 market(s) allowlisted for NCAAF: moneyline, spread, total_points, alternate_spread, alternate_total_points, team_total, alternate_team_total, moneyline_h1, spread_h1, total_points_h1."
2026-10-01,401871049,False,2026-10-02T00:00:00Z,New Mexico State Aggies,Western Kentucky Hilltoppers,spread,away,2.0,-108,betmgm,0.4910203458312455,-0.028210423399523787,"10 market(s) allowlisted for NCAAF: moneyline, spread, total_points, alternate_spread, alternate_total_points, team_total, alternate_team_total, moneyline_h1, spread_h1, total_points_h1."
2026-10-01,401871049,False,2026-10-02T00:00:00Z,New Mexico State Aggies,Western Kentucky Hilltoppers,total_points,over,56.5,-108,betmgm,0.5000000162113298,-0.01923075301943944,"10 market(s) allowlisted for NCAAF: moneyline, spread, total_points, alternate_spread, alternate_total_points, team_total, alternate_team_total, moneyline_h1, spread_h1, total_points_h1."
2026-10-01,401871049,False,2026-10-02T00:00:00Z,New Mexico State Aggies,Western Kentucky Hilltoppers,total_points,under,56.5,-112,betmgm,0.49999998378867,-0.028301903003782825,"10 market(s) allowlisted for NCAAF: moneyline, spread, total_points, alternate_spread, alternate_total_points, team_total, alternate_team_total, moneyline_h1, spread_h1, total_points_h1."
2026-10-01,401871049,False,2026-10-02T00:00:00Z,New Mexico State Aggies,Western Kentucky Hilltoppers,moneyline,home,,-130,mybookieag,0.53648516060898,-0.02873223069536779,"10 market(s) allowlisted for NCAAF: moneyline, spread, total_points, alternate_spread, alternate_total_points, team_total, alternate_team_total, moneyline_h1, spread_h1, total_points_h1."
2026-10-01,401871049,False,2026-10-02T00:00:00Z,New Mexico State Aggies,Western Kentucky Hilltoppers,moneyline,away,,106,mybookieag,0.4635148393910201,-0.021922053812863385,"10 market(s) allowlisted for NCAAF: moneyline, spread, total_points, alternate_spread, alternate_total_points, team_total, alternate_team_total, moneyline_h1, spread_h1, total_points_h1."
2026-10-01,401871049,False,2026-10-02T00:00:00Z,New Mexico State Aggies,Western Kentucky Hilltoppers,spread,home,-2.0,-110,mybookieag,0.5089796541687548,-0.014829869640769044,"10 market(s) allowlisted for NCAAF: moneyline, spread, total_points, alternate_spread, alternate_total_points, team_total, alternate_team_total, moneyline_h1, spread_h1, total_points_h1."
2026-10-01,401871049,False,2026-10-02T00:00:00Z,New Mexico State Aggies,Western Kentucky Hilltoppers,spread,away,2.0,-110,mybookieag,0.4910203458312455,-0.03278917797827835,"10 market(s) allowlisted for NCAAF: moneyline, spread, total_points, alternate_spread, alternate_total_points, team_total, alternate_team_total, moneyline_h1, spread_h1, total_points_h1."
2026-10-01,401871049,False,2026-10-02T00:00:00Z,New Mexico State Aggies,Western Kentucky Hilltoppers,total_points,over,56.5,-110,mybookieag,0.5000000162113298,-0.023809507598194002,"10 market(s) allowlisted for NCAAF: moneyline, spread, total_points, alternate_spread, alternate_total_points, team_total, alternate_team_total, moneyline_h1, spread_h1, total_points_h1."
2026-10-01,401871049,False,2026-10-02T00:00:00Z,New Mexico State Aggies,Western Kentucky Hilltoppers,total_points,under,56.5,-110,mybookieag,0.49999998378867,-0.023809540020853837,"10 market(s) allowlisted for NCAAF: moneyline, spread, total_points, alternate_spread, alternate_total_points, team_total, alternate_team_total, moneyline_h1, spread_h1, total_points_h1."
2026-10-01,401871049,False,2026-10-02T00:00:00Z,New Mexico State Aggies,Western Kentucky Hilltoppers,moneyline,home,,-130,betus,0.53648516060898,-0.02873223069536779,"10 market(s) allowlisted for NCAAF: moneyline, spread, total_points, alternate_spread, alternate_total_points, team_total, alternate_team_total, moneyline_h1, spread_h1, total_points_h1."
2026-10-01,401871049,False,2026-10-02T00:00:00Z,New Mexico State Aggies,Western Kentucky Hilltoppers,moneyline,away,,110,betus,0.4635148393910201,-0.012675636799456047,"10 market(s) allowlisted for NCAAF: moneyline, spread, total_points, alternate_spread, alternate_total_points, team_total, alternate_team_total, moneyline_h1, spread_h1, total_points_h1."
2026-10-01,401871049,False,2026-10-02T00:00:00Z,New Mexico State Aggies,Western Kentucky Hilltoppers,spread,home,-2.0,-110,betus,0.5089796541687548,-0.014829869640769044,"10 market(s) allowlisted for NCAAF: moneyline, spread, total_points, alternate_spread, alternate_total_points, team_total, alternate_team_total, moneyline_h1, spread_h1, total_points_h1."
2026-10-01,401871049,False,2026-10-02T00:00:00Z,New Mexico State Aggies,Western Kentucky Hilltoppers,spread,away,2.0,-110,betus,0.4910203458312455,-0.03278917797827835,"10 market(s) allowlisted for NCAAF: moneyline, spread, total_points, alternate_spread, alternate_total_points, team_total, alternate_team_total, moneyline_h1, spread_h1, total_points_h1."
2026-10-01,401871049,False,2026-10-02T00:00:00Z,New Mexico State Aggies,Western Kentucky Hilltoppers,total_points,over,57.0,-105,betus,0.49068535241892824,-0.02150976953229128,"10 market(s) allowlisted for NCAAF: moneyline, spread, total_points, alternate_spread, alternate_total_points, team_total, alternate_team_total, moneyline_h1, spread_h1, total_points_h1."
2026-10-01,401871049,False,2026-10-02T00:00:00Z,New Mexico State Aggies,Western Kentucky Hilltoppers,total_points,under,57.0,-115,betus,0.5093146475810716,-0.02556907334916092,"10 market(s) allowlisted for NCAAF: moneyline, spread, total_points, alternate_spread, alternate_total_points, team_total, alternate_team_total, moneyline_h1, spread_h1, total_points_h1."
2026-10-01,401871049,False,2026-10-02T00:00:00Z,New Mexico State Aggies,Western Kentucky Hilltoppers,moneyline,home,,-135,bovada,0.53648516060898,-0.03798292449740304,"10 market(s) allowlisted for NCAAF: moneyline, spread, total_points, alternate_spread, alternate_total_points, team_total, alternate_team_total, moneyline_h1, spread_h1, total_points_h1."
2026-10-01,401871049,False,2026-10-02T00:00:00Z,New Mexico State Aggies,Western Kentucky Hilltoppers,moneyline,away,,115,bovada,0.4635148393910201,-0.0016014396787473184,"10 market(s) allowlisted for NCAAF: moneyline, spread, total_points, alternate_spread, alternate_total_points, team_total, alternate_team_total, moneyline_h1, spread_h1, total_points_h1."
2026-10-01,401871049,False,2026-10-02T00:00:00Z,New Mexico State Aggies,Western Kentucky Hilltoppers,spread,home,-2.5,-115,bovada,0.499999984075587,-0.03488373685464552,"10 market(s) allowlisted for NCAAF: moneyline, spread, total_points, alternate_spread, alternate_total_points, team_total, alternate_team_total, moneyline_h1, spread_h1, total_points_h1."
2026-10-01,401871049,False,2026-10-02T00:00:00Z,New Mexico State Aggies,Western Kentucky Hilltoppers,spread,away,2.5,-105,bovada,0.5000000159244132,-0.01219510602680629,"10 market(s) allowlisted for NCAAF: moneyline, spread, total_points, alternate_spread, alternate_total_points, team_total, alternate_team_total, moneyline_h1, spread_h1, total_points_h1."
2026-10-01,401871049,False,2026-10-02T00:00:00Z,New Mexico State Aggies,Western Kentucky Hilltoppers,total_points,over,56.5,-110,bovada,0.5000000162113298,-0.023809507598194002,"10 market(s) allowlisted for NCAAF: moneyline, spread, total_points, alternate_spread, alternate_total_points, team_total, alternate_team_total, moneyline_h1, spread_h1, total_points_h1."
2026-10-01,401871049,False,2026-10-02T00:00:00Z,New Mexico State Aggies,Western Kentucky Hilltoppers,total_points,under,56.5,-110,bovada,0.49999998378867,-0.023809540020853837,"10 market(s) allowlisted for NCAAF: moneyline, spread, total_points, alternate_spread, alternate_total_points, team_total, alternate_team_total, moneyline_h1, spread_h1, total_points_h1."
2026-10-01,401862786,False,2026-10-02T01:00:00Z,Tulsa Golden Hurricane,North Texas Mean Green,moneyline,away,,-118,fanduel,0.526011603457508,-0.015272800212216775,"10 market(s) allowlisted for NCAAF: moneyline, spread, total_points, alternate_spread, alternate_total_points, team_total, alternate_team_total, moneyline_h1, spread_h1, total_points_h1."
2026-10-01,401862786,False,2026-10-02T01:00:00Z,Tulsa Golden Hurricane,North Texas Mean Green,moneyline,home,,-102,fanduel,0.47398839654249186,-0.03096209850701309,"10 market(s) allowlisted for NCAAF: moneyline, spread, total_points, alternate_spread, alternate_total_points, team_total, alternate_team_total, moneyline_h1, spread_h1, total_points_h1."
2026-10-01,401862786,False,2026-10-02T01:00:00Z,Tulsa Golden Hurricane,North Texas Mean Green,spread,away,-1.5,-110,fanduel,0.5000000161372509,-0.023809507672272967,"10 market(s) allowlisted for NCAAF: moneyline, spread, total_points, alternate_spread, alternate_total_points, team_total, alternate_team_total, moneyline_h1, spread_h1, total_points_h1."
2026-10-01,401862786,False,2026-10-02T01:00:00Z,Tulsa Golden Hurricane,North Texas Mean Green,spread,home,1.5,-110,fanduel,0.499999983862749,-0.023809539946774816,"10 market(s) allowlisted for NCAAF: moneyline, spread, total_points, alternate_spread, alternate_total_points, team_total, alternate_team_total, moneyline_h1, spread_h1, total_points_h1."
2026-10-01,401862786,False,2026-10-02T01:00:00Z,Tulsa Golden Hurricane,North Texas Mean Green,total_points,over,56.5,-118,fanduel,0.5000000162113298,-0.04128438745839491,"10 market(s) allowlisted for NCAAF: moneyline, spread, total_points, alternate_spread, alternate_total_points, team_total, alternate_team_total, moneyline_h1, spread_h1, total_points_h1."
2026-10-01,401862786,False,2026-10-02T01:00:00Z,Tulsa Golden Hurricane,North Texas Mean Green,total_points,under,56.5,-104,fanduel,0.49999998378867,-0.009803937779957417,"10 market(s) allowlisted for NCAAF: moneyline, spread, total_points, alternate_spread, alternate_total_points, team_total, alternate_team_total, moneyline_h1, spread_h1, total_points_h1."
2026-10-01,401862786,False,2026-10-02T01:00:00Z,Tulsa Golden Hurricane,North Texas Mean Green,moneyline,away,,-130,betrivers,0.526011603457508,-0.03920578784683981,"10 market(s) allowlisted for NCAAF: moneyline, spread, total_points, alternate_spread, alternate_total_points, team_total, alternate_team_total, moneyline_h1, spread_h1, total_points_h1."
2026-10-01,401862786,False,2026-10-02T01:00:00Z,Tulsa Golden Hurricane,North Texas Mean Green,moneyline,home,,105,betrivers,0.47398839654249186,-0.013816481506288614,"10 market(s) allowlisted for NCAAF: moneyline, spread, total_points, alternate_spread, alternate_total_points, team_total, alternate_team_total, moneyline_h1, spread_h1, total_points_h1."
2026-10-01,401862786,False,2026-10-02T01:00:00Z,Tulsa Golden Hurricane,North Texas Mean Green,spread,away,-2.0,-114,betrivers,0.4817411512767495,-0.05096912909708223,"10 market(s) allowlisted for NCAAF: moneyline, spread, total_points, alternate_spread, alternate_total_points, team_total, alternate_team_total, moneyline_h1, spread_h1, total_points_h1."
2026-10-01,401862786,False,2026-10-02T01:00:00Z,Tulsa Golden Hurricane,North Texas Mean Green,spread,home,2.0,-115,betrivers,0.5182588487232502,-0.016624872206982277,"10 market(s) allowlisted for NCAAF: moneyline, spread, total_points, alternate_spread, alternate_total_points, team_total, alternate_team_total, moneyline_h1, spread_h1, total_points_h1."
2026-10-01,401862786,False,2026-10-02T01:00:00Z,Tulsa Golden Hurricane,North Texas Mean Green,total_points,over,57.5,-108,betrivers,0.4817113927903454,-0.03751937644042386,"10 market(s) allowlisted for NCAAF: moneyline, spread, total_points, alternate_spread, alternate_total_points, team_total, alternate_team_total, moneyline_h1, spread_h1, total_points_h1."
2026-10-01,401862786,False,2026-10-02T01:00:00Z,Tulsa Golden Hurricane,North Texas Mean Green,total_points,under,57.5,-114,betrivers,0.5182886072096544,-0.014421673164177307,"10 market(s) allowlisted for NCAAF: moneyline, spread, total_points, alternate_spread, alternate_total_points, team_total, alternate_team_total, moneyline_h1, spread_h1, total_points_h1."
2026-10-01,401862786,False,2026-10-02T01:00:00Z,Tulsa Golden Hurricane,North Texas Mean Green,moneyline,away,,-122,draftkings,0.526011603457508,-0.02353794609204163,"10 market(s) allowlisted for NCAAF: moneyline, spread, total_points, alternate_spread, alternate_total_points, team_total, alternate_team_total, moneyline_h1, spread_h1, total_points_h1."
2026-10-01,401862786,False,2026-10-02T01:00:00Z,Tulsa Golden Hurricane,North Texas Mean Green,moneyline,home,,102,draftkings,0.47398839654249186,-0.021061108408003182,"10 market(s) allowlisted for NCAAF: moneyline, spread, total_points, alternate_spread, alternate_total_points, team_total, alternate_team_total, moneyline_h1, spread_h1, total_points_h1."
2026-10-01,401862786,False,2026-10-02T01:00:00Z,Tulsa Golden Hurricane,North Texas Mean Green,spread,away,-1.5,-110,draftkings,0.5000000161372509,-0.023809507672272967,"10 market(s) allowlisted for NCAAF: moneyline, spread, total_points, alternate_spread, alternate_total_points, team_total, alternate_team_total, moneyline_h1, spread_h1, total_points_h1."
2026-10-01,401862786,False,2026-10-02T01:00:00Z,Tulsa Golden Hurricane,North Texas Mean Green,spread,home,1.5,-110,draftkings,0.499999983862749,-0.023809539946774816,"10 market(s) allowlisted for NCAAF: moneyline, spread, total_points, alternate_spread, alternate_total_points, team_total, alternate_team_total, moneyline_h1, spread_h1, total_points_h1."
2026-10-01,401862786,False,2026-10-02T01:00:00Z,Tulsa Golden Hurricane,North Texas Mean Green,total_points,over,56.5,-110,draftkings,0.5000000162113298,-0.023809507598194002,"10 market(s) allowlisted for NCAAF: moneyline, spread, total_points, alternate_spread, alternate_total_points, team_total, alternate_team_total, moneyline_h1, spread_h1, total_points_h1."
2026-10-01,401862786,False,2026-10-02T01:00:00Z,Tulsa Golden Hurricane,North Texas Mean Green,total_points,under,56.5,-110,draftkings,0.49999998378867,-0.023809540020853837,"10 market(s) allowlisted for NCAAF: moneyline, spread, total_points, alternate_spread, alternate_total_points, team_total, alternate_team_total, moneyline_h1, spread_h1, total_points_h1."
2026-10-01,401862786,False,2026-10-02T01:00:00Z,Tulsa Golden Hurricane,North Texas Mean Green,moneyline,away,,-123,betonlineag,0.526011603457508,-0.025557903268949467,"10 market(s) allowlisted for NCAAF: moneyline, spread, total_points, alternate_spread, alternate_total_points, team_total, alternate_team_total, moneyline_h1, spread_h1, total_points_h1."
2026-10-01,401862786,False,2026-10-02T01:00:00Z,Tulsa Golden Hurricane,North Texas Mean Green,moneyline,home,,103,betonlineag,0.47398839654249186,-0.01862244089593179,"10 market(s) allowlisted for NCAAF: moneyline, spread, total_points, alternate_spread, alternate_total_points, team_total, alternate_team_total, moneyline_h1, spread_h1, total_points_h1."
2026-10-01,401862786,False,2026-10-02T01:00:00Z,Tulsa Golden Hurricane,North Texas Mean Green,spread,away,-1.5,-110,betonlineag,0.5000000161372509,-0.023809507672272967,"10 market(s) allowlisted for NCAAF: moneyline, spread, total_points, alternate_spread, alternate_total_points, team_total, alternate_team_total, moneyline_h1, spread_h1, total_points_h1."
2026-10-01,401862786,False,2026-10-02T01:00:00Z,Tulsa Golden Hurricane,North Texas Mean Green,spread,home,1.5,-110,betonlineag,0.499999983862749,-0.023809539946774816,"10 market(s) allowlisted for NCAAF: moneyline, spread, total_points, alternate_spread, alternate_total_points, team_total, alternate_team_total, moneyline_h1, spread_h1, total_points_h1."
2026-10-01,401862786,False,2026-10-02T01:00:00Z,Tulsa Golden Hurricane,North Texas Mean Green,total_points,over,56.5,-110,betonlineag,0.5000000162113298,-0.023809507598194002,"10 market(s) allowlisted for NCAAF: moneyline, spread, total_points, alternate_spread, alternate_total_points, team_total, alternate_team_total, moneyline_h1, spread_h1, total_points_h1."
2026-10-01,401862786,False,2026-10-02T01:00:00Z,Tulsa Golden Hurricane,North Texas Mean Green,total_points,under,56.5,-110,betonlineag,0.49999998378867,-0.023809540020853837,"10 market(s) allowlisted for NCAAF: moneyline, spread, total_points, alternate_spread, alternate_total_points, team_total, alternate_team_total, moneyline_h1, spread_h1, total_points_h1."
2026-10-01,401862786,False,2026-10-02T01:00:00Z,Tulsa Golden Hurricane,North Texas Mean Green,moneyline,away,,-123,lowvig,0.526011603457508,-0.025557903268949467,"10 market(s) allowlisted for NCAAF: moneyline, spread, total_points, alternate_spread, alternate_total_points, team_total, alternate_team_total, moneyline_h1, spread_h1, total_points_h1."
2026-10-01,401862786,False,2026-10-02T01:00:00Z,Tulsa Golden Hurricane,North Texas Mean Green,moneyline,home,,103,lowvig,0.47398839654249186,-0.01862244089593179,"10 market(s) allowlisted for NCAAF: moneyline, spread, total_points, alternate_spread, alternate_total_points, team_total, alternate_team_total, moneyline_h1, spread_h1, total_points_h1."
2026-10-01,401862786,False,2026-10-02T01:00:00Z,Tulsa Golden Hurricane,North Texas Mean Green,spread,away,-1.5,-106,lowvig,0.5000000161372509,-0.01456309065886563,"10 market(s) allowlisted for NCAAF: moneyline, spread, total_points, alternate_spread, alternate_total_points, team_total, alternate_team_total, moneyline_h1, spread_h1, total_points_h1."
2026-10-01,401862786,False,2026-10-02T01:00:00Z,Tulsa Golden Hurricane,North Texas Mean Green,spread,home,1.5,-106,lowvig,0.499999983862749,-0.014563122933367478,"10 market(s) allowlisted for NCAAF: moneyline, spread, total_points, alternate_spread, alternate_total_points, team_total, alternate_team_total, moneyline_h1, spread_h1, total_points_h1."
2026-10-01,401862786,False,2026-10-02T01:00:00Z,Tulsa Golden Hurricane,North Texas Mean Green,total_points,over,56.5,-108,lowvig,0.5000000162113298,-0.01923075301943944,"10 market(s) allowlisted for NCAAF: moneyline, spread, total_points, alternate_spread, alternate_total_points, team_total, alternate_team_total, moneyline_h1, spread_h1, total_points_h1."
2026-10-01,401862786,False,2026-10-02T01:00:00Z,Tulsa Golden Hurricane,North Texas Mean Green,total_points,under,56.5,-108,lowvig,0.49999998378867,-0.019230785442099274,"10 market(s) allowlisted for NCAAF: moneyline, spread, total_points, alternate_spread, alternate_total_points, team_total, alternate_team_total, moneyline_h1, spread_h1, total_points_h1."
2026-10-01,401862786,False,2026-10-02T01:00:00Z,Tulsa Golden Hurricane,North Texas Mean Green,moneyline,away,,-120,fanatics,0.526011603457508,-0.019442941997037444,"10 market(s) allowlisted for NCAAF: moneyline, spread, total_points, alternate_spread, alternate_total_points, team_total, alternate_team_total, moneyline_h1, spread_h1, total_points_h1."
2026-10-01,401862786,False,2026-10-02T01:00:00Z,Tulsa Golden Hurricane,North Texas Mean Green,moneyline,home,,100,fanatics,0.47398839654249186,-0.026011603457508137,"10 market(s) allowlisted for NCAAF: moneyline, spread, total_points, alternate_spread, alternate_total_points, team_total, alternate_team_total, moneyline_h1, spread_h1, total_points_h1."
2026-10-01,401862786,False,2026-10-02T01:00:00Z,Tulsa Golden Hurricane,North Texas Mean Green,spread,away,-1.5,-110,fanatics,0.5000000161372509,-0.023809507672272967,"10 market(s) allowlisted for NCAAF: moneyline, spread, total_points, alternate_spread, alternate_total_points, team_total, alternate_team_total, moneyline_h1, spread_h1, total_points_h1."
2026-10-01,401862786,False,2026-10-02T01:00:00Z,Tulsa Golden Hurricane,North Texas Mean Green,spread,home,1.5,-110,fanatics,0.499999983862749,-0.023809539946774816,"10 market(s) allowlisted for NCAAF: moneyline, spread, total_points, alternate_spread, alternate_total_points, team_total, alternate_team_total, moneyline_h1, spread_h1, total_points_h1."
2026-10-01,401862786,False,2026-10-02T01:00:00Z,Tulsa Golden Hurricane,North Texas Mean Green,total_points,over,56.5,-110,fanatics,0.5000000162113298,-0.023809507598194002,"10 market(s) allowlisted for NCAAF: moneyline, spread, total_points, alternate_spread, alternate_total_points, team_total, alternate_team_total, moneyline_h1, spread_h1, total_points_h1."
2026-10-01,401862786,False,2026-10-02T01:00:00Z,Tulsa Golden Hurricane,North Texas Mean Green,total_points,under,56.5,-110,fanatics,0.49999998378867,-0.023809540020853837,"10 market(s) allowlisted for NCAAF: moneyline, spread, total_points, alternate_spread, alternate_total_points, team_total, alternate_team_total, moneyline_h1, spread_h1, total_points_h1."
2026-10-01,401862786,False,2026-10-02T01:00:00Z,Tulsa Golden Hurricane,North Texas Mean Green,moneyline,away,,-116,williamhill_us,0.526011603457508,-0.01102543357952912,"10 market(s) allowlisted for NCAAF: moneyline, spread, total_points, alternate_spread, alternate_total_points, team_total, alternate_team_total, moneyline_h1, spread_h1, total_points_h1."
2026-10-01,401862786,False,2026-10-02T01:00:00Z,Tulsa Golden Hurricane,North Texas Mean Green,moneyline,home,,-104,williamhill_us,0.47398839654249186,-0.03581552502613555,"10 market(s) allowlisted for NCAAF: moneyline, spread, total_points, alternate_spread, alternate_total_points, team_total, alternate_team_total, moneyline_h1, spread_h1, total_points_h1."
2026-10-01,401862786,False,2026-10-02T01:00:00Z,Tulsa Golden Hurricane,North Texas Mean Green,spread,away,-1.5,-108,williamhill_us,0.5000000161372509,-0.019230753093518405,"10 market(s) allowlisted for NCAAF: moneyline, spread, total_points, alternate_spread, alternate_total_points, team_total, alternate_team_total, moneyline_h1, spread_h1, total_points_h1."
2026-10-01,401862786,False,2026-10-02T01:00:00Z,Tulsa Golden Hurricane,North Texas Mean Green,spread,home,1.5,-112,williamhill_us,0.499999983862749,-0.028301902929703804,"10 market(s) allowlisted for NCAAF: moneyline, spread, total_points, alternate_spread, alternate_total_points, team_total, alternate_team_total, moneyline_h1, spread_h1, total_points_h1."
2026-10-01,401862786,False,2026-10-02T01:00:00Z,Tulsa Golden Hurricane,North Texas Mean Green,total_points,over,56.5,-115,williamhill_us,0.5000000162113298,-0.034883704718902675,"10 market(s) allowlisted for NCAAF: moneyline, spread, total_points, alternate_spread, alternate_total_points, team_total, alternate_team_total, moneyline_h1, spread_h1, total_points_h1."
2026-10-01,401862786,False,2026-10-02T01:00:00Z,Tulsa Golden Hurricane,North Texas Mean Green,total_points,under,56.5,-105,williamhill_us,0.49999998378867,-0.012195138162549524,"10 market(s) allowlisted for NCAAF: moneyline, spread, total_points, alternate_spread, alternate_total_points, team_total, alternate_team_total, moneyline_h1, spread_h1, total_points_h1."
2026-10-01,401862786,False,2026-10-02T01:00:00Z,Tulsa Golden Hurricane,North Texas Mean Green,moneyline,away,,-120,betmgm,0.526011603457508,-0.019442941997037444,"10 market(s) allowlisted for NCAAF: moneyline, spread, total_points, alternate_spread, alternate_total_points, team_total, alternate_team_total, moneyline_h1, spread_h1, total_points_h1."
2026-10-01,401862786,False,2026-10-02T01:00:00Z,Tulsa Golden Hurricane,North Texas Mean Green,moneyline,home,,100,betmgm,0.47398839654249186,-0.026011603457508137,"10 market(s) allowlisted for NCAAF: moneyline, spread, total_points, alternate_spread, alternate_total_points, team_total, alternate_team_total, moneyline_h1, spread_h1, total_points_h1."
2026-10-01,401862786,False,2026-10-02T01:00:00Z,Tulsa Golden Hurricane,North Texas Mean Green,spread,away,-1.5,-110,betmgm,0.5000000161372509,-0.023809507672272967,"10 market(s) allowlisted for NCAAF: moneyline, spread, total_points, alternate_spread, alternate_total_points, team_total, alternate_team_total, moneyline_h1, spread_h1, total_points_h1."
2026-10-01,401862786,False,2026-10-02T01:00:00Z,Tulsa Golden Hurricane,North Texas Mean Green,spread,home,1.5,-108,betmgm,0.499999983862749,-0.019230785368020253,"10 market(s) allowlisted for NCAAF: moneyline, spread, total_points, alternate_spread, alternate_total_points, team_total, alternate_team_total, moneyline_h1, spread_h1, total_points_h1."
2026-10-01,401862786,False,2026-10-02T01:00:00Z,Tulsa Golden Hurricane,North Texas Mean Green,total_points,over,56.5,-110,betmgm,0.5000000162113298,-0.023809507598194002,"10 market(s) allowlisted for NCAAF: moneyline, spread, total_points, alternate_spread, alternate_total_points, team_total, alternate_team_total, moneyline_h1, spread_h1, total_points_h1."
2026-10-01,401862786,False,2026-10-02T01:00:00Z,Tulsa Golden Hurricane,North Texas Mean Green,total_points,under,56.5,-108,betmgm,0.49999998378867,-0.019230785442099274,"10 market(s) allowlisted for NCAAF: moneyline, spread, total_points, alternate_spread, alternate_total_points, team_total, alternate_team_total, moneyline_h1, spread_h1, total_points_h1."
2026-10-01,401862786,False,2026-10-02T01:00:00Z,Tulsa Golden Hurricane,North Texas Mean Green,moneyline,away,,-125,mybookieag,0.526011603457508,-0.02954395209804761,"10 market(s) allowlisted for NCAAF: moneyline, spread, total_points, alternate_spread, alternate_total_points, team_total, alternate_team_total, moneyline_h1, spread_h1, total_points_h1."
2026-10-01,401862786,False,2026-10-02T01:00:00Z,Tulsa Golden Hurricane,North Texas Mean Green,moneyline,home,,103,mybookieag,0.47398839654249186,-0.01862244089593179,"10 market(s) allowlisted for NCAAF: moneyline, spread, total_points, alternate_spread, alternate_total_points, team_total, alternate_team_total, moneyline_h1, spread_h1, total_points_h1."
2026-10-01,401862786,False,2026-10-02T01:00:00Z,Tulsa Golden Hurricane,North Texas Mean Green,spread,away,-1.5,-110,mybookieag,0.5000000161372509,-0.023809507672272967,"10 market(s) allowlisted for NCAAF: moneyline, spread, total_points, alternate_spread, alternate_total_points, team_total, alternate_team_total, moneyline_h1, spread_h1, total_points_h1."
2026-10-01,401862786,False,2026-10-02T01:00:00Z,Tulsa Golden Hurricane,North Texas Mean Green,spread,home,1.5,-110,mybookieag,0.499999983862749,-0.023809539946774816,"10 market(s) allowlisted for NCAAF: moneyline, spread, total_points, alternate_spread, alternate_total_points, team_total, alternate_team_total, moneyline_h1, spread_h1, total_points_h1."
2026-10-01,401862786,False,2026-10-02T01:00:00Z,Tulsa Golden Hurricane,North Texas Mean Green,total_points,over,57.0,-110,mybookieag,0.49068535241892824,-0.03312417139059559,"10 market(s) allowlisted for NCAAF: moneyline, spread, total_points, alternate_spread, alternate_total_points, team_total, alternate_team_total, moneyline_h1, spread_h1, total_points_h1."
2026-10-01,401862786,False,2026-10-02T01:00:00Z,Tulsa Golden Hurricane,North Texas Mean Green,total_points,under,57.0,-110,mybookieag,0.5093146475810716,-0.014494876228452247,"10 market(s) allowlisted for NCAAF: moneyline, spread, total_points, alternate_spread, alternate_total_points, team_total, alternate_team_total, moneyline_h1, spread_h1, total_points_h1."
2026-10-01,401862786,False,2026-10-02T01:00:00Z,Tulsa Golden Hurricane,North Texas Mean Green,moneyline,away,,-120,betus,0.526011603457508,-0.019442941997037444,"10 market(s) allowlisted for NCAAF: moneyline, spread, total_points, alternate_spread, alternate_total_points, team_total, alternate_team_total, moneyline_h1, spread_h1, total_points_h1."
2026-10-01,401862786,False,2026-10-02T01:00:00Z,Tulsa Golden Hurricane,North Texas Mean Green,moneyline,home,,100,betus,0.47398839654249186,-0.026011603457508137,"10 market(s) allowlisted for NCAAF: moneyline, spread, total_points, alternate_spread, alternate_total_points, team_total, alternate_team_total, moneyline_h1, spread_h1, total_points_h1."
2026-10-01,401862786,False,2026-10-02T01:00:00Z,Tulsa Golden Hurricane,North Texas Mean Green,spread,away,-1.5,-110,betus,0.5000000161372509,-0.023809507672272967,"10 market(s) allowlisted for NCAAF: moneyline, spread, total_points, alternate_spread, alternate_total_points, team_total, alternate_team_total, moneyline_h1, spread_h1, total_points_h1."
2026-10-01,401862786,False,2026-10-02T01:00:00Z,Tulsa Golden Hurricane,North Texas Mean Green,spread,home,1.5,-110,betus,0.499999983862749,-0.023809539946774816,"10 market(s) allowlisted for NCAAF: moneyline, spread, total_points, alternate_spread, alternate_total_points, team_total, alternate_team_total, moneyline_h1, spread_h1, total_points_h1."
2026-10-01,401862786,False,2026-10-02T01:00:00Z,Tulsa Golden Hurricane,North Texas Mean Green,total_points,over,56.5,-110,betus,0.5000000162113298,-0.023809507598194002,"10 market(s) allowlisted for NCAAF: moneyline, spread, total_points, alternate_spread, alternate_total_points, team_total, alternate_team_total, moneyline_h1, spread_h1, total_points_h1."
2026-10-01,401862786,False,2026-10-02T01:00:00Z,Tulsa Golden Hurricane,North Texas Mean Green,total_points,under,56.5,-110,betus,0.49999998378867,-0.023809540020853837,"10 market(s) allowlisted for NCAAF: moneyline, spread, total_points, alternate_spread, alternate_total_points, team_total, alternate_team_total, moneyline_h1, spread_h1, total_points_h1."
2026-10-01,401862786,False,2026-10-02T01:00:00Z,Tulsa Golden Hurricane,North Texas Mean Green,moneyline,away,,-125,bovada,0.526011603457508,-0.02954395209804761,"10 market(s) allowlisted for NCAAF: moneyline, spread, total_points, alternate_spread, alternate_total_points, team_total, alternate_team_total, moneyline_h1, spread_h1, total_points_h1."
2026-10-01,401862786,False,2026-10-02T01:00:00Z,Tulsa Golden Hurricane,North Texas Mean Green,moneyline,home,,105,bovada,0.47398839654249186,-0.013816481506288614,"10 market(s) allowlisted for NCAAF: moneyline, spread, total_points, alternate_spread, alternate_total_points, team_total, alternate_team_total, moneyline_h1, spread_h1, total_points_h1."
2026-10-01,401862786,False,2026-10-02T01:00:00Z,Tulsa Golden Hurricane,North Texas Mean Green,spread,away,-2.0,-110,bovada,0.4817411512767495,-0.042068372532774345,"10 market(s) allowlisted for NCAAF: moneyline, spread, total_points, alternate_spread, alternate_total_points, team_total, alternate_team_total, moneyline_h1, spread_h1, total_points_h1."
2026-10-01,401862786,False,2026-10-02T01:00:00Z,Tulsa Golden Hurricane,North Texas Mean Green,spread,home,2.0,-110,bovada,0.5182588487232502,-0.005550675086273604,"10 market(s) allowlisted for NCAAF: moneyline, spread, total_points, alternate_spread, alternate_total_points, team_total, alternate_team_total, moneyline_h1, spread_h1, total_points_h1."
2026-10-01,401862786,False,2026-10-02T01:00:00Z,Tulsa Golden Hurricane,North Texas Mean Green,total_points,over,56.5,-110,bovada,0.5000000162113298,-0.023809507598194002,"10 market(s) allowlisted for NCAAF: moneyline, spread, total_points, alternate_spread, alternate_total_points, team_total, alternate_team_total, moneyline_h1, spread_h1, total_points_h1."
2026-10-01,401862786,False,2026-10-02T01:00:00Z,Tulsa Golden Hurricane,North Texas Mean Green,total_points,under,56.5,-110,bovada,0.49999998378867,-0.023809540020853837,"10 market(s) allowlisted for NCAAF: moneyline, spread, total_points, alternate_spread, alternate_total_points, team_total, alternate_team_total, moneyline_h1, spread_h1, total_points_h1."
2026-10-01,401871049,False,2026-10-02T00:00:00Z,New Mexico State Aggies,Western Kentucky Hilltoppers,alternate_spread,home,-28.5,1500,fanduel,0.04151081718934434,-0.020989182810655663,"10 market(s) allowlisted for NCAAF: moneyline, spread, total_points, alternate_spread, alternate_total_points, team_total, alternate_team_total, moneyline_h1, spread_h1, total_points_h1."
2026-10-01,401871049,False,2026-10-02T00:00:00Z,New Mexico State Aggies,Western Kentucky Hilltoppers,alternate_spread,home,-27.5,1300,fanduel,0.050133182894523384,-0.02129538853404804,"10 market(s) allowlisted for NCAAF: moneyline, spread, total_points, alternate_spread, alternate_total_points, team_total, alternate_team_total, moneyline_h1, spread_h1, total_points_h1."
2026-10-01,401871049,False,2026-10-02T00:00:00Z,New Mexico State Aggies,Western Kentucky Hilltoppers,alternate_spread,home,-26.5,1200,fanduel,0.054464225610989944,-0.022458851312086983,"10 market(s) allowlisted for NCAAF: moneyline, spread, total_points, alternate_spread, alternate_total_points, team_total, alternate_team_total, moneyline_h1, spread_h1, total_points_h1."
2026-10-01,401871049,False,2026-10-02T00:00:00Z,New Mexico State Aggies,Western Kentucky Hilltoppers,alternate_spread,home,-25.5,1100,fanduel,0.058802867724499,-0.02453046560883433,"10 market(s) allowlisted for NCAAF: moneyline, spread, total_points, alternate_spread, alternate_total_points, team_total, alternate_team_total, moneyline_h1, spread_h1, total_points_h1."
2026-10-01,401871049,False,2026-10-02T00:00:00Z,New Mexico State Aggies,Western Kentucky Hilltoppers,alternate_spread,home,-24.5,1060,fanduel,0.06953116330678602,-0.016675733244938123,"10 market(s) allowlisted for NCAAF: moneyline, spread, total_points, alternate_spread, alternate_total_points, team_total, alternate_team_total, moneyline_h1, spread_h1, total_points_h1."
2026-10-01,401871049,False,2026-10-02T00:00:00Z,New Mexico State Aggies,Western Kentucky Hilltoppers,alternate_spread,home,-23.5,900,fanduel,0.08709686319509541,-0.012903136804904597,"10 market(s) allowlisted for NCAAF: moneyline, spread, total_points, alternate_spread, alternate_total_points, team_total, alternate_team_total, moneyline_h1, spread_h1, total_points_h1."
2026-10-01,401871049,False,2026-10-02T00:00:00Z,New Mexico State Aggies,Western Kentucky Hilltoppers,alternate_spread,home,-22.5,870,fanduel,0.09323082155869429,-0.009861961946460343,"10 market(s) allowlisted for NCAAF: moneyline, spread, total_points, alternate_spread, alternate_total_points, team_total, alternate_team_total, moneyline_h1, spread_h1, total_points_h1."
2026-10-01,401871049,False,2026-10-02T00:00:00Z,New Mexico State Aggies,Western Kentucky Hilltoppers,alternate_spread,home,-21.5,800,fanduel,0.10354169526209114,-0.0075694158490199615,"10 market(s) allowlisted for NCAAF: moneyline, spread, total_points, alternate_spread, alternate_total_points, team_total, alternate_team_total, moneyline_h1, spread_h1, total_points_h1."
2026-10-01,401871049,False,2026-10-02T00:00:00Z,New Mexico State Aggies,Western Kentucky Hilltoppers,alternate_spread,home,-20.5,680,fanduel,0.11904674848930857,-0.00915837971581962,"10 market(s) allowlisted for NCAAF: moneyline, spread, total_points, alternate_spread, alternate_total_points, team_total, alternate_team_total, moneyline_h1, spread_h1, total_points_h1."
2026-10-01,401871049,False,2026-10-02T00:00:00Z,New Mexico State Aggies,Western Kentucky Hilltoppers,alternate_spread,home,-19.5,630,fanduel,0.13037165541133805,-0.006614645958524956,"10 market(s) allowlisted for NCAAF: moneyline, spread, total_points, alternate_spread, alternate_total_points, team_total, alternate_team_total, moneyline_h1, spread_h1, total_points_h1."
2026-10-01,401871049,False,2026-10-02T00:00:00Z,New Mexico State Aggies,Western Kentucky Hilltoppers,alternate_spread,home,-18.5,560,fanduel,0.14287056981288376,-0.008644581702267756,"10 market(s) allowlisted for NCAAF: moneyline, spread, total_points, alternate_spread, alternate_total_points, team_total, alternate_team_total, moneyline_h1, spread_h1, total_points_h1."
2026-10-01,401871049,False,2026-10-02T00:00:00Z,New Mexico State Aggies,Western Kentucky Hilltoppers,alternate_spread,home,-17.5,520,fanduel,0.15401560003333786,-0.007274722547307294,"10 market(s) allowlisted for NCAAF: moneyline, spread, total_points, alternate_spread, alternate_total_points, team_total, alternate_team_total, moneyline_h1, spread_h1, total_points_h1."
2026-10-01,401871049,False,2026-10-02T00:00:00Z,New Mexico State Aggies,Western Kentucky Hilltoppers,alternate_spread,home,-16.5,450,fanduel,0.18589938971103806,0.004081207892856237,"10 market(s) allowlisted for NCAAF: moneyline, spread, total_points, alternate_spread, alternate_total_points, team_total, alternate_team_total, moneyline_h1, spread_h1, total_points_h1."
2026-10-01,401871049,False,2026-10-02T00:00:00Z,New Mexico State Aggies,Western Kentucky Hilltoppers,alternate_spread,home,-15.5,430,fanduel,0.1919124895558341,0.003233244272815211,"10 market(s) allowlisted for NCAAF: moneyline, spread, total_points, alternate_spread, alternate_total_points, team_total, alternate_team_total, moneyline_h1, spread_h1, total_points_h1."
2026-10-01,401871049,False,2026-10-02T00:00:00Z,New Mexico State Aggies,Western Kentucky Hilltoppers,alternate_spread,home,-14.5,400,fanduel,0.20499012250024606,0.0049901225002460525,"10 market(s) allowlisted for NCAAF: moneyline, spread, total_points, alternate_spread, alternate_total_points, team_total, alternate_team_total, moneyline_h1, spread_h1, total_points_h1."
2026-10-01,401871049,False,2026-10-02T00:00:00Z,New Mexico State Aggies,Western Kentucky Hilltoppers,alternate_spread,home,-13.5,340,fanduel,0.22458038251735316,-0.0026923447553741098,"10 market(s) allowlisted for NCAAF: moneyline, spread, total_points, alternate_spread, alternate_total_points, team_total, alternate_team_total, moneyline_h1, spread_h1, total_points_h1."
2026-10-01,401871049,False,2026-10-02T00:00:00Z,New Mexico State Aggies,Western Kentucky Hilltoppers,alternate_spread,home,-12.5,310,fanduel,0.22788045966197826,-0.01602197936241198,"10 market(s) allowlisted for NCAAF: moneyline, spread, total_points, alternate_spread, alternate_total_points, team_total, alternate_team_total, moneyline_h1, spread_h1, total_points_h1."
2026-10-01,401871049,False,2026-10-02T00:00:00Z,New Mexico State Aggies,Western Kentucky Hilltoppers,alternate_spread,home,-11.5,285,fanduel,0.23201420505245873,-0.027726054687800983,"10 market(s) allowlisted for NCAAF: moneyline, spread, total_points, alternate_spread, alternate_total_points, team_total, alternate_team_total, moneyline_h1, spread_h1, total_points_h1."
2026-10-01,401871049,False,2026-10-02T00:00:00Z,New Mexico State Aggies,Western Kentucky Hilltoppers,alternate_spread,home,-10.5,265,fanduel,0.24449559827465572,-0.02947700446507029,"10 market(s) allowlisted for NCAAF: moneyline, spread, total_points, alternate_spread, alternate_total_points, team_total, alternate_team_total, moneyline_h1, spread_h1, total_points_h1."
2026-10-01,401871049,False,2026-10-02T00:00:00Z,New Mexico State Aggies,Western Kentucky Hilltoppers,alternate_spread,home,-9.5,240,fanduel,0.27658086474973803,-0.017536782309085508,"10 market(s) allowlisted for NCAAF: moneyline, spread, total_points, alternate_spread, alternate_total_points, team_total, alternate_team_total, moneyline_h1, spread_h1, total_points_h1."
2026-10-01,401871049,False,2026-10-02T00:00:00Z,New Mexico State Aggies,Western Kentucky Hilltoppers,alternate_spread,home,-8.5,230,fanduel,0.2885495714038886,-0.014480731626414445,"10 market(s) allowlisted for NCAAF: moneyline, spread, total_points, alternate_spread, alternate_total_points, team_total, alternate_team_total, moneyline_h1, spread_h1, total_points_h1."
2026-10-01,401871049,False,2026-10-02T00:00:00Z,New Mexico State Aggies,Western Kentucky Hilltoppers,alternate_spread,home,-7.5,200,fanduel,0.3121052301579295,-0.0212281031754038,"10 market(s) allowlisted for NCAAF: moneyline, spread, total_points, alternate_spread, alternate_total_points, team_total, alternate_team_total, moneyline_h1, spread_h1, total_points_h1."
2026-10-01,401871049,False,2026-10-02T00:00:00Z,New Mexico State Aggies,Western Kentucky Hilltoppers,alternate_spread,home,-6.5,162,fanduel,0.35413130516243874,-0.027548084150538388,"10 market(s) allowlisted for NCAAF: moneyline, spread, total_points, alternate_spread, alternate_total_points, team_total, alternate_team_total, moneyline_h1, spread_h1, total_points_h1."
2026-10-01,401871049,False,2026-10-02T00:00:00Z,New Mexico State Aggies,Western Kentucky Hilltoppers,alternate_spread,home,-5.5,144,fanduel,0.377842034090438,-0.03199403148333252,"10 market(s) allowlisted for NCAAF: moneyline, spread, total_points, alternate_spread, alternate_total_points, team_total, alternate_team_total, moneyline_h1, spread_h1, total_points_h1."
2026-10-01,401871049,False,2026-10-02T00:00:00Z,New Mexico State Aggies,Western Kentucky Hilltoppers,alternate_spread,home,-4.5,132,fanduel,0.39276730578266833,-0.03826717697595233,"10 market(s) allowlisted for NCAAF: moneyline, spread, total_points, alternate_spread, alternate_total_points, team_total, alternate_team_total, moneyline_h1, spread_h1, total_points_h1."
2026-10-01,401871049,False,2026-10-02T00:00:00Z,New Mexico State Aggies,Western Kentucky Hilltoppers,alternate_spread,home,-3.5,120,fanduel,0.43610011877882165,-0.018445335766632875,"10 market(s) allowlisted for NCAAF: moneyline, spread, total_points, alternate_spread, alternate_total_points, team_total, alternate_team_total, moneyline_h1, spread_h1, total_points_h1."
2026-10-01,401871049,False,2026-10-02T00:00:00Z,New Mexico State Aggies,Western Kentucky Hilltoppers,alternate_spread,home,-2.5,-102,fanduel,0.499999984075587,-0.004950510973917965,"10 market(s) allowlisted for NCAAF: moneyline, spread, total_points, alternate_spread, alternate_total_points, team_total, alternate_team_total, moneyline_h1, spread_h1, total_points_h1."
2026-10-01,401871049,False,2026-10-02T00:00:00Z,New Mexico State Aggies,Western Kentucky Hilltoppers,alternate_spread,home,-1.5,-113,fanduel,0.5176424772865051,-0.012873954638377483,"10 market(s) allowlisted for NCAAF: moneyline, spread, total_points, alternate_spread, alternate_total_points, team_total, alternate_team_total, moneyline_h1, spread_h1, total_points_h1."
2026-10-01,401871049,False,2026-10-02T00:00:00Z,New Mexico State Aggies,Western Kentucky Hilltoppers,alternate_spread,home,1.5,-136,fanduel,0.5601454937114477,-0.016125692729230257,"10 market(s) allowlisted for NCAAF: moneyline, spread, total_points, alternate_spread, alternate_total_points, team_total, alternate_team_total, moneyline_h1, spread_h1, total_points_h1."
2026-10-01,401871049,False,2026-10-02T00:00:00Z,New Mexico State Aggies,Western Kentucky Hilltoppers,alternate_spread,home,2.5,-148,fanduel,0.5821501478740059,-0.014624045674381247,"10 market(s) allowlisted for NCAAF: moneyline, spread, total_points, alternate_spread, alternate_total_points, team_total, alternate_team_total, moneyline_h1, spread_h1, total_points_h1."
2026-10-01,401871049,False,2026-10-02T00:00:00Z,New Mexico State Aggies,Western Kentucky Hilltoppers,alternate_spread,home,3.5,-200,fanduel,0.637426744969777,-0.029239921696889604,"10 market(s) allowlisted for NCAAF: moneyline, spread, total_points, alternate_spread, alternate_total_points, team_total, alternate_team_total, moneyline_h1, spread_h1, total_points_h1."
2026-10-01,401871049,False,2026-10-02T00:00:00Z,New Mexico State Aggies,Western Kentucky Hilltoppers,alternate_spread,home,4.5,-225,fanduel,0.6579595602121435,-0.03434813209554877,"10 market(s) allowlisted for NCAAF: moneyline, spread, total_points, alternate_spread, alternate_total_points, team_total, alternate_team_total, moneyline_h1, spread_h1, total_points_h1."
2026-10-01,401871049,False,2026-10-02T00:00:00Z,New Mexico State Aggies,Western Kentucky Hilltoppers,alternate_spread,home,5.5,-250,fanduel,0.6720225643539421,-0.04226314993177216,"10 market(s) allowlisted for NCAAF: moneyline, spread, total_points, alternate_spread, alternate_total_points, team_total, alternate_team_total, moneyline_h1, spread_h1, total_points_h1."
2026-10-01,401871049,False,2026-10-02T00:00:00Z,New Mexico State Aggies,Western Kentucky Hilltoppers,alternate_spread,home,6.5,-280,fanduel,0.6983075533689471,-0.03853455189421073,"10 market(s) allowlisted for NCAAF: moneyline, spread, total_points, alternate_spread, alternate_total_points, team_total, alternate_team_total, moneyline_h1, spread_h1, total_points_h1."
2026-10-01,401871049,False,2026-10-02T00:00:00Z,New Mexico State Aggies,Western Kentucky Hilltoppers,alternate_spread,home,7.5,-360,fanduel,0.745635840179872,-0.036972855472302,"10 market(s) allowlisted for NCAAF: moneyline, spread, total_points, alternate_spread, alternate_total_points, team_total, alternate_team_total, moneyline_h1, spread_h1, total_points_h1."
2026-10-01,401871049,False,2026-10-02T00:00:00Z,New Mexico State Aggies,Western Kentucky Hilltoppers,alternate_spread,home,8.5,-400,fanduel,0.7573417558942701,-0.04265824410572994,"10 market(s) allowlisted for NCAAF: moneyline, spread, total_points, alternate_spread, alternate_total_points, team_total, alternate_team_total, moneyline_h1, spread_h1, total_points_h1."
2026-10-01,401871049,False,2026-10-02T00:00:00Z,New Mexico State Aggies,Western Kentucky Hilltoppers,alternate_spread,home,9.5,-430,fanduel,0.7662101113017064,-0.04511064341527482,"10 market(s) allowlisted for NCAAF: moneyline, spread, total_points, alternate_spread, alternate_total_points, team_total, alternate_team_total, moneyline_h1, spread_h1, total_points_h1."
2026-10-01,401871049,False,2026-10-02T00:00:00Z,New Mexico State Aggies,Western Kentucky Hilltoppers,alternate_spread,home,10.5,-520,fanduel,0.7915584820250332,-0.047151195394321666,"10 market(s) allowlisted for NCAAF: moneyline, spread, total_points, alternate_spread, alternate_total_points, team_total, alternate_team_total, moneyline_h1, spread_h1, total_points_h1."
2026-10-01,401871049,False,2026-10-02T00:00:00Z,New Mexico State Aggies,Western Kentucky Hilltoppers,alternate_spread,home,11.5,-590,fanduel,0.807949775819303,-0.047122687948812914,"10 market(s) allowlisted for NCAAF: moneyline, spread, total_points, alternate_spread, alternate_total_points, team_total, alternate_team_total, moneyline_h1, spread_h1, total_points_h1."
2026-10-01,401871049,False,2026-10-02T00:00:00Z,New Mexico State Aggies,Western Kentucky Hilltoppers,alternate_spread,home,12.5,-650,fanduel,0.8227323766485808,-0.04393429001808591,"10 market(s) allowlisted for NCAAF: moneyline, spread, total_points, alternate_spread, alternate_total_points, team_total, alternate_team_total, moneyline_h1, spread_h1, total_points_h1."
2026-10-01,401871049,False,2026-10-02T00:00:00Z,New Mexico State Aggies,Western Kentucky Hilltoppers,alternate_spread,home,13.5,-700,fanduel,0.838316809985745,-0.03668319001425502,"10 market(s) allowlisted for NCAAF: moneyline, spread, total_points, alternate_spread, alternate_total_points, team_total, alternate_team_total, moneyline_h1, spread_h1, total_points_h1."
2026-10-01,401871049,False,2026-10-02T00:00:00Z,New Mexico State Aggies,Western Kentucky Hilltoppers,alternate_spread,home,14.5,-900,fanduel,0.8583577553771191,-0.04164224462288091,"10 market(s) allowlisted for NCAAF: moneyline, spread, total_points, alternate_spread, alternate_total_points, team_total, alternate_team_total, moneyline_h1, spread_h1, total_points_h1."
2026-10-01,401871049,False,2026-10-02T00:00:00Z,New Mexico State Aggies,Western Kentucky Hilltoppers,alternate_spread,home,15.5,-1000,fanduel,0.8634207081196992,-0.045670200971209884,"10 market(s) allowlisted for NCAAF: moneyline, spread, total_points, alternate_spread, alternate_total_points, team_total, alternate_team_total, moneyline_h1, spread_h1, total_points_h1."
2026-10-01,401871049,False,2026-10-02T00:00:00Z,New Mexico State Aggies,Western Kentucky Hilltoppers,alternate_spread,home,16.5,-1100,fanduel,0.8677153593337317,-0.04895130733293496,"10 market(s) allowlisted for NCAAF: moneyline, spread, total_points, alternate_spread, alternate_total_points, team_total, alternate_team_total, moneyline_h1, spread_h1, total_points_h1."
2026-10-01,401871049,False,2026-10-02T00:00:00Z,New Mexico State Aggies,Western Kentucky Hilltoppers,alternate_spread,home,17.5,-1400,fanduel,0.8943761416352316,-0.038957191698101745,"10 market(s) allowlisted for NCAAF: moneyline, spread, total_points, alternate_spread, alternate_total_points, team_total, alternate_team_total, moneyline_h1, spread_h1, total_points_h1."
2026-10-01,401871049,False,2026-10-02T00:00:00Z,New Mexico State Aggies,Western Kentucky Hilltoppers,alternate_spread,home,18.5,-1600,fanduel,0.8985747171570271,-0.0426017534312082,"10 market(s) allowlisted for NCAAF: moneyline, spread, total_points, alternate_spread, alternate_total_points, team_total, alternate_team_total, moneyline_h1, spread_h1, total_points_h1."
2026-10-01,401871049,False,2026-10-02T00:00:00Z,New Mexico State Aggies,Western Kentucky Hilltoppers,alternate_spread,home,19.5,-2000,fanduel,0.9022644259278167,-0.05011652645313558,"10 market(s) allowlisted for NCAAF: moneyline, spread, total_points, alternate_spread, alternate_total_points, team_total, alternate_team_total, moneyline_h1, spread_h1, total_points_h1."
2026-10-01,401871049,False,2026-10-02T00:00:00Z,New Mexico State Aggies,Western Kentucky Hilltoppers,alternate_spread,home,20.5,-2500,fanduel,0.9129608233861299,-0.048577638152331626,"10 market(s) allowlisted for NCAAF: moneyline, spread, total_points, alternate_spread, alternate_total_points, team_total, alternate_team_total, moneyline_h1, spread_h1, total_points_h1."
2026-10-01,401871049,False,2026-10-02T00:00:00Z,New Mexico State Aggies,Western Kentucky Hilltoppers,alternate_spread,home,21.5,-3500,fanduel,0.9251537880178984,-0.04706843420432383,"10 market(s) allowlisted for NCAAF: moneyline, spread, total_points, alternate_spread, alternate_total_points, team_total, alternate_team_total, moneyline_h1, spread_h1, total_points_h1."
2026-10-01,401871049,False,2026-10-02T00:00:00Z,New Mexico State Aggies,Western Kentucky Hilltoppers,alternate_spread,home,22.5,-4000,fanduel,0.9277329240769454,-0.047876832020615545,"10 market(s) allowlisted for NCAAF: moneyline, spread, total_points, alternate_spread, alternate_total_points, team_total, alternate_team_total, moneyline_h1, spread_h1, total_points_h1."
2026-10-01,401871049,False,2026-10-02T00:00:00Z,New Mexico State Aggies,Western Kentucky Hilltoppers,alternate_spread,home,23.5,-4000,fanduel,0.9357991843406759,-0.03981057175688507,"10 market(s) allowlisted for NCAAF: moneyline, spread, total_points, alternate_spread, alternate_total_points, team_total, alternate_team_total, moneyline_h1, spread_h1, total_points_h1."
2026-10-01,401871049,False,2026-10-02T00:00:00Z,New Mexico State Aggies,Western Kentucky Hilltoppers,alternate_spread,away,28.5,-7000,fanduel,0.9584891828106559,-0.027426310147090627,"10 market(s) allowlisted for NCAAF: moneyline, spread, total_points, alternate_spread, alternate_total_points, team_total, alternate_team_total, moneyline_h1, spread_h1, total_points_h1."
2026-10-01,401871049,False,2026-10-02T00:00:00Z,New Mexico State Aggies,Western Kentucky Hilltoppers,alternate_spread,away,27.5,-5000,fanduel,0.9498668171054768,-0.030525339757268233,"10 market(s) allowlisted for NCAAF: moneyline, spread, total_points, alternate_spread, alternate_total_points, team_total, alternate_team_total, moneyline_h1, spread_h1, total_points_h1."
2026-10-01,401871049,False,2026-10-02T00:00:00Z,New Mexico State Aggies,Western Kentucky Hilltoppers,alternate_spread,away,26.5,-4500,fanduel,0.9455357743890103,-0.03272509517620714,"10 market(s) allowlisted for NCAAF: moneyline, spread, total_points, alternate_spread, alternate_total_points, team_total, alternate_team_total, moneyline_h1, spread_h1, total_points_h1."
2026-10-01,401871049,False,2026-10-02T00:00:00Z,New Mexico State Aggies,Western Kentucky Hilltoppers,alternate_spread,away,25.5,-4000,fanduel,0.9411971322755012,-0.034412623822059785,"10 market(s) allowlisted for NCAAF: moneyline, spread, total_points, alternate_spread, alternate_total_points, team_total, alternate_team_total, moneyline_h1, spread_h1, total_points_h1."
2026-10-01,401871049,False,2026-10-02T00:00:00Z,New Mexico State Aggies,Western Kentucky Hilltoppers,alternate_spread,away,24.5,-3500,fanduel,0.9304688366932141,-0.04175338552900809,"10 market(s) allowlisted for NCAAF: moneyline, spread, total_points, alternate_spread, alternate_total_points, team_total, alternate_team_total, moneyline_h1, spread_h1, total_points_h1."
2026-10-01,401871049,False,2026-10-02T00:00:00Z,New Mexico State Aggies,Western Kentucky Hilltoppers,alternate_spread,away,23.5,-2500,fanduel,0.9129031368049048,-0.048635324733556806,"10 market(s) allowlisted for NCAAF: moneyline, spread, total_points, alternate_spread, alternate_total_points, team_total, alternate_team_total, moneyline_h1, spread_h1, total_points_h1."
2026-10-01,401871049,False,2026-10-02T00:00:00Z,New Mexico State Aggies,Western Kentucky Hilltoppers,alternate_spread,away,22.5,-2200,fanduel,0.9067691784413059,-0.04975256068912892,"10 market(s) allowlisted for NCAAF: moneyline, spread, total_points, alternate_spread, alternate_total_points, team_total, alternate_team_total, moneyline_h1, spread_h1, total_points_h1."
2026-10-01,401871049,False,2026-10-02T00:00:00Z,New Mexico State Aggies,Western Kentucky Hilltoppers,alternate_spread,away,21.5,-1800,fanduel,0.896458304737909,-0.05091011631472253,"10 market(s) allowlisted for NCAAF: moneyline, spread, total_points, alternate_spread, alternate_total_points, team_total, alternate_team_total, moneyline_h1, spread_h1, total_points_h1."
2026-10-01,401871049,False,2026-10-02T00:00:00Z,New Mexico State Aggies,Western Kentucky Hilltoppers,alternate_spread,away,20.5,-1400,fanduel,0.8809532515106916,-0.052380081822641755,"10 market(s) allowlisted for NCAAF: moneyline, spread, total_points, alternate_spread, alternate_total_points, team_total, alternate_team_total, moneyline_h1, spread_h1, total_points_h1."
2026-10-01,401871049,False,2026-10-02T00:00:00Z,New Mexico State Aggies,Western Kentucky Hilltoppers,alternate_spread,away,19.5,-1200,fanduel,0.8696283445886622,-0.0534485784882609,"10 market(s) allowlisted for NCAAF: moneyline, spread, total_points, alternate_spread, alternate_total_points, team_total, alternate_team_total, moneyline_h1, spread_h1, total_points_h1."
2026-10-01,401871049,False,2026-10-02T00:00:00Z,New Mexico State Aggies,Western Kentucky Hilltoppers,alternate_spread,away,18.5,-1000,fanduel,0.8571294301871165,-0.051961478903792546,"10 market(s) allowlisted for NCAAF: moneyline, spread, total_points, alternate_spread, alternate_total_points, team_total, alternate_team_total, moneyline_h1, spread_h1, total_points_h1."
2026-10-01,401871049,False,2026-10-02T00:00:00Z,New Mexico State Aggies,Western Kentucky Hilltoppers,alternate_spread,away,17.5,-900,fanduel,0.8459843999666624,-0.05401560003333761,"10 market(s) allowlisted for NCAAF: moneyline, spread, total_points, alternate_spread, alternate_total_points, team_total, alternate_team_total, moneyline_h1, spread_h1, total_points_h1."
2026-10-01,401871049,False,2026-10-02T00:00:00Z,New Mexico State Aggies,Western Kentucky Hilltoppers,alternate_spread,away,16.5,-720,fanduel,0.8141006102889622,-0.06394817019884269,"10 market(s) allowlisted for NCAAF: moneyline, spread, total_points, alternate_spread, alternate_total_points, team_total, alternate_team_total, moneyline_h1, spread_h1, total_points_h1."
2026-10-01,401871049,False,2026-10-02T00:00:00Z,New Mexico State Aggies,Western Kentucky Hilltoppers,alternate_spread,away,15.5,-670,fanduel,0.8080875104441662,-0.06204235968570393,"10 market(s) allowlisted for NCAAF: moneyline, spread, total_points, alternate_spread, alternate_total_points, team_total, alternate_team_total, moneyline_h1, spread_h1, total_points_h1."
2026-10-01,401871049,False,2026-10-02T00:00:00Z,New Mexico State Aggies,Western Kentucky Hilltoppers,alternate_spread,away,14.5,-620,fanduel,0.7950098774997542,-0.066101233611357,"10 market(s) allowlisted for NCAAF: moneyline, spread, total_points, alternate_spread, alternate_total_points, team_total, alternate_team_total, moneyline_h1, spread_h1, total_points_h1."
2026-10-01,401871049,False,2026-10-02T00:00:00Z,New Mexico State Aggies,Western Kentucky Hilltoppers,alternate_spread,away,13.5,-500,fanduel,0.7754196174826471,-0.057913715850686276,"10 market(s) allowlisted for NCAAF: moneyline, spread, total_points, alternate_spread, alternate_total_points, team_total, alternate_team_total, moneyline_h1, spread_h1, total_points_h1."
2026-10-01,401871049,False,2026-10-02T00:00:00Z,New Mexico State Aggies,Western Kentucky Hilltoppers,alternate_spread,away,12.5,-440,fanduel,0.772119540338022,-0.04269527447679278,"10 market(s) allowlisted for NCAAF: moneyline, spread, total_points, alternate_spread, alternate_total_points, team_total, alternate_team_total, moneyline_h1, spread_h1, total_points_h1."
2026-10-01,401871049,False,2026-10-02T00:00:00Z,New Mexico State Aggies,Western Kentucky Hilltoppers,alternate_spread,away,11.5,-400,fanduel,0.7679857949475415,-0.032014205052458555,"10 market(s) allowlisted for NCAAF: moneyline, spread, total_points, alternate_spread, alternate_total_points, team_total, alternate_team_total, moneyline_h1, spread_h1, total_points_h1."
2026-10-01,401871049,False,2026-10-02T00:00:00Z,New Mexico State Aggies,Western Kentucky Hilltoppers,alternate_spread,away,10.5,-390,fanduel,0.7555044017253445,-0.04041396562159427,"10 market(s) allowlisted for NCAAF: moneyline, spread, total_points, alternate_spread, alternate_total_points, team_total, alternate_team_total, moneyline_h1, spread_h1, total_points_h1."
2026-10-01,401871049,False,2026-10-02T00:00:00Z,New Mexico State Aggies,Western Kentucky Hilltoppers,alternate_spread,away,9.5,-330,fanduel,0.7234191352502621,-0.044022725214854175,"10 market(s) allowlisted for NCAAF: moneyline, spread, total_points, alternate_spread, alternate_total_points, team_total, alternate_team_total, moneyline_h1, spread_h1, total_points_h1."
2026-10-01,401871049,False,2026-10-02T00:00:00Z,New Mexico State Aggies,Western Kentucky Hilltoppers,alternate_spread,away,8.5,-310,fanduel,0.7114504285961115,-0.044647132379498244,"10 market(s) allowlisted for NCAAF: moneyline, spread, total_points, alternate_spread, alternate_total_points, team_total, alternate_team_total, moneyline_h1, spread_h1, total_points_h1."
2026-10-01,401871049,False,2026-10-02T00:00:00Z,New Mexico State Aggies,Western Kentucky Hilltoppers,alternate_spread,away,7.5,-265,fanduel,0.6878947698420707,-0.038132627418203335,"10 market(s) allowlisted for NCAAF: moneyline, spread, total_points, alternate_spread, alternate_total_points, team_total, alternate_team_total, moneyline_h1, spread_h1, total_points_h1."
2026-10-01,401871049,False,2026-10-02T00:00:00Z,New Mexico State Aggies,Western Kentucky Hilltoppers,alternate_spread,away,6.5,-210,fanduel,0.6458686948375615,-0.031550660001148145,"10 market(s) allowlisted for NCAAF: moneyline, spread, total_points, alternate_spread, alternate_total_points, team_total, alternate_team_total, moneyline_h1, spread_h1, total_points_h1."
2026-10-01,401871049,False,2026-10-02T00:00:00Z,New Mexico State Aggies,Western Kentucky Hilltoppers,alternate_spread,away,5.5,-186,fanduel,0.6221579659095622,-0.028191684440088127,"10 market(s) allowlisted for NCAAF: moneyline, spread, total_points, alternate_spread, alternate_total_points, team_total, alternate_team_total, moneyline_h1, spread_h1, total_points_h1."
2026-10-01,401871049,False,2026-10-02T00:00:00Z,New Mexico State Aggies,Western Kentucky Hilltoppers,alternate_spread,away,4.5,-170,fanduel,0.6072326942173318,-0.022396935412297814,"10 market(s) allowlisted for NCAAF: moneyline, spread, total_points, alternate_spread, alternate_total_points, team_total, alternate_team_total, moneyline_h1, spread_h1, total_points_h1."
2026-10-01,401871049,False,2026-10-02T00:00:00Z,New Mexico State Aggies,Western Kentucky Hilltoppers,alternate_spread,away,3.5,-154,fanduel,0.5638998812211785,-0.04239933137724672,"10 market(s) allowlisted for NCAAF: moneyline, spread, total_points, alternate_spread, alternate_total_points, team_total, alternate_team_total, moneyline_h1, spread_h1, total_points_h1."
2026-10-01,401871049,False,2026-10-02T00:00:00Z,New Mexico State Aggies,Western Kentucky Hilltoppers,alternate_spread,away,2.5,-125,fanduel,0.5000000159244132,-0.05555553963114235,"10 market(s) allowlisted for NCAAF: moneyline, spread, total_points, alternate_spread, alternate_total_points, team_total, alternate_team_total, moneyline_h1, spread_h1, total_points_h1."
2026-10-01,401871049,False,2026-10-02T00:00:00Z,New Mexico State Aggies,Western Kentucky Hilltoppers,alternate_spread,away,1.5,-113,fanduel,0.482357522713495,-0.0481589092113876,"10 market(s) allowlisted for NCAAF: moneyline, spread, total_points, alternate_spread, alternate_total_points, team_total, alternate_team_total, moneyline_h1, spread_h1, total_points_h1."
2026-10-01,401871049,False,2026-10-02T00:00:00Z,New Mexico State Aggies,Western Kentucky Hilltoppers,alternate_spread,away,-1.5,106,fanduel,0.43985450628855255,-0.04558238691533095,"10 market(s) allowlisted for NCAAF: moneyline, spread, total_points, alternate_spread, alternate_total_points, team_total, alternate_team_total, moneyline_h1, spread_h1, total_points_h1."
2026-10-01,401871049,False,2026-10-02T00:00:00Z,New Mexico State Aggies,Western Kentucky Hilltoppers,alternate_spread,away,-2.5,116,fanduel,0.41784985212599435,-0.04511311083696862,"10 market(s) allowlisted for NCAAF: moneyline, spread, total_points, alternate_spread, alternate_total_points, team_total, alternate_team_total, moneyline_h1, spread_h1, total_points_h1."
2026-10-01,401871049,False,2026-10-02T00:00:00Z,New Mexico State Aggies,Western Kentucky Hilltoppers,alternate_spread,away,-3.5,154,fanduel,0.36257325503022286,-0.031127532371351962,"10 market(s) allowlisted for NCAAF: moneyline, spread, total_points, alternate_spread, alternate_total_points, team_total, alternate_team_total, moneyline_h1, spread_h1, total_points_h1."
2026-10-01,401871049,False,2026-10-02T00:00:00Z,New Mexico State Aggies,Western Kentucky Hilltoppers,alternate_spread,away,-4.5,172,fanduel,0.3420404397878565,-0.02560661903567296,"10 market(s) allowlisted for NCAAF: moneyline, spread, total_points, alternate_spread, alternate_total_points, team_total, alternate_team_total, moneyline_h1, spread_h1, total_points_h1."
2026-10-01,401871049,False,2026-10-02T00:00:00Z,New Mexico State Aggies,Western Kentucky Hilltoppers,alternate_spread,away,-5.5,190,fanduel,0.3279774356460577,-0.016850150560838884,"10 market(s) allowlisted for NCAAF: moneyline, spread, total_points, alternate_spread, alternate_total_points, team_total, alternate_team_total, moneyline_h1, spread_h1, total_points_h1."
2026-10-01,401871049,False,2026-10-02T00:00:00Z,New Mexico State Aggies,Western Kentucky Hilltoppers,alternate_spread,away,-6.5,210,fanduel,0.3016924466310529,-0.020888198530237434,"10 market(s) allowlisted for NCAAF: moneyline, spread, total_points, alternate_spread, alternate_total_points, team_total, alternate_team_total, moneyline_h1, spread_h1, total_points_h1."
2026-10-01,401871049,False,2026-10-02T00:00:00Z,New Mexico State Aggies,Western Kentucky Hilltoppers,alternate_spread,away,-7.5,260,fanduel,0.25436415982012783,-0.023413617957649957,"10 market(s) allowlisted for NCAAF: moneyline, spread, total_points, alternate_spread, alternate_total_points, team_total, alternate_team_total, moneyline_h1, spread_h1, total_points_h1."
2026-10-01,401871049,False,2026-10-02T00:00:00Z,New Mexico State Aggies,Western Kentucky Hilltoppers,alternate_spread,away,-8.5,285,fanduel,0.24265824410572975,-0.017082015634529962,"10 market(s) allowlisted for NCAAF: moneyline, spread, total_points, alternate_spread, alternate_total_points, team_total, alternate_team_total, moneyline_h1, spread_h1, total_points_h1."
2026-10-01,401871049,False,2026-10-02T00:00:00Z,New Mexico State Aggies,Western Kentucky Hilltoppers,alternate_spread,away,-9.5,300,fanduel,0.23378988869829362,-0.01621011130170638,"10 market(s) allowlisted for NCAAF: moneyline, spread, total_points, alternate_spread, alternate_total_points, team_total, alternate_team_total, moneyline_h1, spread_h1, total_points_h1."
2026-10-01,401871049,False,2026-10-02T00:00:00Z,New Mexico State Aggies,Western Kentucky Hilltoppers,alternate_spread,away,-10.5,350,fanduel,0.2084415179749668,-0.013780704247255415,"10 market(s) allowlisted for NCAAF: moneyline, spread, total_points, alternate_spread, alternate_total_points, team_total, alternate_team_total, moneyline_h1, spread_h1, total_points_h1."
2026-10-01,401871049,False,2026-10-02T00:00:00Z,New Mexico State Aggies,Western Kentucky Hilltoppers,alternate_spread,away,-11.5,390,fanduel,0.19205022418069687,-0.012031408472364363,"10 market(s) allowlisted for NCAAF: moneyline, spread, total_points, alternate_spread, alternate_total_points, team_total, alternate_team_total, moneyline_h1, spread_h1, total_points_h1."
2026-10-01,401871049,False,2026-10-02T00:00:00Z,New Mexico State Aggies,Western Kentucky Hilltoppers,alternate_spread,away,-12.5,420,fanduel,0.1772676233514191,-0.015040068956273217,"10 market(s) allowlisted for NCAAF: moneyline, spread, total_points, alternate_spread, alternate_total_points, team_total, alternate_team_total, moneyline_h1, spread_h1, total_points_h1."
2026-10-01,401871049,False,2026-10-02T00:00:00Z,New Mexico State Aggies,Western Kentucky Hilltoppers,alternate_spread,away,-13.5,440,fanduel,0.16168319001425502,-0.023501995170930157,"10 market(s) allowlisted for NCAAF: moneyline, spread, total_points, alternate_spread, alternate_total_points, team_total, alternate_team_total, moneyline_h1, spread_h1, total_points_h1."
2026-10-01,401871049,False,2026-10-02T00:00:00Z,New Mexico State Aggies,Western Kentucky Hilltoppers,alternate_spread,away,-14.5,520,fanduel,0.1416422446228809,-0.01964807795776427,"10 market(s) allowlisted for NCAAF: moneyline, spread, total_points, alternate_spread, alternate_total_points, team_total, alternate_team_total, moneyline_h1, spread_h1, total_points_h1."
2026-10-01,401871049,False,2026-10-02T00:00:00Z,New Mexico State Aggies,Western Kentucky Hilltoppers,alternate_spread,away,-15.5,560,fanduel,0.13657929188030077,-0.014935859634850751,"10 market(s) allowlisted for NCAAF: moneyline, spread, total_points, alternate_spread, alternate_total_points, team_total, alternate_team_total, moneyline_h1, spread_h1, total_points_h1."
2026-10-01,401871049,False,2026-10-02T00:00:00Z,New Mexico State Aggies,Western Kentucky Hilltoppers,alternate_spread,away,-16.5,600,fanduel,0.13228464066626822,-0.010572502190874633,"10 market(s) allowlisted for NCAAF: moneyline, spread, total_points, alternate_spread, alternate_total_points, team_total, alternate_team_total, moneyline_h1, spread_h1, total_points_h1."
2026-10-01,401871049,False,2026-10-02T00:00:00Z,New Mexico State Aggies,Western Kentucky Hilltoppers,alternate_spread,away,-17.5,680,fanduel,0.1056238583647685,-0.0225812698403597,"10 market(s) allowlisted for NCAAF: moneyline, spread, total_points, alternate_spread, alternate_total_points, team_total, alternate_team_total, moneyline_h1, spread_h1, total_points_h1."
2026-10-01,401871049,False,2026-10-02T00:00:00Z,New Mexico State Aggies,Western Kentucky Hilltoppers,alternate_spread,away,-18.5,800,fanduel,0.10142528284297293,-0.009685828268138172,"10 market(s) allowlisted for NCAAF: moneyline, spread, total_points, alternate_spread, alternate_total_points, team_total, alternate_team_total, moneyline_h1, spread_h1, total_points_h1."
2026-10-01,401871049,False,2026-10-02T00:00:00Z,New Mexico State Aggies,Western Kentucky Hilltoppers,alternate_spread,away,-19.5,830,fanduel,0.09773557407218322,-0.009791307648246886,"10 market(s) allowlisted for NCAAF: moneyline, spread, total_points, alternate_spread, alternate_total_points, team_total, alternate_team_total, moneyline_h1, spread_h1, total_points_h1."
2026-10-01,401871049,False,2026-10-02T00:00:00Z,New Mexico State Aggies,Western Kentucky Hilltoppers,alternate_spread,away,-20.5,900,fanduel,0.08703917661387008,-0.01296082338612993,"10 market(s) allowlisted for NCAAF: moneyline, spread, total_points, alternate_spread, alternate_total_points, team_total, alternate_team_total, moneyline_h1, spread_h1, total_points_h1."
2026-10-01,401871049,False,2026-10-02T00:00:00Z,New Mexico State Aggies,Western Kentucky Hilltoppers,alternate_spread,away,-21.5,1060,fanduel,0.07484621198210162,-0.011360684569622526,"10 market(s) allowlisted for NCAAF: moneyline, spread, total_points, alternate_spread, alternate_total_points, team_total, alternate_team_total, moneyline_h1, spread_h1, total_points_h1."
2026-10-01,401871049,False,2026-10-02T00:00:00Z,New Mexico State Aggies,Western Kentucky Hilltoppers,alternate_spread,away,-22.5,1100,fanduel,0.07226707592305467,-0.011066257410278654,"10 market(s) allowlisted for NCAAF: moneyline, spread, total_points, alternate_spread, alternate_total_points, team_total, alternate_team_total, moneyline_h1, spread_h1, total_points_h1."
2026-10-01,401871049,False,2026-10-02T00:00:00Z,New Mexico State Aggies,Western Kentucky Hilltoppers,alternate_spread,away,-23.5,1100,fanduel,0.06420081565932409,-0.01913251767400924,"10 market(s) allowlisted for NCAAF: moneyline, spread, total_points, alternate_spread, alternate_total_points, team_total, alternate_team_total, moneyline_h1, spread_h1, total_points_h1."
2026-10-01,401871049,False,2026-10-02T00:00:00Z,New Mexico State Aggies,Western Kentucky Hilltoppers,alternate_total_points,over,24.5,-50000,fanduel,0.9865423084287313,-0.01146168358723676,"10 market(s) allowlisted for NCAAF: moneyline, spread, total_points, alternate_spread, alternate_total_points, team_total, alternate_team_total, moneyline_h1, spread_h1, total_points_h1."
2026-10-01,401871049,False,2026-10-02T00:00:00Z,New Mexico State Aggies,Western Kentucky Hilltoppers,alternate_total_points,over,25.5,-20000,fanduel,0.9831873162713933,-0.01183755935049724,"10 market(s) allowlisted for NCAAF: moneyline, spread, total_points, alternate_spread, alternate_total_points, team_total, alternate_team_total, moneyline_h1, spread_h1, total_points_h1."
2026-10-01,401871049,False,2026-10-02T00:00:00Z,New Mexico State Aggies,Western Kentucky Hilltoppers,alternate_total_points,over,26.5,-20000,fanduel,0.9806685664983772,-0.014356309123513378,"10 market(s) allowlisted for NCAAF: moneyline, spread, total_points, alternate_spread, alternate_total_points, team_total, alternate_team_total, moneyline_h1, spread_h1, total_points_h1."
2026-10-01,401871049,False,2026-10-02T00:00:00Z,New Mexico State Aggies,Western Kentucky Hilltoppers,alternate_total_points,over,27.5,-10000,fanduel,0.9773907366690431,-0.01270827323194701,"10 market(s) allowlisted for NCAAF: moneyline, spread, total_points, alternate_spread, alternate_total_points, team_total, alternate_team_total, moneyline_h1, spread_h1, total_points_h1."
2026-10-01,401871049,False,2026-10-02T00:00:00Z,New Mexico State Aggies,Western Kentucky Hilltoppers,alternate_total_points,over,28.5,-10000,fanduel,0.9738592066897143,-0.016239803211275827,"10 market(s) allowlisted for NCAAF: moneyline, spread, total_points, alternate_spread, alternate_total_points, team_total, alternate_team_total, moneyline_h1, spread_h1, total_points_h1."
2026-10-01,401871049,False,2026-10-02T00:00:00Z,New Mexico State Aggies,Western Kentucky Hilltoppers,alternate_total_points,over,29.5,-7000,fanduel,0.9692122470622,-0.016703245895546504,"10 market(s) allowlisted for NCAAF: moneyline, spread, total_points, alternate_spread, alternate_total_points, team_total, alternate_team_total, moneyline_h1, spread_h1, total_points_h1."
2026-10-01,401871049,False,2026-10-02T00:00:00Z,New Mexico State Aggies,Western Kentucky Hilltoppers,alternate_total_points,over,30.5,-6000,fanduel,0.962585063668677,-0.02102149370837214,"10 market(s) allowlisted for NCAAF: moneyline, spread, total_points, alternate_spread, alternate_total_points, team_total, alternate_team_total, moneyline_h1, spread_h1, total_points_h1."
2026-10-01,401871049,False,2026-10-02T00:00:00Z,New Mexico State Aggies,Western Kentucky Hilltoppers,alternate_total_points,over,31.5,-4500,fanduel,0.9550629074159518,-0.023197962149265616,"10 market(s) allowlisted for NCAAF: moneyline, spread, total_points, alternate_spread, alternate_total_points, team_total, alternate_team_total, moneyline_h1, spread_h1, total_points_h1."
2026-10-01,401871049,False,2026-10-02T00:00:00Z,New Mexico State Aggies,Western Kentucky Hilltoppers,alternate_total_points,over,32.5,-4000,fanduel,0.9485323198551276,-0.027077436242433306,"10 market(s) allowlisted for NCAAF: moneyline, spread, total_points, alternate_spread, alternate_total_points, team_total, alternate_team_total, moneyline_h1, spread_h1, total_points_h1."
2026-10-01,401871049,False,2026-10-02T00:00:00Z,New Mexico State Aggies,Western Kentucky Hilltoppers,alternate_total_points,over,33.5,-3000,fanduel,0.9377592915532298,-0.029982643930641206,"10 market(s) allowlisted for NCAAF: moneyline, spread, total_points, alternate_spread, alternate_total_points, team_total, alternate_team_total, moneyline_h1, spread_h1, total_points_h1."
2026-10-01,401871049,False,2026-10-02T00:00:00Z,New Mexico State Aggies,Western Kentucky Hilltoppers,alternate_total_points,over,34.5,-2500,fanduel,0.9257277132807775,-0.035810748257684044,"10 market(s) allowlisted for NCAAF: moneyline, spread, total_points, alternate_spread, alternate_total_points, team_total, alternate_team_total, moneyline_h1, spread_h1, total_points_h1."
2026-10-01,401871049,False,2026-10-02T00:00:00Z,New Mexico State Aggies,Western Kentucky Hilltoppers,alternate_total_points,over,35.5,-2000,fanduel,0.915852797120154,-0.036528155260798334,"10 market(s) allowlisted for NCAAF: moneyline, spread, total_points, alternate_spread, alternate_total_points, team_total, alternate_team_total, moneyline_h1, spread_h1, total_points_h1."
2026-10-01,401871049,False,2026-10-02T00:00:00Z,New Mexico State Aggies,Western Kentucky Hilltoppers,alternate_total_points,over,36.5,-1600,fanduel,0.9091072543527419,-0.032069216235493414,"10 market(s) allowlisted for NCAAF: moneyline, spread, total_points, alternate_spread, alternate_total_points, team_total, alternate_team_total, moneyline_h1, spread_h1, total_points_h1."
2026-10-01,401871049,False,2026-10-02T00:00:00Z,New Mexico State Aggies,Western Kentucky Hilltoppers,alternate_total_points,over,37.5,-1100,fanduel,0.8924616176103025,-0.024205049056364114,"10 market(s) allowlisted for NCAAF: moneyline, spread, total_points, alternate_spread, alternate_total_points, team_total, alternate_team_total, moneyline_h1, spread_h1, total_points_h1."
2026-10-01,401871049,False,2026-10-02T00:00:00Z,New Mexico State Aggies,Western Kentucky Hilltoppers,alternate_total_points,over,38.5,-950,fanduel,0.8758745485703701,-0.028887356191534708,"10 market(s) allowlisted for NCAAF: moneyline, spread, total_points, alternate_spread, alternate_total_points, team_total, alternate_team_total, moneyline_h1, spread_h1, total_points_h1."
2026-10-01,401871049,False,2026-10-02T00:00:00Z,New Mexico State Aggies,Western Kentucky Hilltoppers,alternate_total_points,over,39.5,-850,fanduel,0.8684660346884353,-0.026270807416827857,"10 market(s) allowlisted for NCAAF: moneyline, spread, total_points, alternate_spread, alternate_total_points, team_total, alternate_team_total, moneyline_h1, spread_h1, total_points_h1."
2026-10-01,401871049,False,2026-10-02T00:00:00Z,New Mexico State Aggies,Western Kentucky Hilltoppers,alternate_total_points,over,40.5,-720,fanduel,0.8472675827599624,-0.03078119772784249,"10 market(s) allowlisted for NCAAF: moneyline, spread, total_points, alternate_spread, alternate_total_points, team_total, alternate_team_total, moneyline_h1, spread_h1, total_points_h1."
2026-10-01,401871049,False,2026-10-02T00:00:00Z,New Mexico State Aggies,Western Kentucky Hilltoppers,alternate_total_points,over,41.5,-590,fanduel,0.8282084398164833,-0.026864023951632676,"10 market(s) allowlisted for NCAAF: moneyline, spread, total_points, alternate_spread, alternate_total_points, team_total, alternate_team_total, moneyline_h1, spread_h1, total_points_h1."
2026-10-01,401871049,False,2026-10-02T00:00:00Z,New Mexico State Aggies,Western Kentucky Hilltoppers,alternate_total_points,over,42.5,-530,fanduel,0.814403363191569,-0.02686647807827225,"10 market(s) allowlisted for NCAAF: moneyline, spread, total_points, alternate_spread, alternate_total_points, team_total, alternate_team_total, moneyline_h1, spread_h1, total_points_h1."
2026-10-01,401871049,False,2026-10-02T00:00:00Z,New Mexico State Aggies,Western Kentucky Hilltoppers,alternate_total_points,over,43.5,-480,fanduel,0.7918146510941466,-0.0357715558024051,"10 market(s) allowlisted for NCAAF: moneyline, spread, total_points, alternate_spread, alternate_total_points, team_total, alternate_team_total, moneyline_h1, spread_h1, total_points_h1."
2026-10-01,401871049,False,2026-10-02T00:00:00Z,New Mexico State Aggies,Western Kentucky Hilltoppers,alternate_total_points,over,44.5,-410,fanduel,0.7683741882636674,-0.035547380363783576,"10 market(s) allowlisted for NCAAF: moneyline, spread, total_points, alternate_spread, alternate_total_points, team_total, alternate_team_total, moneyline_h1, spread_h1, total_points_h1."
2026-10-01,401871049,False,2026-10-02T00:00:00Z,New Mexico State Aggies,Western Kentucky Hilltoppers,alternate_total_points,over,45.5,-350,fanduel,0.7430502137221809,-0.03472756405559685,"10 market(s) allowlisted for NCAAF: moneyline, spread, total_points, alternate_spread, alternate_total_points, team_total, alternate_team_total, moneyline_h1, spread_h1, total_points_h1."
2026-10-01,401871049,False,2026-10-02T00:00:00Z,New Mexico State Aggies,Western Kentucky Hilltoppers,alternate_total_points,over,46.5,-330,fanduel,0.7228456558704369,-0.04459620459467939,"10 market(s) allowlisted for NCAAF: moneyline, spread, total_points, alternate_spread, alternate_total_points, team_total, alternate_team_total, moneyline_h1, spread_h1, total_points_h1."
2026-10-01,401871049,False,2026-10-02T00:00:00Z,New Mexico State Aggies,Western Kentucky Hilltoppers,alternate_total_points,over,47.5,-295,fanduel,0.704116377714317,-0.04271906532365766,"10 market(s) allowlisted for NCAAF: moneyline, spread, total_points, alternate_spread, alternate_total_points, team_total, alternate_team_total, moneyline_h1, spread_h1, total_points_h1."
2026-10-01,401871049,False,2026-10-02T00:00:00Z,New Mexico State Aggies,Western Kentucky Hilltoppers,alternate_total_points,over,48.5,-265,fanduel,0.6793108441536524,-0.046716553106621594,"10 market(s) allowlisted for NCAAF: moneyline, spread, total_points, alternate_spread, alternate_total_points, team_total, alternate_team_total, moneyline_h1, spread_h1, total_points_h1."
2026-10-01,401871049,False,2026-10-02T00:00:00Z,New Mexico State Aggies,Western Kentucky Hilltoppers,alternate_total_points,over,49.5,-230,fanduel,0.6600651514186162,-0.0369045455510808,"10 market(s) allowlisted for NCAAF: moneyline, spread, total_points, alternate_spread, alternate_total_points, team_total, alternate_team_total, moneyline_h1, spread_h1, total_points_h1."
2026-10-01,401871049,False,2026-10-02T00:00:00Z,New Mexico State Aggies,Western Kentucky Hilltoppers,alternate_total_points,over,50.5,-215,fanduel,0.6430789123925935,-0.03946077014708904,"10 market(s) allowlisted for NCAAF: moneyline, spread, total_points, alternate_spread, alternate_total_points, team_total, alternate_team_total, moneyline_h1, spread_h1, total_points_h1."
2026-10-01,401871049,False,2026-10-02T00:00:00Z,New Mexico State Aggies,Western Kentucky Hilltoppers,alternate_total_points,over,51.5,-184,fanduel,0.6183308288076481,-0.029556495136013883,"10 market(s) allowlisted for NCAAF: moneyline, spread, total_points, alternate_spread, alternate_total_points, team_total, alternate_team_total, moneyline_h1, spread_h1, total_points_h1."
2026-10-01,401871049,False,2026-10-02T00:00:00Z,New Mexico State Aggies,Western Kentucky Hilltoppers,alternate_total_points,over,52.5,-164,fanduel,0.599540981335279,-0.021671139876842216,"10 market(s) allowlisted for NCAAF: moneyline, spread, total_points, alternate_spread, alternate_total_points, team_total, alternate_team_total, moneyline_h1, spread_h1, total_points_h1."
2026-10-01,401871049,False,2026-10-02T00:00:00Z,New Mexico State Aggies,Western Kentucky Hilltoppers,alternate_total_points,over,53.5,-150,fanduel,0.5870182869037548,-0.012981713096245184,"10 market(s) allowlisted for NCAAF: moneyline, spread, total_points, alternate_spread, alternate_total_points, team_total, alternate_team_total, moneyline_h1, spread_h1, total_points_h1."
2026-10-01,401871049,False,2026-10-02T00:00:00Z,New Mexico State Aggies,Western Kentucky Hilltoppers,alternate_total_points,over,54.5,-136,fanduel,0.5610573799445694,-0.015213806496108595,"10 market(s) allowlisted for NCAAF: moneyline, spread, total_points, alternate_spread, alternate_total_points, team_total, alternate_team_total, moneyline_h1, spread_h1, total_points_h1."
2026-10-01,401871049,False,2026-10-02T00:00:00Z,New Mexico State Aggies,Western Kentucky Hilltoppers,alternate_total_points,over,55.5,-118,fanduel,0.5222922337283343,-0.018992169941390413,"10 market(s) allowlisted for NCAAF: moneyline, spread, total_points, alternate_spread, alternate_total_points, team_total, alternate_team_total, moneyline_h1, spread_h1, total_points_h1."
2026-10-01,401871049,False,2026-10-02T00:00:00Z,New Mexico State Aggies,Western Kentucky Hilltoppers,alternate_total_points,over,56.5,-108,fanduel,0.5000000162113298,-0.01923075301943944,"10 market(s) allowlisted for NCAAF: moneyline, spread, total_points, alternate_spread, alternate_total_points, team_total, alternate_team_total, moneyline_h1, spread_h1, total_points_h1."
2026-10-01,401871049,False,2026-10-02T00:00:00Z,New Mexico State Aggies,Western Kentucky Hilltoppers,alternate_total_points,over,57.5,102,fanduel,0.4817113927903454,-0.013338112160149629,"10 market(s) allowlisted for NCAAF: moneyline, spread, total_points, alternate_spread, alternate_total_points, team_total, alternate_team_total, moneyline_h1, spread_h1, total_points_h1."
2026-10-01,401871049,False,2026-10-02T00:00:00Z,New Mexico State Aggies,Western Kentucky Hilltoppers,alternate_total_points,over,58.5,116,fanduel,0.45453868620675336,-0.008424276756209603,"10 market(s) allowlisted for NCAAF: moneyline, spread, total_points, alternate_spread, alternate_total_points, team_total, alternate_team_total, moneyline_h1, spread_h1, total_points_h1."
2026-10-01,401871049,False,2026-10-02T00:00:00Z,New Mexico State Aggies,Western Kentucky Hilltoppers,alternate_total_points,over,59.5,130,fanduel,0.4208863031732046,-0.013896305522447583,"10 market(s) allowlisted for NCAAF: moneyline, spread, total_points, alternate_spread, alternate_total_points, team_total, alternate_team_total, moneyline_h1, spread_h1, total_points_h1."
2026-10-01,401871049,False,2026-10-02T00:00:00Z,New Mexico State Aggies,Western Kentucky Hilltoppers,alternate_total_points,over,60.5,138,fanduel,0.40448160420127205,-0.015686463025618713,"10 market(s) allowlisted for NCAAF: moneyline, spread, total_points, alternate_spread, alternate_total_points, team_total, alternate_team_total, moneyline_h1, spread_h1, total_points_h1."
2026-10-01,401871049,False,2026-10-02T00:00:00Z,New Mexico State Aggies,Western Kentucky Hilltoppers,alternate_total_points,over,61.5,154,fanduel,0.3727162461057006,-0.020984541295874237,"10 market(s) allowlisted for NCAAF: moneyline, spread, total_points, alternate_spread, alternate_total_points, team_total, alternate_team_total, moneyline_h1, spread_h1, total_points_h1."
2026-10-01,401871049,False,2026-10-02T00:00:00Z,New Mexico State Aggies,Western Kentucky Hilltoppers,alternate_total_points,over,62.5,172,fanduel,0.3391966128826643,-0.028450445940865154,"10 market(s) allowlisted for NCAAF: moneyline, spread, total_points, alternate_spread, alternate_total_points, team_total, alternate_team_total, moneyline_h1, spread_h1, total_points_h1."
2026-10-01,401871049,False,2026-10-02T00:00:00Z,New Mexico State Aggies,Western Kentucky Hilltoppers,alternate_total_points,over,63.5,190,fanduel,0.3128224635047631,-0.03200512270213346,"10 market(s) allowlisted for NCAAF: moneyline, spread, total_points, alternate_spread, alternate_total_points, team_total, alternate_team_total, moneyline_h1, spread_h1, total_points_h1."
2026-10-01,401871049,False,2026-10-02T00:00:00Z,New Mexico State Aggies,Western Kentucky Hilltoppers,alternate_total_points,over,64.5,200,fanduel,0.29821924559562785,-0.03511408773770547,"10 market(s) allowlisted for NCAAF: moneyline, spread, total_points, alternate_spread, alternate_total_points, team_total, alternate_team_total, moneyline_h1, spread_h1, total_points_h1."
2026-10-01,401871049,False,2026-10-02T00:00:00Z,New Mexico State Aggies,Western Kentucky Hilltoppers,alternate_total_points,over,65.5,230,fanduel,0.2727900038235004,-0.030240299206802657,"10 market(s) allowlisted for NCAAF: moneyline, spread, total_points, alternate_spread, alternate_total_points, team_total, alternate_team_total, moneyline_h1, spread_h1, total_points_h1."
2026-10-01,401871049,False,2026-10-02T00:00:00Z,New Mexico State Aggies,Western Kentucky Hilltoppers,alternate_total_points,over,66.5,250,fanduel,0.2489287311348766,-0.0367855545794091,"10 market(s) allowlisted for NCAAF: moneyline, spread, total_points, alternate_spread, alternate_total_points, team_total, alternate_team_total, moneyline_h1, spread_h1, total_points_h1."
2026-10-01,401871049,False,2026-10-02T00:00:00Z,New Mexico State Aggies,Western Kentucky Hilltoppers,alternate_total_points,over,67.5,280,fanduel,0.23631136871976835,-0.02684652601707374,"10 market(s) allowlisted for NCAAF: moneyline, spread, total_points, alternate_spread, alternate_total_points, team_total, alternate_team_total, moneyline_h1, spread_h1, total_points_h1."
2026-10-01,401871049,False,2026-10-02T00:00:00Z,New Mexico State Aggies,Western Kentucky Hilltoppers,alternate_total_points,over,68.5,300,fanduel,0.2250673165945293,-0.024932683405470696,"10 market(s) allowlisted for NCAAF: moneyline, spread, total_points, alternate_spread, alternate_total_points, team_total, alternate_team_total, moneyline_h1, spread_h1, total_points_h1."
2026-10-01,401871049,False,2026-10-02T00:00:00Z,New Mexico State Aggies,Western Kentucky Hilltoppers,alternate_total_points,over,69.5,340,fanduel,0.21266442418259685,-0.01460830309013042,"10 market(s) allowlisted for NCAAF: moneyline, spread, total_points, alternate_spread, alternate_total_points, team_total, alternate_team_total, moneyline_h1, spread_h1, total_points_h1."
2026-10-01,401871049,False,2026-10-02T00:00:00Z,New Mexico State Aggies,Western Kentucky Hilltoppers,alternate_total_points,over,70.5,350,fanduel,0.19842152004365035,-0.02380070217857186,"10 market(s) allowlisted for NCAAF: moneyline, spread, total_points, alternate_spread, alternate_total_points, team_total, alternate_team_total, moneyline_h1, spread_h1, total_points_h1."
2026-10-01,401871049,False,2026-10-02T00:00:00Z,New Mexico State Aggies,Western Kentucky Hilltoppers,alternate_total_points,over,71.5,400,fanduel,0.18448071475176253,-0.01551928524823748,"10 market(s) allowlisted for NCAAF: moneyline, spread, total_points, alternate_spread, alternate_total_points, team_total, alternate_team_total, moneyline_h1, spread_h1, total_points_h1."
2026-10-01,401871049,False,2026-10-02T00:00:00Z,New Mexico State Aggies,Western Kentucky Hilltoppers,alternate_total_points,over,72.5,440,fanduel,0.16764382702409747,-0.017541358161087706,"10 market(s) allowlisted for NCAAF: moneyline, spread, total_points, alternate_spread, alternate_total_points, team_total, alternate_team_total, moneyline_h1, spread_h1, total_points_h1."
2026-10-01,401871049,False,2026-10-02T00:00:00Z,New Mexico State Aggies,Western Kentucky Hilltoppers,alternate_total_points,over,73.5,480,fanduel,0.14983023799412334,-0.022583555109324943,"10 market(s) allowlisted for NCAAF: moneyline, spread, total_points, alternate_spread, alternate_total_points, team_total, alternate_team_total, moneyline_h1, spread_h1, total_points_h1."
2026-10-01,401871049,False,2026-10-02T00:00:00Z,New Mexico State Aggies,Western Kentucky Hilltoppers,alternate_total_points,over,74.5,520,fanduel,0.14080364650747113,-0.02048667607317403,"10 market(s) allowlisted for NCAAF: moneyline, spread, total_points, alternate_spread, alternate_total_points, team_total, alternate_team_total, moneyline_h1, spread_h1, total_points_h1."
2026-10-01,401871049,False,2026-10-02T00:00:00Z,New Mexico State Aggies,Western Kentucky Hilltoppers,alternate_total_points,over,75.5,560,fanduel,0.1309361804710215,-0.020578971044130007,"10 market(s) allowlisted for NCAAF: moneyline, spread, total_points, alternate_spread, alternate_total_points, team_total, alternate_team_total, moneyline_h1, spread_h1, total_points_h1."
2026-10-01,401871049,False,2026-10-02T00:00:00Z,New Mexico State Aggies,Western Kentucky Hilltoppers,alternate_total_points,over,76.5,630,fanduel,0.11909320815343921,-0.017893093216423794,"10 market(s) allowlisted for NCAAF: moneyline, spread, total_points, alternate_spread, alternate_total_points, team_total, alternate_team_total, moneyline_h1, spread_h1, total_points_h1."
2026-10-01,401871049,False,2026-10-02T00:00:00Z,New Mexico State Aggies,Western Kentucky Hilltoppers,alternate_total_points,over,77.5,680,fanduel,0.10844180525637662,-0.019763322948751577,"10 market(s) allowlisted for NCAAF: moneyline, spread, total_points, alternate_spread, alternate_total_points, team_total, alternate_team_total, moneyline_h1, spread_h1, total_points_h1."
2026-10-01,401871049,False,2026-10-02T00:00:00Z,New Mexico State Aggies,Western Kentucky Hilltoppers,alternate_total_points,over,78.5,750,fanduel,0.10078267848881878,-0.016864380334710632,"10 market(s) allowlisted for NCAAF: moneyline, spread, total_points, alternate_spread, alternate_total_points, team_total, alternate_team_total, moneyline_h1, spread_h1, total_points_h1."
2026-10-01,401871049,False,2026-10-02T00:00:00Z,New Mexico State Aggies,Western Kentucky Hilltoppers,alternate_total_points,over,79.5,830,fanduel,0.0874642213321207,-0.02006266038830941,"10 market(s) allowlisted for NCAAF: moneyline, spread, total_points, alternate_spread, alternate_total_points, team_total, alternate_team_total, moneyline_h1, spread_h1, total_points_h1."
2026-10-01,401871049,False,2026-10-02T00:00:00Z,New Mexico State Aggies,Western Kentucky Hilltoppers,alternate_total_points,over,80.5,900,fanduel,0.0767122842771765,-0.02328771572282351,"10 market(s) allowlisted for NCAAF: moneyline, spread, total_points, alternate_spread, alternate_total_points, team_total, alternate_team_total, moneyline_h1, spread_h1, total_points_h1."
2026-10-01,401871049,False,2026-10-02T00:00:00Z,New Mexico State Aggies,Western Kentucky Hilltoppers,alternate_total_points,over,81.5,900,fanduel,0.07117425150120898,-0.02882574849879102,"10 market(s) allowlisted for NCAAF: moneyline, spread, total_points, alternate_spread, alternate_total_points, team_total, alternate_team_total, moneyline_h1, spread_h1, total_points_h1."
2026-10-01,401871049,False,2026-10-02T00:00:00Z,New Mexico State Aggies,Western Kentucky Hilltoppers,alternate_total_points,over,82.5,1000,fanduel,0.06646625370539422,-0.024442837203696693,"10 market(s) allowlisted for NCAAF: moneyline, spread, total_points, alternate_spread, alternate_total_points, team_total, alternate_team_total, moneyline_h1, spread_h1, total_points_h1."
2026-10-01,401871049,False,2026-10-02T00:00:00Z,New Mexico State Aggies,Western Kentucky Hilltoppers,alternate_total_points,over,83.5,1100,fanduel,0.056747456196503926,-0.026585877136829403,"10 market(s) allowlisted for NCAAF: moneyline, spread, total_points, alternate_spread, alternate_total_points, team_total, alternate_team_total, moneyline_h1, spread_h1, total_points_h1."
2026-10-01,401871049,False,2026-10-02T00:00:00Z,New Mexico State Aggies,Western Kentucky Hilltoppers,alternate_total_points,over,84.5,1200,fanduel,0.04992002857235084,-0.02700304835072609,"10 market(s) allowlisted for NCAAF: moneyline, spread, total_points, alternate_spread, alternate_total_points, team_total, alternate_team_total, moneyline_h1, spread_h1, total_points_h1."
2026-10-01,401871049,False,2026-10-02T00:00:00Z,New Mexico State Aggies,Western Kentucky Hilltoppers,alternate_total_points,under,24.5,3000,fanduel,0.013457691571269222,-0.01880037294485981,"10 market(s) allowlisted for NCAAF: moneyline, spread, total_points, alternate_spread, alternate_total_points, team_total, alternate_team_total, moneyline_h1, spread_h1, total_points_h1."
2026-10-01,401871049,False,2026-10-02T00:00:00Z,New Mexico State Aggies,Western Kentucky Hilltoppers,alternate_total_points,under,25.5,2500,fanduel,0.016812683728607114,-0.02164885473293135,"10 market(s) allowlisted for NCAAF: moneyline, spread, total_points, alternate_spread, alternate_total_points, team_total, alternate_team_total, moneyline_h1, spread_h1, total_points_h1."
2026-10-01,401871049,False,2026-10-02T00:00:00Z,New Mexico State Aggies,Western Kentucky Hilltoppers,alternate_total_points,under,26.5,2200,fanduel,0.01933143350162316,-0.024146827367942054,"10 market(s) allowlisted for NCAAF: moneyline, spread, total_points, alternate_spread, alternate_total_points, team_total, alternate_team_total, moneyline_h1, spread_h1, total_points_h1."
2026-10-01,401871049,False,2026-10-02T00:00:00Z,New Mexico State Aggies,Western Kentucky Hilltoppers,alternate_total_points,under,27.5,1700,fanduel,0.022609263330957398,-0.032946292224598155,"10 market(s) allowlisted for NCAAF: moneyline, spread, total_points, alternate_spread, alternate_total_points, team_total, alternate_team_total, moneyline_h1, spread_h1, total_points_h1."
2026-10-01,401871049,False,2026-10-02T00:00:00Z,New Mexico State Aggies,Western Kentucky Hilltoppers,alternate_total_points,under,28.5,1700,fanduel,0.0261407933102861,-0.02941476224526945,"10 market(s) allowlisted for NCAAF: moneyline, spread, total_points, alternate_spread, alternate_total_points, team_total, alternate_team_total, moneyline_h1, spread_h1, total_points_h1."
2026-10-01,401871049,False,2026-10-02T00:00:00Z,New Mexico State Aggies,Western Kentucky Hilltoppers,alternate_total_points,under,29.5,1500,fanduel,0.030787752937800464,-0.031712247062199536,"10 market(s) allowlisted for NCAAF: moneyline, spread, total_points, alternate_spread, alternate_total_points, team_total, alternate_team_total, moneyline_h1, spread_h1, total_points_h1."
2026-10-01,401871049,False,2026-10-02T00:00:00Z,New Mexico State Aggies,Western Kentucky Hilltoppers,alternate_total_points,under,30.5,1400,fanduel,0.03741493633132334,-0.029251730335343326,"10 market(s) allowlisted for NCAAF: moneyline, spread, total_points, alternate_spread, alternate_total_points, team_total, alternate_team_total, moneyline_h1, spread_h1, total_points_h1."
2026-10-01,401871049,False,2026-10-02T00:00:00Z,New Mexico State Aggies,Western Kentucky Hilltoppers,alternate_total_points,under,31.5,1200,fanduel,0.044937092584048544,-0.031985984339028384,"10 market(s) allowlisted for NCAAF: moneyline, spread, total_points, alternate_spread, alternate_total_points, team_total, alternate_team_total, moneyline_h1, spread_h1, total_points_h1."
2026-10-01,401871049,False,2026-10-02T00:00:00Z,New Mexico State Aggies,Western Kentucky Hilltoppers,alternate_total_points,under,32.5,1100,fanduel,0.05146768014487278,-0.031865653188460547,"10 market(s) allowlisted for NCAAF: moneyline, spread, total_points, alternate_spread, alternate_total_points, team_total, alternate_team_total, moneyline_h1, spread_h1, total_points_h1."
2026-10-01,401871049,False,2026-10-02T00:00:00Z,New Mexico State Aggies,Western Kentucky Hilltoppers,alternate_total_points,under,33.5,1000,fanduel,0.062240708446770515,-0.028668382462320396,"10 market(s) allowlisted for NCAAF: moneyline, spread, total_points, alternate_spread, alternate_total_points, team_total, alternate_team_total, moneyline_h1, spread_h1, total_points_h1."
2026-10-01,401871049,False,2026-10-02T00:00:00Z,New Mexico State Aggies,Western Kentucky Hilltoppers,alternate_total_points,under,34.5,900,fanduel,0.074272286719223,-0.025727713280777012,"10 market(s) allowlisted for NCAAF: moneyline, spread, total_points, alternate_spread, alternate_total_points, team_total, alternate_team_total, moneyline_h1, spread_h1, total_points_h1."
2026-10-01,401871049,False,2026-10-02T00:00:00Z,New Mexico State Aggies,Western Kentucky Hilltoppers,alternate_total_points,under,35.5,830,fanduel,0.08414720287984624,-0.023379678840583867,"10 market(s) allowlisted for NCAAF: moneyline, spread, total_points, alternate_spread, alternate_total_points, team_total, alternate_team_total, moneyline_h1, spread_h1, total_points_h1."
2026-10-01,401871049,False,2026-10-02T00:00:00Z,New Mexico State Aggies,Western Kentucky Hilltoppers,alternate_total_points,under,36.5,750,fanduel,0.09089274564725852,-0.02675431317627089,"10 market(s) allowlisted for NCAAF: moneyline, spread, total_points, alternate_spread, alternate_total_points, team_total, alternate_team_total, moneyline_h1, spread_h1, total_points_h1."
2026-10-01,401871049,False,2026-10-02T00:00:00Z,New Mexico State Aggies,Western Kentucky Hilltoppers,alternate_total_points,under,37.5,600,fanduel,0.1075383823896979,-0.03531876046744495,"10 market(s) allowlisted for NCAAF: moneyline, spread, total_points, alternate_spread, alternate_total_points, team_total, alternate_team_total, moneyline_h1, spread_h1, total_points_h1."
2026-10-01,401871049,False,2026-10-02T00:00:00Z,New Mexico State Aggies,Western Kentucky Hilltoppers,alternate_total_points,under,38.5,540,fanduel,0.12412545142963027,-0.032124548570369726,"10 market(s) allowlisted for NCAAF: moneyline, spread, total_points, alternate_spread, alternate_total_points, team_total, alternate_team_total, moneyline_h1, spread_h1, total_points_h1."
2026-10-01,401871049,False,2026-10-02T00:00:00Z,New Mexico State Aggies,Western Kentucky Hilltoppers,alternate_total_points,under,39.5,500,fanduel,0.13153396531156508,-0.035132701355101575,"10 market(s) allowlisted for NCAAF: moneyline, spread, total_points, alternate_spread, alternate_total_points, team_total, alternate_team_total, moneyline_h1, spread_h1, total_points_h1."
2026-10-01,401871049,False,2026-10-02T00:00:00Z,New Mexico State Aggies,Western Kentucky Hilltoppers,alternate_total_points,under,40.5,450,fanduel,0.15273241724003803,-0.029085764578143797,"10 market(s) allowlisted for NCAAF: moneyline, spread, total_points, alternate_spread, alternate_total_points, team_total, alternate_team_total, moneyline_h1, spread_h1, total_points_h1."
2026-10-01,401871049,False,2026-10-02T00:00:00Z,New Mexico State Aggies,Western Kentucky Hilltoppers,alternate_total_points,under,41.5,390,fanduel,0.17179156018351704,-0.032290072469544184,"10 market(s) allowlisted for NCAAF: moneyline, spread, total_points, alternate_spread, alternate_total_points, team_total, alternate_team_total, moneyline_h1, spread_h1, total_points_h1."
2026-10-01,401871049,False,2026-10-02T00:00:00Z,New Mexico State Aggies,Western Kentucky Hilltoppers,alternate_total_points,under,42.5,360,fanduel,0.1855966368084313,-0.03179466753939478,"10 market(s) allowlisted for NCAAF: moneyline, spread, total_points, alternate_spread, alternate_total_points, team_total, alternate_team_total, moneyline_h1, spread_h1, total_points_h1."
2026-10-01,401871049,False,2026-10-02T00:00:00Z,New Mexico State Aggies,Western Kentucky Hilltoppers,alternate_total_points,under,43.5,330,fanduel,0.20818534890585363,-0.024372790629030083,"10 market(s) allowlisted for NCAAF: moneyline, spread, total_points, alternate_spread, alternate_total_points, team_total, alternate_team_total, moneyline_h1, spread_h1, total_points_h1."
2026-10-01,401871049,False,2026-10-02T00:00:00Z,New Mexico State Aggies,Western Kentucky Hilltoppers,alternate_total_points,under,44.5,290,fanduel,0.23162581173633284,-0.024784444673923545,"10 market(s) allowlisted for NCAAF: moneyline, spread, total_points, alternate_spread, alternate_total_points, team_total, alternate_team_total, moneyline_h1, spread_h1, total_points_h1."
2026-10-01,401871049,False,2026-10-02T00:00:00Z,New Mexico State Aggies,Western Kentucky Hilltoppers,alternate_total_points,under,45.5,255,fanduel,0.2569497862778194,-0.024740354567251044,"10 market(s) allowlisted for NCAAF: moneyline, spread, total_points, alternate_spread, alternate_total_points, team_total, alternate_team_total, moneyline_h1, spread_h1, total_points_h1."
2026-10-01,401871049,False,2026-10-02T00:00:00Z,New Mexico State Aggies,Western Kentucky Hilltoppers,alternate_total_points,under,46.5,250,fanduel,0.2771543441295633,-0.008559941584722397,"10 market(s) allowlisted for NCAAF: moneyline, spread, total_points, alternate_spread, alternate_total_points, team_total, alternate_team_total, moneyline_h1, spread_h1, total_points_h1."
2026-10-01,401871049,False,2026-10-02T00:00:00Z,New Mexico State Aggies,Western Kentucky Hilltoppers,alternate_total_points,under,47.5,220,fanduel,0.29588362228568327,-0.016616377714316732,"10 market(s) allowlisted for NCAAF: moneyline, spread, total_points, alternate_spread, alternate_total_points, team_total, alternate_team_total, moneyline_h1, spread_h1, total_points_h1."
2026-10-01,401871049,False,2026-10-02T00:00:00Z,New Mexico State Aggies,Western Kentucky Hilltoppers,alternate_total_points,under,48.5,200,fanduel,0.3206891558463479,-0.01264417748698543,"10 market(s) allowlisted for NCAAF: moneyline, spread, total_points, alternate_spread, alternate_total_points, team_total, alternate_team_total, moneyline_h1, spread_h1, total_points_h1."
2026-10-01,401871049,False,2026-10-02T00:00:00Z,New Mexico State Aggies,Western Kentucky Hilltoppers,alternate_total_points,under,49.5,176,fanduel,0.339934848581384,-0.022383991998326136,"10 market(s) allowlisted for NCAAF: moneyline, spread, total_points, alternate_spread, alternate_total_points, team_total, alternate_team_total, moneyline_h1, spread_h1, total_points_h1."
2026-10-01,401871049,False,2026-10-02T00:00:00Z,New Mexico State Aggies,Western Kentucky Hilltoppers,alternate_total_points,under,50.5,164,fanduel,0.35692108760740676,-0.021866791180472023,"10 market(s) allowlisted for NCAAF: moneyline, spread, total_points, alternate_spread, alternate_total_points, team_total, alternate_team_total, moneyline_h1, spread_h1, total_points_h1."
2026-10-01,401871049,False,2026-10-02T00:00:00Z,New Mexico State Aggies,Western Kentucky Hilltoppers,alternate_total_points,under,51.5,140,fanduel,0.3816691711923522,-0.034997495474314466,"10 market(s) allowlisted for NCAAF: moneyline, spread, total_points, alternate_spread, alternate_total_points, team_total, alternate_team_total, moneyline_h1, spread_h1, total_points_h1."
2026-10-01,401871049,False,2026-10-02T00:00:00Z,New Mexico State Aggies,Western Kentucky Hilltoppers,alternate_total_points,under,52.5,128,fanduel,0.40045901866472117,-0.038137472563348984,"10 market(s) allowlisted for NCAAF: moneyline, spread, total_points, alternate_spread, alternate_total_points, team_total, alternate_team_total, moneyline_h1, spread_h1, total_points_h1."
2026-10-01,401871049,False,2026-10-02T00:00:00Z,New Mexico State Aggies,Western Kentucky Hilltoppers,alternate_total_points,under,53.5,118,fanduel,0.41298171309624543,-0.045733883234029826,"10 market(s) allowlisted for NCAAF: moneyline, spread, total_points, alternate_spread, alternate_total_points, team_total, alternate_team_total, moneyline_h1, spread_h1, total_points_h1."
2026-10-01,401871049,False,2026-10-02T00:00:00Z,New Mexico State Aggies,Western Kentucky Hilltoppers,alternate_total_points,under,54.5,106,fanduel,0.4389426200554308,-0.046494273148452725,"10 market(s) allowlisted for NCAAF: moneyline, spread, total_points, alternate_spread, alternate_total_points, team_total, alternate_team_total, moneyline_h1, spread_h1, total_points_h1."
2026-10-01,401871049,False,2026-10-02T00:00:00Z,New Mexico State Aggies,Western Kentucky Hilltoppers,alternate_total_points,under,55.5,-108,fanduel,0.47770776627166556,-0.041523002959103716,"10 market(s) allowlisted for NCAAF: moneyline, spread, total_points, alternate_spread, alternate_total_points, team_total, alternate_team_total, moneyline_h1, spread_h1, total_points_h1."
2026-10-01,401871049,False,2026-10-02T00:00:00Z,New Mexico State Aggies,Western Kentucky Hilltoppers,alternate_total_points,under,56.5,-118,fanduel,0.49999998378867,-0.041284419881054746,"10 market(s) allowlisted for NCAAF: moneyline, spread, total_points, alternate_spread, alternate_total_points, team_total, alternate_team_total, moneyline_h1, spread_h1, total_points_h1."
2026-10-01,401871049,False,2026-10-02T00:00:00Z,New Mexico State Aggies,Western Kentucky Hilltoppers,alternate_total_points,under,57.5,-130,fanduel,0.5182886072096544,-0.046928784094693365,"10 market(s) allowlisted for NCAAF: moneyline, spread, total_points, alternate_spread, alternate_total_points, team_total, alternate_team_total, moneyline_h1, spread_h1, total_points_h1."
2026-10-01,401871049,False,2026-10-02T00:00:00Z,New Mexico State Aggies,Western Kentucky Hilltoppers,alternate_total_points,under,58.5,-148,fanduel,0.5454613137932465,-0.05131287975514065,"10 market(s) allowlisted for NCAAF: moneyline, spread, total_points, alternate_spread, alternate_total_points, team_total, alternate_team_total, moneyline_h1, spread_h1, total_points_h1."
2026-10-01,401871049,False,2026-10-02T00:00:00Z,New Mexico State Aggies,Western Kentucky Hilltoppers,alternate_total_points,under,59.5,-166,fanduel,0.5791136968267954,-0.044946453549144505,"10 market(s) allowlisted for NCAAF: moneyline, spread, total_points, alternate_spread, alternate_total_points, team_total, alternate_team_total, moneyline_h1, spread_h1, total_points_h1."
2026-10-01,401871049,False,2026-10-02T00:00:00Z,New Mexico State Aggies,Western Kentucky Hilltoppers,alternate_total_points,under,60.5,-178,fanduel,0.5955183957987279,-0.04476937398544478,"10 market(s) allowlisted for NCAAF: moneyline, spread, total_points, alternate_spread, alternate_total_points, team_total, alternate_team_total, moneyline_h1, spread_h1, total_points_h1."
2026-10-01,401871049,False,2026-10-02T00:00:00Z,New Mexico State Aggies,Western Kentucky Hilltoppers,alternate_total_points,under,61.5,-200,fanduel,0.6272837538942995,-0.03938291277236716,"10 market(s) allowlisted for NCAAF: moneyline, spread, total_points, alternate_spread, alternate_total_points, team_total, alternate_team_total, moneyline_h1, spread_h1, total_points_h1."
2026-10-01,401871049,False,2026-10-02T00:00:00Z,New Mexico State Aggies,Western Kentucky Hilltoppers,alternate_total_points,under,62.5,-225,fanduel,0.6608033871173357,-0.03150430519035663,"10 market(s) allowlisted for NCAAF: moneyline, spread, total_points, alternate_spread, alternate_total_points, team_total, alternate_team_total, moneyline_h1, spread_h1, total_points_h1."
2026-10-01,401871049,False,2026-10-02T00:00:00Z,New Mexico State Aggies,Western Kentucky Hilltoppers,alternate_total_points,under,63.5,-250,fanduel,0.6871775364952369,-0.02710817779047736,"10 market(s) allowlisted for NCAAF: moneyline, spread, total_points, alternate_spread, alternate_total_points, team_total, alternate_team_total, moneyline_h1, spread_h1, total_points_h1."
2026-10-01,401871049,False,2026-10-02T00:00:00Z,New Mexico State Aggies,Western Kentucky Hilltoppers,alternate_total_points,under,64.5,-265,fanduel,0.7017807544043723,-0.024246642855901723,"10 market(s) allowlisted for NCAAF: moneyline, spread, total_points, alternate_spread, alternate_total_points, team_total, alternate_team_total, moneyline_h1, spread_h1, total_points_h1."
2026-10-01,401871049,False,2026-10-02T00:00:00Z,New Mexico State Aggies,Western Kentucky Hilltoppers,alternate_total_points,under,65.5,-310,fanduel,0.7272099961764997,-0.028887564799110033,"10 market(s) allowlisted for NCAAF: moneyline, spread, total_points, alternate_spread, alternate_total_points, team_total, alternate_team_total, moneyline_h1, spread_h1, total_points_h1."
2026-10-01,401871049,False,2026-10-02T00:00:00Z,New Mexico State Aggies,Western Kentucky Hilltoppers,alternate_total_points,under,66.5,-340,fanduel,0.7510712688651235,-0.021656003862149165,"10 market(s) allowlisted for NCAAF: moneyline, spread, total_points, alternate_spread, alternate_total_points, team_total, alternate_team_total, moneyline_h1, spread_h1, total_points_h1."
2026-10-01,401871049,False,2026-10-02T00:00:00Z,New Mexico State Aggies,Western Kentucky Hilltoppers,alternate_total_points,under,67.5,-390,fanduel,0.7636886312802318,-0.03222973606670698,"10 market(s) allowlisted for NCAAF: moneyline, spread, total_points, alternate_spread, alternate_total_points, team_total, alternate_team_total, moneyline_h1, spread_h1, total_points_h1."
2026-10-01,401871049,False,2026-10-02T00:00:00Z,New Mexico State Aggies,Western Kentucky Hilltoppers,alternate_total_points,under,68.5,-410,fanduel,0.7749326834054708,-0.028988885221980176,"10 market(s) allowlisted for NCAAF: moneyline, spread, total_points, alternate_spread, alternate_total_points, team_total, alternate_team_total, moneyline_h1, spread_h1, total_points_h1."
2026-10-01,401871049,False,2026-10-02T00:00:00Z,New Mexico State Aggies,Western Kentucky Hilltoppers,alternate_total_points,under,69.5,-500,fanduel,0.7873355758174033,-0.04599775751593005,"10 market(s) allowlisted for NCAAF: moneyline, spread, total_points, alternate_spread, alternate_total_points, team_total, alternate_team_total, moneyline_h1, spread_h1, total_points_h1."
2026-10-01,401871049,False,2026-10-02T00:00:00Z,New Mexico State Aggies,Western Kentucky Hilltoppers,alternate_total_points,under,70.5,-520,fanduel,0.8015784799563498,-0.03713119746300508,"10 market(s) allowlisted for NCAAF: moneyline, spread, total_points, alternate_spread, alternate_total_points, team_total, alternate_team_total, moneyline_h1, spread_h1, total_points_h1."
2026-10-01,401871049,False,2026-10-02T00:00:00Z,New Mexico State Aggies,Western Kentucky Hilltoppers,alternate_total_points,under,71.5,-620,fanduel,0.8155192852482376,-0.04559182586287358,"10 market(s) allowlisted for NCAAF: moneyline, spread, total_points, alternate_spread, alternate_total_points, team_total, alternate_team_total, moneyline_h1, spread_h1, total_points_h1."
2026-10-01,401871049,False,2026-10-02T00:00:00Z,New Mexico State Aggies,Western Kentucky Hilltoppers,alternate_total_points,under,72.5,-700,fanduel,0.8323561729759027,-0.0426438270240973,"10 market(s) allowlisted for NCAAF: moneyline, spread, total_points, alternate_spread, alternate_total_points, team_total, alternate_team_total, moneyline_h1, spread_h1, total_points_h1."
2026-10-01,401871049,False,2026-10-02T00:00:00Z,New Mexico State Aggies,Western Kentucky Hilltoppers,alternate_total_points,under,73.5,-800,fanduel,0.8501697620058768,-0.038719126883012045,"10 market(s) allowlisted for NCAAF: moneyline, spread, total_points, alternate_spread, alternate_total_points, team_total, alternate_team_total, moneyline_h1, spread_h1, total_points_h1."
2026-10-01,401871049,False,2026-10-02T00:00:00Z,New Mexico State Aggies,Western Kentucky Hilltoppers,alternate_total_points,under,74.5,-900,fanduel,0.859196353492529,-0.040803646507471036,"10 market(s) allowlisted for NCAAF: moneyline, spread, total_points, alternate_spread, alternate_total_points, team_total, alternate_team_total, moneyline_h1, spread_h1, total_points_h1."
2026-10-01,401871049,False,2026-10-02T00:00:00Z,New Mexico State Aggies,Western Kentucky Hilltoppers,alternate_total_points,under,75.5,-1000,fanduel,0.8690638195289786,-0.04002708956193046,"10 market(s) allowlisted for NCAAF: moneyline, spread, total_points, alternate_spread, alternate_total_points, team_total, alternate_team_total, moneyline_h1, spread_h1, total_points_h1."
2026-10-01,401871049,False,2026-10-02T00:00:00Z,New Mexico State Aggies,Western Kentucky Hilltoppers,alternate_total_points,under,76.5,-1200,fanduel,0.880906791846561,-0.04217013123036217,"10 market(s) allowlisted for NCAAF: moneyline, spread, total_points, alternate_spread, alternate_total_points, team_total, alternate_team_total, moneyline_h1, spread_h1, total_points_h1."
2026-10-01,401871049,False,2026-10-02T00:00:00Z,New Mexico State Aggies,Western Kentucky Hilltoppers,alternate_total_points,under,77.5,-1400,fanduel,0.8915581947436235,-0.041775138589709826,"10 market(s) allowlisted for NCAAF: moneyline, spread, total_points, alternate_spread, alternate_total_points, team_total, alternate_team_total, moneyline_h1, spread_h1, total_points_h1."
2026-10-01,401871049,False,2026-10-02T00:00:00Z,New Mexico State Aggies,Western Kentucky Hilltoppers,alternate_total_points,under,78.5,-1600,fanduel,0.8992173215111814,-0.04195914907705389,"10 market(s) allowlisted for NCAAF: moneyline, spread, total_points, alternate_spread, alternate_total_points, team_total, alternate_team_total, moneyline_h1, spread_h1, total_points_h1."
2026-10-01,401871049,False,2026-10-02T00:00:00Z,New Mexico State Aggies,Western Kentucky Hilltoppers,alternate_total_points,under,79.5,-2000,fanduel,0.9125357786678795,-0.039845173713072835,"10 market(s) allowlisted for NCAAF: moneyline, spread, total_points, alternate_spread, alternate_total_points, team_total, alternate_team_total, moneyline_h1, spread_h1, total_points_h1."
2026-10-01,401871049,False,2026-10-02T00:00:00Z,New Mexico State Aggies,Western Kentucky Hilltoppers,alternate_total_points,under,80.5,-2500,fanduel,0.9232877157228238,-0.03825074581563781,"10 market(s) allowlisted for NCAAF: moneyline, spread, total_points, alternate_spread, alternate_total_points, team_total, alternate_team_total, moneyline_h1, spread_h1, total_points_h1."
2026-10-01,401871049,False,2026-10-02T00:00:00Z,New Mexico State Aggies,Western Kentucky Hilltoppers,alternate_total_points,under,81.5,-2500,fanduel,0.9288257484987913,-0.03271271303967027,"10 market(s) allowlisted for NCAAF: moneyline, spread, total_points, alternate_spread, alternate_total_points, team_total, alternate_team_total, moneyline_h1, spread_h1, total_points_h1."
2026-10-01,401871049,False,2026-10-02T00:00:00Z,New Mexico State Aggies,Western Kentucky Hilltoppers,alternate_total_points,under,82.5,-3000,fanduel,0.9335337462946061,-0.03420818918926494,"10 market(s) allowlisted for NCAAF: moneyline, spread, total_points, alternate_spread, alternate_total_points, team_total, alternate_team_total, moneyline_h1, spread_h1, total_points_h1."
2026-10-01,401871049,False,2026-10-02T00:00:00Z,New Mexico State Aggies,Western Kentucky Hilltoppers,alternate_total_points,under,83.5,-4000,fanduel,0.9432525438034964,-0.03235721229406452,"10 market(s) allowlisted for NCAAF: moneyline, spread, total_points, alternate_spread, alternate_total_points, team_total, alternate_team_total, moneyline_h1, spread_h1, total_points_h1."
2026-10-01,401871049,False,2026-10-02T00:00:00Z,New Mexico State Aggies,Western Kentucky Hilltoppers,alternate_total_points,under,84.5,-4500,fanduel,0.9500799714276496,-0.028180898137567856,"10 market(s) allowlisted for NCAAF: moneyline, spread, total_points, alternate_spread, alternate_total_points, team_total, alternate_team_total, moneyline_h1, spread_h1, total_points_h1."
2026-10-01,401871049,False,2026-10-02T00:00:00Z,New Mexico State Aggies,Western Kentucky Hilltoppers,alternate_spread,home,2.0,-167,betrivers,0.5727486292195022,-0.05271953557450526,"10 market(s) allowlisted for NCAAF: moneyline, spread, total_points, alternate_spread, alternate_total_points, team_total, alternate_team_total, moneyline_h1, spread_h1, total_points_h1."
2026-10-01,401871049,False,2026-10-02T00:00:00Z,New Mexico State Aggies,Western Kentucky Hilltoppers,alternate_spread,home,4.5,-250,betrivers,0.6579595602121435,-0.05632615407357078,"10 market(s) allowlisted for NCAAF: moneyline, spread, total_points, alternate_spread, alternate_total_points, team_total, alternate_team_total, moneyline_h1, spread_h1, total_points_h1."
2026-10-01,401871049,False,2026-10-02T00:00:00Z,New Mexico State Aggies,Western Kentucky Hilltoppers,alternate_spread,home,4.0,-240,betrivers,0.6507892810390646,-0.05509307190211188,"10 market(s) allowlisted for NCAAF: moneyline, spread, total_points, alternate_spread, alternate_total_points, team_total, alternate_team_total, moneyline_h1, spread_h1, total_points_h1."
2026-10-01,401871049,False,2026-10-02T00:00:00Z,New Mexico State Aggies,Western Kentucky Hilltoppers,alternate_spread,home,-9.5,240,betrivers,0.27658086474973803,-0.017536782309085508,"10 market(s) allowlisted for NCAAF: moneyline, spread, total_points, alternate_spread, alternate_total_points, team_total, alternate_team_total, moneyline_h1, spread_h1, total_points_h1."
2026-10-01,401871049,False,2026-10-02T00:00:00Z,New Mexico State Aggies,Western Kentucky Hilltoppers,alternate_spread,home,5.5,-295,betrivers,0.6720225643539421,-0.07481287868403252,"10 market(s) allowlisted for NCAAF: moneyline, spread, total_points, alternate_spread, alternate_total_points, team_total, alternate_team_total, moneyline_h1, spread_h1, total_points_h1."
2026-10-01,401871049,False,2026-10-02T00:00:00Z,New Mexico State Aggies,Western Kentucky Hilltoppers,alternate_spread,home,-8.5,225,betrivers,0.2885495714038886,-0.019142736288419115,"10 market(s) allowlisted for NCAAF: moneyline, spread, total_points, alternate_spread, alternate_total_points, team_total, alternate_team_total, moneyline_h1, spread_h1, total_points_h1."
2026-10-01,401871049,False,2026-10-02T00:00:00Z,New Mexico State Aggies,Western Kentucky Hilltoppers,alternate_spread,home,-5.0,140,betrivers,0.3835668738954673,-0.0330997927711994,"10 market(s) allowlisted for NCAAF: moneyline, spread, total_points, alternate_spread, alternate_total_points, team_total, alternate_team_total, moneyline_h1, spread_h1, total_points_h1."
2026-10-01,401871049,False,2026-10-02T00:00:00Z,New Mexico State Aggies,Western Kentucky Hilltoppers,alternate_spread,home,6.0,-335,betrivers,0.6901635044879655,-0.0799514380407701,"10 market(s) allowlisted for NCAAF: moneyline, spread, total_points, alternate_spread, alternate_total_points, team_total, alternate_team_total, moneyline_h1, spread_h1, total_points_h1."
2026-10-01,401871049,False,2026-10-02T00:00:00Z,New Mexico State Aggies,Western Kentucky Hilltoppers,alternate_spread,home,-7.0,188,betrivers,0.32579720806012397,-0.021425014162098244,"10 market(s) allowlisted for NCAAF: moneyline, spread, total_points, alternate_spread, alternate_total_points, team_total, alternate_team_total, moneyline_h1, spread_h1, total_points_h1."
2026-10-01,401871049,False,2026-10-02T00:00:00Z,New Mexico State Aggies,Western Kentucky Hilltoppers,alternate_spread,home,-4.5,133,betrivers,0.39276730578266833,-0.03641724357355486,"10 market(s) allowlisted for NCAAF: moneyline, spread, total_points, alternate_spread, alternate_total_points, team_total, alternate_team_total, moneyline_h1, spread_h1, total_points_h1."
2026-10-01,401871049,False,2026-10-02T00:00:00Z,New Mexico State Aggies,Western Kentucky Hilltoppers,alternate_spread,home,3.0,-205,betrivers,0.6162122649702385,-0.055918882570745065,"10 market(s) allowlisted for NCAAF: moneyline, spread, total_points, alternate_spread, alternate_total_points, team_total, alternate_team_total, moneyline_h1, spread_h1, total_points_h1."
2026-10-01,401871049,False,2026-10-02T00:00:00Z,New Mexico State Aggies,Western Kentucky Hilltoppers,alternate_spread,home,3.5,-230,betrivers,0.637426744969777,-0.05954295199991999,"10 market(s) allowlisted for NCAAF: moneyline, spread, total_points, alternate_spread, alternate_total_points, team_total, alternate_team_total, moneyline_h1, spread_h1, total_points_h1."
2026-10-01,401871049,False,2026-10-02T00:00:00Z,New Mexico State Aggies,Western Kentucky Hilltoppers,alternate_spread,home,1.0,-148,betrivers,0.5506068429076802,-0.04616735064070687,"10 market(s) allowlisted for NCAAF: moneyline, spread, total_points, alternate_spread, alternate_total_points, team_total, alternate_team_total, moneyline_h1, spread_h1, total_points_h1."
2026-10-01,401871049,False,2026-10-02T00:00:00Z,New Mexico State Aggies,Western Kentucky Hilltoppers,alternate_spread,home,-7.5,200,betrivers,0.3121052301579295,-0.0212281031754038,"10 market(s) allowlisted for NCAAF: moneyline, spread, total_points, alternate_spread, alternate_total_points, team_total, alternate_team_total, moneyline_h1, spread_h1, total_points_h1."
2026-10-01,401871049,False,2026-10-02T00:00:00Z,New Mexico State Aggies,Western Kentucky Hilltoppers,alternate_spread,home,2.5,-175,betrivers,0.5821501478740059,-0.05421348848963048,"10 market(s) allowlisted for NCAAF: moneyline, spread, total_points, alternate_spread, alternate_total_points, team_total, alternate_team_total, moneyline_h1, spread_h1, total_points_h1."
2026-10-01,401871049,False,2026-10-02T00:00:00Z,New Mexico State Aggies,Western Kentucky Hilltoppers,alternate_spread,home,-6.5,163,betrivers,0.35413130516243874,-0.026096831719690516,"10 market(s) allowlisted for NCAAF: moneyline, spread, total_points, alternate_spread, alternate_total_points, team_total, alternate_team_total, moneyline_h1, spread_h1, total_points_h1."
2026-10-01,401871049,False,2026-10-02T00:00:00Z,New Mexico State Aggies,Western Kentucky Hilltoppers,alternate_spread,home,-5.5,145,betrivers,0.377842034090438,-0.030321231215684474,"10 market(s) allowlisted for NCAAF: moneyline, spread, total_points, alternate_spread, alternate_total_points, team_total, alternate_team_total, moneyline_h1, spread_h1, total_points_h1."
2026-10-01,401871049,False,2026-10-02T00:00:00Z,New Mexico State Aggies,Western Kentucky Hilltoppers,alternate_spread,home,-6.0,155,betrivers,0.3627319439591811,-0.02942491878591691,"10 market(s) allowlisted for NCAAF: moneyline, spread, total_points, alternate_spread, alternate_total_points, team_total, alternate_team_total, moneyline_h1, spread_h1, total_points_h1."
2026-10-01,401871049,False,2026-10-02T00:00:00Z,New Mexico State Aggies,Western Kentucky Hilltoppers,alternate_spread,home,-3.0,104,betrivers,0.4658690909355284,-0.02432698749584411,"10 market(s) allowlisted for NCAAF: moneyline, spread, total_points, alternate_spread, alternate_total_points, team_total, alternate_team_total, moneyline_h1, spread_h1, total_points_h1."
2026-10-01,401871049,False,2026-10-02T00:00:00Z,New Mexico State Aggies,Western Kentucky Hilltoppers,alternate_spread,home,-2.5,-109,betrivers,0.499999984075587,-0.021531116402881856,"10 market(s) allowlisted for NCAAF: moneyline, spread, total_points, alternate_spread, alternate_total_points, team_total, alternate_team_total, moneyline_h1, spread_h1, total_points_h1."
2026-10-01,401871049,False,2026-10-02T00:00:00Z,New Mexico State Aggies,Western Kentucky Hilltoppers,alternate_spread,home,0.5,-137,betrivers,0.5389198683247934,-0.03913920340516441,"10 market(s) allowlisted for NCAAF: moneyline, spread, total_points, alternate_spread, alternate_total_points, team_total, alternate_team_total, moneyline_h1, spread_h1, total_points_h1."
2026-10-01,401871049,False,2026-10-02T00:00:00Z,New Mexico State Aggies,Western Kentucky Hilltoppers,alternate_spread,home,-1.5,-121,betrivers,0.5176424772865051,-0.02986883493068948,"10 market(s) allowlisted for NCAAF: moneyline, spread, total_points, alternate_spread, alternate_total_points, team_total, alternate_team_total, moneyline_h1, spread_h1, total_points_h1."
2026-10-01,401871049,False,2026-10-02T00:00:00Z,New Mexico State Aggies,Western Kentucky Hilltoppers,alternate_spread,home,-9.0,235,betrivers,0.2799312801248735,-0.018576182561693633,"10 market(s) allowlisted for NCAAF: moneyline, spread, total_points, alternate_spread, alternate_total_points, team_total, alternate_team_total, moneyline_h1, spread_h1, total_points_h1."
2026-10-01,401871049,False,2026-10-02T00:00:00Z,New Mexico State Aggies,Western Kentucky Hilltoppers,alternate_spread,home,1.5,-157,betrivers,0.5601454937114477,-0.05074944792279357,"10 market(s) allowlisted for NCAAF: moneyline, spread, total_points, alternate_spread, alternate_total_points, team_total, alternate_team_total, moneyline_h1, spread_h1, total_points_h1."
2026-10-01,401871049,False,2026-10-02T00:00:00Z,New Mexico State Aggies,Western Kentucky Hilltoppers,alternate_spread,home,-1.0,-129,betrivers,0.5260726247956752,-0.03724615249690122,"10 market(s) allowlisted for NCAAF: moneyline, spread, total_points, alternate_spread, alternate_total_points, team_total, alternate_team_total, moneyline_h1, spread_h1, total_points_h1."
2026-10-01,401871049,False,2026-10-02T00:00:00Z,New Mexico State Aggies,Western Kentucky Hilltoppers,alternate_spread,home,6.5,-400,betrivers,0.6983075533689471,-0.10169244663105292,"10 market(s) allowlisted for NCAAF: moneyline, spread, total_points, alternate_spread, alternate_total_points, team_total, alternate_team_total, moneyline_h1, spread_h1, total_points_h1."
2026-10-01,401871049,False,2026-10-02T00:00:00Z,New Mexico State Aggies,Western Kentucky Hilltoppers,alternate_spread,home,0.0,-137,betrivers,0.53648516060898,-0.04157391112097786,"10 market(s) allowlisted for NCAAF: moneyline, spread, total_points, alternate_spread, alternate_total_points, team_total, alternate_team_total, moneyline_h1, spread_h1, total_points_h1."
2026-10-01,401871049,False,2026-10-02T00:00:00Z,New Mexico State Aggies,Western Kentucky Hilltoppers,alternate_spread,home,-0.5,-137,betrivers,0.5336671611644095,-0.044391910565548365,"10 market(s) allowlisted for NCAAF: moneyline, spread, total_points, alternate_spread, alternate_total_points, team_total, alternate_team_total, moneyline_h1, spread_h1, total_points_h1."
2026-10-01,401871049,False,2026-10-02T00:00:00Z,New Mexico State Aggies,Western Kentucky Hilltoppers,alternate_spread,home,-4.0,123,betrivers,0.41055793604959195,-0.037872557223950665,"10 market(s) allowlisted for NCAAF: moneyline, spread, total_points, alternate_spread, alternate_total_points, team_total, alternate_team_total, moneyline_h1, spread_h1, total_points_h1."
2026-10-01,401871049,False,2026-10-02T00:00:00Z,New Mexico State Aggies,Western Kentucky Hilltoppers,alternate_spread,home,5.0,-275,betrivers,0.6673444276623657,-0.0659889056709676,"10 market(s) allowlisted for NCAAF: moneyline, spread, total_points, alternate_spread, alternate_total_points, team_total, alternate_team_total, moneyline_h1, spread_h1, total_points_h1."
2026-10-01,401871049,False,2026-10-02T00:00:00Z,New Mexico State Aggies,Western Kentucky Hilltoppers,alternate_spread,home,-8.0,220,betrivers,0.2955105162836978,-0.01698948371630221,"10 market(s) allowlisted for NCAAF: moneyline, spread, total_points, alternate_spread, alternate_total_points, team_total, alternate_team_total, moneyline_h1, spread_h1, total_points_h1."
2026-10-01,401871049,False,2026-10-02T00:00:00Z,New Mexico State Aggies,Western Kentucky Hilltoppers,alternate_spread,home,-3.5,116,betrivers,0.43610011877882165,-0.02686284418414131,"10 market(s) allowlisted for NCAAF: moneyline, spread, total_points, alternate_spread, alternate_total_points, team_total, alternate_team_total, moneyline_h1, spread_h1, total_points_h1."
2026-10-01,401871049,False,2026-10-02T00:00:00Z,New Mexico State Aggies,Western Kentucky Hilltoppers,alternate_spread,home,-2.0,-114,betrivers,0.5089796541687548,-0.023730626205076932,"10 market(s) allowlisted for NCAAF: moneyline, spread, total_points, alternate_spread, alternate_total_points, team_total, alternate_team_total, moneyline_h1, spread_h1, total_points_h1."
2026-10-01,401871049,False,2026-10-02T00:00:00Z,New Mexico State Aggies,Western Kentucky Hilltoppers,alternate_spread,away,-2.0,135,betrivers,0.4272513707804982,0.0017194558868811605,"10 market(s) allowlisted for NCAAF: moneyline, spread, total_points, alternate_spread, alternate_total_points, team_total, alternate_team_total, moneyline_h1, spread_h1, total_points_h1."
2026-10-01,401871049,False,2026-10-02T00:00:00Z,New Mexico State Aggies,Western Kentucky Hilltoppers,alternate_spread,away,-4.5,185,betrivers,0.3420404397878565,-0.008836753194599645,"10 market(s) allowlisted for NCAAF: moneyline, spread, total_points, alternate_spread, alternate_total_points, team_total, alternate_team_total, moneyline_h1, spread_h1, total_points_h1."
2026-10-01,401871049,False,2026-10-02T00:00:00Z,New Mexico State Aggies,Western Kentucky Hilltoppers,alternate_spread,away,-4.0,180,betrivers,0.3492107189609353,-0.007932138181921844,"10 market(s) allowlisted for NCAAF: moneyline, spread, total_points, alternate_spread, alternate_total_points, team_total, alternate_team_total, moneyline_h1, spread_h1, total_points_h1."
2026-10-01,401871049,False,2026-10-02T00:00:00Z,New Mexico State Aggies,Western Kentucky Hilltoppers,alternate_spread,away,9.5,-385,betrivers,0.7234191352502621,-0.07039529773942854,"10 market(s) allowlisted for NCAAF: moneyline, spread, total_points, alternate_spread, alternate_total_points, team_total, alternate_team_total, moneyline_h1, spread_h1, total_points_h1."
2026-10-01,401871049,False,2026-10-02T00:00:00Z,New Mexico State Aggies,Western Kentucky Hilltoppers,alternate_spread,away,-5.5,205,betrivers,0.3279774356460577,0.0001085831870413223,"10 market(s) allowlisted for NCAAF: moneyline, spread, total_points, alternate_spread, alternate_total_points, team_total, alternate_team_total, moneyline_h1, spread_h1, total_points_h1."
2026-10-01,401871049,False,2026-10-02T00:00:00Z,New Mexico State Aggies,Western Kentucky Hilltoppers,alternate_spread,away,8.5,-345,betrivers,0.7114504285961115,-0.06383047028029298,"10 market(s) allowlisted for NCAAF: moneyline, spread, total_points, alternate_spread, alternate_total_points, team_total, alternate_team_total, moneyline_h1, spread_h1, total_points_h1."
2026-10-01,401871049,False,2026-10-02T00:00:00Z,New Mexico State Aggies,Western Kentucky Hilltoppers,alternate_spread,away,5.0,-177,betrivers,0.6164331261045329,-0.022556043570557294,"10 market(s) allowlisted for NCAAF: moneyline, spread, total_points, alternate_spread, alternate_total_points, team_total, alternate_team_total, moneyline_h1, spread_h1, total_points_h1."
2026-10-01,401871049,False,2026-10-02T00:00:00Z,New Mexico State Aggies,Western Kentucky Hilltoppers,alternate_spread,away,-6.0,220,betrivers,0.3098364955120343,-0.0026635044879657066,"10 market(s) allowlisted for NCAAF: moneyline, spread, total_points, alternate_spread, alternate_total_points, team_total, alternate_team_total, moneyline_h1, spread_h1, total_points_h1."
2026-10-01,401871049,False,2026-10-02T00:00:00Z,New Mexico State Aggies,Western Kentucky Hilltoppers,alternate_spread,away,7.0,-265,betrivers,0.6742027919398762,-0.05182460532039779,"10 market(s) allowlisted for NCAAF: moneyline, spread, total_points, alternate_spread, alternate_total_points, team_total, alternate_team_total, moneyline_h1, spread_h1, total_points_h1."
2026-10-01,401871049,False,2026-10-02T00:00:00Z,New Mexico State Aggies,Western Kentucky Hilltoppers,alternate_spread,away,4.5,-165,betrivers,0.6072326942173318,-0.0154088152166304,"10 market(s) allowlisted for NCAAF: moneyline, spread, total_points, alternate_spread, alternate_total_points, team_total, alternate_team_total, moneyline_h1, spread_h1, total_points_h1."
2026-10-01,401871049,False,2026-10-02T00:00:00Z,New Mexico State Aggies,Western Kentucky Hilltoppers,alternate_spread,away,-3.0,155,betrivers,0.3837877350297617,-0.008369127715336322,"10 market(s) allowlisted for NCAAF: moneyline, spread, total_points, alternate_spread, alternate_total_points, team_total, alternate_team_total, moneyline_h1, spread_h1, total_points_h1."
2026-10-01,401871049,False,2026-10-02T00:00:00Z,New Mexico State Aggies,Western Kentucky Hilltoppers,alternate_spread,away,-3.5,170,betrivers,0.36257325503022286,-0.007797115340147487,"10 market(s) allowlisted for NCAAF: moneyline, spread, total_points, alternate_spread, alternate_total_points, team_total, alternate_team_total, moneyline_h1, spread_h1, total_points_h1."
2026-10-01,401871049,False,2026-10-02T00:00:00Z,New Mexico State Aggies,Western Kentucky Hilltoppers,alternate_spread,away,-1.0,118,betrivers,0.44939315709232,-0.009322439237955282,"10 market(s) allowlisted for NCAAF: moneyline, spread, total_points, alternate_spread, alternate_total_points, team_total, alternate_team_total, moneyline_h1, spread_h1, total_points_h1."
2026-10-01,401871049,False,2026-10-02T00:00:00Z,New Mexico State Aggies,Western Kentucky Hilltoppers,alternate_spread,away,7.5,-295,betrivers,0.6878947698420707,-0.058940673195904014,"10 market(s) allowlisted for NCAAF: moneyline, spread, total_points, alternate_spread, alternate_total_points, team_total, alternate_team_total, moneyline_h1, spread_h1, total_points_h1."
2026-10-01,401871049,False,2026-10-02T00:00:00Z,New Mexico State Aggies,Western Kentucky Hilltoppers,alternate_spread,away,-2.5,140,betrivers,0.41784985212599435,0.0011831854593276625,"10 market(s) allowlisted for NCAAF: moneyline, spread, total_points, alternate_spread, alternate_total_points, team_total, alternate_team_total, moneyline_h1, spread_h1, total_points_h1."
2026-10-01,401871049,False,2026-10-02T00:00:00Z,New Mexico State Aggies,Western Kentucky Hilltoppers,alternate_spread,away,6.5,-215,betrivers,0.6458686948375615,-0.03667098770212107,"10 market(s) allowlisted for NCAAF: moneyline, spread, total_points, alternate_spread, alternate_total_points, team_total, alternate_team_total, moneyline_h1, spread_h1, total_points_h1."
2026-10-01,401871049,False,2026-10-02T00:00:00Z,New Mexico State Aggies,Western Kentucky Hilltoppers,alternate_spread,away,5.5,-186,betrivers,0.6221579659095622,-0.028191684440088127,"10 market(s) allowlisted for NCAAF: moneyline, spread, total_points, alternate_spread, alternate_total_points, team_total, alternate_team_total, moneyline_h1, spread_h1, total_points_h1."
2026-10-01,401871049,False,2026-10-02T00:00:00Z,New Mexico State Aggies,Western Kentucky Hilltoppers,alternate_spread,away,6.0,-205,betrivers,0.6372680560408192,-0.03486309150016442,"10 market(s) allowlisted for NCAAF: moneyline, spread, total_points, alternate_spread, alternate_total_points, team_total, alternate_team_total, moneyline_h1, spread_h1, total_points_h1."
2026-10-01,401871049,False,2026-10-02T00:00:00Z,New Mexico State Aggies,Western Kentucky Hilltoppers,alternate_spread,away,3.0,-129,betrivers,0.5341309090644718,-0.029187868228104596,"10 market(s) allowlisted for NCAAF: moneyline, spread, total_points, alternate_spread, alternate_total_points, team_total, alternate_team_total, moneyline_h1, spread_h1, total_points_h1."
2026-10-01,401871049,False,2026-10-02T00:00:00Z,New Mexico State Aggies,Western Kentucky Hilltoppers,alternate_spread,away,2.5,-114,betrivers,0.5000000159244132,-0.03271026444941849,"10 market(s) allowlisted for NCAAF: moneyline, spread, total_points, alternate_spread, alternate_total_points, team_total, alternate_team_total, moneyline_h1, spread_h1, total_points_h1."
2026-10-01,401871049,False,2026-10-02T00:00:00Z,New Mexico State Aggies,Western Kentucky Hilltoppers,alternate_spread,away,-0.5,110,betrivers,0.4610801316752067,-0.015110344515269492,"10 market(s) allowlisted for NCAAF: moneyline, spread, total_points, alternate_spread, alternate_total_points, team_total, alternate_team_total, moneyline_h1, spread_h1, total_points_h1."
2026-10-01,401871049,False,2026-10-02T00:00:00Z,New Mexico State Aggies,Western Kentucky Hilltoppers,alternate_spread,away,1.5,-104,betrivers,0.482357522713495,-0.027446398855132392,"10 market(s) allowlisted for NCAAF: moneyline, spread, total_points, alternate_spread, alternate_total_points, team_total, alternate_team_total, moneyline_h1, spread_h1, total_points_h1."
2026-10-01,401871049,False,2026-10-02T00:00:00Z,New Mexico State Aggies,Western Kentucky Hilltoppers,alternate_spread,away,9.0,-375,betrivers,0.7200687198751267,-0.06940496433539967,"10 market(s) allowlisted for NCAAF: moneyline, spread, total_points, alternate_spread, alternate_total_points, team_total, alternate_team_total, moneyline_h1, spread_h1, total_points_h1."
2026-10-01,401871049,False,2026-10-02T00:00:00Z,New Mexico State Aggies,Western Kentucky Hilltoppers,alternate_spread,away,-1.5,125,betrivers,0.43985450628855255,-0.004589938155891871,"10 market(s) allowlisted for NCAAF: moneyline, spread, total_points, alternate_spread, alternate_total_points, team_total, alternate_team_total, moneyline_h1, spread_h1, total_points_h1."
2026-10-01,401871049,False,2026-10-02T00:00:00Z,New Mexico State Aggies,Western Kentucky Hilltoppers,alternate_spread,away,1.0,104,betrivers,0.47392737520432493,-0.0162687032270476,"10 market(s) allowlisted for NCAAF: moneyline, spread, total_points, alternate_spread, alternate_total_points, team_total, alternate_team_total, moneyline_h1, spread_h1, total_points_h1."
2026-10-01,401871049,False,2026-10-02T00:00:00Z,New Mexico State Aggies,Western Kentucky Hilltoppers,alternate_spread,away,-6.5,250,betrivers,0.3016924466310529,0.01597816091676718,"10 market(s) allowlisted for NCAAF: moneyline, spread, total_points, alternate_spread, alternate_total_points, team_total, alternate_team_total, moneyline_h1, spread_h1, total_points_h1."
2026-10-01,401871049,False,2026-10-02T00:00:00Z,New Mexico State Aggies,Western Kentucky Hilltoppers,alternate_spread,away,0.0,110,betrivers,0.4635148393910201,-0.012675636799456047,"10 market(s) allowlisted for NCAAF: moneyline, spread, total_points, alternate_spread, alternate_total_points, team_total, alternate_team_total, moneyline_h1, spread_h1, total_points_h1."
2026-10-01,401871049,False,2026-10-02T00:00:00Z,New Mexico State Aggies,Western Kentucky Hilltoppers,alternate_spread,away,0.5,110,betrivers,0.4663328388355907,-0.009857637354885485,"10 market(s) allowlisted for NCAAF: moneyline, spread, total_points, alternate_spread, alternate_total_points, team_total, alternate_team_total, moneyline_h1, spread_h1, total_points_h1."
2026-10-01,401871049,False,2026-10-02T00:00:00Z,New Mexico State Aggies,Western Kentucky Hilltoppers,alternate_spread,away,4.0,-155,betrivers,0.5894420639504082,-0.018401073304493698,"10 market(s) allowlisted for NCAAF: moneyline, spread, total_points, alternate_spread, alternate_total_points, team_total, alternate_team_total, moneyline_h1, spread_h1, total_points_h1."
2026-10-01,401871049,False,2026-10-02T00:00:00Z,New Mexico State Aggies,Western Kentucky Hilltoppers,alternate_spread,away,-5.0,195,betrivers,0.33265557233763426,-0.006327478509823348,"10 market(s) allowlisted for NCAAF: moneyline, spread, total_points, alternate_spread, alternate_total_points, team_total, alternate_team_total, moneyline_h1, spread_h1, total_points_h1."
2026-10-01,401871049,False,2026-10-02T00:00:00Z,New Mexico State Aggies,Western Kentucky Hilltoppers,alternate_spread,away,8.0,-335,betrivers,0.7044894837163023,-0.06562545881243331,"10 market(s) allowlisted for NCAAF: moneyline, spread, total_points, alternate_spread, alternate_total_points, team_total, alternate_team_total, moneyline_h1, spread_h1, total_points_h1."
2026-10-01,401871049,False,2026-10-02T00:00:00Z,New Mexico State Aggies,Western Kentucky Hilltoppers,alternate_spread,away,3.5,-143,betrivers,0.5638998812211785,-0.024577485033965507,"10 market(s) allowlisted for NCAAF: moneyline, spread, total_points, alternate_spread, alternate_total_points, team_total, alternate_team_total, moneyline_h1, spread_h1, total_points_h1."
2026-10-01,401871049,False,2026-10-02T00:00:00Z,New Mexico State Aggies,Western Kentucky Hilltoppers,alternate_spread,away,2.0,-109,betrivers,0.4910203458312455,-0.03051075464722336,"10 market(s) allowlisted for NCAAF: moneyline, spread, total_points, alternate_spread, alternate_total_points, team_total, alternate_team_total, moneyline_h1, spread_h1, total_points_h1."
2026-10-01,401871049,False,2026-10-02T00:00:00Z,New Mexico State Aggies,Western Kentucky Hilltoppers,alternate_spread,home,20.5,-6500,draftkings,0.9129608233861299,-0.07188766146235492,"10 market(s) allowlisted for NCAAF: moneyline, spread, total_points, alternate_spread, alternate_total_points, team_total, alternate_team_total, moneyline_h1, spread_h1, total_points_h1."
2026-10-01,401871049,False,2026-10-02T00:00:00Z,New Mexico State Aggies,Western Kentucky Hilltoppers,alternate_spread,home,19.5,-4400,draftkings,0.9022644259278167,-0.075513351849961,"10 market(s) allowlisted for NCAAF: moneyline, spread, total_points, alternate_spread, alternate_total_points, team_total, alternate_team_total, moneyline_h1, spread_h1, total_points_h1."
2026-10-01,401871049,False,2026-10-02T00:00:00Z,New Mexico State Aggies,Western Kentucky Hilltoppers,alternate_spread,home,18.5,-3400,draftkings,0.8985747171570271,-0.07285385427154434,"10 market(s) allowlisted for NCAAF: moneyline, spread, total_points, alternate_spread, alternate_total_points, team_total, alternate_team_total, moneyline_h1, spread_h1, total_points_h1."
2026-10-01,401871049,False,2026-10-02T00:00:00Z,New Mexico State Aggies,Western Kentucky Hilltoppers,alternate_spread,home,17.5,-2600,draftkings,0.8943761416352316,-0.0685868213277313,"10 market(s) allowlisted for NCAAF: moneyline, spread, total_points, alternate_spread, alternate_total_points, team_total, alternate_team_total, moneyline_h1, spread_h1, total_points_h1."
2026-10-01,401871049,False,2026-10-02T00:00:00Z,New Mexico State Aggies,Western Kentucky Hilltoppers,alternate_spread,home,16.5,-1800,draftkings,0.8677153593337317,-0.07965306171889985,"10 market(s) allowlisted for NCAAF: moneyline, spread, total_points, alternate_spread, alternate_total_points, team_total, alternate_team_total, moneyline_h1, spread_h1, total_points_h1."
2026-10-01,401871049,False,2026-10-02T00:00:00Z,New Mexico State Aggies,Western Kentucky Hilltoppers,alternate_spread,home,15.5,-1540,draftkings,0.8634207081196992,-0.07560368212420321,"10 market(s) allowlisted for NCAAF: moneyline, spread, total_points, alternate_spread, alternate_total_points, team_total, alternate_team_total, moneyline_h1, spread_h1, total_points_h1."
2026-10-01,401871049,False,2026-10-02T00:00:00Z,New Mexico State Aggies,Western Kentucky Hilltoppers,alternate_spread,home,14.5,-1320,draftkings,0.8583577553771191,-0.07121970941161326,"10 market(s) allowlisted for NCAAF: moneyline, spread, total_points, alternate_spread, alternate_total_points, team_total, alternate_team_total, moneyline_h1, spread_h1, total_points_h1."
2026-10-01,401871049,False,2026-10-02T00:00:00Z,New Mexico State Aggies,Western Kentucky Hilltoppers,alternate_spread,home,13.5,-1000,draftkings,0.838316809985745,-0.07077409910516408,"10 market(s) allowlisted for NCAAF: moneyline, spread, total_points, alternate_spread, alternate_total_points, team_total, alternate_team_total, moneyline_h1, spread_h1, total_points_h1."
2026-10-01,401871049,False,2026-10-02T00:00:00Z,New Mexico State Aggies,Western Kentucky Hilltoppers,alternate_spread,home,12.5,-870,draftkings,0.8227323766485808,-0.0741748398462646,"10 market(s) allowlisted for NCAAF: moneyline, spread, total_points, alternate_spread, alternate_total_points, team_total, alternate_team_total, moneyline_h1, spread_h1, total_points_h1."
2026-10-01,401871049,False,2026-10-02T00:00:00Z,New Mexico State Aggies,Western Kentucky Hilltoppers,alternate_spread,home,11.5,-770,draftkings,0.807949775819303,-0.0771076954450648,"10 market(s) allowlisted for NCAAF: moneyline, spread, total_points, alternate_spread, alternate_total_points, team_total, alternate_team_total, moneyline_h1, spread_h1, total_points_h1."
2026-10-01,401871049,False,2026-10-02T00:00:00Z,New Mexico State Aggies,Western Kentucky Hilltoppers,alternate_spread,home,10.5,-660,draftkings,0.7915584820250332,-0.07686257060654578,"10 market(s) allowlisted for NCAAF: moneyline, spread, total_points, alternate_spread, alternate_total_points, team_total, alternate_team_total, moneyline_h1, spread_h1, total_points_h1."
2026-10-01,401871049,False,2026-10-02T00:00:00Z,New Mexico State Aggies,Western Kentucky Hilltoppers,alternate_spread,home,9.5,-531,draftkings,0.7662101113017064,-0.07531128331002102,"10 market(s) allowlisted for NCAAF: moneyline, spread, total_points, alternate_spread, alternate_total_points, team_total, alternate_team_total, moneyline_h1, spread_h1, total_points_h1."
2026-10-01,401871049,False,2026-10-02T00:00:00Z,New Mexico State Aggies,Western Kentucky Hilltoppers,alternate_spread,home,8.5,-495,draftkings,0.7573417558942701,-0.07459101721497363,"10 market(s) allowlisted for NCAAF: moneyline, spread, total_points, alternate_spread, alternate_total_points, team_total, alternate_team_total, moneyline_h1, spread_h1, total_points_h1."
2026-10-01,401871049,False,2026-10-02T00:00:00Z,New Mexico State Aggies,Western Kentucky Hilltoppers,alternate_spread,home,7.5,-432,draftkings,0.745635840179872,-0.06639423500809793,"10 market(s) allowlisted for NCAAF: moneyline, spread, total_points, alternate_spread, alternate_total_points, team_total, alternate_team_total, moneyline_h1, spread_h1, total_points_h1."
2026-10-01,401871049,False,2026-10-02T00:00:00Z,New Mexico State Aggies,Western Kentucky Hilltoppers,alternate_spread,home,6.5,-320,draftkings,0.6983075533689471,-0.06359720853581474,"10 market(s) allowlisted for NCAAF: moneyline, spread, total_points, alternate_spread, alternate_total_points, team_total, alternate_team_total, moneyline_h1, spread_h1, total_points_h1."
2026-10-01,401871049,False,2026-10-02T00:00:00Z,New Mexico State Aggies,Western Kentucky Hilltoppers,alternate_spread,home,5.5,-280,draftkings,0.6720225643539421,-0.06481954090921571,"10 market(s) allowlisted for NCAAF: moneyline, spread, total_points, alternate_spread, alternate_total_points, team_total, alternate_team_total, moneyline_h1, spread_h1, total_points_h1."
2026-10-01,401871049,False,2026-10-02T00:00:00Z,New Mexico State Aggies,Western Kentucky Hilltoppers,alternate_spread,home,4.5,-252,draftkings,0.6579595602121435,-0.057949530696947416,"10 market(s) allowlisted for NCAAF: moneyline, spread, total_points, alternate_spread, alternate_total_points, team_total, alternate_team_total, moneyline_h1, spread_h1, total_points_h1."
2026-10-01,401871049,False,2026-10-02T00:00:00Z,New Mexico State Aggies,Western Kentucky Hilltoppers,alternate_spread,home,3.5,-224,draftkings,0.637426744969777,-0.05393127972158096,"10 market(s) allowlisted for NCAAF: moneyline, spread, total_points, alternate_spread, alternate_total_points, team_total, alternate_team_total, moneyline_h1, spread_h1, total_points_h1."
2026-10-01,401871049,False,2026-10-02T00:00:00Z,New Mexico State Aggies,Western Kentucky Hilltoppers,alternate_spread,home,2.5,-167,draftkings,0.5821501478740059,-0.04331801692000159,"10 market(s) allowlisted for NCAAF: moneyline, spread, total_points, alternate_spread, alternate_total_points, team_total, alternate_team_total, moneyline_h1, spread_h1, total_points_h1."
2026-10-01,401871049,False,2026-10-02T00:00:00Z,New Mexico State Aggies,Western Kentucky Hilltoppers,alternate_spread,home,1.5,-151,draftkings,0.5601454937114477,-0.04144813178656026,"10 market(s) allowlisted for NCAAF: moneyline, spread, total_points, alternate_spread, alternate_total_points, team_total, alternate_team_total, moneyline_h1, spread_h1, total_points_h1."
2026-10-01,401871049,False,2026-10-02T00:00:00Z,New Mexico State Aggies,Western Kentucky Hilltoppers,alternate_spread,home,-1.5,-124,draftkings,0.5176424772865051,-0.03592895128492346,"10 market(s) allowlisted for NCAAF: moneyline, spread, total_points, alternate_spread, alternate_total_points, team_total, alternate_team_total, moneyline_h1, spread_h1, total_points_h1."
2026-10-01,401871049,False,2026-10-02T00:00:00Z,New Mexico State Aggies,Western Kentucky Hilltoppers,alternate_spread,home,-3.5,118,draftkings,0.43610011877882165,-0.0226154775514536,"10 market(s) allowlisted for NCAAF: moneyline, spread, total_points, alternate_spread, alternate_total_points, team_total, alternate_team_total, moneyline_h1, spread_h1, total_points_h1."
2026-10-01,401871049,False,2026-10-02T00:00:00Z,New Mexico State Aggies,Western Kentucky Hilltoppers,alternate_spread,home,-4.5,131,draftkings,0.39276730578266833,-0.04013312711776457,"10 market(s) allowlisted for NCAAF: moneyline, spread, total_points, alternate_spread, alternate_total_points, team_total, alternate_team_total, moneyline_h1, spread_h1, total_points_h1."
2026-10-01,401871049,False,2026-10-02T00:00:00Z,New Mexico State Aggies,Western Kentucky Hilltoppers,alternate_spread,home,-5.5,144,draftkings,0.377842034090438,-0.03199403148333252,"10 market(s) allowlisted for NCAAF: moneyline, spread, total_points, alternate_spread, alternate_total_points, team_total, alternate_team_total, moneyline_h1, spread_h1, total_points_h1."
2026-10-01,401871049,False,2026-10-02T00:00:00Z,New Mexico State Aggies,Western Kentucky Hilltoppers,alternate_spread,home,-6.5,161,draftkings,0.35413130516243874,-0.029010457289668556,"10 market(s) allowlisted for NCAAF: moneyline, spread, total_points, alternate_spread, alternate_total_points, team_total, alternate_team_total, moneyline_h1, spread_h1, total_points_h1."
2026-10-01,401871049,False,2026-10-02T00:00:00Z,New Mexico State Aggies,Western Kentucky Hilltoppers,alternate_spread,home,-7.5,205,draftkings,0.3121052301579295,-0.015763622301086855,"10 market(s) allowlisted for NCAAF: moneyline, spread, total_points, alternate_spread, alternate_total_points, team_total, alternate_team_total, moneyline_h1, spread_h1, total_points_h1."
2026-10-01,401871049,False,2026-10-02T00:00:00Z,New Mexico State Aggies,Western Kentucky Hilltoppers,alternate_spread,home,-8.5,226,draftkings,0.2885495714038886,-0.018198894853780123,"10 market(s) allowlisted for NCAAF: moneyline, spread, total_points, alternate_spread, alternate_total_points, team_total, alternate_team_total, moneyline_h1, spread_h1, total_points_h1."
2026-10-01,401871049,False,2026-10-02T00:00:00Z,New Mexico State Aggies,Western Kentucky Hilltoppers,alternate_spread,home,-9.5,240,draftkings,0.27658086474973803,-0.017536782309085508,"10 market(s) allowlisted for NCAAF: moneyline, spread, total_points, alternate_spread, alternate_total_points, team_total, alternate_team_total, moneyline_h1, spread_h1, total_points_h1."
2026-10-01,401871049,False,2026-10-02T00:00:00Z,New Mexico State Aggies,Western Kentucky Hilltoppers,alternate_spread,home,-10.5,283,draftkings,0.24449559827465572,-0.01660100746946963,"10 market(s) allowlisted for NCAAF: moneyline, spread, total_points, alternate_spread, alternate_total_points, team_total, alternate_team_total, moneyline_h1, spread_h1, total_points_h1."
2026-10-01,401871049,False,2026-10-02T00:00:00Z,New Mexico State Aggies,Western Kentucky Hilltoppers,alternate_spread,home,-11.5,313,draftkings,0.23201420505245873,-0.010116545552868145,"10 market(s) allowlisted for NCAAF: moneyline, spread, total_points, alternate_spread, alternate_total_points, team_total, alternate_team_total, moneyline_h1, spread_h1, total_points_h1."
2026-10-01,401871049,False,2026-10-02T00:00:00Z,New Mexico State Aggies,Western Kentucky Hilltoppers,alternate_spread,home,-12.5,340,draftkings,0.22788045966197826,0.0006077323892509923,"10 market(s) allowlisted for NCAAF: moneyline, spread, total_points, alternate_spread, alternate_total_points, team_total, alternate_team_total, moneyline_h1, spread_h1, total_points_h1."
2026-10-01,401871049,False,2026-10-02T00:00:00Z,New Mexico State Aggies,Western Kentucky Hilltoppers,alternate_spread,home,-13.5,371,draftkings,0.22458038251735316,0.01226615746427459,"10 market(s) allowlisted for NCAAF: moneyline, spread, total_points, alternate_spread, alternate_total_points, team_total, alternate_team_total, moneyline_h1, spread_h1, total_points_h1."
2026-10-01,401871049,False,2026-10-02T00:00:00Z,New Mexico State Aggies,Western Kentucky Hilltoppers,alternate_spread,home,-14.5,445,draftkings,0.20499012250024606,0.02150388396813596,"10 market(s) allowlisted for NCAAF: moneyline, spread, total_points, alternate_spread, alternate_total_points, team_total, alternate_team_total, moneyline_h1, spread_h1, total_points_h1."
2026-10-01,401871049,False,2026-10-02T00:00:00Z,New Mexico State Aggies,Western Kentucky Hilltoppers,alternate_spread,home,-15.5,486,draftkings,0.1919124895558341,0.021264025392011554,"10 market(s) allowlisted for NCAAF: moneyline, spread, total_points, alternate_spread, alternate_total_points, team_total, alternate_team_total, moneyline_h1, spread_h1, total_points_h1."
2026-10-01,401871049,False,2026-10-02T00:00:00Z,New Mexico State Aggies,Western Kentucky Hilltoppers,alternate_spread,home,-16.5,530,draftkings,0.18589938971103806,0.02716923098087934,"10 market(s) allowlisted for NCAAF: moneyline, spread, total_points, alternate_spread, alternate_total_points, team_total, alternate_team_total, moneyline_h1, spread_h1, total_points_h1."
2026-10-01,401871049,False,2026-10-02T00:00:00Z,New Mexico State Aggies,Western Kentucky Hilltoppers,alternate_spread,home,-17.5,620,draftkings,0.15401560003333786,0.015126711144448968,"10 market(s) allowlisted for NCAAF: moneyline, spread, total_points, alternate_spread, alternate_total_points, team_total, alternate_team_total, moneyline_h1, spread_h1, total_points_h1."
2026-10-01,401871049,False,2026-10-02T00:00:00Z,New Mexico State Aggies,Western Kentucky Hilltoppers,alternate_spread,home,-18.5,690,draftkings,0.14287056981288376,0.016288291331871096,"10 market(s) allowlisted for NCAAF: moneyline, spread, total_points, alternate_spread, alternate_total_points, team_total, alternate_team_total, moneyline_h1, spread_h1, total_points_h1."
2026-10-01,401871049,False,2026-10-02T00:00:00Z,New Mexico State Aggies,Western Kentucky Hilltoppers,alternate_spread,home,-19.5,750,draftkings,0.13037165541133805,0.01272459658780864,"10 market(s) allowlisted for NCAAF: moneyline, spread, total_points, alternate_spread, alternate_total_points, team_total, alternate_team_total, moneyline_h1, spread_h1, total_points_h1."
2026-10-01,401871049,False,2026-10-02T00:00:00Z,New Mexico State Aggies,Western Kentucky Hilltoppers,alternate_spread,home,-20.5,820,draftkings,0.11904674848930857,0.010351096315395533,"10 market(s) allowlisted for NCAAF: moneyline, spread, total_points, alternate_spread, alternate_total_points, team_total, alternate_team_total, moneyline_h1, spread_h1, total_points_h1."
2026-10-01,401871049,False,2026-10-02T00:00:00Z,New Mexico State Aggies,Western Kentucky Hilltoppers,alternate_spread,home,-21.5,970,draftkings,0.10354169526209114,0.010083751336857502,"10 market(s) allowlisted for NCAAF: moneyline, spread, total_points, alternate_spread, alternate_total_points, team_total, alternate_team_total, moneyline_h1, spread_h1, total_points_h1."
2026-10-01,401871049,False,2026-10-02T00:00:00Z,New Mexico State Aggies,Western Kentucky Hilltoppers,alternate_spread,home,-22.5,1040,draftkings,0.09323082155869429,0.0055115233130802604,"10 market(s) allowlisted for NCAAF: moneyline, spread, total_points, alternate_spread, alternate_total_points, team_total, alternate_team_total, moneyline_h1, spread_h1, total_points_h1."
2026-10-01,401871049,False,2026-10-02T00:00:00Z,New Mexico State Aggies,Western Kentucky Hilltoppers,alternate_spread,home,-23.5,1120,draftkings,0.08709686319509541,0.005129650080341316,"10 market(s) allowlisted for NCAAF: moneyline, spread, total_points, alternate_spread, alternate_total_points, team_total, alternate_team_total, moneyline_h1, spread_h1, total_points_h1."
2026-10-01,401871049,False,2026-10-02T00:00:00Z,New Mexico State Aggies,Western Kentucky Hilltoppers,alternate_spread,away,-20.5,1080,draftkings,0.08703917661387008,0.0022934139020056726,"10 market(s) allowlisted for NCAAF: moneyline, spread, total_points, alternate_spread, alternate_total_points, team_total, alternate_team_total, moneyline_h1, spread_h1, total_points_h1."
2026-10-01,401871049,False,2026-10-02T00:00:00Z,New Mexico State Aggies,Western Kentucky Hilltoppers,alternate_spread,away,-19.5,990,draftkings,0.09773557407218322,0.005992454806128172,"10 market(s) allowlisted for NCAAF: moneyline, spread, total_points, alternate_spread, alternate_total_points, team_total, alternate_team_total, moneyline_h1, spread_h1, total_points_h1."
2026-10-01,401871049,False,2026-10-02T00:00:00Z,New Mexico State Aggies,Western Kentucky Hilltoppers,alternate_spread,away,-18.5,910,draftkings,0.10142528284297293,0.0024153818528739185,"10 market(s) allowlisted for NCAAF: moneyline, spread, total_points, alternate_spread, alternate_total_points, team_total, alternate_team_total, moneyline_h1, spread_h1, total_points_h1."
2026-10-01,401871049,False,2026-10-02T00:00:00Z,New Mexico State Aggies,Western Kentucky Hilltoppers,alternate_spread,away,-17.5,830,draftkings,0.1056238583647685,-0.001903023355661615,"10 market(s) allowlisted for NCAAF: moneyline, spread, total_points, alternate_spread, alternate_total_points, team_total, alternate_team_total, moneyline_h1, spread_h1, total_points_h1."
2026-10-01,401871049,False,2026-10-02T00:00:00Z,New Mexico State Aggies,Western Kentucky Hilltoppers,alternate_spread,away,-16.5,720,draftkings,0.13228464066626822,0.010333421154073097,"10 market(s) allowlisted for NCAAF: moneyline, spread, total_points, alternate_spread, alternate_total_points, team_total, alternate_team_total, moneyline_h1, spread_h1, total_points_h1."
2026-10-01,401871049,False,2026-10-02T00:00:00Z,New Mexico State Aggies,Western Kentucky Hilltoppers,alternate_spread,away,-15.5,660,draftkings,0.13657929188030077,0.005000344511879723,"10 market(s) allowlisted for NCAAF: moneyline, spread, total_points, alternate_spread, alternate_total_points, team_total, alternate_team_total, moneyline_h1, spread_h1, total_points_h1."
2026-10-01,401871049,False,2026-10-02T00:00:00Z,New Mexico State Aggies,Western Kentucky Hilltoppers,alternate_spread,away,-14.5,610,draftkings,0.1416422446228809,0.0007971742003456683,"10 market(s) allowlisted for NCAAF: moneyline, spread, total_points, alternate_spread, alternate_total_points, team_total, alternate_team_total, moneyline_h1, spread_h1, total_points_h1."
2026-10-01,401871049,False,2026-10-02T00:00:00Z,New Mexico State Aggies,Western Kentucky Hilltoppers,alternate_spread,away,-13.5,523,draftkings,0.16168319001425502,0.0011695463545439433,"10 market(s) allowlisted for NCAAF: moneyline, spread, total_points, alternate_spread, alternate_total_points, team_total, alternate_team_total, moneyline_h1, spread_h1, total_points_h1."
2026-10-01,401871049,False,2026-10-02T00:00:00Z,New Mexico State Aggies,Western Kentucky Hilltoppers,alternate_spread,away,-12.5,477,draftkings,0.1772676233514191,0.003957398048126198,"10 market(s) allowlisted for NCAAF: moneyline, spread, total_points, alternate_spread, alternate_total_points, team_total, alternate_team_total, moneyline_h1, spread_h1, total_points_h1."
2026-10-01,401871049,False,2026-10-02T00:00:00Z,New Mexico State Aggies,Western Kentucky Hilltoppers,alternate_spread,away,-11.5,439,draftkings,0.19205022418069687,0.006521467223368493,"10 market(s) allowlisted for NCAAF: moneyline, spread, total_points, alternate_spread, alternate_total_points, team_total, alternate_team_total, moneyline_h1, spread_h1, total_points_h1."
2026-10-01,401871049,False,2026-10-02T00:00:00Z,New Mexico State Aggies,Western Kentucky Hilltoppers,alternate_spread,away,-10.5,398,draftkings,0.2084415179749668,0.007638305123561173,"10 market(s) allowlisted for NCAAF: moneyline, spread, total_points, alternate_spread, alternate_total_points, team_total, alternate_team_total, moneyline_h1, spread_h1, total_points_h1."
2026-10-01,401871049,False,2026-10-02T00:00:00Z,New Mexico State Aggies,Western Kentucky Hilltoppers,alternate_spread,away,-9.5,338,draftkings,0.23378988869829362,0.0054793864151886085,"10 market(s) allowlisted for NCAAF: moneyline, spread, total_points, alternate_spread, alternate_total_points, team_total, alternate_team_total, moneyline_h1, spread_h1, total_points_h1."
2026-10-01,401871049,False,2026-10-02T00:00:00Z,New Mexico State Aggies,Western Kentucky Hilltoppers,alternate_spread,away,-8.5,320,draftkings,0.24265824410572975,0.004563006010491671,"10 market(s) allowlisted for NCAAF: moneyline, spread, total_points, alternate_spread, alternate_total_points, team_total, alternate_team_total, moneyline_h1, spread_h1, total_points_h1."
2026-10-01,401871049,False,2026-10-02T00:00:00Z,New Mexico State Aggies,Western Kentucky Hilltoppers,alternate_spread,away,-7.5,288,draftkings,0.25436415982012783,-0.0033677989427587374,"10 market(s) allowlisted for NCAAF: moneyline, spread, total_points, alternate_spread, alternate_total_points, team_total, alternate_team_total, moneyline_h1, spread_h1, total_points_h1."
2026-10-01,401871049,False,2026-10-02T00:00:00Z,New Mexico State Aggies,Western Kentucky Hilltoppers,alternate_spread,away,-6.5,225,draftkings,0.3016924466310529,-0.00599986106125483,"10 market(s) allowlisted for NCAAF: moneyline, spread, total_points, alternate_spread, alternate_total_points, team_total, alternate_team_total, moneyline_h1, spread_h1, total_points_h1."
2026-10-01,401871049,False,2026-10-02T00:00:00Z,New Mexico State Aggies,Western Kentucky Hilltoppers,alternate_spread,away,-5.5,200,draftkings,0.3279774356460577,-0.005355897687275624,"10 market(s) allowlisted for NCAAF: moneyline, spread, total_points, alternate_spread, alternate_total_points, team_total, alternate_team_total, moneyline_h1, spread_h1, total_points_h1."
2026-10-01,401871049,False,2026-10-02T00:00:00Z,New Mexico State Aggies,Western Kentucky Hilltoppers,alternate_spread,away,-4.5,182,draftkings,0.3420404397878565,-0.01256948929015772,"10 market(s) allowlisted for NCAAF: moneyline, spread, total_points, alternate_spread, alternate_total_points, team_total, alternate_team_total, moneyline_h1, spread_h1, total_points_h1."
2026-10-01,401871049,False,2026-10-02T00:00:00Z,New Mexico State Aggies,Western Kentucky Hilltoppers,alternate_spread,away,-3.5,164,draftkings,0.36257325503022286,-0.01621462375765592,"10 market(s) allowlisted for NCAAF: moneyline, spread, total_points, alternate_spread, alternate_total_points, team_total, alternate_team_total, moneyline_h1, spread_h1, total_points_h1."
2026-10-01,401871049,False,2026-10-02T00:00:00Z,New Mexico State Aggies,Western Kentucky Hilltoppers,alternate_spread,away,-2.5,125,draftkings,0.41784985212599435,-0.026594592318450072,"10 market(s) allowlisted for NCAAF: moneyline, spread, total_points, alternate_spread, alternate_total_points, team_total, alternate_team_total, moneyline_h1, spread_h1, total_points_h1."
2026-10-01,401871049,False,2026-10-02T00:00:00Z,New Mexico State Aggies,Western Kentucky Hilltoppers,alternate_spread,away,-1.5,113,draftkings,0.43985450628855255,-0.029629061786564825,"10 market(s) allowlisted for NCAAF: moneyline, spread, total_points, alternate_spread, alternate_total_points, team_total, alternate_team_total, moneyline_h1, spread_h1, total_points_h1."
2026-10-01,401871049,False,2026-10-02T00:00:00Z,New Mexico State Aggies,Western Kentucky Hilltoppers,alternate_spread,away,1.5,-107,draftkings,0.482357522713495,-0.034550689846891414,"10 market(s) allowlisted for NCAAF: moneyline, spread, total_points, alternate_spread, alternate_total_points, team_total, alternate_team_total, moneyline_h1, spread_h1, total_points_h1."
2026-10-01,401871049,False,2026-10-02T00:00:00Z,New Mexico State Aggies,Western Kentucky Hilltoppers,alternate_spread,away,3.5,-158,draftkings,0.5638998812211785,-0.048503219554015264,"10 market(s) allowlisted for NCAAF: moneyline, spread, total_points, alternate_spread, alternate_total_points, team_total, alternate_team_total, moneyline_h1, spread_h1, total_points_h1."
2026-10-01,401871049,False,2026-10-02T00:00:00Z,New Mexico State Aggies,Western Kentucky Hilltoppers,alternate_spread,away,4.5,-176,draftkings,0.6072326942173318,-0.030448465202957964,"10 market(s) allowlisted for NCAAF: moneyline, spread, total_points, alternate_spread, alternate_total_points, team_total, alternate_team_total, moneyline_h1, spread_h1, total_points_h1."
2026-10-01,401871049,False,2026-10-02T00:00:00Z,New Mexico State Aggies,Western Kentucky Hilltoppers,alternate_spread,away,5.5,-195,draftkings,0.6221579659095622,-0.038858983242980205,"10 market(s) allowlisted for NCAAF: moneyline, spread, total_points, alternate_spread, alternate_total_points, team_total, alternate_team_total, moneyline_h1, spread_h1, total_points_h1."
2026-10-01,401871049,False,2026-10-02T00:00:00Z,New Mexico State Aggies,Western Kentucky Hilltoppers,alternate_spread,away,6.5,-220,draftkings,0.6458686948375615,-0.041631305162438514,"10 market(s) allowlisted for NCAAF: moneyline, spread, total_points, alternate_spread, alternate_total_points, team_total, alternate_team_total, moneyline_h1, spread_h1, total_points_h1."
2026-10-01,401871049,False,2026-10-02T00:00:00Z,New Mexico State Aggies,Western Kentucky Hilltoppers,alternate_spread,away,7.5,-288,draftkings,0.6878947698420707,-0.05437327139504278,"10 market(s) allowlisted for NCAAF: moneyline, spread, total_points, alternate_spread, alternate_total_points, team_total, alternate_team_total, moneyline_h1, spread_h1, total_points_h1."
2026-10-01,401871049,False,2026-10-02T00:00:00Z,New Mexico State Aggies,Western Kentucky Hilltoppers,alternate_spread,away,8.5,-322,draftkings,0.7114504285961115,-0.051582746759338716,"10 market(s) allowlisted for NCAAF: moneyline, spread, total_points, alternate_spread, alternate_total_points, team_total, alternate_team_total, moneyline_h1, spread_h1, total_points_h1."
2026-10-01,401871049,False,2026-10-02T00:00:00Z,New Mexico State Aggies,Western Kentucky Hilltoppers,alternate_spread,away,9.5,-346,draftkings,0.7234191352502621,-0.05236561811296658,"10 market(s) allowlisted for NCAAF: moneyline, spread, total_points, alternate_spread, alternate_total_points, team_total, alternate_team_total, moneyline_h1, spread_h1, total_points_h1."
2026-10-01,401871049,False,2026-10-02T00:00:00Z,New Mexico State Aggies,Western Kentucky Hilltoppers,alternate_spread,away,10.5,-423,draftkings,0.7555044017253445,-0.05329100936452169,"10 market(s) allowlisted for NCAAF: moneyline, spread, total_points, alternate_spread, alternate_total_points, team_total, alternate_team_total, moneyline_h1, spread_h1, total_points_h1."
2026-10-01,401871049,False,2026-10-02T00:00:00Z,New Mexico State Aggies,Western Kentucky Hilltoppers,alternate_spread,away,11.5,-481,draftkings,0.7679857949475415,-0.05989716546553936,"10 market(s) allowlisted for NCAAF: moneyline, spread, total_points, alternate_spread, alternate_total_points, team_total, alternate_team_total, moneyline_h1, spread_h1, total_points_h1."
2026-10-01,401871049,False,2026-10-02T00:00:00Z,New Mexico State Aggies,Western Kentucky Hilltoppers,alternate_spread,away,12.5,-534,draftkings,0.772119540338022,-0.07015175303737231,"10 market(s) allowlisted for NCAAF: moneyline, spread, total_points, alternate_spread, alternate_total_points, team_total, alternate_team_total, moneyline_h1, spread_h1, total_points_h1."
2026-10-01,401871049,False,2026-10-02T00:00:00Z,New Mexico State Aggies,Western Kentucky Hilltoppers,alternate_spread,away,13.5,-600,draftkings,0.7754196174826471,-0.08172323966021,"10 market(s) allowlisted for NCAAF: moneyline, spread, total_points, alternate_spread, alternate_total_points, team_total, alternate_team_total, moneyline_h1, spread_h1, total_points_h1."
2026-10-01,401871049,False,2026-10-02T00:00:00Z,New Mexico State Aggies,Western Kentucky Hilltoppers,alternate_spread,away,14.5,-780,draftkings,0.7950098774997542,-0.0913537588638822,"10 market(s) allowlisted for NCAAF: moneyline, spread, total_points, alternate_spread, alternate_total_points, team_total, alternate_team_total, moneyline_h1, spread_h1, total_points_h1."
2026-10-01,401871049,False,2026-10-02T00:00:00Z,New Mexico State Aggies,Western Kentucky Hilltoppers,alternate_spread,away,15.5,-890,draftkings,0.8080875104441662,-0.09090238854573285,"10 market(s) allowlisted for NCAAF: moneyline, spread, total_points, alternate_spread, alternate_total_points, team_total, alternate_team_total, moneyline_h1, spread_h1, total_points_h1."
2026-10-01,401871049,False,2026-10-02T00:00:00Z,New Mexico State Aggies,Western Kentucky Hilltoppers,alternate_spread,away,16.5,-1020,draftkings,0.8141006102889622,-0.09661367542532351,"10 market(s) allowlisted for NCAAF: moneyline, spread, total_points, alternate_spread, alternate_total_points, team_total, alternate_team_total, moneyline_h1, spread_h1, total_points_h1."
2026-10-01,401871049,False,2026-10-02T00:00:00Z,New Mexico State Aggies,Western Kentucky Hilltoppers,alternate_spread,away,17.5,-1360,draftkings,0.8459843999666624,-0.08552244934840603,"10 market(s) allowlisted for NCAAF: moneyline, spread, total_points, alternate_spread, alternate_total_points, team_total, alternate_team_total, moneyline_h1, spread_h1, total_points_h1."
2026-10-01,401871049,False,2026-10-02T00:00:00Z,New Mexico State Aggies,Western Kentucky Hilltoppers,alternate_spread,away,18.5,-1680,draftkings,0.8571294301871165,-0.08669079453198458,"10 market(s) allowlisted for NCAAF: moneyline, spread, total_points, alternate_spread, alternate_total_points, team_total, alternate_team_total, moneyline_h1, spread_h1, total_points_h1."
2026-10-01,401871049,False,2026-10-02T00:00:00Z,New Mexico State Aggies,Western Kentucky Hilltoppers,alternate_spread,away,19.5,-2000,draftkings,0.8696283445886622,-0.0827526077922901,"10 market(s) allowlisted for NCAAF: moneyline, spread, total_points, alternate_spread, alternate_total_points, team_total, alternate_team_total, moneyline_h1, spread_h1, total_points_h1."
2026-10-01,401871049,False,2026-10-02T00:00:00Z,New Mexico State Aggies,Western Kentucky Hilltoppers,alternate_spread,away,20.5,-2500,draftkings,0.8809532515106916,-0.08058521002776997,"10 market(s) allowlisted for NCAAF: moneyline, spread, total_points, alternate_spread, alternate_total_points, team_total, alternate_team_total, moneyline_h1, spread_h1, total_points_h1."
2026-10-01,401871049,False,2026-10-02T00:00:00Z,New Mexico State Aggies,Western Kentucky Hilltoppers,alternate_spread,away,21.5,-4100,draftkings,0.896458304737909,-0.07973217145256717,"10 market(s) allowlisted for NCAAF: moneyline, spread, total_points, alternate_spread, alternate_total_points, team_total, alternate_team_total, moneyline_h1, spread_h1, total_points_h1."
2026-10-01,401871049,False,2026-10-02T00:00:00Z,New Mexico State Aggies,Western Kentucky Hilltoppers,alternate_spread,away,22.5,-5400,draftkings,0.9067691784413059,-0.07504900337687592,"10 market(s) allowlisted for NCAAF: moneyline, spread, total_points, alternate_spread, alternate_total_points, team_total, alternate_team_total, moneyline_h1, spread_h1, total_points_h1."
2026-10-01,401871049,False,2026-10-02T00:00:00Z,New Mexico State Aggies,Western Kentucky Hilltoppers,alternate_spread,away,23.5,-8100,draftkings,0.9129031368049048,-0.07490174124387572,"10 market(s) allowlisted for NCAAF: moneyline, spread, total_points, alternate_spread, alternate_total_points, team_total, alternate_team_total, moneyline_h1, spread_h1, total_points_h1."
2026-10-01,401871049,False,2026-10-02T00:00:00Z,New Mexico State Aggies,Western Kentucky Hilltoppers,alternate_total_points,over,36.5,-1700,draftkings,0.9091072543527419,-0.03533719009170255,"10 market(s) allowlisted for NCAAF: moneyline, spread, total_points, alternate_spread, alternate_total_points, team_total, alternate_team_total, moneyline_h1, spread_h1, total_points_h1."
2026-10-01,401871049,False,2026-10-02T00:00:00Z,New Mexico State Aggies,Western Kentucky Hilltoppers,alternate_total_points,over,37.5,-1220,draftkings,0.8924616176103025,-0.03178080663212168,"10 market(s) allowlisted for NCAAF: moneyline, spread, total_points, alternate_spread, alternate_total_points, team_total, alternate_team_total, moneyline_h1, spread_h1, total_points_h1."
2026-10-01,401871049,False,2026-10-02T00:00:00Z,New Mexico State Aggies,Western Kentucky Hilltoppers,alternate_total_points,over,38.5,-1040,draftkings,0.8758745485703701,-0.036406153184015855,"10 market(s) allowlisted for NCAAF: moneyline, spread, total_points, alternate_spread, alternate_total_points, team_total, alternate_team_total, moneyline_h1, spread_h1, total_points_h1."
2026-10-01,401871049,False,2026-10-02T00:00:00Z,New Mexico State Aggies,Western Kentucky Hilltoppers,alternate_total_points,over,39.5,-920,draftkings,0.8684660346884353,-0.0334947496252902,"10 market(s) allowlisted for NCAAF: moneyline, spread, total_points, alternate_spread, alternate_total_points, team_total, alternate_team_total, moneyline_h1, spread_h1, total_points_h1."
2026-10-01,401871049,False,2026-10-02T00:00:00Z,New Mexico State Aggies,Western Kentucky Hilltoppers,alternate_total_points,over,40.5,-780,draftkings,0.8472675827599624,-0.039096053603673964,"10 market(s) allowlisted for NCAAF: moneyline, spread, total_points, alternate_spread, alternate_total_points, team_total, alternate_team_total, moneyline_h1, spread_h1, total_points_h1."
2026-10-01,401871049,False,2026-10-02T00:00:00Z,New Mexico State Aggies,Western Kentucky Hilltoppers,alternate_total_points,over,41.5,-620,draftkings,0.8282084398164833,-0.03290267129462787,"10 market(s) allowlisted for NCAAF: moneyline, spread, total_points, alternate_spread, alternate_total_points, team_total, alternate_team_total, moneyline_h1, spread_h1, total_points_h1."
2026-10-01,401871049,False,2026-10-02T00:00:00Z,New Mexico State Aggies,Western Kentucky Hilltoppers,alternate_total_points,over,42.5,-574,draftkings,0.814403363191569,-0.03722868428617576,"10 market(s) allowlisted for NCAAF: moneyline, spread, total_points, alternate_spread, alternate_total_points, team_total, alternate_team_total, moneyline_h1, spread_h1, total_points_h1."
2026-10-01,401871049,False,2026-10-02T00:00:00Z,New Mexico State Aggies,Western Kentucky Hilltoppers,alternate_total_points,over,43.5,-505,draftkings,0.7918146510941466,-0.04289609270750627,"10 market(s) allowlisted for NCAAF: moneyline, spread, total_points, alternate_spread, alternate_total_points, team_total, alternate_team_total, moneyline_h1, spread_h1, total_points_h1."
2026-10-01,401871049,False,2026-10-02T00:00:00Z,New Mexico State Aggies,Western Kentucky Hilltoppers,alternate_total_points,over,44.5,-423,draftkings,0.7683741882636674,-0.040421222826198755,"10 market(s) allowlisted for NCAAF: moneyline, spread, total_points, alternate_spread, alternate_total_points, team_total, alternate_team_total, moneyline_h1, spread_h1, total_points_h1."
2026-10-01,401871049,False,2026-10-02T00:00:00Z,New Mexico State Aggies,Western Kentucky Hilltoppers,alternate_total_points,over,45.5,-367,draftkings,0.7430502137221809,-0.042817023965185275,"10 market(s) allowlisted for NCAAF: moneyline, spread, total_points, alternate_spread, alternate_total_points, team_total, alternate_team_total, moneyline_h1, spread_h1, total_points_h1."
2026-10-01,401871049,False,2026-10-02T00:00:00Z,New Mexico State Aggies,Western Kentucky Hilltoppers,alternate_total_points,over,46.5,-343,draftkings,0.7228456558704369,-0.05142070981805069,"10 market(s) allowlisted for NCAAF: moneyline, spread, total_points, alternate_spread, alternate_total_points, team_total, alternate_team_total, moneyline_h1, spread_h1, total_points_h1."
2026-10-01,401871049,False,2026-10-02T00:00:00Z,New Mexico State Aggies,Western Kentucky Hilltoppers,alternate_total_points,over,47.5,-299,draftkings,0.704116377714317,-0.045257055869642904,"10 market(s) allowlisted for NCAAF: moneyline, spread, total_points, alternate_spread, alternate_total_points, team_total, alternate_team_total, moneyline_h1, spread_h1, total_points_h1."
2026-10-01,401871049,False,2026-10-02T00:00:00Z,New Mexico State Aggies,Western Kentucky Hilltoppers,alternate_total_points,over,48.5,-266,draftkings,0.6793108441536524,-0.04746511213050064,"10 market(s) allowlisted for NCAAF: moneyline, spread, total_points, alternate_spread, alternate_total_points, team_total, alternate_team_total, moneyline_h1, spread_h1, total_points_h1."
2026-10-01,401871049,False,2026-10-02T00:00:00Z,New Mexico State Aggies,Western Kentucky Hilltoppers,alternate_total_points,over,49.5,-244,draftkings,0.6600651514186162,-0.049237174162779174,"10 market(s) allowlisted for NCAAF: moneyline, spread, total_points, alternate_spread, alternate_total_points, team_total, alternate_team_total, moneyline_h1, spread_h1, total_points_h1."
2026-10-01,401871049,False,2026-10-02T00:00:00Z,New Mexico State Aggies,Western Kentucky Hilltoppers,alternate_total_points,over,50.5,-223,draftkings,0.6430789123925935,-0.04732356438759222,"10 market(s) allowlisted for NCAAF: moneyline, spread, total_points, alternate_spread, alternate_total_points, team_total, alternate_team_total, moneyline_h1, spread_h1, total_points_h1."
2026-10-01,401871049,False,2026-10-02T00:00:00Z,New Mexico State Aggies,Western Kentucky Hilltoppers,alternate_total_points,over,51.5,-191,draftkings,0.6183308288076481,-0.03802655950850309,"10 market(s) allowlisted for NCAAF: moneyline, spread, total_points, alternate_spread, alternate_total_points, team_total, alternate_team_total, moneyline_h1, spread_h1, total_points_h1."
2026-10-01,401871049,False,2026-10-02T00:00:00Z,New Mexico State Aggies,Western Kentucky Hilltoppers,alternate_total_points,over,52.5,-173,draftkings,0.599540981335279,-0.03415865236435467,"10 market(s) allowlisted for NCAAF: moneyline, spread, total_points, alternate_spread, alternate_total_points, team_total, alternate_team_total, moneyline_h1, spread_h1, total_points_h1."
2026-10-01,401871049,False,2026-10-02T00:00:00Z,New Mexico State Aggies,Western Kentucky Hilltoppers,alternate_total_points,over,53.5,-160,draftkings,0.5870182869037548,-0.028366328480860625,"10 market(s) allowlisted for NCAAF: moneyline, spread, total_points, alternate_spread, alternate_total_points, team_total, alternate_team_total, moneyline_h1, spread_h1, total_points_h1."
2026-10-01,401871049,False,2026-10-02T00:00:00Z,New Mexico State Aggies,Western Kentucky Hilltoppers,alternate_total_points,over,54.5,-145,draftkings,0.5610573799445694,-0.030779354749308152,"10 market(s) allowlisted for NCAAF: moneyline, spread, total_points, alternate_spread, alternate_total_points, team_total, alternate_team_total, moneyline_h1, spread_h1, total_points_h1."
2026-10-01,401871049,False,2026-10-02T00:00:00Z,New Mexico State Aggies,Western Kentucky Hilltoppers,alternate_total_points,over,55.5,-125,draftkings,0.5222922337283343,-0.03326332182722125,"10 market(s) allowlisted for NCAAF: moneyline, spread, total_points, alternate_spread, alternate_total_points, team_total, alternate_team_total, moneyline_h1, spread_h1, total_points_h1."
2026-10-01,401871049,False,2026-10-02T00:00:00Z,New Mexico State Aggies,Western Kentucky Hilltoppers,alternate_total_points,over,57.5,-106,draftkings,0.4817113927903454,-0.03285171400577108,"10 market(s) allowlisted for NCAAF: moneyline, spread, total_points, alternate_spread, alternate_total_points, team_total, alternate_team_total, moneyline_h1, spread_h1, total_points_h1."
2026-10-01,401871049,False,2026-10-02T00:00:00Z,New Mexico State Aggies,Western Kentucky Hilltoppers,alternate_total_points,over,58.5,105,draftkings,0.45453868620675336,-0.033266191842027115,"10 market(s) allowlisted for NCAAF: moneyline, spread, total_points, alternate_spread, alternate_total_points, team_total, alternate_team_total, moneyline_h1, spread_h1, total_points_h1."
2026-10-01,401871049,False,2026-10-02T00:00:00Z,New Mexico State Aggies,Western Kentucky Hilltoppers,alternate_total_points,over,59.5,119,draftkings,0.4208863031732046,-0.03573470139300544,"10 market(s) allowlisted for NCAAF: moneyline, spread, total_points, alternate_spread, alternate_total_points, team_total, alternate_team_total, moneyline_h1, spread_h1, total_points_h1."
2026-10-01,401871049,False,2026-10-02T00:00:00Z,New Mexico State Aggies,Western Kentucky Hilltoppers,alternate_total_points,over,60.5,126,draftkings,0.40448160420127205,-0.03799627190492266,"10 market(s) allowlisted for NCAAF: moneyline, spread, total_points, alternate_spread, alternate_total_points, team_total, alternate_team_total, moneyline_h1, spread_h1, total_points_h1."
2026-10-01,401871049,False,2026-10-02T00:00:00Z,New Mexico State Aggies,Western Kentucky Hilltoppers,alternate_total_points,over,61.5,140,draftkings,0.3727162461057006,-0.0439504205609661,"10 market(s) allowlisted for NCAAF: moneyline, spread, total_points, alternate_spread, alternate_total_points, team_total, alternate_team_total, moneyline_h1, spread_h1, total_points_h1."
2026-10-01,401871049,False,2026-10-02T00:00:00Z,New Mexico State Aggies,Western Kentucky Hilltoppers,alternate_total_points,over,62.5,154,draftkings,0.3391966128826643,-0.05450417451891054,"10 market(s) allowlisted for NCAAF: moneyline, spread, total_points, alternate_spread, alternate_total_points, team_total, alternate_team_total, moneyline_h1, spread_h1, total_points_h1."
2026-10-01,401871049,False,2026-10-02T00:00:00Z,New Mexico State Aggies,Western Kentucky Hilltoppers,alternate_total_points,over,63.5,169,draftkings,0.3128224635047631,-0.05892474839114764,"10 market(s) allowlisted for NCAAF: moneyline, spread, total_points, alternate_spread, alternate_total_points, team_total, alternate_team_total, moneyline_h1, spread_h1, total_points_h1."
2026-10-01,401871049,False,2026-10-02T00:00:00Z,New Mexico State Aggies,Western Kentucky Hilltoppers,alternate_total_points,over,64.5,181,draftkings,0.29821924559562785,-0.057652640525368615,"10 market(s) allowlisted for NCAAF: moneyline, spread, total_points, alternate_spread, alternate_total_points, team_total, alternate_team_total, moneyline_h1, spread_h1, total_points_h1."
2026-10-01,401871049,False,2026-10-02T00:00:00Z,New Mexico State Aggies,Western Kentucky Hilltoppers,alternate_total_points,over,65.5,209,draftkings,0.2727900038235004,-0.05083459164575527,"10 market(s) allowlisted for NCAAF: moneyline, spread, total_points, alternate_spread, alternate_total_points, team_total, alternate_team_total, moneyline_h1, spread_h1, total_points_h1."
2026-10-01,401871049,False,2026-10-02T00:00:00Z,New Mexico State Aggies,Western Kentucky Hilltoppers,alternate_total_points,over,66.5,229,draftkings,0.2489287311348766,-0.055022636646278406,"10 market(s) allowlisted for NCAAF: moneyline, spread, total_points, alternate_spread, alternate_total_points, team_total, alternate_team_total, moneyline_h1, spread_h1, total_points_h1."
2026-10-01,401871049,False,2026-10-02T00:00:00Z,New Mexico State Aggies,Western Kentucky Hilltoppers,alternate_total_points,over,67.5,246,draftkings,0.23631136871976835,-0.0527059723206941,"10 market(s) allowlisted for NCAAF: moneyline, spread, total_points, alternate_spread, alternate_total_points, team_total, alternate_team_total, moneyline_h1, spread_h1, total_points_h1."
2026-10-01,401871049,False,2026-10-02T00:00:00Z,New Mexico State Aggies,Western Kentucky Hilltoppers,alternate_total_points,over,68.5,268,draftkings,0.2250673165945293,-0.04667181384025329,"10 market(s) allowlisted for NCAAF: moneyline, spread, total_points, alternate_spread, alternate_total_points, team_total, alternate_team_total, moneyline_h1, spread_h1, total_points_h1."
2026-10-01,401871049,False,2026-10-02T00:00:00Z,New Mexico State Aggies,Western Kentucky Hilltoppers,alternate_total_points,over,69.5,304,draftkings,0.21266442418259685,-0.03486032829265068,"10 market(s) allowlisted for NCAAF: moneyline, spread, total_points, alternate_spread, alternate_total_points, team_total, alternate_team_total, moneyline_h1, spread_h1, total_points_h1."
2026-10-01,401871049,False,2026-10-02T00:00:00Z,New Mexico State Aggies,Western Kentucky Hilltoppers,alternate_total_points,over,70.5,325,draftkings,0.19842152004365035,-0.03687259760340847,"10 market(s) allowlisted for NCAAF: moneyline, spread, total_points, alternate_spread, alternate_total_points, team_total, alternate_team_total, moneyline_h1, spread_h1, total_points_h1."
2026-10-01,401871049,False,2026-10-02T00:00:00Z,New Mexico State Aggies,Western Kentucky Hilltoppers,alternate_total_points,over,71.5,353,draftkings,0.18448071475176253,-0.03626983712461715,"10 market(s) allowlisted for NCAAF: moneyline, spread, total_points, alternate_spread, alternate_total_points, team_total, alternate_team_total, moneyline_h1, spread_h1, total_points_h1."
2026-10-01,401871049,False,2026-10-02T00:00:00Z,New Mexico State Aggies,Western Kentucky Hilltoppers,alternate_total_points,over,72.5,393,draftkings,0.16764382702409747,-0.03519592956819462,"10 market(s) allowlisted for NCAAF: moneyline, spread, total_points, alternate_spread, alternate_total_points, team_total, alternate_team_total, moneyline_h1, spread_h1, total_points_h1."
2026-10-01,401871049,False,2026-10-02T00:00:00Z,New Mexico State Aggies,Western Kentucky Hilltoppers,alternate_total_points,over,73.5,437,draftkings,0.14983023799412334,-0.036389501298241644,"10 market(s) allowlisted for NCAAF: moneyline, spread, total_points, alternate_spread, alternate_total_points, team_total, alternate_team_total, moneyline_h1, spread_h1, total_points_h1."
2026-10-01,401871049,False,2026-10-02T00:00:00Z,New Mexico State Aggies,Western Kentucky Hilltoppers,alternate_total_points,over,74.5,464,draftkings,0.14080364650747113,-0.03650131803153597,"10 market(s) allowlisted for NCAAF: moneyline, spread, total_points, alternate_spread, alternate_total_points, team_total, alternate_team_total, moneyline_h1, spread_h1, total_points_h1."
2026-10-01,401871049,False,2026-10-02T00:00:00Z,New Mexico State Aggies,Western Kentucky Hilltoppers,alternate_total_points,over,75.5,514,draftkings,0.1309361804710215,-0.03193026904037913,"10 market(s) allowlisted for NCAAF: moneyline, spread, total_points, alternate_spread, alternate_total_points, team_total, alternate_team_total, moneyline_h1, spread_h1, total_points_h1."
2026-10-01,401871049,False,2026-10-02T00:00:00Z,New Mexico State Aggies,Western Kentucky Hilltoppers,alternate_total_points,over,76.5,562,draftkings,0.11909320815343921,-0.0319641936592496,"10 market(s) allowlisted for NCAAF: moneyline, spread, total_points, alternate_spread, alternate_total_points, team_total, alternate_team_total, moneyline_h1, spread_h1, total_points_h1."
2026-10-01,401871049,False,2026-10-02T00:00:00Z,New Mexico State Aggies,Western Kentucky Hilltoppers,alternate_total_points,over,77.5,610,draftkings,0.10844180525637662,-0.0324032651661586,"10 market(s) allowlisted for NCAAF: moneyline, spread, total_points, alternate_spread, alternate_total_points, team_total, alternate_team_total, moneyline_h1, spread_h1, total_points_h1."
2026-10-01,401871049,False,2026-10-02T00:00:00Z,New Mexico State Aggies,Western Kentucky Hilltoppers,alternate_total_points,over,78.5,650,draftkings,0.10078267848881878,-0.032550654844514554,"10 market(s) allowlisted for NCAAF: moneyline, spread, total_points, alternate_spread, alternate_total_points, team_total, alternate_team_total, moneyline_h1, spread_h1, total_points_h1."
2026-10-01,401871049,False,2026-10-02T00:00:00Z,New Mexico State Aggies,Western Kentucky Hilltoppers,alternate_total_points,under,36.5,700,draftkings,0.09089274564725852,-0.03410725435274148,"10 market(s) allowlisted for NCAAF: moneyline, spread, total_points, alternate_spread, alternate_total_points, team_total, alternate_team_total, moneyline_h1, spread_h1, total_points_h1."
2026-10-01,401871049,False,2026-10-02T00:00:00Z,New Mexico State Aggies,Western Kentucky Hilltoppers,alternate_total_points,under,37.5,587,draftkings,0.1075383823896979,-0.03802202517944328,"10 market(s) allowlisted for NCAAF: moneyline, spread, total_points, alternate_spread, alternate_total_points, team_total, alternate_team_total, moneyline_h1, spread_h1, total_points_h1."
2026-10-01,401871049,False,2026-10-02T00:00:00Z,New Mexico State Aggies,Western Kentucky Hilltoppers,alternate_total_points,under,38.5,533,draftkings,0.12412545142963027,-0.03385243166673624,"10 market(s) allowlisted for NCAAF: moneyline, spread, total_points, alternate_spread, alternate_total_points, team_total, alternate_team_total, moneyline_h1, spread_h1, total_points_h1."
2026-10-01,401871049,False,2026-10-02T00:00:00Z,New Mexico State Aggies,Western Kentucky Hilltoppers,alternate_total_points,under,39.5,494,draftkings,0.13153396531156508,-0.03681620303860328,"10 market(s) allowlisted for NCAAF: moneyline, spread, total_points, alternate_spread, alternate_total_points, team_total, alternate_team_total, moneyline_h1, spread_h1, total_points_h1."
2026-10-01,401871049,False,2026-10-02T00:00:00Z,New Mexico State Aggies,Western Kentucky Hilltoppers,alternate_total_points,under,40.5,443,draftkings,0.15273241724003803,-0.031429645375063264,"10 market(s) allowlisted for NCAAF: moneyline, spread, total_points, alternate_spread, alternate_total_points, team_total, alternate_team_total, moneyline_h1, spread_h1, total_points_h1."
2026-10-01,401871049,False,2026-10-02T00:00:00Z,New Mexico State Aggies,Western Kentucky Hilltoppers,alternate_total_points,under,41.5,379,draftkings,0.17179156018351704,-0.036976707039865,"10 market(s) allowlisted for NCAAF: moneyline, spread, total_points, alternate_spread, alternate_total_points, team_total, alternate_team_total, moneyline_h1, spread_h1, total_points_h1."
2026-10-01,401871049,False,2026-10-02T00:00:00Z,New Mexico State Aggies,Western Kentucky Hilltoppers,alternate_total_points,under,42.5,359,draftkings,0.1855966368084313,-0.0322682869388454,"10 market(s) allowlisted for NCAAF: moneyline, spread, total_points, alternate_spread, alternate_total_points, team_total, alternate_team_total, moneyline_h1, spread_h1, total_points_h1."
2026-10-01,401871049,False,2026-10-02T00:00:00Z,New Mexico State Aggies,Western Kentucky Hilltoppers,alternate_total_points,under,43.5,325,draftkings,0.20818534890585363,-0.027108768741205186,"10 market(s) allowlisted for NCAAF: moneyline, spread, total_points, alternate_spread, alternate_total_points, team_total, alternate_team_total, moneyline_h1, spread_h1, total_points_h1."
2026-10-01,401871049,False,2026-10-02T00:00:00Z,New Mexico State Aggies,Western Kentucky Hilltoppers,alternate_total_points,under,44.5,283,draftkings,0.23162581173633284,-0.02947079400779251,"10 market(s) allowlisted for NCAAF: moneyline, spread, total_points, alternate_spread, alternate_total_points, team_total, alternate_team_total, moneyline_h1, spread_h1, total_points_h1."
2026-10-01,401871049,False,2026-10-02T00:00:00Z,New Mexico State Aggies,Western Kentucky Hilltoppers,alternate_total_points,under,45.5,252,draftkings,0.2569497862778194,-0.027141122813089724,"10 market(s) allowlisted for NCAAF: moneyline, spread, total_points, alternate_spread, alternate_total_points, team_total, alternate_team_total, moneyline_h1, spread_h1, total_points_h1."
2026-10-01,401871049,False,2026-10-02T00:00:00Z,New Mexico State Aggies,Western Kentucky Hilltoppers,alternate_total_points,under,46.5,238,draftkings,0.2771543441295633,-0.018703644036117184,"10 market(s) allowlisted for NCAAF: moneyline, spread, total_points, alternate_spread, alternate_total_points, team_total, alternate_team_total, moneyline_h1, spread_h1, total_points_h1."
2026-10-01,401871049,False,2026-10-02T00:00:00Z,New Mexico State Aggies,Western Kentucky Hilltoppers,alternate_total_points,under,47.5,212,draftkings,0.29588362228568327,-0.024629198227137272,"10 market(s) allowlisted for NCAAF: moneyline, spread, total_points, alternate_spread, alternate_total_points, team_total, alternate_team_total, moneyline_h1, spread_h1, total_points_h1."
2026-10-01,401871049,False,2026-10-02T00:00:00Z,New Mexico State Aggies,Western Kentucky Hilltoppers,alternate_total_points,under,48.5,191,draftkings,0.3206891558463479,-0.022953455837500913,"10 market(s) allowlisted for NCAAF: moneyline, spread, total_points, alternate_spread, alternate_total_points, team_total, alternate_team_total, moneyline_h1, spread_h1, total_points_h1."
2026-10-01,401871049,False,2026-10-02T00:00:00Z,New Mexico State Aggies,Western Kentucky Hilltoppers,alternate_total_points,under,49.5,177,draftkings,0.339934848581384,-0.021075981743525762,"10 market(s) allowlisted for NCAAF: moneyline, spread, total_points, alternate_spread, alternate_total_points, team_total, alternate_team_total, moneyline_h1, spread_h1, total_points_h1."
2026-10-01,401871049,False,2026-10-02T00:00:00Z,New Mexico State Aggies,Western Kentucky Hilltoppers,alternate_total_points,under,50.5,163,draftkings,0.35692108760740676,-0.02330704927472249,"10 market(s) allowlisted for NCAAF: moneyline, spread, total_points, alternate_spread, alternate_total_points, team_total, alternate_team_total, moneyline_h1, spread_h1, total_points_h1."
2026-10-01,401871049,False,2026-10-02T00:00:00Z,New Mexico State Aggies,Western Kentucky Hilltoppers,alternate_total_points,under,51.5,142,draftkings,0.3816691711923522,-0.03155396930351556,"10 market(s) allowlisted for NCAAF: moneyline, spread, total_points, alternate_spread, alternate_total_points, team_total, alternate_team_total, moneyline_h1, spread_h1, total_points_h1."
2026-10-01,401871049,False,2026-10-02T00:00:00Z,New Mexico State Aggies,Western Kentucky Hilltoppers,alternate_total_points,under,52.5,129,draftkings,0.40045901866472117,-0.03622220404270243,"10 market(s) allowlisted for NCAAF: moneyline, spread, total_points, alternate_spread, alternate_total_points, team_total, alternate_team_total, moneyline_h1, spread_h1, total_points_h1."
2026-10-01,401871049,False,2026-10-02T00:00:00Z,New Mexico State Aggies,Western Kentucky Hilltoppers,alternate_total_points,under,53.5,120,draftkings,0.41298171309624543,-0.0415637414492091,"10 market(s) allowlisted for NCAAF: moneyline, spread, total_points, alternate_spread, alternate_total_points, team_total, alternate_team_total, moneyline_h1, spread_h1, total_points_h1."
2026-10-01,401871049,False,2026-10-02T00:00:00Z,New Mexico State Aggies,Western Kentucky Hilltoppers,alternate_total_points,under,54.5,108,draftkings,0.4389426200554308,-0.041826610713800005,"10 market(s) allowlisted for NCAAF: moneyline, spread, total_points, alternate_spread, alternate_total_points, team_total, alternate_team_total, moneyline_h1, spread_h1, total_points_h1."
2026-10-01,401871049,False,2026-10-02T00:00:00Z,New Mexico State Aggies,Western Kentucky Hilltoppers,alternate_total_points,under,55.5,-106,draftkings,0.47770776627166556,-0.03685534052445094,"10 market(s) allowlisted for NCAAF: moneyline, spread, total_points, alternate_spread, alternate_total_points, team_total, alternate_team_total, moneyline_h1, spread_h1, total_points_h1."
2026-10-01,401871049,False,2026-10-02T00:00:00Z,New Mexico State Aggies,Western Kentucky Hilltoppers,alternate_total_points,under,57.5,-125,draftkings,0.5182886072096544,-0.03726694834590116,"10 market(s) allowlisted for NCAAF: moneyline, spread, total_points, alternate_spread, alternate_total_points, team_total, alternate_team_total, moneyline_h1, spread_h1, total_points_h1."
2026-10-01,401871049,False,2026-10-02T00:00:00Z,New Mexico State Aggies,Western Kentucky Hilltoppers,alternate_total_points,under,58.5,-140,draftkings,0.5454613137932465,-0.0378720195400869,"10 market(s) allowlisted for NCAAF: moneyline, spread, total_points, alternate_spread, alternate_total_points, team_total, alternate_team_total, moneyline_h1, spread_h1, total_points_h1."
2026-10-01,401871049,False,2026-10-02T00:00:00Z,New Mexico State Aggies,Western Kentucky Hilltoppers,alternate_total_points,under,59.5,-159,draftkings,0.5791136968267954,-0.03478591707281853,"10 market(s) allowlisted for NCAAF: moneyline, spread, total_points, alternate_spread, alternate_total_points, team_total, alternate_team_total, moneyline_h1, spread_h1, total_points_h1."
2026-10-01,401871049,False,2026-10-02T00:00:00Z,New Mexico State Aggies,Western Kentucky Hilltoppers,alternate_total_points,under,60.5,-169,draftkings,0.5955183957987279,-0.03273439230536135,"10 market(s) allowlisted for NCAAF: moneyline, spread, total_points, alternate_spread, alternate_total_points, team_total, alternate_team_total, moneyline_h1, spread_h1, total_points_h1."
2026-10-01,401871049,False,2026-10-02T00:00:00Z,New Mexico State Aggies,Western Kentucky Hilltoppers,alternate_total_points,under,61.5,-189,draftkings,0.6272837538942995,-0.02669548486002582,"10 market(s) allowlisted for NCAAF: moneyline, spread, total_points, alternate_spread, alternate_total_points, team_total, alternate_team_total, moneyline_h1, spread_h1, total_points_h1."
2026-10-01,401871049,False,2026-10-02T00:00:00Z,New Mexico State Aggies,Western Kentucky Hilltoppers,alternate_total_points,under,62.5,-210,draftkings,0.6608033871173357,-0.01661596772137397,"10 market(s) allowlisted for NCAAF: moneyline, spread, total_points, alternate_spread, alternate_total_points, team_total, alternate_team_total, moneyline_h1, spread_h1, total_points_h1."
2026-10-01,401871049,False,2026-10-02T00:00:00Z,New Mexico State Aggies,Western Kentucky Hilltoppers,alternate_total_points,under,63.5,-231,draftkings,0.6871775364952369,-0.010707659879385378,"10 market(s) allowlisted for NCAAF: moneyline, spread, total_points, alternate_spread, alternate_total_points, team_total, alternate_team_total, moneyline_h1, spread_h1, total_points_h1."
2026-10-01,401871049,False,2026-10-02T00:00:00Z,New Mexico State Aggies,Western Kentucky Hilltoppers,alternate_total_points,under,64.5,-250,draftkings,0.7017807544043723,-0.012504959881342037,"10 market(s) allowlisted for NCAAF: moneyline, spread, total_points, alternate_spread, alternate_total_points, team_total, alternate_team_total, moneyline_h1, spread_h1, total_points_h1."
2026-10-01,401871049,False,2026-10-02T00:00:00Z,New Mexico State Aggies,Western Kentucky Hilltoppers,alternate_total_points,under,65.5,-295,draftkings,0.7272099961764997,-0.019625446861474938,"10 market(s) allowlisted for NCAAF: moneyline, spread, total_points, alternate_spread, alternate_total_points, team_total, alternate_team_total, moneyline_h1, spread_h1, total_points_h1."
2026-10-01,401871049,False,2026-10-02T00:00:00Z,New Mexico State Aggies,Western Kentucky Hilltoppers,alternate_total_points,under,66.5,-328,draftkings,0.7510712688651235,-0.01528387132179232,"10 market(s) allowlisted for NCAAF: moneyline, spread, total_points, alternate_spread, alternate_total_points, team_total, alternate_team_total, moneyline_h1, spread_h1, total_points_h1."
2026-10-01,401871049,False,2026-10-02T00:00:00Z,New Mexico State Aggies,Western Kentucky Hilltoppers,alternate_total_points,under,67.5,-357,draftkings,0.7636886312802318,-0.01749298797578569,"10 market(s) allowlisted for NCAAF: moneyline, spread, total_points, alternate_spread, alternate_total_points, team_total, alternate_team_total, moneyline_h1, spread_h1, total_points_h1."
2026-10-01,401871049,False,2026-10-02T00:00:00Z,New Mexico State Aggies,Western Kentucky Hilltoppers,alternate_total_points,under,68.5,-395,draftkings,0.7749326834054708,-0.023047114574327177,"10 market(s) allowlisted for NCAAF: moneyline, spread, total_points, alternate_spread, alternate_total_points, team_total, alternate_team_total, moneyline_h1, spread_h1, total_points_h1."
2026-10-01,401871049,False,2026-10-02T00:00:00Z,New Mexico State Aggies,Western Kentucky Hilltoppers,alternate_total_points,under,69.5,-463,draftkings,0.7873355758174033,-0.03504453075453273,"10 market(s) allowlisted for NCAAF: moneyline, spread, total_points, alternate_spread, alternate_total_points, team_total, alternate_team_total, moneyline_h1, spread_h1, total_points_h1."
2026-10-01,401871049,False,2026-10-02T00:00:00Z,New Mexico State Aggies,Western Kentucky Hilltoppers,alternate_total_points,under,70.5,-504,draftkings,0.8015784799563498,-0.03285860613636549,"10 market(s) allowlisted for NCAAF: moneyline, spread, total_points, alternate_spread, alternate_total_points, team_total, alternate_team_total, moneyline_h1, spread_h1, total_points_h1."
2026-10-01,401871049,False,2026-10-02T00:00:00Z,New Mexico State Aggies,Western Kentucky Hilltoppers,alternate_total_points,under,71.5,-562,draftkings,0.8155192852482376,-0.033423312939073635,"10 market(s) allowlisted for NCAAF: moneyline, spread, total_points, alternate_spread, alternate_total_points, team_total, alternate_team_total, moneyline_h1, spread_h1, total_points_h1."
2026-10-01,401871049,False,2026-10-02T00:00:00Z,New Mexico State Aggies,Western Kentucky Hilltoppers,alternate_total_points,under,72.5,-650,draftkings,0.8323561729759027,-0.034310493690764,"10 market(s) allowlisted for NCAAF: moneyline, spread, total_points, alternate_spread, alternate_total_points, team_total, alternate_team_total, moneyline_h1, spread_h1, total_points_h1."
2026-10-01,401871049,False,2026-10-02T00:00:00Z,New Mexico State Aggies,Western Kentucky Hilltoppers,alternate_total_points,under,73.5,-760,draftkings,0.8501697620058768,-0.03355116822668136,"10 market(s) allowlisted for NCAAF: moneyline, spread, total_points, alternate_spread, alternate_total_points, team_total, alternate_team_total, moneyline_h1, spread_h1, total_points_h1."
2026-10-01,401871049,False,2026-10-02T00:00:00Z,New Mexico State Aggies,Western Kentucky Hilltoppers,alternate_total_points,under,74.5,-830,draftkings,0.859196353492529,-0.03327676478704089,"10 market(s) allowlisted for NCAAF: moneyline, spread, total_points, alternate_spread, alternate_total_points, team_total, alternate_team_total, moneyline_h1, spread_h1, total_points_h1."
2026-10-01,401871049,False,2026-10-02T00:00:00Z,New Mexico State Aggies,Western Kentucky Hilltoppers,alternate_total_points,under,75.5,-980,draftkings,0.8690638195289786,-0.03834358787842884,"10 market(s) allowlisted for NCAAF: moneyline, spread, total_points, alternate_spread, alternate_total_points, team_total, alternate_team_total, moneyline_h1, spread_h1, total_points_h1."
2026-10-01,401871049,False,2026-10-02T00:00:00Z,New Mexico State Aggies,Western Kentucky Hilltoppers,alternate_total_points,under,76.5,-1140,draftkings,0.880906791846561,-0.038448046863116425,"10 market(s) allowlisted for NCAAF: moneyline, spread, total_points, alternate_spread, alternate_total_points, team_total, alternate_team_total, moneyline_h1, spread_h1, total_points_h1."
2026-10-01,401871049,False,2026-10-02T00:00:00Z,New Mexico State Aggies,Western Kentucky Hilltoppers,alternate_total_points,under,77.5,-1320,draftkings,0.8915581947436235,-0.038019270045108855,"10 market(s) allowlisted for NCAAF: moneyline, spread, total_points, alternate_spread, alternate_total_points, team_total, alternate_team_total, moneyline_h1, spread_h1, total_points_h1."
2026-10-01,401871049,False,2026-10-02T00:00:00Z,New Mexico State Aggies,Western Kentucky Hilltoppers,alternate_total_points,under,78.5,-1500,draftkings,0.8992173215111814,-0.03828267848881861,"10 market(s) allowlisted for NCAAF: moneyline, spread, total_points, alternate_spread, alternate_total_points, team_total, alternate_team_total, moneyline_h1, spread_h1, total_points_h1."
2026-10-01,401871049,False,2026-10-02T00:00:00Z,New Mexico State Aggies,Western Kentucky Hilltoppers,alternate_spread,home,5.5,-240,fanatics,0.6720225643539421,-0.033859788587234374,"10 market(s) allowlisted for NCAAF: moneyline, spread, total_points, alternate_spread, alternate_total_points, team_total, alternate_team_total, moneyline_h1, spread_h1, total_points_h1."
2026-10-01,401871049,False,2026-10-02T00:00:00Z,New Mexico State Aggies,Western Kentucky Hilltoppers,alternate_spread,home,4.5,-220,fanatics,0.6579595602121435,-0.029540439787856476,"10 market(s) allowlisted for NCAAF: moneyline, spread, total_points, alternate_spread, alternate_total_points, team_total, alternate_team_total, moneyline_h1, spread_h1, total_points_h1."
2026-10-01,401871049,False,2026-10-02T00:00:00Z,New Mexico State Aggies,Western Kentucky Hilltoppers,alternate_spread,home,2.5,-155,fanatics,0.5821501478740059,-0.025692989380896036,"10 market(s) allowlisted for NCAAF: moneyline, spread, total_points, alternate_spread, alternate_total_points, team_total, alternate_team_total, moneyline_h1, spread_h1, total_points_h1."
2026-10-01,401871049,False,2026-10-02T00:00:00Z,New Mexico State Aggies,Western Kentucky Hilltoppers,alternate_spread,home,1.5,-145,fanatics,0.5601454937114477,-0.031691240982429814,"10 market(s) allowlisted for NCAAF: moneyline, spread, total_points, alternate_spread, alternate_total_points, team_total, alternate_team_total, moneyline_h1, spread_h1, total_points_h1."
2026-10-01,401871049,False,2026-10-02T00:00:00Z,New Mexico State Aggies,Western Kentucky Hilltoppers,alternate_spread,home,8.5,-400,fanatics,0.7573417558942701,-0.04265824410572994,"10 market(s) allowlisted for NCAAF: moneyline, spread, total_points, alternate_spread, alternate_total_points, team_total, alternate_team_total, moneyline_h1, spread_h1, total_points_h1."
2026-10-01,401871049,False,2026-10-02T00:00:00Z,New Mexico State Aggies,Western Kentucky Hilltoppers,alternate_spread,home,3.0,-175,fanatics,0.6162122649702385,-0.020151371393397843,"10 market(s) allowlisted for NCAAF: moneyline, spread, total_points, alternate_spread, alternate_total_points, team_total, alternate_team_total, moneyline_h1, spread_h1, total_points_h1."
2026-10-01,401871049,False,2026-10-02T00:00:00Z,New Mexico State Aggies,Western Kentucky Hilltoppers,alternate_spread,home,20.5,-1500,fanatics,0.9129608233861299,-0.024539176613870062,"10 market(s) allowlisted for NCAAF: moneyline, spread, total_points, alternate_spread, alternate_total_points, team_total, alternate_team_total, moneyline_h1, spread_h1, total_points_h1."
2026-10-01,401871049,False,2026-10-02T00:00:00Z,New Mexico State Aggies,Western Kentucky Hilltoppers,alternate_spread,home,1.0,-140,fanatics,0.5506068429076802,-0.03272649042565312,"10 market(s) allowlisted for NCAAF: moneyline, spread, total_points, alternate_spread, alternate_total_points, team_total, alternate_team_total, moneyline_h1, spread_h1, total_points_h1."
2026-10-01,401871049,False,2026-10-02T00:00:00Z,New Mexico State Aggies,Western Kentucky Hilltoppers,alternate_spread,home,6.0,-265,fanatics,0.6901635044879655,-0.0358638927723085,"10 market(s) allowlisted for NCAAF: moneyline, spread, total_points, alternate_spread, alternate_total_points, team_total, alternate_team_total, moneyline_h1, spread_h1, total_points_h1."
2026-10-01,401871049,False,2026-10-02T00:00:00Z,New Mexico State Aggies,Western Kentucky Hilltoppers,alternate_spread,home,-24.5,850,fanatics,0.06953116330678602,-0.035731994587950816,"10 market(s) allowlisted for NCAAF: moneyline, spread, total_points, alternate_spread, alternate_total_points, team_total, alternate_team_total, moneyline_h1, spread_h1, total_points_h1."
2026-10-01,401871049,False,2026-10-02T00:00:00Z,New Mexico State Aggies,Western Kentucky Hilltoppers,alternate_spread,home,-13.5,310,fanatics,0.22458038251735316,-0.019322056507037083,"10 market(s) allowlisted for NCAAF: moneyline, spread, total_points, alternate_spread, alternate_total_points, team_total, alternate_team_total, moneyline_h1, spread_h1, total_points_h1."
2026-10-01,401871049,False,2026-10-02T00:00:00Z,New Mexico State Aggies,Western Kentucky Hilltoppers,alternate_spread,home,-8.5,215,fanatics,0.2885495714038886,-0.02891074605642885,"10 market(s) allowlisted for NCAAF: moneyline, spread, total_points, alternate_spread, alternate_total_points, team_total, alternate_team_total, moneyline_h1, spread_h1, total_points_h1."
2026-10-01,401871049,False,2026-10-02T00:00:00Z,New Mexico State Aggies,Western Kentucky Hilltoppers,alternate_spread,home,4.0,-210,fanatics,0.6507892810390646,-0.026630073799644993,"10 market(s) allowlisted for NCAAF: moneyline, spread, total_points, alternate_spread, alternate_total_points, team_total, alternate_team_total, moneyline_h1, spread_h1, total_points_h1."
2026-10-01,401871049,False,2026-10-02T00:00:00Z,New Mexico State Aggies,Western Kentucky Hilltoppers,alternate_spread,home,9.0,-425,fanatics,0.7641182279127002,-0.0454055816111093,"10 market(s) allowlisted for NCAAF: moneyline, spread, total_points, alternate_spread, alternate_total_points, team_total, alternate_team_total, moneyline_h1, spread_h1, total_points_h1."
2026-10-01,401871049,False,2026-10-02T00:00:00Z,New Mexico State Aggies,Western Kentucky Hilltoppers,alternate_spread,home,7.0,-330,fanatics,0.7329991472417691,-0.03444271322334724,"10 market(s) allowlisted for NCAAF: moneyline, spread, total_points, alternate_spread, alternate_total_points, team_total, alternate_team_total, moneyline_h1, spread_h1, total_points_h1."
2026-10-01,401871049,False,2026-10-02T00:00:00Z,New Mexico State Aggies,Western Kentucky Hilltoppers,alternate_spread,home,7.5,-350,fanatics,0.745635840179872,-0.032141937597905845,"10 market(s) allowlisted for NCAAF: moneyline, spread, total_points, alternate_spread, alternate_total_points, team_total, alternate_team_total, moneyline_h1, spread_h1, total_points_h1."
2026-10-01,401871049,False,2026-10-02T00:00:00Z,New Mexico State Aggies,Western Kentucky Hilltoppers,alternate_spread,home,-12.5,280,fanatics,0.22788045966197826,-0.03527743507486383,"10 market(s) allowlisted for NCAAF: moneyline, spread, total_points, alternate_spread, alternate_total_points, team_total, alternate_team_total, moneyline_h1, spread_h1, total_points_h1."
2026-10-01,401871049,False,2026-10-02T00:00:00Z,New Mexico State Aggies,Western Kentucky Hilltoppers,alternate_spread,home,16.5,-950,fanatics,0.8677153593337317,-0.037046545428173094,"10 market(s) allowlisted for NCAAF: moneyline, spread, total_points, alternate_spread, alternate_total_points, team_total, alternate_team_total, moneyline_h1, spread_h1, total_points_h1."
2026-10-01,401871049,False,2026-10-02T00:00:00Z,New Mexico State Aggies,Western Kentucky Hilltoppers,alternate_spread,home,-23.5,750,fanatics,0.08709686319509541,-0.030550195628434,"10 market(s) allowlisted for NCAAF: moneyline, spread, total_points, alternate_spread, alternate_total_points, team_total, alternate_team_total, moneyline_h1, spread_h1, total_points_h1."
2026-10-01,401871049,False,2026-10-02T00:00:00Z,New Mexico State Aggies,Western Kentucky Hilltoppers,alternate_spread,home,15.5,-850,fanatics,0.8634207081196992,-0.03131613398556399,"10 market(s) allowlisted for NCAAF: moneyline, spread, total_points, alternate_spread, alternate_total_points, team_total, alternate_team_total, moneyline_h1, spread_h1, total_points_h1."
2026-10-01,401871049,False,2026-10-02T00:00:00Z,New Mexico State Aggies,Western Kentucky Hilltoppers,alternate_spread,home,-7.5,190,fanatics,0.3121052301579295,-0.03272235604896706,"10 market(s) allowlisted for NCAAF: moneyline, spread, total_points, alternate_spread, alternate_total_points, team_total, alternate_team_total, moneyline_h1, spread_h1, total_points_h1."
2026-10-01,401871049,False,2026-10-02T00:00:00Z,New Mexico State Aggies,Western Kentucky Hilltoppers,alternate_spread,home,-10.0,240,fanatics,0.25260034774371115,-0.04151729931511239,"10 market(s) allowlisted for NCAAF: moneyline, spread, total_points, alternate_spread, alternate_total_points, team_total, alternate_team_total, moneyline_h1, spread_h1, total_points_h1."
2026-10-01,401871049,False,2026-10-02T00:00:00Z,New Mexico State Aggies,Western Kentucky Hilltoppers,alternate_spread,home,-13.0,290,fanatics,0.22532396899757828,-0.031086287412678104,"10 market(s) allowlisted for NCAAF: moneyline, spread, total_points, alternate_spread, alternate_total_points, team_total, alternate_team_total, moneyline_h1, spread_h1, total_points_h1."
2026-10-01,401871049,False,2026-10-02T00:00:00Z,New Mexico State Aggies,Western Kentucky Hilltoppers,alternate_spread,home,-15.5,375,fanatics,0.1919124895558341,-0.01861382623363958,"10 market(s) allowlisted for NCAAF: moneyline, spread, total_points, alternate_spread, alternate_total_points, team_total, alternate_team_total, moneyline_h1, spread_h1, total_points_h1."
2026-10-01,401871049,False,2026-10-02T00:00:00Z,New Mexico State Aggies,Western Kentucky Hilltoppers,alternate_spread,home,-12.0,280,fanatics,0.22882636961258468,-0.03433152512425741,"10 market(s) allowlisted for NCAAF: moneyline, spread, total_points, alternate_spread, alternate_total_points, team_total, alternate_team_total, moneyline_h1, spread_h1, total_points_h1."
2026-10-01,401871049,False,2026-10-02T00:00:00Z,New Mexico State Aggies,Western Kentucky Hilltoppers,alternate_spread,home,-16.0,390,fanatics,0.18702398359778302,-0.017057649055278207,"10 market(s) allowlisted for NCAAF: moneyline, spread, total_points, alternate_spread, alternate_total_points, team_total, alternate_team_total, moneyline_h1, spread_h1, total_points_h1."
2026-10-01,401871049,False,2026-10-02T00:00:00Z,New Mexico State Aggies,Western Kentucky Hilltoppers,alternate_spread,home,-11.0,265,fanatics,0.23494666678687015,-0.03902593595285586,"10 market(s) allowlisted for NCAAF: moneyline, spread, total_points, alternate_spread, alternate_total_points, team_total, alternate_team_total, moneyline_h1, spread_h1, total_points_h1."
2026-10-01,401871049,False,2026-10-02T00:00:00Z,New Mexico State Aggies,Western Kentucky Hilltoppers,alternate_spread,home,-15.0,360,fanatics,0.19445550730438022,-0.022935797043445866,"10 market(s) allowlisted for NCAAF: moneyline, spread, total_points, alternate_spread, alternate_total_points, team_total, alternate_team_total, moneyline_h1, spread_h1, total_points_h1."
2026-10-01,401871049,False,2026-10-02T00:00:00Z,New Mexico State Aggies,Western Kentucky Hilltoppers,alternate_spread,home,-19.0,525,fanatics,0.13202178439361315,-0.027978215606386858,"10 market(s) allowlisted for NCAAF: moneyline, spread, total_points, alternate_spread, alternate_total_points, team_total, alternate_team_total, moneyline_h1, spread_h1, total_points_h1."
2026-10-01,401871049,False,2026-10-02T00:00:00Z,New Mexico State Aggies,Western Kentucky Hilltoppers,alternate_spread,home,-14.0,330,fanatics,0.20908617503516735,-0.023471964499716363,"10 market(s) allowlisted for NCAAF: moneyline, spread, total_points, alternate_spread, alternate_total_points, team_total, alternate_team_total, moneyline_h1, spread_h1, total_points_h1."
2026-10-01,401871049,False,2026-10-02T00:00:00Z,New Mexico State Aggies,Western Kentucky Hilltoppers,alternate_spread,home,-17.0,430,fanatics,0.15908792600638705,-0.029591319276631833,"10 market(s) allowlisted for NCAAF: moneyline, spread, total_points, alternate_spread, alternate_total_points, team_total, alternate_team_total, moneyline_h1, spread_h1, total_points_h1."
2026-10-01,401871049,False,2026-10-02T00:00:00Z,New Mexico State Aggies,Western Kentucky Hilltoppers,alternate_spread,home,-18.0,475,fanatics,0.14448081283824174,-0.029432230640019125,"10 market(s) allowlisted for NCAAF: moneyline, spread, total_points, alternate_spread, alternate_total_points, team_total, alternate_team_total, moneyline_h1, spread_h1, total_points_h1."
2026-10-01,401871049,False,2026-10-02T00:00:00Z,New Mexico State Aggies,Western Kentucky Hilltoppers,alternate_spread,home,-6.5,155,fanatics,0.35413130516243874,-0.0380255575826593,"10 market(s) allowlisted for NCAAF: moneyline, spread, total_points, alternate_spread, alternate_total_points, team_total, alternate_team_total, moneyline_h1, spread_h1, total_points_h1."
2026-10-01,401871049,False,2026-10-02T00:00:00Z,New Mexico State Aggies,Western Kentucky Hilltoppers,alternate_spread,home,-20.0,550,fanatics,0.1204103848906408,-0.03343576895551305,"10 market(s) allowlisted for NCAAF: moneyline, spread, total_points, alternate_spread, alternate_total_points, team_total, alternate_team_total, moneyline_h1, spread_h1, total_points_h1."
2026-10-01,401871049,False,2026-10-02T00:00:00Z,New Mexico State Aggies,Western Kentucky Hilltoppers,alternate_spread,home,-26.5,1050,fanatics,0.054464225610989944,-0.03249229612814049,"10 market(s) allowlisted for NCAAF: moneyline, spread, total_points, alternate_spread, alternate_total_points, team_total, alternate_team_total, moneyline_h1, spread_h1, total_points_h1."
2026-10-01,401871049,False,2026-10-02T00:00:00Z,New Mexico State Aggies,Western Kentucky Hilltoppers,alternate_spread,home,-21.0,650,fanatics,0.10517239890514964,-0.028160934428183695,"10 market(s) allowlisted for NCAAF: moneyline, spread, total_points, alternate_spread, alternate_total_points, team_total, alternate_team_total, moneyline_h1, spread_h1, total_points_h1."
2026-10-01,401871049,False,2026-10-02T00:00:00Z,New Mexico State Aggies,Western Kentucky Hilltoppers,alternate_spread,home,-23.0,750,fanatics,0.08763440901118863,-0.03001264981234078,"10 market(s) allowlisted for NCAAF: moneyline, spread, total_points, alternate_spread, alternate_total_points, team_total, alternate_team_total, moneyline_h1, spread_h1, total_points_h1."
2026-10-01,401871049,False,2026-10-02T00:00:00Z,New Mexico State Aggies,Western Kentucky Hilltoppers,alternate_spread,home,-22.0,700,fanatics,0.09420212780104208,-0.030797872198957923,"10 market(s) allowlisted for NCAAF: moneyline, spread, total_points, alternate_spread, alternate_total_points, team_total, alternate_team_total, moneyline_h1, spread_h1, total_points_h1."
2026-10-01,401871049,False,2026-10-02T00:00:00Z,New Mexico State Aggies,Western Kentucky Hilltoppers,alternate_spread,home,-24.0,850,fanatics,0.07077436455433324,-0.0344887933404036,"10 market(s) allowlisted for NCAAF: moneyline, spread, total_points, alternate_spread, alternate_total_points, team_total, alternate_team_total, moneyline_h1, spread_h1, total_points_h1."
2026-10-01,401871049,False,2026-10-02T00:00:00Z,New Mexico State Aggies,Western Kentucky Hilltoppers,alternate_spread,home,-26.0,1050,fanatics,0.0547015560858987,-0.03225496565323173,"10 market(s) allowlisted for NCAAF: moneyline, spread, total_points, alternate_spread, alternate_total_points, team_total, alternate_team_total, moneyline_h1, spread_h1, total_points_h1."
2026-10-01,401871049,False,2026-10-02T00:00:00Z,New Mexico State Aggies,Western Kentucky Hilltoppers,alternate_spread,home,-25.0,950,fanatics,0.0594405636610323,-0.03579753157706293,"10 market(s) allowlisted for NCAAF: moneyline, spread, total_points, alternate_spread, alternate_total_points, team_total, alternate_team_total, moneyline_h1, spread_h1, total_points_h1."
2026-10-01,401871049,False,2026-10-02T00:00:00Z,New Mexico State Aggies,Western Kentucky Hilltoppers,alternate_spread,home,-27.0,1100,fanatics,0.05035125633654472,-0.03298207699678861,"10 market(s) allowlisted for NCAAF: moneyline, spread, total_points, alternate_spread, alternate_total_points, team_total, alternate_team_total, moneyline_h1, spread_h1, total_points_h1."
2026-10-01,401871049,False,2026-10-02T00:00:00Z,New Mexico State Aggies,Western Kentucky Hilltoppers,alternate_spread,home,14.5,-800,fanatics,0.8583577553771191,-0.030531133511769726,"10 market(s) allowlisted for NCAAF: moneyline, spread, total_points, alternate_spread, alternate_total_points, team_total, alternate_team_total, moneyline_h1, spread_h1, total_points_h1."
2026-10-01,401871049,False,2026-10-02T00:00:00Z,New Mexico State Aggies,Western Kentucky Hilltoppers,alternate_spread,home,3.5,-195,fanatics,0.637426744969777,-0.023590204182765362,"10 market(s) allowlisted for NCAAF: moneyline, spread, total_points, alternate_spread, alternate_total_points, team_total, alternate_team_total, moneyline_h1, spread_h1, total_points_h1."
2026-10-01,401871049,False,2026-10-02T00:00:00Z,New Mexico State Aggies,Western Kentucky Hilltoppers,alternate_spread,home,-14.5,350,fanatics,0.20499012250024606,-0.017232099721976146,"10 market(s) allowlisted for NCAAF: moneyline, spread, total_points, alternate_spread, alternate_total_points, team_total, alternate_team_total, moneyline_h1, spread_h1, total_points_h1."
2026-10-01,401871049,False,2026-10-02T00:00:00Z,New Mexico State Aggies,Western Kentucky Hilltoppers,alternate_spread,home,-5.5,145,fanatics,0.377842034090438,-0.030321231215684474,"10 market(s) allowlisted for NCAAF: moneyline, spread, total_points, alternate_spread, alternate_total_points, team_total, alternate_team_total, moneyline_h1, spread_h1, total_points_h1."
2026-10-01,401871049,False,2026-10-02T00:00:00Z,New Mexico State Aggies,Western Kentucky Hilltoppers,alternate_spread,home,24.5,-2800,fanatics,0.9477558538442439,-0.01776138753506651,"10 market(s) allowlisted for NCAAF: moneyline, spread, total_points, alternate_spread, alternate_total_points, team_total, alternate_team_total, moneyline_h1, spread_h1, total_points_h1."
2026-10-01,401871049,False,2026-10-02T00:00:00Z,New Mexico State Aggies,Western Kentucky Hilltoppers,alternate_spread,home,-25.5,950,fanatics,0.058802867724499,-0.036435227513596236,"10 market(s) allowlisted for NCAAF: moneyline, spread, total_points, alternate_spread, alternate_total_points, team_total, alternate_team_total, moneyline_h1, spread_h1, total_points_h1."
2026-10-01,401871049,False,2026-10-02T00:00:00Z,New Mexico State Aggies,Western Kentucky Hilltoppers,alternate_spread,home,-17.5,430,fanatics,0.15401560003333786,-0.03466364524968102,"10 market(s) allowlisted for NCAAF: moneyline, spread, total_points, alternate_spread, alternate_total_points, team_total, alternate_team_total, moneyline_h1, spread_h1, total_points_h1."
2026-10-01,401871049,False,2026-10-02T00:00:00Z,New Mexico State Aggies,Western Kentucky Hilltoppers,alternate_spread,home,-2.0,-110,fanatics,0.5089796541687548,-0.014829869640769044,"10 market(s) allowlisted for NCAAF: moneyline, spread, total_points, alternate_spread, alternate_total_points, team_total, alternate_team_total, moneyline_h1, spread_h1, total_points_h1."
2026-10-01,401871049,False,2026-10-02T00:00:00Z,New Mexico State Aggies,Western Kentucky Hilltoppers,alternate_spread,home,-5.0,140,fanatics,0.3835668738954673,-0.0330997927711994,"10 market(s) allowlisted for NCAAF: moneyline, spread, total_points, alternate_spread, alternate_total_points, team_total, alternate_team_total, moneyline_h1, spread_h1, total_points_h1."
2026-10-01,401871049,False,2026-10-02T00:00:00Z,New Mexico State Aggies,Western Kentucky Hilltoppers,alternate_spread,home,-20.5,550,fanatics,0.11904674848930857,-0.03479940535684528,"10 market(s) allowlisted for NCAAF: moneyline, spread, total_points, alternate_spread, alternate_total_points, team_total, alternate_team_total, moneyline_h1, spread_h1, total_points_h1."
2026-10-01,401871049,False,2026-10-02T00:00:00Z,New Mexico State Aggies,Western Kentucky Hilltoppers,alternate_spread,home,-8.0,210,fanatics,0.2955105162836978,-0.027070128877592525,"10 market(s) allowlisted for NCAAF: moneyline, spread, total_points, alternate_spread, alternate_total_points, team_total, alternate_team_total, moneyline_h1, spread_h1, total_points_h1."
2026-10-01,401871049,False,2026-10-02T00:00:00Z,New Mexico State Aggies,Western Kentucky Hilltoppers,alternate_spread,home,-1.0,-125,fanatics,0.5260726247956752,-0.0294829307598804,"10 market(s) allowlisted for NCAAF: moneyline, spread, total_points, alternate_spread, alternate_total_points, team_total, alternate_team_total, moneyline_h1, spread_h1, total_points_h1."
2026-10-01,401871049,False,2026-10-02T00:00:00Z,New Mexico State Aggies,Western Kentucky Hilltoppers,alternate_spread,home,12.5,-575,fanatics,0.8227323766485808,-0.029119475203271072,"10 market(s) allowlisted for NCAAF: moneyline, spread, total_points, alternate_spread, alternate_total_points, team_total, alternate_team_total, moneyline_h1, spread_h1, total_points_h1."
2026-10-01,401871049,False,2026-10-02T00:00:00Z,New Mexico State Aggies,Western Kentucky Hilltoppers,alternate_spread,home,13.5,-650,fanatics,0.838316809985745,-0.028349856680921715,"10 market(s) allowlisted for NCAAF: moneyline, spread, total_points, alternate_spread, alternate_total_points, team_total, alternate_team_total, moneyline_h1, spread_h1, total_points_h1."
2026-10-01,401871049,False,2026-10-02T00:00:00Z,New Mexico State Aggies,Western Kentucky Hilltoppers,alternate_spread,home,-4.0,130,fanatics,0.41055793604959195,-0.024224672646060208,"10 market(s) allowlisted for NCAAF: moneyline, spread, total_points, alternate_spread, alternate_total_points, team_total, alternate_team_total, moneyline_h1, spread_h1, total_points_h1."
2026-10-01,401871049,False,2026-10-02T00:00:00Z,New Mexico State Aggies,Western Kentucky Hilltoppers,alternate_spread,home,-7.0,180,fanatics,0.32579720806012397,-0.031345649082733185,"10 market(s) allowlisted for NCAAF: moneyline, spread, total_points, alternate_spread, alternate_total_points, team_total, alternate_team_total, moneyline_h1, spread_h1, total_points_h1."
2026-10-01,401871049,False,2026-10-02T00:00:00Z,New Mexico State Aggies,Western Kentucky Hilltoppers,alternate_spread,home,-4.5,135,fanatics,0.39276730578266833,-0.032764609110948695,"10 market(s) allowlisted for NCAAF: moneyline, spread, total_points, alternate_spread, alternate_total_points, team_total, alternate_team_total, moneyline_h1, spread_h1, total_points_h1."
2026-10-01,401871049,False,2026-10-02T00:00:00Z,New Mexico State Aggies,Western Kentucky Hilltoppers,alternate_spread,home,-27.5,1100,fanatics,0.050133182894523384,-0.033200150438809944,"10 market(s) allowlisted for NCAAF: moneyline, spread, total_points, alternate_spread, alternate_total_points, team_total, alternate_team_total, moneyline_h1, spread_h1, total_points_h1."
2026-10-01,401871049,False,2026-10-02T00:00:00Z,New Mexico State Aggies,Western Kentucky Hilltoppers,alternate_spread,home,9.5,-425,fanatics,0.7662101113017064,-0.04331369822210318,"10 market(s) allowlisted for NCAAF: moneyline, spread, total_points, alternate_spread, alternate_total_points, team_total, alternate_team_total, moneyline_h1, spread_h1, total_points_h1."
2026-10-01,401871049,False,2026-10-02T00:00:00Z,New Mexico State Aggies,Western Kentucky Hilltoppers,alternate_spread,home,-3.5,120,fanatics,0.43610011877882165,-0.018445335766632875,"10 market(s) allowlisted for NCAAF: moneyline, spread, total_points, alternate_spread, alternate_total_points, team_total, alternate_team_total, moneyline_h1, spread_h1, total_points_h1."
2026-10-01,401871049,False,2026-10-02T00:00:00Z,New Mexico State Aggies,Western Kentucky Hilltoppers,alternate_spread,home,23.5,-2200,fanatics,0.9357991843406759,-0.02072255478975893,"10 market(s) allowlisted for NCAAF: moneyline, spread, total_points, alternate_spread, alternate_total_points, team_total, alternate_team_total, moneyline_h1, spread_h1, total_points_h1."
2026-10-01,401871049,False,2026-10-02T00:00:00Z,New Mexico State Aggies,Western Kentucky Hilltoppers,alternate_spread,home,-3.0,110,fanatics,0.4658690909355284,-0.010321385254947746,"10 market(s) allowlisted for NCAAF: moneyline, spread, total_points, alternate_spread, alternate_total_points, team_total, alternate_team_total, moneyline_h1, spread_h1, total_points_h1."
2026-10-01,401871049,False,2026-10-02T00:00:00Z,New Mexico State Aggies,Western Kentucky Hilltoppers,alternate_spread,home,11.5,-550,fanatics,0.807949775819303,-0.038204070334543094,"10 market(s) allowlisted for NCAAF: moneyline, spread, total_points, alternate_spread, alternate_total_points, team_total, alternate_team_total, moneyline_h1, spread_h1, total_points_h1."
2026-10-01,401871049,False,2026-10-02T00:00:00Z,New Mexico State Aggies,Western Kentucky Hilltoppers,alternate_spread,home,11.0,-525,fanatics,0.8047493653024581,-0.03525063469754186,"10 market(s) allowlisted for NCAAF: moneyline, spread, total_points, alternate_spread, alternate_total_points, team_total, alternate_team_total, moneyline_h1, spread_h1, total_points_h1."
2026-10-01,401871049,False,2026-10-02T00:00:00Z,New Mexico State Aggies,Western Kentucky Hilltoppers,alternate_spread,home,-6.0,150,fanatics,0.3627319439591811,-0.0372680560408189,"10 market(s) allowlisted for NCAAF: moneyline, spread, total_points, alternate_spread, alternate_total_points, team_total, alternate_team_total, moneyline_h1, spread_h1, total_points_h1."
2026-10-01,401871049,False,2026-10-02T00:00:00Z,New Mexico State Aggies,Western Kentucky Hilltoppers,alternate_spread,home,-11.5,265,fanatics,0.23201420505245873,-0.04195839768726728,"10 market(s) allowlisted for NCAAF: moneyline, spread, total_points, alternate_spread, alternate_total_points, team_total, alternate_team_total, moneyline_h1, spread_h1, total_points_h1."
2026-10-01,401871049,False,2026-10-02T00:00:00Z,New Mexico State Aggies,Western Kentucky Hilltoppers,alternate_spread,home,14.0,-750,fanatics,0.8554610583403919,-0.026891882836078684,"10 market(s) allowlisted for NCAAF: moneyline, spread, total_points, alternate_spread, alternate_total_points, team_total, alternate_team_total, moneyline_h1, spread_h1, total_points_h1."
2026-10-01,401871049,False,2026-10-02T00:00:00Z,New Mexico State Aggies,Western Kentucky Hilltoppers,alternate_spread,home,10.0,-475,fanatics,0.7861374139089478,-0.03994954261279138,"10 market(s) allowlisted for NCAAF: moneyline, spread, total_points, alternate_spread, alternate_total_points, team_total, alternate_team_total, moneyline_h1, spread_h1, total_points_h1."
2026-10-01,401871049,False,2026-10-02T00:00:00Z,New Mexico State Aggies,Western Kentucky Hilltoppers,alternate_spread,home,13.0,-650,fanatics,0.835757178685867,-0.030909487980799732,"10 market(s) allowlisted for NCAAF: moneyline, spread, total_points, alternate_spread, alternate_total_points, team_total, alternate_team_total, moneyline_h1, spread_h1, total_points_h1."
2026-10-01,401871049,False,2026-10-02T00:00:00Z,New Mexico State Aggies,Western Kentucky Hilltoppers,alternate_spread,home,-9.0,220,fanatics,0.2799312801248735,-0.032568719875126495,"10 market(s) allowlisted for NCAAF: moneyline, spread, total_points, alternate_spread, alternate_total_points, team_total, alternate_team_total, moneyline_h1, spread_h1, total_points_h1."
2026-10-01,401871049,False,2026-10-02T00:00:00Z,New Mexico State Aggies,Western Kentucky Hilltoppers,alternate_spread,home,18.5,-1200,fanatics,0.8985747171570271,-0.024502205919896047,"10 market(s) allowlisted for NCAAF: moneyline, spread, total_points, alternate_spread, alternate_total_points, team_total, alternate_team_total, moneyline_h1, spread_h1, total_points_h1."
2026-10-01,401871049,False,2026-10-02T00:00:00Z,New Mexico State Aggies,Western Kentucky Hilltoppers,alternate_spread,home,16.0,-900,fanatics,0.8671447925557909,-0.03285520744420911,"10 market(s) allowlisted for NCAAF: moneyline, spread, total_points, alternate_spread, alternate_total_points, team_total, alternate_team_total, moneyline_h1, spread_h1, total_points_h1."
2026-10-01,401871049,False,2026-10-02T00:00:00Z,New Mexico State Aggies,Western Kentucky Hilltoppers,alternate_spread,home,17.0,-1100,fanatics,0.8914829933447863,-0.025183673321880318,"10 market(s) allowlisted for NCAAF: moneyline, spread, total_points, alternate_spread, alternate_total_points, team_total, alternate_team_total, moneyline_h1, spread_h1, total_points_h1."
2026-10-01,401871049,False,2026-10-02T00:00:00Z,New Mexico State Aggies,Western Kentucky Hilltoppers,alternate_spread,home,19.0,-1400,fanatics,0.9019024746280592,-0.03143085870527418,"10 market(s) allowlisted for NCAAF: moneyline, spread, total_points, alternate_spread, alternate_total_points, team_total, alternate_team_total, moneyline_h1, spread_h1, total_points_h1."
2026-10-01,401871049,False,2026-10-02T00:00:00Z,New Mexico State Aggies,Western Kentucky Hilltoppers,alternate_spread,home,-16.5,390,fanatics,0.18589938971103806,-0.01818224294202317,"10 market(s) allowlisted for NCAAF: moneyline, spread, total_points, alternate_spread, alternate_total_points, team_total, alternate_team_total, moneyline_h1, spread_h1, total_points_h1."
2026-10-01,401871049,False,2026-10-02T00:00:00Z,New Mexico State Aggies,Western Kentucky Hilltoppers,alternate_spread,home,2.0,-145,fanatics,0.5727486292195022,-0.01908810547437534,"10 market(s) allowlisted for NCAAF: moneyline, spread, total_points, alternate_spread, alternate_total_points, team_total, alternate_team_total, moneyline_h1, spread_h1, total_points_h1."
2026-10-01,401871049,False,2026-10-02T00:00:00Z,New Mexico State Aggies,Western Kentucky Hilltoppers,alternate_spread,home,20.0,-1500,fanatics,0.9120197516816356,-0.025480248318364374,"10 market(s) allowlisted for NCAAF: moneyline, spread, total_points, alternate_spread, alternate_total_points, team_total, alternate_team_total, moneyline_h1, spread_h1, total_points_h1."
2026-10-01,401871049,False,2026-10-02T00:00:00Z,New Mexico State Aggies,Western Kentucky Hilltoppers,alternate_spread,home,5.0,-235,fanatics,0.6673444276623657,-0.03414810965106718,"10 market(s) allowlisted for NCAAF: moneyline, spread, total_points, alternate_spread, alternate_total_points, team_total, alternate_team_total, moneyline_h1, spread_h1, total_points_h1."
2026-10-01,401871049,False,2026-10-02T00:00:00Z,New Mexico State Aggies,Western Kentucky Hilltoppers,alternate_spread,home,19.5,-1400,fanatics,0.9022644259278167,-0.0310689074055166,"10 market(s) allowlisted for NCAAF: moneyline, spread, total_points, alternate_spread, alternate_total_points, team_total, alternate_team_total, moneyline_h1, spread_h1, total_points_h1."
2026-10-01,401871049,False,2026-10-02T00:00:00Z,New Mexico State Aggies,Western Kentucky Hilltoppers,alternate_spread,home,23.0,-2200,fanatics,0.9352771126865859,-0.021244626443848946,"10 market(s) allowlisted for NCAAF: moneyline, spread, total_points, alternate_spread, alternate_total_points, team_total, alternate_team_total, moneyline_h1, spread_h1, total_points_h1."
2026-10-01,401871049,False,2026-10-02T00:00:00Z,New Mexico State Aggies,Western Kentucky Hilltoppers,alternate_spread,home,8.0,-400,fanatics,0.754467574010485,-0.04553242598951501,"10 market(s) allowlisted for NCAAF: moneyline, spread, total_points, alternate_spread, alternate_total_points, team_total, alternate_team_total, moneyline_h1, spread_h1, total_points_h1."
2026-10-01,401871049,False,2026-10-02T00:00:00Z,New Mexico State Aggies,Western Kentucky Hilltoppers,alternate_spread,home,-2.5,-105,fanatics,0.499999984075587,-0.012195137875632533,"10 market(s) allowlisted for NCAAF: moneyline, spread, total_points, alternate_spread, alternate_total_points, team_total, alternate_team_total, moneyline_h1, spread_h1, total_points_h1."
2026-10-01,401871049,False,2026-10-02T00:00:00Z,New Mexico State Aggies,Western Kentucky Hilltoppers,alternate_spread,home,22.0,-2000,fanatics,0.927546055496055,-0.024834896884897373,"10 market(s) allowlisted for NCAAF: moneyline, spread, total_points, alternate_spread, alternate_total_points, team_total, alternate_team_total, moneyline_h1, spread_h1, total_points_h1."
2026-10-01,401871049,False,2026-10-02T00:00:00Z,New Mexico State Aggies,Western Kentucky Hilltoppers,alternate_spread,home,-19.5,525,fanatics,0.13037165541133805,-0.029628344588661953,"10 market(s) allowlisted for NCAAF: moneyline, spread, total_points, alternate_spread, alternate_total_points, team_total, alternate_team_total, moneyline_h1, spread_h1, total_points_h1."
2026-10-01,401871049,False,2026-10-02T00:00:00Z,New Mexico State Aggies,Western Kentucky Hilltoppers,alternate_spread,home,-18.5,475,fanatics,0.14287056981288376,-0.0310424736653771,"10 market(s) allowlisted for NCAAF: moneyline, spread, total_points, alternate_spread, alternate_total_points, team_total, alternate_team_total, moneyline_h1, spread_h1, total_points_h1."
2026-10-01,401871049,False,2026-10-02T00:00:00Z,New Mexico State Aggies,Western Kentucky Hilltoppers,alternate_spread,home,22.5,-2000,fanatics,0.9277329240769454,-0.02464802830400692,"10 market(s) allowlisted for NCAAF: moneyline, spread, total_points, alternate_spread, alternate_total_points, team_total, alternate_team_total, moneyline_h1, spread_h1, total_points_h1."
2026-10-01,401871049,False,2026-10-02T00:00:00Z,New Mexico State Aggies,Western Kentucky Hilltoppers,alternate_spread,home,21.5,-1800,fanatics,0.9251537880178984,-0.022214633034733144,"10 market(s) allowlisted for NCAAF: moneyline, spread, total_points, alternate_spread, alternate_total_points, team_total, alternate_team_total, moneyline_h1, spread_h1, total_points_h1."
2026-10-01,401871049,False,2026-10-02T00:00:00Z,New Mexico State Aggies,Western Kentucky Hilltoppers,alternate_spread,home,12.0,-575,fanatics,0.8200725814417924,-0.03177927041005946,"10 market(s) allowlisted for NCAAF: moneyline, spread, total_points, alternate_spread, alternate_total_points, team_total, alternate_team_total, moneyline_h1, spread_h1, total_points_h1."
2026-10-01,401871049,False,2026-10-02T00:00:00Z,New Mexico State Aggies,Western Kentucky Hilltoppers,alternate_spread,home,-9.5,220,fanatics,0.27658086474973803,-0.03591913525026197,"10 market(s) allowlisted for NCAAF: moneyline, spread, total_points, alternate_spread, alternate_total_points, team_total, alternate_team_total, moneyline_h1, spread_h1, total_points_h1."
2026-10-01,401871049,False,2026-10-02T00:00:00Z,New Mexico State Aggies,Western Kentucky Hilltoppers,alternate_spread,home,15.0,-850,fanatics,0.8627256947996995,-0.03201114730556365,"10 market(s) allowlisted for NCAAF: moneyline, spread, total_points, alternate_spread, alternate_total_points, team_total, alternate_team_total, moneyline_h1, spread_h1, total_points_h1."
2026-10-01,401871049,False,2026-10-02T00:00:00Z,New Mexico State Aggies,Western Kentucky Hilltoppers,alternate_spread,home,-22.5,700,fanatics,0.09323082155869429,-0.03176917844130571,"10 market(s) allowlisted for NCAAF: moneyline, spread, total_points, alternate_spread, alternate_total_points, team_total, alternate_team_total, moneyline_h1, spread_h1, total_points_h1."
2026-10-01,401871049,False,2026-10-02T00:00:00Z,New Mexico State Aggies,Western Kentucky Hilltoppers,alternate_spread,home,18.0,-1200,fanatics,0.8981470799802087,-0.02492984309671442,"10 market(s) allowlisted for NCAAF: moneyline, spread, total_points, alternate_spread, alternate_total_points, team_total, alternate_team_total, moneyline_h1, spread_h1, total_points_h1."
2026-10-01,401871049,False,2026-10-02T00:00:00Z,New Mexico State Aggies,Western Kentucky Hilltoppers,alternate_spread,home,-21.5,650,fanatics,0.10354169526209114,-0.029791638071242188,"10 market(s) allowlisted for NCAAF: moneyline, spread, total_points, alternate_spread, alternate_total_points, team_total, alternate_team_total, moneyline_h1, spread_h1, total_points_h1."
2026-10-01,401871049,False,2026-10-02T00:00:00Z,New Mexico State Aggies,Western Kentucky Hilltoppers,alternate_spread,home,10.5,-500,fanatics,0.7915584820250332,-0.041774851308300165,"10 market(s) allowlisted for NCAAF: moneyline, spread, total_points, alternate_spread, alternate_total_points, team_total, alternate_team_total, moneyline_h1, spread_h1, total_points_h1."
2026-10-01,401871049,False,2026-10-02T00:00:00Z,New Mexico State Aggies,Western Kentucky Hilltoppers,alternate_spread,home,21.0,-1800,fanatics,0.9242299261877592,-0.023138494864872294,"10 market(s) allowlisted for NCAAF: moneyline, spread, total_points, alternate_spread, alternate_total_points, team_total, alternate_team_total, moneyline_h1, spread_h1, total_points_h1."
2026-10-01,401871049,False,2026-10-02T00:00:00Z,New Mexico State Aggies,Western Kentucky Hilltoppers,alternate_spread,home,24.0,-2800,fanatics,0.9471236285462231,-0.01839361283308727,"10 market(s) allowlisted for NCAAF: moneyline, spread, total_points, alternate_spread, alternate_total_points, team_total, alternate_team_total, moneyline_h1, spread_h1, total_points_h1."
2026-10-01,401871049,False,2026-10-02T00:00:00Z,New Mexico State Aggies,Western Kentucky Hilltoppers,alternate_spread,home,17.5,-1100,fanatics,0.8943761416352316,-0.022290525031435027,"10 market(s) allowlisted for NCAAF: moneyline, spread, total_points, alternate_spread, alternate_total_points, team_total, alternate_team_total, moneyline_h1, spread_h1, total_points_h1."
2026-10-01,401871049,False,2026-10-02T00:00:00Z,New Mexico State Aggies,Western Kentucky Hilltoppers,alternate_spread,home,-10.5,250,fanatics,0.24449559827465572,-0.041218687439629975,"10 market(s) allowlisted for NCAAF: moneyline, spread, total_points, alternate_spread, alternate_total_points, team_total, alternate_team_total, moneyline_h1, spread_h1, total_points_h1."
2026-10-01,401871049,False,2026-10-02T00:00:00Z,New Mexico State Aggies,Western Kentucky Hilltoppers,alternate_spread,home,6.5,-265,fanatics,0.6983075533689471,-0.027719843891326867,"10 market(s) allowlisted for NCAAF: moneyline, spread, total_points, alternate_spread, alternate_total_points, team_total, alternate_team_total, moneyline_h1, spread_h1, total_points_h1."
2026-10-01,401871049,False,2026-10-02T00:00:00Z,New Mexico State Aggies,Western Kentucky Hilltoppers,alternate_spread,home,-1.5,-115,fanatics,0.5176424772865051,-0.017241243643727366,"10 market(s) allowlisted for NCAAF: moneyline, spread, total_points, alternate_spread, alternate_total_points, team_total, alternate_team_total, moneyline_h1, spread_h1, total_points_h1."
2026-10-01,401871049,False,2026-10-02T00:00:00Z,New Mexico State Aggies,Western Kentucky Hilltoppers,alternate_spread,away,-5.5,185,fanatics,0.3279774356460577,-0.02289975733639843,"10 market(s) allowlisted for NCAAF: moneyline, spread, total_points, alternate_spread, alternate_total_points, team_total, alternate_team_total, moneyline_h1, spread_h1, total_points_h1."
2026-10-01,401871049,False,2026-10-02T00:00:00Z,New Mexico State Aggies,Western Kentucky Hilltoppers,alternate_spread,away,-4.5,170,fanatics,0.3420404397878565,-0.028329930582513874,"10 market(s) allowlisted for NCAAF: moneyline, spread, total_points, alternate_spread, alternate_total_points, team_total, alternate_team_total, moneyline_h1, spread_h1, total_points_h1."
2026-10-01,401871049,False,2026-10-02T00:00:00Z,New Mexico State Aggies,Western Kentucky Hilltoppers,alternate_spread,away,-2.5,125,fanatics,0.41784985212599435,-0.026594592318450072,"10 market(s) allowlisted for NCAAF: moneyline, spread, total_points, alternate_spread, alternate_total_points, team_total, alternate_team_total, moneyline_h1, spread_h1, total_points_h1."
2026-10-01,401871049,False,2026-10-02T00:00:00Z,New Mexico State Aggies,Western Kentucky Hilltoppers,alternate_spread,away,-1.5,120,fanatics,0.43985450628855255,-0.014690948256901981,"10 market(s) allowlisted for NCAAF: moneyline, spread, total_points, alternate_spread, alternate_total_points, team_total, alternate_team_total, moneyline_h1, spread_h1, total_points_h1."
2026-10-01,401871049,False,2026-10-02T00:00:00Z,New Mexico State Aggies,Western Kentucky Hilltoppers,alternate_spread,away,-8.5,280,fanatics,0.24265824410572975,-0.020499650631112337,"10 market(s) allowlisted for NCAAF: moneyline, spread, total_points, alternate_spread, alternate_total_points, team_total, alternate_team_total, moneyline_h1, spread_h1, total_points_h1."
2026-10-01,401871049,False,2026-10-02T00:00:00Z,New Mexico State Aggies,Western Kentucky Hilltoppers,alternate_spread,away,-3.0,140,fanatics,0.3837877350297617,-0.03287893163690497,"10 market(s) allowlisted for NCAAF: moneyline, spread, total_points, alternate_spread, alternate_total_points, team_total, alternate_team_total, moneyline_h1, spread_h1, total_points_h1."
2026-10-01,401871049,False,2026-10-02T00:00:00Z,New Mexico State Aggies,Western Kentucky Hilltoppers,alternate_spread,away,-20.5,750,fanatics,0.08703917661387008,-0.030607882209659334,"10 market(s) allowlisted for NCAAF: moneyline, spread, total_points, alternate_spread, alternate_total_points, team_total, alternate_team_total, moneyline_h1, spread_h1, total_points_h1."
2026-10-01,401871049,False,2026-10-02T00:00:00Z,New Mexico State Aggies,Western Kentucky Hilltoppers,alternate_spread,away,-1.0,115,fanatics,0.44939315709232,-0.015723121977447463,"10 market(s) allowlisted for NCAAF: moneyline, spread, total_points, alternate_spread, alternate_total_points, team_total, alternate_team_total, moneyline_h1, spread_h1, total_points_h1."
2026-10-01,401871049,False,2026-10-02T00:00:00Z,New Mexico State Aggies,Western Kentucky Hilltoppers,alternate_spread,away,-6.0,200,fanatics,0.3098364955120343,-0.02349683782129902,"10 market(s) allowlisted for NCAAF: moneyline, spread, total_points, alternate_spread, alternate_total_points, team_total, alternate_team_total, moneyline_h1, spread_h1, total_points_h1."
2026-10-01,401871049,False,2026-10-02T00:00:00Z,New Mexico State Aggies,Western Kentucky Hilltoppers,alternate_spread,away,24.5,-1800,fanatics,0.9304688366932141,-0.016899584359417408,"10 market(s) allowlisted for NCAAF: moneyline, spread, total_points, alternate_spread, alternate_total_points, team_total, alternate_team_total, moneyline_h1, spread_h1, total_points_h1."
2026-10-01,401871049,False,2026-10-02T00:00:00Z,New Mexico State Aggies,Western Kentucky Hilltoppers,alternate_spread,away,13.5,-450,fanatics,0.7754196174826471,-0.04276220069917114,"10 market(s) allowlisted for NCAAF: moneyline, spread, total_points, alternate_spread, alternate_total_points, team_total, alternate_team_total, moneyline_h1, spread_h1, total_points_h1."
2026-10-01,401871049,False,2026-10-02T00:00:00Z,New Mexico State Aggies,Western Kentucky Hilltoppers,alternate_spread,away,8.5,-285,fanatics,0.7114504285961115,-0.028809311663628767,"10 market(s) allowlisted for NCAAF: moneyline, spread, total_points, alternate_spread, alternate_total_points, team_total, alternate_team_total, moneyline_h1, spread_h1, total_points_h1."
2026-10-01,401871049,False,2026-10-02T00:00:00Z,New Mexico State Aggies,Western Kentucky Hilltoppers,alternate_spread,away,-4.0,165,fanatics,0.3492107189609353,-0.028147771605102456,"10 market(s) allowlisted for NCAAF: moneyline, spread, total_points, alternate_spread, alternate_total_points, team_total, alternate_team_total, moneyline_h1, spread_h1, total_points_h1."
2026-10-01,401871049,False,2026-10-02T00:00:00Z,New Mexico State Aggies,Western Kentucky Hilltoppers,alternate_spread,away,-9.0,290,fanatics,0.23588177208729963,-0.020528484322956758,"10 market(s) allowlisted for NCAAF: moneyline, spread, total_points, alternate_spread, alternate_total_points, team_total, alternate_team_total, moneyline_h1, spread_h1, total_points_h1."
2026-10-01,401871049,False,2026-10-02T00:00:00Z,New Mexico State Aggies,Western Kentucky Hilltoppers,alternate_spread,away,-7.0,240,fanatics,0.26700085275823093,-0.027116794300592606,"10 market(s) allowlisted for NCAAF: moneyline, spread, total_points, alternate_spread, alternate_total_points, team_total, alternate_team_total, moneyline_h1, spread_h1, total_points_h1."
2026-10-01,401871049,False,2026-10-02T00:00:00Z,New Mexico State Aggies,Western Kentucky Hilltoppers,alternate_spread,away,-7.5,250,fanatics,0.25436415982012783,-0.031350125894157865,"10 market(s) allowlisted for NCAAF: moneyline, spread, total_points, alternate_spread, alternate_total_points, team_total, alternate_team_total, moneyline_h1, spread_h1, total_points_h1."
2026-10-01,401871049,False,2026-10-02T00:00:00Z,New Mexico State Aggies,Western Kentucky Hilltoppers,alternate_spread,away,12.5,-400,fanatics,0.772119540338022,-0.027880459661978052,"10 market(s) allowlisted for NCAAF: moneyline, spread, total_points, alternate_spread, alternate_total_points, team_total, alternate_team_total, moneyline_h1, spread_h1, total_points_h1."
2026-10-01,401871049,False,2026-10-02T00:00:00Z,New Mexico State Aggies,Western Kentucky Hilltoppers,alternate_spread,away,-16.5,550,fanatics,0.13228464066626822,-0.02156151317988564,"10 market(s) allowlisted for NCAAF: moneyline, spread, total_points, alternate_spread, alternate_total_points, team_total, alternate_team_total, moneyline_h1, spread_h1, total_points_h1."
2026-10-01,401871049,False,2026-10-02T00:00:00Z,New Mexico State Aggies,Western Kentucky Hilltoppers,alternate_spread,away,23.5,-1500,fanatics,0.9129031368049048,-0.024596863195095242,"10 market(s) allowlisted for NCAAF: moneyline, spread, total_points, alternate_spread, alternate_total_points, team_total, alternate_team_total, moneyline_h1, spread_h1, total_points_h1."
2026-10-01,401871049,False,2026-10-02T00:00:00Z,New Mexico State Aggies,Western Kentucky Hilltoppers,alternate_spread,away,-15.5,500,fanatics,0.13657929188030077,-0.03008737478636589,"10 market(s) allowlisted for NCAAF: moneyline, spread, total_points, alternate_spread, alternate_total_points, team_total, alternate_team_total, moneyline_h1, spread_h1, total_points_h1."
2026-10-01,401871049,False,2026-10-02T00:00:00Z,New Mexico State Aggies,Western Kentucky Hilltoppers,alternate_spread,away,7.5,-250,fanatics,0.6878947698420707,-0.02639094444364365,"10 market(s) allowlisted for NCAAF: moneyline, spread, total_points, alternate_spread, alternate_total_points, team_total, alternate_team_total, moneyline_h1, spread_h1, total_points_h1."
2026-10-01,401871049,False,2026-10-02T00:00:00Z,New Mexico State Aggies,Western Kentucky Hilltoppers,alternate_spread,away,10.0,-330,fanatics,0.747399652256289,-0.020042208208827295,"10 market(s) allowlisted for NCAAF: moneyline, spread, total_points, alternate_spread, alternate_total_points, team_total, alternate_team_total, moneyline_h1, spread_h1, total_points_h1."
2026-10-01,401871049,False,2026-10-02T00:00:00Z,New Mexico State Aggies,Western Kentucky Hilltoppers,alternate_spread,away,13.0,-425,fanatics,0.774676031002422,-0.03484777852138754,"10 market(s) allowlisted for NCAAF: moneyline, spread, total_points, alternate_spread, alternate_total_points, team_total, alternate_team_total, moneyline_h1, spread_h1, total_points_h1."
2026-10-01,401871049,False,2026-10-02T00:00:00Z,New Mexico State Aggies,Western Kentucky Hilltoppers,alternate_spread,away,15.5,-575,fanatics,0.8080875104441662,-0.0437643414076857,"10 market(s) allowlisted for NCAAF: moneyline, spread, total_points, alternate_spread, alternate_total_points, team_total, alternate_team_total, moneyline_h1, spread_h1, total_points_h1."
2026-10-01,401871049,False,2026-10-02T00:00:00Z,New Mexico State Aggies,Western Kentucky Hilltoppers,alternate_spread,away,12.0,-400,fanatics,0.7711736303874156,-0.028826369612584446,"10 market(s) allowlisted for NCAAF: moneyline, spread, total_points, alternate_spread, alternate_total_points, team_total, alternate_team_total, moneyline_h1, spread_h1, total_points_h1."
2026-10-01,401871049,False,2026-10-02T00:00:00Z,New Mexico State Aggies,Western Kentucky Hilltoppers,alternate_spread,away,16.0,-600,fanatics,0.8129760164022172,-0.04416684074063992,"10 market(s) allowlisted for NCAAF: moneyline, spread, total_points, alternate_spread, alternate_total_points, team_total, alternate_team_total, moneyline_h1, spread_h1, total_points_h1."
2026-10-01,401871049,False,2026-10-02T00:00:00Z,New Mexico State Aggies,Western Kentucky Hilltoppers,alternate_spread,away,11.0,-375,fanatics,0.7650533332131301,-0.024420350997396256,"10 market(s) allowlisted for NCAAF: moneyline, spread, total_points, alternate_spread, alternate_total_points, team_total, alternate_team_total, moneyline_h1, spread_h1, total_points_h1."
2026-10-01,401871049,False,2026-10-02T00:00:00Z,New Mexico State Aggies,Western Kentucky Hilltoppers,alternate_spread,away,15.0,-550,fanatics,0.80554449269562,-0.04060935345822614,"10 market(s) allowlisted for NCAAF: moneyline, spread, total_points, alternate_spread, alternate_total_points, team_total, alternate_team_total, moneyline_h1, spread_h1, total_points_h1."
2026-10-01,401871049,False,2026-10-02T00:00:00Z,New Mexico State Aggies,Western Kentucky Hilltoppers,alternate_spread,away,19.0,-900,fanatics,0.8679782156063871,-0.03202178439361292,"10 market(s) allowlisted for NCAAF: moneyline, spread, total_points, alternate_spread, alternate_total_points, team_total, alternate_team_total, moneyline_h1, spread_h1, total_points_h1."
2026-10-01,401871049,False,2026-10-02T00:00:00Z,New Mexico State Aggies,Western Kentucky Hilltoppers,alternate_spread,away,14.0,-500,fanatics,0.7909138249648329,-0.0424195083685005,"10 market(s) allowlisted for NCAAF: moneyline, spread, total_points, alternate_spread, alternate_total_points, team_total, alternate_team_total, moneyline_h1, spread_h1, total_points_h1."
2026-10-01,401871049,False,2026-10-02T00:00:00Z,New Mexico State Aggies,Western Kentucky Hilltoppers,alternate_spread,away,17.0,-700,fanatics,0.8409120739936132,-0.03408792600638677,"10 market(s) allowlisted for NCAAF: moneyline, spread, total_points, alternate_spread, alternate_total_points, team_total, alternate_team_total, moneyline_h1, spread_h1, total_points_h1."
2026-10-01,401871049,False,2026-10-02T00:00:00Z,New Mexico State Aggies,Western Kentucky Hilltoppers,alternate_spread,away,18.0,-800,fanatics,0.8555191871617586,-0.033369701727130274,"10 market(s) allowlisted for NCAAF: moneyline, spread, total_points, alternate_spread, alternate_total_points, team_total, alternate_team_total, moneyline_h1, spread_h1, total_points_h1."
2026-10-01,401871049,False,2026-10-02T00:00:00Z,New Mexico State Aggies,Western Kentucky Hilltoppers,alternate_spread,away,6.5,-195,fanatics,0.6458686948375615,-0.015148254314980902,"10 market(s) allowlisted for NCAAF: moneyline, spread, total_points, alternate_spread, alternate_total_points, team_total, alternate_team_total, moneyline_h1, spread_h1, total_points_h1."
2026-10-01,401871049,False,2026-10-02T00:00:00Z,New Mexico State Aggies,Western Kentucky Hilltoppers,alternate_spread,away,20.0,-950,fanatics,0.8795896151093594,-0.025172289652545365,"10 market(s) allowlisted for NCAAF: moneyline, spread, total_points, alternate_spread, alternate_total_points, team_total, alternate_team_total, moneyline_h1, spread_h1, total_points_h1."
2026-10-01,401871049,False,2026-10-02T00:00:00Z,New Mexico State Aggies,Western Kentucky Hilltoppers,alternate_spread,away,26.5,-2500,fanatics,0.9455357743890103,-0.0160026871494513,"10 market(s) allowlisted for NCAAF: moneyline, spread, total_points, alternate_spread, alternate_total_points, team_total, alternate_team_total, moneyline_h1, spread_h1, total_points_h1."
2026-10-01,401871049,False,2026-10-02T00:00:00Z,New Mexico State Aggies,Western Kentucky Hilltoppers,alternate_spread,away,21.0,-1200,fanatics,0.8948276010948505,-0.02824932198207264,"10 market(s) allowlisted for NCAAF: moneyline, spread, total_points, alternate_spread, alternate_total_points, team_total, alternate_team_total, moneyline_h1, spread_h1, total_points_h1."
2026-10-01,401871049,False,2026-10-02T00:00:00Z,New Mexico State Aggies,Western Kentucky Hilltoppers,alternate_spread,away,23.0,-1500,fanatics,0.9123655909888115,-0.025134409011188463,"10 market(s) allowlisted for NCAAF: moneyline, spread, total_points, alternate_spread, alternate_total_points, team_total, alternate_team_total, moneyline_h1, spread_h1, total_points_h1."
2026-10-01,401871049,False,2026-10-02T00:00:00Z,New Mexico State Aggies,Western Kentucky Hilltoppers,alternate_spread,away,22.0,-1400,fanatics,0.905797872198958,-0.027535461134375327,"10 market(s) allowlisted for NCAAF: moneyline, spread, total_points, alternate_spread, alternate_total_points, team_total, alternate_team_total, moneyline_h1, spread_h1, total_points_h1."
2026-10-01,401871049,False,2026-10-02T00:00:00Z,New Mexico State Aggies,Western Kentucky Hilltoppers,alternate_spread,away,24.0,-1800,fanatics,0.9292256354456669,-0.018142785606964584,"10 market(s) allowlisted for NCAAF: moneyline, spread, total_points, alternate_spread, alternate_total_points, team_total, alternate_team_total, moneyline_h1, spread_h1, total_points_h1."
2026-10-01,401871049,False,2026-10-02T00:00:00Z,New Mexico State Aggies,Western Kentucky Hilltoppers,alternate_spread,away,26.0,-2500,fanatics,0.9452984439141016,-0.016240017624360004,"10 market(s) allowlisted for NCAAF: moneyline, spread, total_points, alternate_spread, alternate_total_points, team_total, alternate_team_total, moneyline_h1, spread_h1, total_points_h1."
2026-10-01,401871049,False,2026-10-02T00:00:00Z,New Mexico State Aggies,Western Kentucky Hilltoppers,alternate_spread,away,25.0,-2200,fanatics,0.9405594363389679,-0.01596230279146693,"10 market(s) allowlisted for NCAAF: moneyline, spread, total_points, alternate_spread, alternate_total_points, team_total, alternate_team_total, moneyline_h1, spread_h1, total_points_h1."
2026-10-01,401871049,False,2026-10-02T00:00:00Z,New Mexico State Aggies,Western Kentucky Hilltoppers,alternate_spread,away,27.0,-2800,fanatics,0.9496487436634555,-0.015868497715854857,"10 market(s) allowlisted for NCAAF: moneyline, spread, total_points, alternate_spread, alternate_total_points, team_total, alternate_team_total, moneyline_h1, spread_h1, total_points_h1."
2026-10-01,401871049,False,2026-10-02T00:00:00Z,New Mexico State Aggies,Western Kentucky Hilltoppers,alternate_spread,away,-14.5,475,fanatics,0.1416422446228809,-0.03227079885537998,"10 market(s) allowlisted for NCAAF: moneyline, spread, total_points, alternate_spread, alternate_total_points, team_total, alternate_team_total, moneyline_h1, spread_h1, total_points_h1."
2026-10-01,401871049,False,2026-10-02T00:00:00Z,New Mexico State Aggies,Western Kentucky Hilltoppers,alternate_spread,away,-3.5,155,fanatics,0.36257325503022286,-0.02958360771487517,"10 market(s) allowlisted for NCAAF: moneyline, spread, total_points, alternate_spread, alternate_total_points, team_total, alternate_team_total, moneyline_h1, spread_h1, total_points_h1."
2026-10-01,401871049,False,2026-10-02T00:00:00Z,New Mexico State Aggies,Western Kentucky Hilltoppers,alternate_spread,away,14.5,-525,fanatics,0.7950098774997542,-0.04499012250024581,"10 market(s) allowlisted for NCAAF: moneyline, spread, total_points, alternate_spread, alternate_total_points, team_total, alternate_team_total, moneyline_h1, spread_h1, total_points_h1."
2026-10-01,401871049,False,2026-10-02T00:00:00Z,New Mexico State Aggies,Western Kentucky Hilltoppers,alternate_spread,away,5.5,-180,fanatics,0.6221579659095622,-0.020699176947580722,"10 market(s) allowlisted for NCAAF: moneyline, spread, total_points, alternate_spread, alternate_total_points, team_total, alternate_team_total, moneyline_h1, spread_h1, total_points_h1."
2026-10-01,401871049,False,2026-10-02T00:00:00Z,New Mexico State Aggies,Western Kentucky Hilltoppers,alternate_spread,away,-24.5,1100,fanatics,0.052244146155756184,-0.031089187177577145,"10 market(s) allowlisted for NCAAF: moneyline, spread, total_points, alternate_spread, alternate_total_points, team_total, alternate_team_total, moneyline_h1, spread_h1, total_points_h1."
2026-10-01,401871049,False,2026-10-02T00:00:00Z,New Mexico State Aggies,Western Kentucky Hilltoppers,alternate_spread,away,25.5,-2200,fanatics,0.9411971322755012,-0.015324606854933642,"10 market(s) allowlisted for NCAAF: moneyline, spread, total_points, alternate_spread, alternate_total_points, team_total, alternate_team_total, moneyline_h1, spread_h1, total_points_h1."
2026-10-01,401871049,False,2026-10-02T00:00:00Z,New Mexico State Aggies,Western Kentucky Hilltoppers,alternate_spread,away,17.5,-700,fanatics,0.8459843999666624,-0.029015600033337585,"10 market(s) allowlisted for NCAAF: moneyline, spread, total_points, alternate_spread, alternate_total_points, team_total, alternate_team_total, moneyline_h1, spread_h1, total_points_h1."
2026-10-01,401871049,False,2026-10-02T00:00:00Z,New Mexico State Aggies,Western Kentucky Hilltoppers,alternate_spread,away,2.0,-110,fanatics,0.4910203458312455,-0.03278917797827835,"10 market(s) allowlisted for NCAAF: moneyline, spread, total_points, alternate_spread, alternate_total_points, team_total, alternate_team_total, moneyline_h1, spread_h1, total_points_h1."
2026-10-01,401871049,False,2026-10-02T00:00:00Z,New Mexico State Aggies,Western Kentucky Hilltoppers,alternate_spread,away,5.0,-175,fanatics,0.6164331261045329,-0.019930510259103418,"10 market(s) allowlisted for NCAAF: moneyline, spread, total_points, alternate_spread, alternate_total_points, team_total, alternate_team_total, moneyline_h1, spread_h1, total_points_h1."
2026-10-01,401871049,False,2026-10-02T00:00:00Z,New Mexico State Aggies,Western Kentucky Hilltoppers,alternate_spread,away,20.5,-950,fanatics,0.8809532515106916,-0.023808653251213174,"10 market(s) allowlisted for NCAAF: moneyline, spread, total_points, alternate_spread, alternate_total_points, team_total, alternate_team_total, moneyline_h1, spread_h1, total_points_h1."
2026-10-01,401871049,False,2026-10-02T00:00:00Z,New Mexico State Aggies,Western Kentucky Hilltoppers,alternate_spread,away,8.0,-280,fanatics,0.7044894837163023,-0.03235262154685559,"10 market(s) allowlisted for NCAAF: moneyline, spread, total_points, alternate_spread, alternate_total_points, team_total, alternate_team_total, moneyline_h1, spread_h1, total_points_h1."
2026-10-01,401871049,False,2026-10-02T00:00:00Z,New Mexico State Aggies,Western Kentucky Hilltoppers,alternate_spread,away,1.0,105,fanatics,0.47392737520432493,-0.013877502844455547,"10 market(s) allowlisted for NCAAF: moneyline, spread, total_points, alternate_spread, alternate_total_points, team_total, alternate_team_total, moneyline_h1, spread_h1, total_points_h1."
2026-10-01,401871049,False,2026-10-02T00:00:00Z,New Mexico State Aggies,Western Kentucky Hilltoppers,alternate_spread,away,-12.5,375,fanatics,0.1772676233514191,-0.03325869243805457,"10 market(s) allowlisted for NCAAF: moneyline, spread, total_points, alternate_spread, alternate_total_points, team_total, alternate_team_total, moneyline_h1, spread_h1, total_points_h1."
2026-10-01,401871049,False,2026-10-02T00:00:00Z,New Mexico State Aggies,Western Kentucky Hilltoppers,alternate_spread,away,-13.5,410,fanatics,0.16168319001425502,-0.034395241358294,"10 market(s) allowlisted for NCAAF: moneyline, spread, total_points, alternate_spread, alternate_total_points, team_total, alternate_team_total, moneyline_h1, spread_h1, total_points_h1."
2026-10-01,401871049,False,2026-10-02T00:00:00Z,New Mexico State Aggies,Western Kentucky Hilltoppers,alternate_spread,away,4.0,-160,fanatics,0.5894420639504082,-0.025942551434207206,"10 market(s) allowlisted for NCAAF: moneyline, spread, total_points, alternate_spread, alternate_total_points, team_total, alternate_team_total, moneyline_h1, spread_h1, total_points_h1."
2026-10-01,401871049,False,2026-10-02T00:00:00Z,New Mexico State Aggies,Western Kentucky Hilltoppers,alternate_spread,away,7.0,-235,fanatics,0.6742027919398762,-0.027289745373556662,"10 market(s) allowlisted for NCAAF: moneyline, spread, total_points, alternate_spread, alternate_total_points, team_total, alternate_team_total, moneyline_h1, spread_h1, total_points_h1."
2026-10-01,401871049,False,2026-10-02T00:00:00Z,New Mexico State Aggies,Western Kentucky Hilltoppers,alternate_spread,away,4.5,-170,fanatics,0.6072326942173318,-0.022396935412297814,"10 market(s) allowlisted for NCAAF: moneyline, spread, total_points, alternate_spread, alternate_total_points, team_total, alternate_team_total, moneyline_h1, spread_h1, total_points_h1."
2026-10-01,401871049,False,2026-10-02T00:00:00Z,New Mexico State Aggies,Western Kentucky Hilltoppers,alternate_spread,away,27.5,-2800,fanatics,0.9498668171054768,-0.015650424273833563,"10 market(s) allowlisted for NCAAF: moneyline, spread, total_points, alternate_spread, alternate_total_points, team_total, alternate_team_total, moneyline_h1, spread_h1, total_points_h1."
2026-10-01,401871049,False,2026-10-02T00:00:00Z,New Mexico State Aggies,Western Kentucky Hilltoppers,alternate_spread,away,-9.5,290,fanatics,0.23378988869829362,-0.02262036771196277,"10 market(s) allowlisted for NCAAF: moneyline, spread, total_points, alternate_spread, alternate_total_points, team_total, alternate_team_total, moneyline_h1, spread_h1, total_points_h1."
2026-10-01,401871049,False,2026-10-02T00:00:00Z,New Mexico State Aggies,Western Kentucky Hilltoppers,alternate_spread,away,3.5,-145,fanatics,0.5638998812211785,-0.02793685347269903,"10 market(s) allowlisted for NCAAF: moneyline, spread, total_points, alternate_spread, alternate_total_points, team_total, alternate_team_total, moneyline_h1, spread_h1, total_points_h1."
2026-10-01,401871049,False,2026-10-02T00:00:00Z,New Mexico State Aggies,Western Kentucky Hilltoppers,alternate_spread,away,-23.5,950,fanatics,0.06420081565932409,-0.031037279578771143,"10 market(s) allowlisted for NCAAF: moneyline, spread, total_points, alternate_spread, alternate_total_points, team_total, alternate_team_total, moneyline_h1, spread_h1, total_points_h1."
2026-10-01,401871049,False,2026-10-02T00:00:00Z,New Mexico State Aggies,Western Kentucky Hilltoppers,alternate_spread,away,3.0,-135,fanatics,0.5341309090644718,-0.04033717604191123,"10 market(s) allowlisted for NCAAF: moneyline, spread, total_points, alternate_spread, alternate_total_points, team_total, alternate_team_total, moneyline_h1, spread_h1, total_points_h1."
2026-10-01,401871049,False,2026-10-02T00:00:00Z,New Mexico State Aggies,Western Kentucky Hilltoppers,alternate_spread,away,-11.5,360,fanatics,0.19205022418069687,-0.025341080167129215,"10 market(s) allowlisted for NCAAF: moneyline, spread, total_points, alternate_spread, alternate_total_points, team_total, alternate_team_total, moneyline_h1, spread_h1, total_points_h1."
2026-10-01,401871049,False,2026-10-02T00:00:00Z,New Mexico State Aggies,Western Kentucky Hilltoppers,alternate_spread,away,-11.0,350,fanatics,0.19525063469754195,-0.026971587524680263,"10 market(s) allowlisted for NCAAF: moneyline, spread, total_points, alternate_spread, alternate_total_points, team_total, alternate_team_total, moneyline_h1, spread_h1, total_points_h1."
2026-10-01,401871049,False,2026-10-02T00:00:00Z,New Mexico State Aggies,Western Kentucky Hilltoppers,alternate_spread,away,6.0,-190,fanatics,0.6372680560408192,-0.017904357752284272,"10 market(s) allowlisted for NCAAF: moneyline, spread, total_points, alternate_spread, alternate_total_points, team_total, alternate_team_total, moneyline_h1, spread_h1, total_points_h1."
2026-10-01,401871049,False,2026-10-02T00:00:00Z,New Mexico State Aggies,Western Kentucky Hilltoppers,alternate_spread,away,11.5,-375,fanatics,0.7679857949475415,-0.02148788926298484,"10 market(s) allowlisted for NCAAF: moneyline, spread, total_points, alternate_spread, alternate_total_points, team_total, alternate_team_total, moneyline_h1, spread_h1, total_points_h1."
2026-10-01,401871049,False,2026-10-02T00:00:00Z,New Mexico State Aggies,Western Kentucky Hilltoppers,alternate_spread,away,-14.0,450,fanatics,0.1445389416596081,-0.03727924015857373,"10 market(s) allowlisted for NCAAF: moneyline, spread, total_points, alternate_spread, alternate_total_points, team_total, alternate_team_total, moneyline_h1, spread_h1, total_points_h1."
2026-10-01,401871049,False,2026-10-02T00:00:00Z,New Mexico State Aggies,Western Kentucky Hilltoppers,alternate_spread,away,-10.0,320,fanatics,0.2138625860910522,-0.024232652004185895,"10 market(s) allowlisted for NCAAF: moneyline, spread, total_points, alternate_spread, alternate_total_points, team_total, alternate_team_total, moneyline_h1, spread_h1, total_points_h1."
2026-10-01,401871049,False,2026-10-02T00:00:00Z,New Mexico State Aggies,Western Kentucky Hilltoppers,alternate_spread,away,-13.0,410,fanatics,0.16424282131413287,-0.03183561005841615,"10 market(s) allowlisted for NCAAF: moneyline, spread, total_points, alternate_spread, alternate_total_points, team_total, alternate_team_total, moneyline_h1, spread_h1, total_points_h1."
2026-10-01,401871049,False,2026-10-02T00:00:00Z,New Mexico State Aggies,Western Kentucky Hilltoppers,alternate_spread,away,9.0,-300,fanatics,0.7200687198751267,-0.02993128012487334,"10 market(s) allowlisted for NCAAF: moneyline, spread, total_points, alternate_spread, alternate_total_points, team_total, alternate_team_total, moneyline_h1, spread_h1, total_points_h1."
2026-10-01,401871049,False,2026-10-02T00:00:00Z,New Mexico State Aggies,Western Kentucky Hilltoppers,alternate_spread,away,-18.5,650,fanatics,0.10142528284297293,-0.0319080504903604,"10 market(s) allowlisted for NCAAF: moneyline, spread, total_points, alternate_spread, alternate_total_points, team_total, alternate_team_total, moneyline_h1, spread_h1, total_points_h1."
2026-10-01,401871049,False,2026-10-02T00:00:00Z,New Mexico State Aggies,Western Kentucky Hilltoppers,alternate_spread,away,-16.0,525,fanatics,0.13285520744420903,-0.02714479255579097,"10 market(s) allowlisted for NCAAF: moneyline, spread, total_points, alternate_spread, alternate_total_points, team_total, alternate_team_total, moneyline_h1, spread_h1, total_points_h1."
2026-10-01,401871049,False,2026-10-02T00:00:00Z,New Mexico State Aggies,Western Kentucky Hilltoppers,alternate_spread,away,-17.0,600,fanatics,0.10851700665521354,-0.034340136201929314,"10 market(s) allowlisted for NCAAF: moneyline, spread, total_points, alternate_spread, alternate_total_points, team_total, alternate_team_total, moneyline_h1, spread_h1, total_points_h1."
2026-10-01,401871049,False,2026-10-02T00:00:00Z,New Mexico State Aggies,Western Kentucky Hilltoppers,alternate_spread,away,-19.0,700,fanatics,0.09809752537194083,-0.02690247462805917,"10 market(s) allowlisted for NCAAF: moneyline, spread, total_points, alternate_spread, alternate_total_points, team_total, alternate_team_total, moneyline_h1, spread_h1, total_points_h1."
2026-10-01,401871049,False,2026-10-02T00:00:00Z,New Mexico State Aggies,Western Kentucky Hilltoppers,alternate_spread,away,16.5,-600,fanatics,0.8141006102889622,-0.043042246853894905,"10 market(s) allowlisted for NCAAF: moneyline, spread, total_points, alternate_spread, alternate_total_points, team_total, alternate_team_total, moneyline_h1, spread_h1, total_points_h1."
2026-10-01,401871049,False,2026-10-02T00:00:00Z,New Mexico State Aggies,Western Kentucky Hilltoppers,alternate_spread,away,-2.0,120,fanatics,0.4272513707804982,-0.027294083764956345,"10 market(s) allowlisted for NCAAF: moneyline, spread, total_points, alternate_spread, alternate_total_points, team_total, alternate_team_total, moneyline_h1, spread_h1, total_points_h1."
2026-10-01,401871049,False,2026-10-02T00:00:00Z,New Mexico State Aggies,Western Kentucky Hilltoppers,alternate_spread,away,-20.0,750,fanatics,0.08798024831836439,-0.029666810505165023,"10 market(s) allowlisted for NCAAF: moneyline, spread, total_points, alternate_spread, alternate_total_points, team_total, alternate_team_total, moneyline_h1, spread_h1, total_points_h1."
2026-10-01,401871049,False,2026-10-02T00:00:00Z,New Mexico State Aggies,Western Kentucky Hilltoppers,alternate_spread,away,-5.0,180,fanatics,0.33265557233763426,-0.024487284805222886,"10 market(s) allowlisted for NCAAF: moneyline, spread, total_points, alternate_spread, alternate_total_points, team_total, alternate_team_total, moneyline_h1, spread_h1, total_points_h1."
2026-10-01,401871049,False,2026-10-02T00:00:00Z,New Mexico State Aggies,Western Kentucky Hilltoppers,alternate_spread,away,-19.5,700,fanatics,0.09773557407218322,-0.027264425927816777,"10 market(s) allowlisted for NCAAF: moneyline, spread, total_points, alternate_spread, alternate_total_points, team_total, alternate_team_total, moneyline_h1, spread_h1, total_points_h1."
2026-10-01,401871049,False,2026-10-02T00:00:00Z,New Mexico State Aggies,Western Kentucky Hilltoppers,alternate_spread,away,-23.0,950,fanatics,0.06472288731341419,-0.030515207924681043,"10 market(s) allowlisted for NCAAF: moneyline, spread, total_points, alternate_spread, alternate_total_points, team_total, alternate_team_total, moneyline_h1, spread_h1, total_points_h1."
2026-10-01,401871049,False,2026-10-02T00:00:00Z,New Mexico State Aggies,Western Kentucky Hilltoppers,alternate_spread,away,-8.0,280,fanatics,0.2455324259895147,-0.0176254687473274,"10 market(s) allowlisted for NCAAF: moneyline, spread, total_points, alternate_spread, alternate_total_points, team_total, alternate_team_total, moneyline_h1, spread_h1, total_points_h1."
2026-10-01,401871049,False,2026-10-02T00:00:00Z,New Mexico State Aggies,Western Kentucky Hilltoppers,alternate_spread,away,2.5,-115,fanatics,0.5000000159244132,-0.03488370500581928,"10 market(s) allowlisted for NCAAF: moneyline, spread, total_points, alternate_spread, alternate_total_points, team_total, alternate_team_total, moneyline_h1, spread_h1, total_points_h1."
2026-10-01,401871049,False,2026-10-02T00:00:00Z,New Mexico State Aggies,Western Kentucky Hilltoppers,alternate_spread,away,-22.0,900,fanatics,0.07245394450394499,-0.027546055496055016,"10 market(s) allowlisted for NCAAF: moneyline, spread, total_points, alternate_spread, alternate_total_points, team_total, alternate_team_total, moneyline_h1, spread_h1, total_points_h1."
2026-10-01,401871049,False,2026-10-02T00:00:00Z,New Mexico State Aggies,Western Kentucky Hilltoppers,alternate_spread,away,19.5,-900,fanatics,0.8696283445886622,-0.030371655411337795,"10 market(s) allowlisted for NCAAF: moneyline, spread, total_points, alternate_spread, alternate_total_points, team_total, alternate_team_total, moneyline_h1, spread_h1, total_points_h1."
2026-10-01,401871049,False,2026-10-02T00:00:00Z,New Mexico State Aggies,Western Kentucky Hilltoppers,alternate_spread,away,18.5,-800,fanatics,0.8571294301871165,-0.031759458701772325,"10 market(s) allowlisted for NCAAF: moneyline, spread, total_points, alternate_spread, alternate_total_points, team_total, alternate_team_total, moneyline_h1, spread_h1, total_points_h1."
2026-10-01,401871049,False,2026-10-02T00:00:00Z,New Mexico State Aggies,Western Kentucky Hilltoppers,alternate_spread,away,-22.5,900,fanatics,0.07226707592305467,-0.02773292407694533,"10 market(s) allowlisted for NCAAF: moneyline, spread, total_points, alternate_spread, alternate_total_points, team_total, alternate_team_total, moneyline_h1, spread_h1, total_points_h1."
2026-10-01,401871049,False,2026-10-02T00:00:00Z,New Mexico State Aggies,Western Kentucky Hilltoppers,alternate_spread,away,-21.5,850,fanatics,0.07484621198210162,-0.030416945912635218,"10 market(s) allowlisted for NCAAF: moneyline, spread, total_points, alternate_spread, alternate_total_points, team_total, alternate_team_total, moneyline_h1, spread_h1, total_points_h1."
2026-10-01,401871049,False,2026-10-02T00:00:00Z,New Mexico State Aggies,Western Kentucky Hilltoppers,alternate_spread,away,-12.0,375,fanatics,0.17992741855820746,-0.030598897231266214,"10 market(s) allowlisted for NCAAF: moneyline, spread, total_points, alternate_spread, alternate_total_points, team_total, alternate_team_total, moneyline_h1, spread_h1, total_points_h1."
2026-10-01,401871049,False,2026-10-02T00:00:00Z,New Mexico State Aggies,Western Kentucky Hilltoppers,alternate_spread,away,9.5,-300,fanatics,0.7234191352502621,-0.026580864749737865,"10 market(s) allowlisted for NCAAF: moneyline, spread, total_points, alternate_spread, alternate_total_points, team_total, alternate_team_total, moneyline_h1, spread_h1, total_points_h1."
2026-10-01,401871049,False,2026-10-02T00:00:00Z,New Mexico State Aggies,Western Kentucky Hilltoppers,alternate_spread,away,-15.0,500,fanatics,0.1372743052003004,-0.029392361466366257,"10 market(s) allowlisted for NCAAF: moneyline, spread, total_points, alternate_spread, alternate_total_points, team_total, alternate_team_total, moneyline_h1, spread_h1, total_points_h1."
2026-10-01,401871049,False,2026-10-02T00:00:00Z,New Mexico State Aggies,Western Kentucky Hilltoppers,alternate_spread,away,22.5,-1400,fanatics,0.9067691784413059,-0.02656415489202746,"10 market(s) allowlisted for NCAAF: moneyline, spread, total_points, alternate_spread, alternate_total_points, team_total, alternate_team_total, moneyline_h1, spread_h1, total_points_h1."
2026-10-01,401871049,False,2026-10-02T00:00:00Z,New Mexico State Aggies,Western Kentucky Hilltoppers,alternate_spread,away,-18.0,650,fanatics,0.10185292001979143,-0.0314804133135419,"10 market(s) allowlisted for NCAAF: moneyline, spread, total_points, alternate_spread, alternate_total_points, team_total, alternate_team_total, moneyline_h1, spread_h1, total_points_h1."
2026-10-01,401871049,False,2026-10-02T00:00:00Z,New Mexico State Aggies,Western Kentucky Hilltoppers,alternate_spread,away,21.5,-1200,fanatics,0.896458304737909,-0.026618618339014133,"10 market(s) allowlisted for NCAAF: moneyline, spread, total_points, alternate_spread, alternate_total_points, team_total, alternate_team_total, moneyline_h1, spread_h1, total_points_h1."
2026-10-01,401871049,False,2026-10-02T00:00:00Z,New Mexico State Aggies,Western Kentucky Hilltoppers,alternate_spread,away,-10.5,330,fanatics,0.2084415179749668,-0.024116621559916923,"10 market(s) allowlisted for NCAAF: moneyline, spread, total_points, alternate_spread, alternate_total_points, team_total, alternate_team_total, moneyline_h1, spread_h1, total_points_h1."
2026-10-01,401871049,False,2026-10-02T00:00:00Z,New Mexico State Aggies,Western Kentucky Hilltoppers,alternate_spread,away,-21.0,850,fanatics,0.07577007381224075,-0.029493084082496082,"10 market(s) allowlisted for NCAAF: moneyline, spread, total_points, alternate_spread, alternate_total_points, team_total, alternate_team_total, moneyline_h1, spread_h1, total_points_h1."
2026-10-01,401871049,False,2026-10-02T00:00:00Z,New Mexico State Aggies,Western Kentucky Hilltoppers,alternate_spread,away,-24.0,1100,fanatics,0.05287637145377688,-0.030456961879556446,"10 market(s) allowlisted for NCAAF: moneyline, spread, total_points, alternate_spread, alternate_total_points, team_total, alternate_team_total, moneyline_h1, spread_h1, total_points_h1."
2026-10-01,401871049,False,2026-10-02T00:00:00Z,New Mexico State Aggies,Western Kentucky Hilltoppers,alternate_spread,away,-17.5,600,fanatics,0.1056238583647685,-0.037233284492374355,"10 market(s) allowlisted for NCAAF: moneyline, spread, total_points, alternate_spread, alternate_total_points, team_total, alternate_team_total, moneyline_h1, spread_h1, total_points_h1."
2026-10-01,401871049,False,2026-10-02T00:00:00Z,New Mexico State Aggies,Western Kentucky Hilltoppers,alternate_spread,away,10.5,-350,fanatics,0.7555044017253445,-0.02227337605243329,"10 market(s) allowlisted for NCAAF: moneyline, spread, total_points, alternate_spread, alternate_total_points, team_total, alternate_team_total, moneyline_h1, spread_h1, total_points_h1."
2026-10-01,401871049,False,2026-10-02T00:00:00Z,New Mexico State Aggies,Western Kentucky Hilltoppers,alternate_spread,away,-6.5,200,fanatics,0.3016924466310529,-0.031640886702280435,"10 market(s) allowlisted for NCAAF: moneyline, spread, total_points, alternate_spread, alternate_total_points, team_total, alternate_team_total, moneyline_h1, spread_h1, total_points_h1."
2026-10-01,401871049,False,2026-10-02T00:00:00Z,New Mexico State Aggies,Western Kentucky Hilltoppers,alternate_spread,away,1.5,-105,fanatics,0.482357522713495,-0.0298375992377245,"10 market(s) allowlisted for NCAAF: moneyline, spread, total_points, alternate_spread, alternate_total_points, team_total, alternate_team_total, moneyline_h1, spread_h1, total_points_h1."
2026-10-01,401871049,False,2026-10-02T00:00:00Z,New Mexico State Aggies,Western Kentucky Hilltoppers,alternate_total_points,over,44.0,-450,fanatics,0.7868175559380006,-0.03136426224381761,"10 market(s) allowlisted for NCAAF: moneyline, spread, total_points, alternate_spread, alternate_total_points, team_total, alternate_team_total, moneyline_h1, spread_h1, total_points_h1."
2026-10-01,401871049,False,2026-10-02T00:00:00Z,New Mexico State Aggies,Western Kentucky Hilltoppers,alternate_total_points,over,42.0,-550,fanatics,0.8258036457989572,-0.020350200354888992,"10 market(s) allowlisted for NCAAF: moneyline, spread, total_points, alternate_spread, alternate_total_points, team_total, alternate_team_total, moneyline_h1, spread_h1, total_points_h1."
2026-10-01,401871049,False,2026-10-02T00:00:00Z,New Mexico State Aggies,Western Kentucky Hilltoppers,alternate_total_points,over,43.0,-500,fanatics,0.8101140849245746,-0.023219248408758775,"10 market(s) allowlisted for NCAAF: moneyline, spread, total_points, alternate_spread, alternate_total_points, team_total, alternate_team_total, moneyline_h1, spread_h1, total_points_h1."
2026-10-01,401871049,False,2026-10-02T00:00:00Z,New Mexico State Aggies,Western Kentucky Hilltoppers,alternate_total_points,over,47.0,-310,fanatics,0.7175556775924491,-0.03854188338316067,"10 market(s) allowlisted for NCAAF: moneyline, spread, total_points, alternate_spread, alternate_total_points, team_total, alternate_team_total, moneyline_h1, spread_h1, total_points_h1."
2026-10-01,401871049,False,2026-10-02T00:00:00Z,New Mexico State Aggies,Western Kentucky Hilltoppers,alternate_total_points,over,45.0,-375,fanatics,0.7623561001950678,-0.027117584015458496,"10 market(s) allowlisted for NCAAF: moneyline, spread, total_points, alternate_spread, alternate_total_points, team_total, alternate_team_total, moneyline_h1, spread_h1, total_points_h1."
2026-10-01,401871049,False,2026-10-02T00:00:00Z,New Mexico State Aggies,Western Kentucky Hilltoppers,alternate_total_points,over,46.0,-330,fanatics,0.7377516007683783,-0.029690259696737997,"10 market(s) allowlisted for NCAAF: moneyline, spread, total_points, alternate_spread, alternate_total_points, team_total, alternate_team_total, moneyline_h1, spread_h1, total_points_h1."
2026-10-01,401871049,False,2026-10-02T00:00:00Z,New Mexico State Aggies,Western Kentucky Hilltoppers,alternate_total_points,over,66.5,220,fanatics,0.2489287311348766,-0.0635712688651234,"10 market(s) allowlisted for NCAAF: moneyline, spread, total_points, alternate_spread, alternate_total_points, team_total, alternate_team_total, moneyline_h1, spread_h1, total_points_h1."
2026-10-01,401871049,False,2026-10-02T00:00:00Z,New Mexico State Aggies,Western Kentucky Hilltoppers,alternate_total_points,over,48.0,-265,fanatics,0.6965901341031766,-0.029437263157097382,"10 market(s) allowlisted for NCAAF: moneyline, spread, total_points, alternate_spread, alternate_total_points, team_total, alternate_team_total, moneyline_h1, spread_h1, total_points_h1."
2026-10-01,401871049,False,2026-10-02T00:00:00Z,New Mexico State Aggies,Western Kentucky Hilltoppers,alternate_total_points,over,49.0,-240,fanatics,0.6730178460896535,-0.03286450685152298,"10 market(s) allowlisted for NCAAF: moneyline, spread, total_points, alternate_spread, alternate_total_points, team_total, alternate_team_total, moneyline_h1, spread_h1, total_points_h1."
2026-10-01,401871049,False,2026-10-02T00:00:00Z,New Mexico State Aggies,Western Kentucky Hilltoppers,alternate_total_points,over,81.5,750,fanatics,0.07117425150120898,-0.046472807322320425,"10 market(s) allowlisted for NCAAF: moneyline, spread, total_points, alternate_spread, alternate_total_points, team_total, alternate_team_total, moneyline_h1, spread_h1, total_points_h1."
2026-10-01,401871049,False,2026-10-02T00:00:00Z,New Mexico State Aggies,Western Kentucky Hilltoppers,alternate_total_points,over,43.5,-475,fanatics,0.7918146510941466,-0.03427230542759252,"10 market(s) allowlisted for NCAAF: moneyline, spread, total_points, alternate_spread, alternate_total_points, team_total, alternate_team_total, moneyline_h1, spread_h1, total_points_h1."
2026-10-01,401871049,False,2026-10-02T00:00:00Z,New Mexico State Aggies,Western Kentucky Hilltoppers,alternate_total_points,over,50.0,-220,fanatics,0.6541911598016962,-0.033308840198303824,"10 market(s) allowlisted for NCAAF: moneyline, spread, total_points, alternate_spread, alternate_total_points, team_total, alternate_team_total, moneyline_h1, spread_h1, total_points_h1."
2026-10-01,401871049,False,2026-10-02T00:00:00Z,New Mexico State Aggies,Western Kentucky Hilltoppers,alternate_total_points,over,51.0,-195,fanatics,0.6340216495862742,-0.026995299566268227,"10 market(s) allowlisted for NCAAF: moneyline, spread, total_points, alternate_spread, alternate_total_points, team_total, alternate_team_total, moneyline_h1, spread_h1, total_points_h1."
2026-10-01,401871049,False,2026-10-02T00:00:00Z,New Mexico State Aggies,Western Kentucky Hilltoppers,alternate_total_points,over,53.0,-155,fanatics,0.5944625598922673,-0.01338057736263465,"10 market(s) allowlisted for NCAAF: moneyline, spread, total_points, alternate_spread, alternate_total_points, team_total, alternate_team_total, moneyline_h1, spread_h1, total_points_h1."
2026-10-01,401871049,False,2026-10-02T00:00:00Z,New Mexico State Aggies,Western Kentucky Hilltoppers,alternate_total_points,over,52.0,-170,fanatics,0.6110219913551045,-0.018607638274525162,"10 market(s) allowlisted for NCAAF: moneyline, spread, total_points, alternate_spread, alternate_total_points, team_total, alternate_team_total, moneyline_h1, spread_h1, total_points_h1."
2026-10-01,401871049,False,2026-10-02T00:00:00Z,New Mexico State Aggies,Western Kentucky Hilltoppers,alternate_total_points,over,54.0,-140,fanatics,0.5760111518656055,-0.007322181467727895,"10 market(s) allowlisted for NCAAF: moneyline, spread, total_points, alternate_spread, alternate_total_points, team_total, alternate_team_total, moneyline_h1, spread_h1, total_points_h1."
2026-10-01,401871049,False,2026-10-02T00:00:00Z,New Mexico State Aggies,Western Kentucky Hilltoppers,alternate_total_points,over,56.0,-115,fanatics,0.5114002620921408,-0.023483458838091664,"10 market(s) allowlisted for NCAAF: moneyline, spread, total_points, alternate_spread, alternate_total_points, team_total, alternate_team_total, moneyline_h1, spread_h1, total_points_h1."
2026-10-01,401871049,False,2026-10-02T00:00:00Z,New Mexico State Aggies,Western Kentucky Hilltoppers,alternate_total_points,over,55.0,-125,fanatics,0.5433554886949893,-0.012200066860566294,"10 market(s) allowlisted for NCAAF: moneyline, spread, total_points, alternate_spread, alternate_total_points, team_total, alternate_team_total, moneyline_h1, spread_h1, total_points_h1."
2026-10-01,401871049,False,2026-10-02T00:00:00Z,New Mexico State Aggies,Western Kentucky Hilltoppers,alternate_total_points,over,57.0,-105,fanatics,0.49068535241892824,-0.02150976953229128,"10 market(s) allowlisted for NCAAF: moneyline, spread, total_points, alternate_spread, alternate_total_points, team_total, alternate_team_total, moneyline_h1, spread_h1, total_points_h1."
2026-10-01,401871049,False,2026-10-02T00:00:00Z,New Mexico State Aggies,Western Kentucky Hilltoppers,alternate_total_points,over,59.0,120,fanatics,0.4355433756792889,-0.019002078866165617,"10 market(s) allowlisted for NCAAF: moneyline, spread, total_points, alternate_spread, alternate_total_points, team_total, alternate_team_total, moneyline_h1, spread_h1, total_points_h1."
2026-10-01,401871049,False,2026-10-02T00:00:00Z,New Mexico State Aggies,Western Kentucky Hilltoppers,alternate_total_points,over,58.0,105,fanatics,0.46723471810755735,-0.020570159941223132,"10 market(s) allowlisted for NCAAF: moneyline, spread, total_points, alternate_spread, alternate_total_points, team_total, alternate_team_total, moneyline_h1, spread_h1, total_points_h1."
2026-10-01,401871049,False,2026-10-02T00:00:00Z,New Mexico State Aggies,Western Kentucky Hilltoppers,alternate_total_points,over,54.5,-135,fanatics,0.5610573799445694,-0.01341070516181364,"10 market(s) allowlisted for NCAAF: moneyline, spread, total_points, alternate_spread, alternate_total_points, team_total, alternate_team_total, moneyline_h1, spread_h1, total_points_h1."
2026-10-01,401871049,False,2026-10-02T00:00:00Z,New Mexico State Aggies,Western Kentucky Hilltoppers,alternate_total_points,over,77.5,550,fanatics,0.10844180525637662,-0.04540434858977724,"10 market(s) allowlisted for NCAAF: moneyline, spread, total_points, alternate_spread, alternate_total_points, team_total, alternate_team_total, moneyline_h1, spread_h1, total_points_h1."
2026-10-01,401871049,False,2026-10-02T00:00:00Z,New Mexico State Aggies,Western Kentucky Hilltoppers,alternate_total_points,over,39.5,-800,fanatics,0.8684660346884353,-0.020422854200453533,"10 market(s) allowlisted for NCAAF: moneyline, spread, total_points, alternate_spread, alternate_total_points, team_total, alternate_team_total, moneyline_h1, spread_h1, total_points_h1."
2026-10-01,401871049,False,2026-10-02T00:00:00Z,New Mexico State Aggies,Western Kentucky Hilltoppers,alternate_total_points,over,60.0,130,fanatics,0.41122767034216434,-0.02355493835348782,"10 market(s) allowlisted for NCAAF: moneyline, spread, total_points, alternate_spread, alternate_total_points, team_total, alternate_team_total, moneyline_h1, spread_h1, total_points_h1."
2026-10-01,401871049,False,2026-10-02T00:00:00Z,New Mexico State Aggies,Western Kentucky Hilltoppers,alternate_total_points,over,62.0,150,fanatics,0.35096068636533534,-0.04903931363466468,"10 market(s) allowlisted for NCAAF: moneyline, spread, total_points, alternate_spread, alternate_total_points, team_total, alternate_team_total, moneyline_h1, spread_h1, total_points_h1."
2026-10-01,401871049,False,2026-10-02T00:00:00Z,New Mexico State Aggies,Western Kentucky Hilltoppers,alternate_total_points,over,61.0,140,fanatics,0.3849441343811062,-0.03172253228556049,"10 market(s) allowlisted for NCAAF: moneyline, spread, total_points, alternate_spread, alternate_total_points, team_total, alternate_team_total, moneyline_h1, spread_h1, total_points_h1."
2026-10-01,401871049,False,2026-10-02T00:00:00Z,New Mexico State Aggies,Western Kentucky Hilltoppers,alternate_total_points,over,63.0,165,fanatics,0.3212963822857467,-0.05606210828029107,"10 market(s) allowlisted for NCAAF: moneyline, spread, total_points, alternate_spread, alternate_total_points, team_total, alternate_team_total, moneyline_h1, spread_h1, total_points_h1."
2026-10-01,401871049,False,2026-10-02T00:00:00Z,New Mexico State Aggies,Western Kentucky Hilltoppers,alternate_total_points,over,65.0,200,fanatics,0.27990784816849296,-0.05342548516484036,"10 market(s) allowlisted for NCAAF: moneyline, spread, total_points, alternate_spread, alternate_total_points, team_total, alternate_team_total, moneyline_h1, spread_h1, total_points_h1."
2026-10-01,401871049,False,2026-10-02T00:00:00Z,New Mexico State Aggies,Western Kentucky Hilltoppers,alternate_total_points,over,31.5,-2800,fanatics,0.9550629074159518,-0.010454333963358597,"10 market(s) allowlisted for NCAAF: moneyline, spread, total_points, alternate_spread, alternate_total_points, team_total, alternate_team_total, moneyline_h1, spread_h1, total_points_h1."
2026-10-01,401871049,False,2026-10-02T00:00:00Z,New Mexico State Aggies,Western Kentucky Hilltoppers,alternate_total_points,over,68.0,250,fanatics,0.22762676379170269,-0.05808752192258301,"10 market(s) allowlisted for NCAAF: moneyline, spread, total_points, alternate_spread, alternate_total_points, team_total, alternate_team_total, moneyline_h1, spread_h1, total_points_h1."
2026-10-01,401871049,False,2026-10-02T00:00:00Z,New Mexico State Aggies,Western Kentucky Hilltoppers,alternate_total_points,over,64.0,175,fanatics,0.3026387451386346,-0.060997618497729056,"10 market(s) allowlisted for NCAAF: moneyline, spread, total_points, alternate_spread, alternate_total_points, team_total, alternate_team_total, moneyline_h1, spread_h1, total_points_h1."
2026-10-01,401871049,False,2026-10-02T00:00:00Z,New Mexico State Aggies,Western Kentucky Hilltoppers,alternate_total_points,over,66.0,215,fanatics,0.2550136821438408,-0.06244663531647665,"10 market(s) allowlisted for NCAAF: moneyline, spread, total_points, alternate_spread, alternate_total_points, team_total, alternate_team_total, moneyline_h1, spread_h1, total_points_h1."
2026-10-01,401871049,False,2026-10-02T00:00:00Z,New Mexico State Aggies,Western Kentucky Hilltoppers,alternate_total_points,over,67.0,235,fanatics,0.23933109589386628,-0.05917636679270086,"10 market(s) allowlisted for NCAAF: moneyline, spread, total_points, alternate_spread, alternate_total_points, team_total, alternate_team_total, moneyline_h1, spread_h1, total_points_h1."
2026-10-01,401871049,False,2026-10-02T00:00:00Z,New Mexico State Aggies,Western Kentucky Hilltoppers,alternate_total_points,over,69.0,280,fanatics,0.21533520354466287,-0.04782269119217922,"10 market(s) allowlisted for NCAAF: moneyline, spread, total_points, alternate_spread, alternate_total_points, team_total, alternate_team_total, moneyline_h1, spread_h1, total_points_h1."
2026-10-01,401871049,False,2026-10-02T00:00:00Z,New Mexico State Aggies,Western Kentucky Hilltoppers,alternate_total_points,over,71.0,320,fanatics,0.18708888446232835,-0.05100635363290973,"10 market(s) allowlisted for NCAAF: moneyline, spread, total_points, alternate_spread, alternate_total_points, team_total, alternate_team_total, moneyline_h1, spread_h1, total_points_h1."
2026-10-01,401871049,False,2026-10-02T00:00:00Z,New Mexico State Aggies,Western Kentucky Hilltoppers,alternate_total_points,over,65.5,200,fanatics,0.2727900038235004,-0.06054332950983293,"10 market(s) allowlisted for NCAAF: moneyline, spread, total_points, alternate_spread, alternate_total_points, team_total, alternate_team_total, moneyline_h1, spread_h1, total_points_h1."
2026-10-01,401871049,False,2026-10-02T00:00:00Z,New Mexico State Aggies,Western Kentucky Hilltoppers,alternate_total_points,over,74.0,430,fanatics,0.14208620059614302,-0.04659304468687586,"10 market(s) allowlisted for NCAAF: moneyline, spread, total_points, alternate_spread, alternate_total_points, team_total, alternate_team_total, moneyline_h1, spread_h1, total_points_h1."
2026-10-01,401871049,False,2026-10-02T00:00:00Z,New Mexico State Aggies,Western Kentucky Hilltoppers,alternate_total_points,over,80.5,700,fanatics,0.0767122842771765,-0.048287715722823504,"10 market(s) allowlisted for NCAAF: moneyline, spread, total_points, alternate_spread, alternate_total_points, team_total, alternate_team_total, moneyline_h1, spread_h1, total_points_h1."
2026-10-01,401871049,False,2026-10-02T00:00:00Z,New Mexico State Aggies,Western Kentucky Hilltoppers,alternate_total_points,over,72.0,360,fanatics,0.17051476497794024,-0.04687653936988584,"10 market(s) allowlisted for NCAAF: moneyline, spread, total_points, alternate_spread, alternate_total_points, team_total, alternate_team_total, moneyline_h1, spread_h1, total_points_h1."
2026-10-01,401871049,False,2026-10-02T00:00:00Z,New Mexico State Aggies,Western Kentucky Hilltoppers,alternate_total_points,over,70.0,290,fanatics,0.20128845217221614,-0.05512180423804025,"10 market(s) allowlisted for NCAAF: moneyline, spread, total_points, alternate_spread, alternate_total_points, team_total, alternate_team_total, moneyline_h1, spread_h1, total_points_h1."
2026-10-01,401871049,False,2026-10-02T00:00:00Z,New Mexico State Aggies,Western Kentucky Hilltoppers,alternate_total_points,over,75.0,450,fanatics,0.13224106468542893,-0.049577117132752896,"10 market(s) allowlisted for NCAAF: moneyline, spread, total_points, alternate_spread, alternate_total_points, team_total, alternate_team_total, moneyline_h1, spread_h1, total_points_h1."
2026-10-01,401871049,False,2026-10-02T00:00:00Z,New Mexico State Aggies,Western Kentucky Hilltoppers,alternate_total_points,over,42.5,-525,fanatics,0.814403363191569,-0.02559663680843094,"10 market(s) allowlisted for NCAAF: moneyline, spread, total_points, alternate_spread, alternate_total_points, team_total, alternate_team_total, moneyline_h1, spread_h1, total_points_h1."
2026-10-01,401871049,False,2026-10-02T00:00:00Z,New Mexico State Aggies,Western Kentucky Hilltoppers,alternate_total_points,over,73.0,390,fanatics,0.15254765930445746,-0.05153397334860377,"10 market(s) allowlisted for NCAAF: moneyline, spread, total_points, alternate_spread, alternate_total_points, team_total, alternate_team_total, moneyline_h1, spread_h1, total_points_h1."
2026-10-01,401871049,False,2026-10-02T00:00:00Z,New Mexico State Aggies,Western Kentucky Hilltoppers,alternate_total_points,over,78.0,600,fanatics,0.10156054356657727,-0.041296599290565575,"10 market(s) allowlisted for NCAAF: moneyline, spread, total_points, alternate_spread, alternate_total_points, team_total, alternate_team_total, moneyline_h1, spread_h1, total_points_h1."
2026-10-01,401871049,False,2026-10-02T00:00:00Z,New Mexico State Aggies,Western Kentucky Hilltoppers,alternate_total_points,over,77.0,550,fanatics,0.109609298051184,-0.04423685579496986,"10 market(s) allowlisted for NCAAF: moneyline, spread, total_points, alternate_spread, alternate_total_points, team_total, alternate_team_total, moneyline_h1, spread_h1, total_points_h1."
2026-10-01,401871049,False,2026-10-02T00:00:00Z,New Mexico State Aggies,Western Kentucky Hilltoppers,alternate_total_points,over,76.0,500,fanatics,0.12052052944738496,-0.046146137219281694,"10 market(s) allowlisted for NCAAF: moneyline, spread, total_points, alternate_spread, alternate_total_points, team_total, alternate_team_total, moneyline_h1, spread_h1, total_points_h1."
2026-10-01,401871049,False,2026-10-02T00:00:00Z,New Mexico State Aggies,Western Kentucky Hilltoppers,alternate_total_points,over,76.5,500,fanatics,0.11909320815343921,-0.047573458513227446,"10 market(s) allowlisted for NCAAF: moneyline, spread, total_points, alternate_spread, alternate_total_points, team_total, alternate_team_total, moneyline_h1, spread_h1, total_points_h1."
2026-10-01,401871049,False,2026-10-02T00:00:00Z,New Mexico State Aggies,Western Kentucky Hilltoppers,alternate_total_points,over,79.0,650,fanatics,0.08864483375261756,-0.044688499580715774,"10 market(s) allowlisted for NCAAF: moneyline, spread, total_points, alternate_spread, alternate_total_points, team_total, alternate_team_total, moneyline_h1, spread_h1, total_points_h1."
2026-10-01,401871049,False,2026-10-02T00:00:00Z,New Mexico State Aggies,Western Kentucky Hilltoppers,alternate_total_points,over,80.0,700,fanatics,0.07754605457482427,-0.047453945425175725,"10 market(s) allowlisted for NCAAF: moneyline, spread, total_points, alternate_spread, alternate_total_points, team_total, alternate_team_total, moneyline_h1, spread_h1, total_points_h1."
2026-10-01,401871049,False,2026-10-02T00:00:00Z,New Mexico State Aggies,Western Kentucky Hilltoppers,alternate_total_points,over,81.0,750,fanatics,0.07157061189568333,-0.046076446927846085,"10 market(s) allowlisted for NCAAF: moneyline, spread, total_points, alternate_spread, alternate_total_points, team_total, alternate_team_total, moneyline_h1, spread_h1, total_points_h1."
2026-10-01,401871049,False,2026-10-02T00:00:00Z,New Mexico State Aggies,Western Kentucky Hilltoppers,alternate_total_points,over,38.5,-850,fanatics,0.8758745485703701,-0.018862293534893104,"10 market(s) allowlisted for NCAAF: moneyline, spread, total_points, alternate_spread, alternate_total_points, team_total, alternate_team_total, moneyline_h1, spread_h1, total_points_h1."
2026-10-01,401871049,False,2026-10-02T00:00:00Z,New Mexico State Aggies,Western Kentucky Hilltoppers,alternate_total_points,over,83.0,950,fanatics,0.0573043859196281,-0.03793370931846713,"10 market(s) allowlisted for NCAAF: moneyline, spread, total_points, alternate_spread, alternate_total_points, team_total, alternate_team_total, moneyline_h1, spread_h1, total_points_h1."
2026-10-01,401871049,False,2026-10-02T00:00:00Z,New Mexico State Aggies,Western Kentucky Hilltoppers,alternate_total_points,over,82.0,850,fanatics,0.06678065689083935,-0.03848250100389748,"10 market(s) allowlisted for NCAAF: moneyline, spread, total_points, alternate_spread, alternate_total_points, team_total, alternate_team_total, moneyline_h1, spread_h1, total_points_h1."
2026-10-01,401871049,False,2026-10-02T00:00:00Z,New Mexico State Aggies,Western Kentucky Hilltoppers,alternate_total_points,over,84.0,1050,fanatics,0.05026319691142213,-0.036693324827708304,"10 market(s) allowlisted for NCAAF: moneyline, spread, total_points, alternate_spread, alternate_total_points, team_total, alternate_team_total, moneyline_h1, spread_h1, total_points_h1."
2026-10-01,401871049,False,2026-10-02T00:00:00Z,New Mexico State Aggies,Western Kentucky Hilltoppers,alternate_total_points,over,85.0,1100,fanatics,0.043467706774876075,-0.039865626558457254,"10 market(s) allowlisted for NCAAF: moneyline, spread, total_points, alternate_spread, alternate_total_points, team_total, alternate_team_total, moneyline_h1, spread_h1, total_points_h1."
2026-10-01,401871049,False,2026-10-02T00:00:00Z,New Mexico State Aggies,Western Kentucky Hilltoppers,alternate_total_points,over,53.5,-145,fanatics,0.5870182869037548,-0.0048184477901227485,"10 market(s) allowlisted for NCAAF: moneyline, spread, total_points, alternate_spread, alternate_total_points, team_total, alternate_team_total, moneyline_h1, spread_h1, total_points_h1."
2026-10-01,401871049,False,2026-10-02T00:00:00Z,New Mexico State Aggies,Western Kentucky Hilltoppers,alternate_total_points,over,49.5,-225,fanatics,0.6600651514186162,-0.03224254088907608,"10 market(s) allowlisted for NCAAF: moneyline, spread, total_points, alternate_spread, alternate_total_points, team_total, alternate_team_total, moneyline_h1, spread_h1, total_points_h1."
2026-10-01,401871049,False,2026-10-02T00:00:00Z,New Mexico State Aggies,Western Kentucky Hilltoppers,alternate_total_points,over,64.5,180,fanatics,0.29821924559562785,-0.058923611547229304,"10 market(s) allowlisted for NCAAF: moneyline, spread, total_points, alternate_spread, alternate_total_points, team_total, alternate_team_total, moneyline_h1, spread_h1, total_points_h1."
2026-10-01,401871049,False,2026-10-02T00:00:00Z,New Mexico State Aggies,Western Kentucky Hilltoppers,alternate_total_points,over,41.5,-550,fanatics,0.8282084398164833,-0.017945406337362857,"10 market(s) allowlisted for NCAAF: moneyline, spread, total_points, alternate_spread, alternate_total_points, team_total, alternate_team_total, moneyline_h1, spread_h1, total_points_h1."
2026-10-01,401871049,False,2026-10-02T00:00:00Z,New Mexico State Aggies,Western Kentucky Hilltoppers,alternate_total_points,over,37.5,-950,fanatics,0.8924616176103025,-0.012300287151602252,"10 market(s) allowlisted for NCAAF: moneyline, spread, total_points, alternate_spread, alternate_total_points, team_total, alternate_team_total, moneyline_h1, spread_h1, total_points_h1."
2026-10-01,401871049,False,2026-10-02T00:00:00Z,New Mexico State Aggies,Western Kentucky Hilltoppers,alternate_total_points,over,75.5,475,fanatics,0.1309361804710215,-0.04297686300723935,"10 market(s) allowlisted for NCAAF: moneyline, spread, total_points, alternate_spread, alternate_total_points, team_total, alternate_team_total, moneyline_h1, spread_h1, total_points_h1."
2026-10-01,401871049,False,2026-10-02T00:00:00Z,New Mexico State Aggies,Western Kentucky Hilltoppers,alternate_total_points,over,52.5,-160,fanatics,0.599540981335279,-0.01584363404933642,"10 market(s) allowlisted for NCAAF: moneyline, spread, total_points, alternate_spread, alternate_total_points, team_total, alternate_team_total, moneyline_h1, spread_h1, total_points_h1."
2026-10-01,401871049,False,2026-10-02T00:00:00Z,New Mexico State Aggies,Western Kentucky Hilltoppers,alternate_total_points,over,48.5,-250,fanatics,0.6793108441536524,-0.03497487013206191,"10 market(s) allowlisted for NCAAF: moneyline, spread, total_points, alternate_spread, alternate_total_points, team_total, alternate_team_total, moneyline_h1, spread_h1, total_points_h1."
2026-10-01,401871049,False,2026-10-02T00:00:00Z,New Mexico State Aggies,Western Kentucky Hilltoppers,alternate_total_points,over,63.5,170,fanatics,0.3128224635047631,-0.057547906865607235,"10 market(s) allowlisted for NCAAF: moneyline, spread, total_points, alternate_spread, alternate_total_points, team_total, alternate_team_total, moneyline_h1, spread_h1, total_points_h1."
2026-10-01,401871049,False,2026-10-02T00:00:00Z,New Mexico State Aggies,Western Kentucky Hilltoppers,alternate_total_points,over,40.5,-700,fanatics,0.8472675827599624,-0.02773241724003761,"10 market(s) allowlisted for NCAAF: moneyline, spread, total_points, alternate_spread, alternate_total_points, team_total, alternate_team_total, moneyline_h1, spread_h1, total_points_h1."
2026-10-01,401871049,False,2026-10-02T00:00:00Z,New Mexico State Aggies,Western Kentucky Hilltoppers,alternate_total_points,over,59.5,125,fanatics,0.4208863031732046,-0.02355814127123984,"10 market(s) allowlisted for NCAAF: moneyline, spread, total_points, alternate_spread, alternate_total_points, team_total, alternate_team_total, moneyline_h1, spread_h1, total_points_h1."
2026-10-01,401871049,False,2026-10-02T00:00:00Z,New Mexico State Aggies,Western Kentucky Hilltoppers,alternate_total_points,over,36.5,-1200,fanatics,0.9091072543527419,-0.013969668724181261,"10 market(s) allowlisted for NCAAF: moneyline, spread, total_points, alternate_spread, alternate_total_points, team_total, alternate_team_total, moneyline_h1, spread_h1, total_points_h1."
2026-10-01,401871049,False,2026-10-02T00:00:00Z,New Mexico State Aggies,Western Kentucky Hilltoppers,alternate_total_points,over,51.5,-175,fanatics,0.6183308288076481,-0.01803280755598824,"10 market(s) allowlisted for NCAAF: moneyline, spread, total_points, alternate_spread, alternate_total_points, team_total, alternate_team_total, moneyline_h1, spread_h1, total_points_h1."
2026-10-01,401871049,False,2026-10-02T00:00:00Z,New Mexico State Aggies,Western Kentucky Hilltoppers,alternate_total_points,over,74.5,430,fanatics,0.14080364650747113,-0.047875598775547756,"10 market(s) allowlisted for NCAAF: moneyline, spread, total_points, alternate_spread, alternate_total_points, team_total, alternate_team_total, moneyline_h1, spread_h1, total_points_h1."
2026-10-01,401871049,False,2026-10-02T00:00:00Z,New Mexico State Aggies,Western Kentucky Hilltoppers,alternate_total_points,over,85.5,1100,fanatics,0.04317449384950361,-0.04015883948382972,"10 market(s) allowlisted for NCAAF: moneyline, spread, total_points, alternate_spread, alternate_total_points, team_total, alternate_team_total, moneyline_h1, spread_h1, total_points_h1."
2026-10-01,401871049,False,2026-10-02T00:00:00Z,New Mexico State Aggies,Western Kentucky Hilltoppers,alternate_total_points,over,47.5,-280,fanatics,0.704116377714317,-0.032725727548840844,"10 market(s) allowlisted for NCAAF: moneyline, spread, total_points, alternate_spread, alternate_total_points, team_total, alternate_team_total, moneyline_h1, spread_h1, total_points_h1."
2026-10-01,401871049,False,2026-10-02T00:00:00Z,New Mexico State Aggies,Western Kentucky Hilltoppers,alternate_total_points,over,58.5,110,fanatics,0.45453868620675336,-0.021651789983722802,"10 market(s) allowlisted for NCAAF: moneyline, spread, total_points, alternate_spread, alternate_total_points, team_total, alternate_team_total, moneyline_h1, spread_h1, total_points_h1."
2026-10-01,401871049,False,2026-10-02T00:00:00Z,New Mexico State Aggies,Western Kentucky Hilltoppers,alternate_total_points,over,62.5,155,fanatics,0.3391966128826643,-0.05296024986243375,"10 market(s) allowlisted for NCAAF: moneyline, spread, total_points, alternate_spread, alternate_total_points, team_total, alternate_team_total, moneyline_h1, spread_h1, total_points_h1."
2026-10-01,401871049,False,2026-10-02T00:00:00Z,New Mexico State Aggies,Western Kentucky Hilltoppers,alternate_total_points,over,73.5,410,fanatics,0.14983023799412334,-0.04624819337842567,"10 market(s) allowlisted for NCAAF: moneyline, spread, total_points, alternate_spread, alternate_total_points, team_total, alternate_team_total, moneyline_h1, spread_h1, total_points_h1."
2026-10-01,401871049,False,2026-10-02T00:00:00Z,New Mexico State Aggies,Western Kentucky Hilltoppers,alternate_total_points,over,35.5,-1400,fanatics,0.915852797120154,-0.017480536213179354,"10 market(s) allowlisted for NCAAF: moneyline, spread, total_points, alternate_spread, alternate_total_points, team_total, alternate_team_total, moneyline_h1, spread_h1, total_points_h1."
2026-10-01,401871049,False,2026-10-02T00:00:00Z,New Mexico State Aggies,Western Kentucky Hilltoppers,alternate_total_points,over,46.5,-320,fanatics,0.7228456558704369,-0.03905910603432494,"10 market(s) allowlisted for NCAAF: moneyline, spread, total_points, alternate_spread, alternate_total_points, team_total, alternate_team_total, moneyline_h1, spread_h1, total_points_h1."
2026-10-01,401871049,False,2026-10-02T00:00:00Z,New Mexico State Aggies,Western Kentucky Hilltoppers,alternate_total_points,over,50.5,-205,fanatics,0.6430789123925935,-0.02905223514839006,"10 market(s) allowlisted for NCAAF: moneyline, spread, total_points, alternate_spread, alternate_total_points, team_total, alternate_team_total, moneyline_h1, spread_h1, total_points_h1."
2026-10-01,401871049,False,2026-10-02T00:00:00Z,New Mexico State Aggies,Western Kentucky Hilltoppers,alternate_total_points,over,69.5,280,fanatics,0.21266442418259685,-0.050493470554245246,"10 market(s) allowlisted for NCAAF: moneyline, spread, total_points, alternate_spread, alternate_total_points, team_total, alternate_team_total, moneyline_h1, spread_h1, total_points_h1."
2026-10-01,401871049,False,2026-10-02T00:00:00Z,New Mexico State Aggies,Western Kentucky Hilltoppers,alternate_total_points,over,61.5,145,fanatics,0.3727162461057006,-0.03544701920042187,"10 market(s) allowlisted for NCAAF: moneyline, spread, total_points, alternate_spread, alternate_total_points, team_total, alternate_team_total, moneyline_h1, spread_h1, total_points_h1."
2026-10-01,401871049,False,2026-10-02T00:00:00Z,New Mexico State Aggies,Western Kentucky Hilltoppers,alternate_total_points,over,84.5,1050,fanatics,0.04992002857235084,-0.037036493166779594,"10 market(s) allowlisted for NCAAF: moneyline, spread, total_points, alternate_spread, alternate_total_points, team_total, alternate_team_total, moneyline_h1, spread_h1, total_points_h1."
2026-10-01,401871049,False,2026-10-02T00:00:00Z,New Mexico State Aggies,Western Kentucky Hilltoppers,alternate_total_points,over,57.5,100,fanatics,0.4817113927903454,-0.018288607209654584,"10 market(s) allowlisted for NCAAF: moneyline, spread, total_points, alternate_spread, alternate_total_points, team_total, alternate_team_total, moneyline_h1, spread_h1, total_points_h1."
2026-10-01,401871049,False,2026-10-02T00:00:00Z,New Mexico State Aggies,Western Kentucky Hilltoppers,alternate_total_points,over,34.5,-1500,fanatics,0.9257277132807775,-0.01177228671922248,"10 market(s) allowlisted for NCAAF: moneyline, spread, total_points, alternate_spread, alternate_total_points, team_total, alternate_team_total, moneyline_h1, spread_h1, total_points_h1."
2026-10-01,401871049,False,2026-10-02T00:00:00Z,New Mexico State Aggies,Western Kentucky Hilltoppers,alternate_total_points,over,72.5,360,fanatics,0.16764382702409747,-0.04974747732372861,"10 market(s) allowlisted for NCAAF: moneyline, spread, total_points, alternate_spread, alternate_total_points, team_total, alternate_team_total, moneyline_h1, spread_h1, total_points_h1."
2026-10-01,401871049,False,2026-10-02T00:00:00Z,New Mexico State Aggies,Western Kentucky Hilltoppers,alternate_total_points,over,45.5,-350,fanatics,0.7430502137221809,-0.03472756405559685,"10 market(s) allowlisted for NCAAF: moneyline, spread, total_points, alternate_spread, alternate_total_points, team_total, alternate_team_total, moneyline_h1, spread_h1, total_points_h1."
2026-10-01,401871049,False,2026-10-02T00:00:00Z,New Mexico State Aggies,Western Kentucky Hilltoppers,alternate_total_points,over,60.5,130,fanatics,0.40448160420127205,-0.030301004494380113,"10 market(s) allowlisted for NCAAF: moneyline, spread, total_points, alternate_spread, alternate_total_points, team_total, alternate_team_total, moneyline_h1, spread_h1, total_points_h1."
2026-10-01,401871049,False,2026-10-02T00:00:00Z,New Mexico State Aggies,Western Kentucky Hilltoppers,alternate_total_points,over,68.5,250,fanatics,0.2250673165945293,-0.060646969119756394,"10 market(s) allowlisted for NCAAF: moneyline, spread, total_points, alternate_spread, alternate_total_points, team_total, alternate_team_total, moneyline_h1, spread_h1, total_points_h1."
2026-10-01,401871049,False,2026-10-02T00:00:00Z,New Mexico State Aggies,Western Kentucky Hilltoppers,alternate_total_points,over,83.5,950,fanatics,0.056747456196503926,-0.03849063904159131,"10 market(s) allowlisted for NCAAF: moneyline, spread, total_points, alternate_spread, alternate_total_points, team_total, alternate_team_total, moneyline_h1, spread_h1, total_points_h1."
2026-10-01,401871049,False,2026-10-02T00:00:00Z,New Mexico State Aggies,Western Kentucky Hilltoppers,alternate_total_points,over,79.5,650,fanatics,0.0874642213321207,-0.04586911200121263,"10 market(s) allowlisted for NCAAF: moneyline, spread, total_points, alternate_spread, alternate_total_points, team_total, alternate_team_total, moneyline_h1, spread_h1, total_points_h1."
2026-10-01,401871049,False,2026-10-02T00:00:00Z,New Mexico State Aggies,Western Kentucky Hilltoppers,alternate_total_points,over,33.5,-2000,fanatics,0.9377592915532298,-0.014621660827722538,"10 market(s) allowlisted for NCAAF: moneyline, spread, total_points, alternate_spread, alternate_total_points, team_total, alternate_team_total, moneyline_h1, spread_h1, total_points_h1."
2026-10-01,401871049,False,2026-10-02T00:00:00Z,New Mexico State Aggies,Western Kentucky Hilltoppers,alternate_total_points,over,56.5,-110,fanatics,0.5000000162113298,-0.023809507598194002,"10 market(s) allowlisted for NCAAF: moneyline, spread, total_points, alternate_spread, alternate_total_points, team_total, alternate_team_total, moneyline_h1, spread_h1, total_points_h1."
2026-10-01,401871049,False,2026-10-02T00:00:00Z,New Mexico State Aggies,Western Kentucky Hilltoppers,alternate_total_points,over,71.5,330,fanatics,0.18448071475176253,-0.048077424783121187,"10 market(s) allowlisted for NCAAF: moneyline, spread, total_points, alternate_spread, alternate_total_points, team_total, alternate_team_total, moneyline_h1, spread_h1, total_points_h1."
2026-10-01,401871049,False,2026-10-02T00:00:00Z,New Mexico State Aggies,Western Kentucky Hilltoppers,alternate_total_points,over,67.5,235,fanatics,0.23631136871976835,-0.06219609396679879,"10 market(s) allowlisted for NCAAF: moneyline, spread, total_points, alternate_spread, alternate_total_points, team_total, alternate_team_total, moneyline_h1, spread_h1, total_points_h1."
2026-10-01,401871049,False,2026-10-02T00:00:00Z,New Mexico State Aggies,Western Kentucky Hilltoppers,alternate_total_points,over,82.5,850,fanatics,0.06646625370539422,-0.03879690418934262,"10 market(s) allowlisted for NCAAF: moneyline, spread, total_points, alternate_spread, alternate_total_points, team_total, alternate_team_total, moneyline_h1, spread_h1, total_points_h1."
2026-10-01,401871049,False,2026-10-02T00:00:00Z,New Mexico State Aggies,Western Kentucky Hilltoppers,alternate_total_points,over,44.5,-400,fanatics,0.7683741882636674,-0.03162581173633261,"10 market(s) allowlisted for NCAAF: moneyline, spread, total_points, alternate_spread, alternate_total_points, team_total, alternate_team_total, moneyline_h1, spread_h1, total_points_h1."
2026-10-01,401871049,False,2026-10-02T00:00:00Z,New Mexico State Aggies,Western Kentucky Hilltoppers,alternate_total_points,over,32.0,-2800,fanatics,0.954767512697026,-0.01074972868228441,"10 market(s) allowlisted for NCAAF: moneyline, spread, total_points, alternate_spread, alternate_total_points, team_total, alternate_team_total, moneyline_h1, spread_h1, total_points_h1."
2026-10-01,401871049,False,2026-10-02T00:00:00Z,New Mexico State Aggies,Western Kentucky Hilltoppers,alternate_total_points,over,35.0,-1500,fanatics,0.9249869658576677,-0.012513034142332291,"10 market(s) allowlisted for NCAAF: moneyline, spread, total_points, alternate_spread, alternate_total_points, team_total, alternate_team_total, moneyline_h1, spread_h1, total_points_h1."
2026-10-01,401871049,False,2026-10-02T00:00:00Z,New Mexico State Aggies,Western Kentucky Hilltoppers,alternate_total_points,over,33.0,-2500,fanatics,0.9479718187864173,-0.013566642752044222,"10 market(s) allowlisted for NCAAF: moneyline, spread, total_points, alternate_spread, alternate_total_points, team_total, alternate_team_total, moneyline_h1, spread_h1, total_points_h1."
2026-10-01,401871049,False,2026-10-02T00:00:00Z,New Mexico State Aggies,Western Kentucky Hilltoppers,alternate_total_points,over,34.0,-2000,fanatics,0.9370013179794383,-0.01537963440151402,"10 market(s) allowlisted for NCAAF: moneyline, spread, total_points, alternate_spread, alternate_total_points, team_total, alternate_team_total, moneyline_h1, spread_h1, total_points_h1."
2026-10-01,401871049,False,2026-10-02T00:00:00Z,New Mexico State Aggies,Western Kentucky Hilltoppers,alternate_total_points,over,38.0,-950,fanatics,0.8906477848682424,-0.014114119893662402,"10 market(s) allowlisted for NCAAF: moneyline, spread, total_points, alternate_spread, alternate_total_points, team_total, alternate_team_total, moneyline_h1, spread_h1, total_points_h1."
2026-10-01,401871049,False,2026-10-02T00:00:00Z,New Mexico State Aggies,Western Kentucky Hilltoppers,alternate_total_points,over,36.0,-1400,fanatics,0.9152813236657428,-0.018052009667590574,"10 market(s) allowlisted for NCAAF: moneyline, spread, total_points, alternate_spread, alternate_total_points, team_total, alternate_team_total, moneyline_h1, spread_h1, total_points_h1."
2026-10-01,401871049,False,2026-10-02T00:00:00Z,New Mexico State Aggies,Western Kentucky Hilltoppers,alternate_total_points,over,37.0,-1200,fanatics,0.907568676111674,-0.015508246965249106,"10 market(s) allowlisted for NCAAF: moneyline, spread, total_points, alternate_spread, alternate_total_points, team_total, alternate_team_total, moneyline_h1, spread_h1, total_points_h1."
2026-10-01,401871049,False,2026-10-02T00:00:00Z,New Mexico State Aggies,Western Kentucky Hilltoppers,alternate_total_points,over,78.5,600,fanatics,0.10078267848881878,-0.04207446436832407,"10 market(s) allowlisted for NCAAF: moneyline, spread, total_points, alternate_spread, alternate_total_points, team_total, alternate_team_total, moneyline_h1, spread_h1, total_points_h1."
2026-10-01,401871049,False,2026-10-02T00:00:00Z,New Mexico State Aggies,Western Kentucky Hilltoppers,alternate_total_points,over,39.0,-850,fanatics,0.8749480998320132,-0.019788742273250004,"10 market(s) allowlisted for NCAAF: moneyline, spread, total_points, alternate_spread, alternate_total_points, team_total, alternate_team_total, moneyline_h1, spread_h1, total_points_h1."
2026-10-01,401871049,False,2026-10-02T00:00:00Z,New Mexico State Aggies,Western Kentucky Hilltoppers,alternate_total_points,over,32.5,-2500,fanatics,0.9485323198551276,-0.013006141683333916,"10 market(s) allowlisted for NCAAF: moneyline, spread, total_points, alternate_spread, alternate_total_points, team_total, alternate_team_total, moneyline_h1, spread_h1, total_points_h1."
2026-10-01,401871049,False,2026-10-02T00:00:00Z,New Mexico State Aggies,Western Kentucky Hilltoppers,alternate_total_points,over,55.5,-115,fanatics,0.5222922337283343,-0.012591487201898177,"10 market(s) allowlisted for NCAAF: moneyline, spread, total_points, alternate_spread, alternate_total_points, team_total, alternate_team_total, moneyline_h1, spread_h1, total_points_h1."
2026-10-01,401871049,False,2026-10-02T00:00:00Z,New Mexico State Aggies,Western Kentucky Hilltoppers,alternate_total_points,over,70.5,310,fanatics,0.19842152004365035,-0.04548091898073989,"10 market(s) allowlisted for NCAAF: moneyline, spread, total_points, alternate_spread, alternate_total_points, team_total, alternate_team_total, moneyline_h1, spread_h1, total_points_h1."
2026-10-01,401871049,False,2026-10-02T00:00:00Z,New Mexico State Aggies,Western Kentucky Hilltoppers,alternate_total_points,over,41.0,-700,fanatics,0.8443000756453991,-0.030699924354600894,"10 market(s) allowlisted for NCAAF: moneyline, spread, total_points, alternate_spread, alternate_total_points, team_total, alternate_team_total, moneyline_h1, spread_h1, total_points_h1."
2026-10-01,401871049,False,2026-10-02T00:00:00Z,New Mexico State Aggies,Western Kentucky Hilltoppers,alternate_total_points,over,40.0,-800,fanatics,0.8656173301209852,-0.023271558767903655,"10 market(s) allowlisted for NCAAF: moneyline, spread, total_points, alternate_spread, alternate_total_points, team_total, alternate_team_total, moneyline_h1, spread_h1, total_points_h1."
2026-10-01,401871049,False,2026-10-02T00:00:00Z,New Mexico State Aggies,Western Kentucky Hilltoppers,alternate_total_points,under,44.0,310,fanatics,0.21318244406199965,-0.030719994962390584,"10 market(s) allowlisted for NCAAF: moneyline, spread, total_points, alternate_spread, alternate_total_points, team_total, alternate_team_total, moneyline_h1, spread_h1, total_points_h1."
2026-10-01,401871049,False,2026-10-02T00:00:00Z,New Mexico State Aggies,Western Kentucky Hilltoppers,alternate_total_points,under,42.0,360,fanatics,0.17419635420104315,-0.04319495014678293,"10 market(s) allowlisted for NCAAF: moneyline, spread, total_points, alternate_spread, alternate_total_points, team_total, alternate_team_total, moneyline_h1, spread_h1, total_points_h1."
2026-10-01,401871049,False,2026-10-02T00:00:00Z,New Mexico State Aggies,Western Kentucky Hilltoppers,alternate_total_points,under,43.0,330,fanatics,0.18988591507542568,-0.042672224459458036,"10 market(s) allowlisted for NCAAF: moneyline, spread, total_points, alternate_spread, alternate_total_points, team_total, alternate_team_total, moneyline_h1, spread_h1, total_points_h1."
2026-10-01,401871049,False,2026-10-02T00:00:00Z,New Mexico State Aggies,Western Kentucky Hilltoppers,alternate_total_points,under,47.0,230,fanatics,0.28244432240755113,-0.02058598062275191,"10 market(s) allowlisted for NCAAF: moneyline, spread, total_points, alternate_spread, alternate_total_points, team_total, alternate_team_total, moneyline_h1, spread_h1, total_points_h1."
2026-10-01,401871049,False,2026-10-02T00:00:00Z,New Mexico State Aggies,Western Kentucky Hilltoppers,alternate_total_points,under,45.0,265,fanatics,0.23764389980493256,-0.036328702934793455,"10 market(s) allowlisted for NCAAF: moneyline, spread, total_points, alternate_spread, alternate_total_points, team_total, alternate_team_total, moneyline_h1, spread_h1, total_points_h1."
2026-10-01,401871049,False,2026-10-02T00:00:00Z,New Mexico State Aggies,Western Kentucky Hilltoppers,alternate_total_points,under,46.0,240,fanatics,0.2622483992316219,-0.03186924782720163,"10 market(s) allowlisted for NCAAF: moneyline, spread, total_points, alternate_spread, alternate_total_points, team_total, alternate_team_total, moneyline_h1, spread_h1, total_points_h1."
2026-10-01,401871049,False,2026-10-02T00:00:00Z,New Mexico State Aggies,Western Kentucky Hilltoppers,alternate_total_points,under,66.5,-300,fanatics,0.7510712688651235,0.0010712688651235425,"10 market(s) allowlisted for NCAAF: moneyline, spread, total_points, alternate_spread, alternate_total_points, team_total, alternate_team_total, moneyline_h1, spread_h1, total_points_h1."
2026-10-01,401871049,False,2026-10-02T00:00:00Z,New Mexico State Aggies,Western Kentucky Hilltoppers,alternate_total_points,under,48.0,200,fanatics,0.30340986589682367,-0.029923467436509643,"10 market(s) allowlisted for NCAAF: moneyline, spread, total_points, alternate_spread, alternate_total_points, team_total, alternate_team_total, moneyline_h1, spread_h1, total_points_h1."
2026-10-01,401871049,False,2026-10-02T00:00:00Z,New Mexico State Aggies,Western Kentucky Hilltoppers,alternate_total_points,under,49.0,185,fanatics,0.32698215391034674,-0.02389503907210938,"10 market(s) allowlisted for NCAAF: moneyline, spread, total_points, alternate_spread, alternate_total_points, team_total, alternate_team_total, moneyline_h1, spread_h1, total_points_h1."
2026-10-01,401871049,False,2026-10-02T00:00:00Z,New Mexico State Aggies,Western Kentucky Hilltoppers,alternate_total_points,under,81.5,-1500,fanatics,0.9288257484987913,-0.008674251501208707,"10 market(s) allowlisted for NCAAF: moneyline, spread, total_points, alternate_spread, alternate_total_points, team_total, alternate_team_total, moneyline_h1, spread_h1, total_points_h1."
2026-10-01,401871049,False,2026-10-02T00:00:00Z,New Mexico State Aggies,Western Kentucky Hilltoppers,alternate_total_points,under,43.5,320,fanatics,0.20818534890585363,-0.029909889189384448,"10 market(s) allowlisted for NCAAF: moneyline, spread, total_points, alternate_spread, alternate_total_points, team_total, alternate_team_total, moneyline_h1, spread_h1, total_points_h1."
2026-10-01,401871049,False,2026-10-02T00:00:00Z,New Mexico State Aggies,Western Kentucky Hilltoppers,alternate_total_points,under,50.0,170,fanatics,0.3458088401983041,-0.024561530172066248,"10 market(s) allowlisted for NCAAF: moneyline, spread, total_points, alternate_spread, alternate_total_points, team_total, alternate_team_total, moneyline_h1, spread_h1, total_points_h1."
2026-10-01,401871049,False,2026-10-02T00:00:00Z,New Mexico State Aggies,Western Kentucky Hilltoppers,alternate_total_points,under,51.0,155,fanatics,0.3659783504137261,-0.026178512331371917,"10 market(s) allowlisted for NCAAF: moneyline, spread, total_points, alternate_spread, alternate_total_points, team_total, alternate_team_total, moneyline_h1, spread_h1, total_points_h1."
2026-10-01,401871049,False,2026-10-02T00:00:00Z,New Mexico State Aggies,Western Kentucky Hilltoppers,alternate_total_points,under,53.0,125,fanatics,0.40553744010773285,-0.03890700433671157,"10 market(s) allowlisted for NCAAF: moneyline, spread, total_points, alternate_spread, alternate_total_points, team_total, alternate_team_total, moneyline_h1, spread_h1, total_points_h1."
2026-10-01,401871049,False,2026-10-02T00:00:00Z,New Mexico State Aggies,Western Kentucky Hilltoppers,alternate_total_points,under,52.0,135,fanatics,0.3889780086448956,-0.0365539062487214,"10 market(s) allowlisted for NCAAF: moneyline, spread, total_points, alternate_spread, alternate_total_points, team_total, alternate_team_total, moneyline_h1, spread_h1, total_points_h1."
2026-10-01,401871049,False,2026-10-02T00:00:00Z,New Mexico State Aggies,Western Kentucky Hilltoppers,alternate_total_points,under,54.0,115,fanatics,0.4239888481343946,-0.041127430935372855,"10 market(s) allowlisted for NCAAF: moneyline, spread, total_points, alternate_spread, alternate_total_points, team_total, alternate_team_total, moneyline_h1, spread_h1, total_points_h1."
2026-10-01,401871049,False,2026-10-02T00:00:00Z,New Mexico State Aggies,Western Kentucky Hilltoppers,alternate_total_points,under,56.0,-105,fanatics,0.4885997379078589,-0.023595384043360645,"10 market(s) allowlisted for NCAAF: moneyline, spread, total_points, alternate_spread, alternate_total_points, team_total, alternate_team_total, moneyline_h1, spread_h1, total_points_h1."
2026-10-01,401871049,False,2026-10-02T00:00:00Z,New Mexico State Aggies,Western Kentucky Hilltoppers,alternate_total_points,under,55.0,105,fanatics,0.4566445113050106,-0.031160366743769874,"10 market(s) allowlisted for NCAAF: moneyline, spread, total_points, alternate_spread, alternate_total_points, team_total, alternate_team_total, moneyline_h1, spread_h1, total_points_h1."
2026-10-01,401871049,False,2026-10-02T00:00:00Z,New Mexico State Aggies,Western Kentucky Hilltoppers,alternate_total_points,under,57.0,-115,fanatics,0.5093146475810716,-0.02556907334916092,"10 market(s) allowlisted for NCAAF: moneyline, spread, total_points, alternate_spread, alternate_total_points, team_total, alternate_team_total, moneyline_h1, spread_h1, total_points_h1."
2026-10-01,401871049,False,2026-10-02T00:00:00Z,New Mexico State Aggies,Western Kentucky Hilltoppers,alternate_total_points,under,59.0,-145,fanatics,0.5644566243207111,-0.027380110373166455,"10 market(s) allowlisted for NCAAF: moneyline, spread, total_points, alternate_spread, alternate_total_points, team_total, alternate_team_total, moneyline_h1, spread_h1, total_points_h1."
2026-10-01,401871049,False,2026-10-02T00:00:00Z,New Mexico State Aggies,Western Kentucky Hilltoppers,alternate_total_points,under,58.0,-125,fanatics,0.5327652818924424,-0.022790273663113148,"10 market(s) allowlisted for NCAAF: moneyline, spread, total_points, alternate_spread, alternate_total_points, team_total, alternate_team_total, moneyline_h1, spread_h1, total_points_h1."
2026-10-01,401871049,False,2026-10-02T00:00:00Z,New Mexico State Aggies,Western Kentucky Hilltoppers,alternate_total_points,under,54.5,110,fanatics,0.4389426200554308,-0.03724785613504539,"10 market(s) allowlisted for NCAAF: moneyline, spread, total_points, alternate_spread, alternate_total_points, team_total, alternate_team_total, moneyline_h1, spread_h1, total_points_h1."
2026-10-01,401871049,False,2026-10-02T00:00:00Z,New Mexico State Aggies,Western Kentucky Hilltoppers,alternate_total_points,under,77.5,-950,fanatics,0.8915581947436235,-0.013203710018281245,"10 market(s) allowlisted for NCAAF: moneyline, spread, total_points, alternate_spread, alternate_total_points, team_total, alternate_team_total, moneyline_h1, spread_h1, total_points_h1."
2026-10-01,401871049,False,2026-10-02T00:00:00Z,New Mexico State Aggies,Western Kentucky Hilltoppers,alternate_total_points,under,39.5,475,fanatics,0.13153396531156508,-0.04237907816669578,"10 market(s) allowlisted for NCAAF: moneyline, spread, total_points, alternate_spread, alternate_total_points, team_total, alternate_team_total, moneyline_h1, spread_h1, total_points_h1."
2026-10-01,401871049,False,2026-10-02T00:00:00Z,New Mexico State Aggies,Western Kentucky Hilltoppers,alternate_total_points,under,60.0,-160,fanatics,0.5887723296578355,-0.026612285726779872,"10 market(s) allowlisted for NCAAF: moneyline, spread, total_points, alternate_spread, alternate_total_points, team_total, alternate_team_total, moneyline_h1, spread_h1, total_points_h1."
2026-10-01,401871049,False,2026-10-02T00:00:00Z,New Mexico State Aggies,Western Kentucky Hilltoppers,alternate_total_points,under,62.0,-190,fanatics,0.6490393136346646,-0.00613310015843882,"10 market(s) allowlisted for NCAAF: moneyline, spread, total_points, alternate_spread, alternate_total_points, team_total, alternate_team_total, moneyline_h1, spread_h1, total_points_h1."
2026-10-01,401871049,False,2026-10-02T00:00:00Z,New Mexico State Aggies,Western Kentucky Hilltoppers,alternate_total_points,under,61.0,-175,fanatics,0.6150558656188937,-0.02130777074474266,"10 market(s) allowlisted for NCAAF: moneyline, spread, total_points, alternate_spread, alternate_total_points, team_total, alternate_team_total, moneyline_h1, spread_h1, total_points_h1."
2026-10-01,401871049,False,2026-10-02T00:00:00Z,New Mexico State Aggies,Western Kentucky Hilltoppers,alternate_total_points,under,63.0,-210,fanatics,0.6787036177142534,0.001284262875543729,"10 market(s) allowlisted for NCAAF: moneyline, spread, total_points, alternate_spread, alternate_total_points, team_total, alternate_team_total, moneyline_h1, spread_h1, total_points_h1."
2026-10-01,401871049,False,2026-10-02T00:00:00Z,New Mexico State Aggies,Western Kentucky Hilltoppers,alternate_total_points,under,65.0,-265,fanatics,0.7200921518315072,-0.005935245428766778,"10 market(s) allowlisted for NCAAF: moneyline, spread, total_points, alternate_spread, alternate_total_points, team_total, alternate_team_total, moneyline_h1, spread_h1, total_points_h1."
2026-10-01,401871049,False,2026-10-02T00:00:00Z,New Mexico State Aggies,Western Kentucky Hilltoppers,alternate_total_points,under,31.5,1100,fanatics,0.044937092584048544,-0.038396240749284785,"10 market(s) allowlisted for NCAAF: moneyline, spread, total_points, alternate_spread, alternate_total_points, team_total, alternate_team_total, moneyline_h1, spread_h1, total_points_h1."
2026-10-01,401871049,False,2026-10-02T00:00:00Z,New Mexico State Aggies,Western Kentucky Hilltoppers,alternate_total_points,under,68.0,-350,fanatics,0.7723732362082975,-0.005404541569480337,"10 market(s) allowlisted for NCAAF: moneyline, spread, total_points, alternate_spread, alternate_total_points, team_total, alternate_team_total, moneyline_h1, spread_h1, total_points_h1."
2026-10-01,401871049,False,2026-10-02T00:00:00Z,New Mexico State Aggies,Western Kentucky Hilltoppers,alternate_total_points,under,64.0,-225,fanatics,0.6973612548613655,0.005053562553673174,"10 market(s) allowlisted for NCAAF: moneyline, spread, total_points, alternate_spread, alternate_total_points, team_total, alternate_team_total, moneyline_h1, spread_h1, total_points_h1."
2026-10-01,401871049,False,2026-10-02T00:00:00Z,New Mexico State Aggies,Western Kentucky Hilltoppers,alternate_total_points,under,66.0,-285,fanatics,0.7449863178561593,0.004726577596419035,"10 market(s) allowlisted for NCAAF: moneyline, spread, total_points, alternate_spread, alternate_total_points, team_total, alternate_team_total, moneyline_h1, spread_h1, total_points_h1."
2026-10-01,401871049,False,2026-10-02T00:00:00Z,New Mexico State Aggies,Western Kentucky Hilltoppers,alternate_total_points,under,67.0,-320,fanatics,0.7606689041061339,-0.001235857798628004,"10 market(s) allowlisted for NCAAF: moneyline, spread, total_points, alternate_spread, alternate_total_points, team_total, alternate_team_total, moneyline_h1, spread_h1, total_points_h1."
2026-10-01,401871049,False,2026-10-02T00:00:00Z,New Mexico State Aggies,Western Kentucky Hilltoppers,alternate_total_points,under,69.0,-400,fanatics,0.7846647964553373,-0.015335203544662779,"10 market(s) allowlisted for NCAAF: moneyline, spread, total_points, alternate_spread, alternate_total_points, team_total, alternate_team_total, moneyline_h1, spread_h1, total_points_h1."
2026-10-01,401871049,False,2026-10-02T00:00:00Z,New Mexico State Aggies,Western Kentucky Hilltoppers,alternate_total_points,under,71.0,-475,fanatics,0.8129111155376718,-0.013175840984067322,"10 market(s) allowlisted for NCAAF: moneyline, spread, total_points, alternate_spread, alternate_total_points, team_total, alternate_team_total, moneyline_h1, spread_h1, total_points_h1."
2026-10-01,401871049,False,2026-10-02T00:00:00Z,New Mexico State Aggies,Western Kentucky Hilltoppers,alternate_total_points,under,65.5,-265,fanatics,0.7272099961764997,0.001182598916225741,"10 market(s) allowlisted for NCAAF: moneyline, spread, total_points, alternate_spread, alternate_total_points, team_total, alternate_team_total, moneyline_h1, spread_h1, total_points_h1."
2026-10-01,401871049,False,2026-10-02T00:00:00Z,New Mexico State Aggies,Western Kentucky Hilltoppers,alternate_total_points,under,74.0,-700,fanatics,0.857913799403857,-0.017086200596142964,"10 market(s) allowlisted for NCAAF: moneyline, spread, total_points, alternate_spread, alternate_total_points, team_total, alternate_team_total, moneyline_h1, spread_h1, total_points_h1."
2026-10-01,401871049,False,2026-10-02T00:00:00Z,New Mexico State Aggies,Western Kentucky Hilltoppers,alternate_total_points,under,80.5,-1400,fanatics,0.9232877157228238,-0.010045617610509594,"10 market(s) allowlisted for NCAAF: moneyline, spread, total_points, alternate_spread, alternate_total_points, team_total, alternate_team_total, moneyline_h1, spread_h1, total_points_h1."
2026-10-01,401871049,False,2026-10-02T00:00:00Z,New Mexico State Aggies,Western Kentucky Hilltoppers,alternate_total_points,under,72.0,-550,fanatics,0.82948523502206,-0.016668611131786193,"10 market(s) allowlisted for NCAAF: moneyline, spread, total_points, alternate_spread, alternate_total_points, team_total, alternate_team_total, moneyline_h1, spread_h1, total_points_h1."
2026-10-01,401871049,False,2026-10-02T00:00:00Z,New Mexico State Aggies,Western Kentucky Hilltoppers,alternate_total_points,under,70.0,-425,fanatics,0.798711547827784,-0.01081226169602556,"10 market(s) allowlisted for NCAAF: moneyline, spread, total_points, alternate_spread, alternate_total_points, team_total, alternate_team_total, moneyline_h1, spread_h1, total_points_h1."
2026-10-01,401871049,False,2026-10-02T00:00:00Z,New Mexico State Aggies,Western Kentucky Hilltoppers,alternate_total_points,under,75.0,-750,fanatics,0.8677589353145712,-0.014594005861899406,"10 market(s) allowlisted for NCAAF: moneyline, spread, total_points, alternate_spread, alternate_total_points, team_total, alternate_team_total, moneyline_h1, spread_h1, total_points_h1."
2026-10-01,401871049,False,2026-10-02T00:00:00Z,New Mexico State Aggies,Western Kentucky Hilltoppers,alternate_total_points,under,42.5,350,fanatics,0.1855966368084313,-0.036625585413790906,"10 market(s) allowlisted for NCAAF: moneyline, spread, total_points, alternate_spread, alternate_total_points, team_total, alternate_team_total, moneyline_h1, spread_h1, total_points_h1."
2026-10-01,401871049,False,2026-10-02T00:00:00Z,New Mexico State Aggies,Western Kentucky Hilltoppers,alternate_total_points,under,73.0,-600,fanatics,0.8474523406955426,-0.009690516447314446,"10 market(s) allowlisted for NCAAF: moneyline, spread, total_points, alternate_spread, alternate_total_points, team_total, alternate_team_total, moneyline_h1, spread_h1, total_points_h1."
2026-10-01,401871049,False,2026-10-02T00:00:00Z,New Mexico State Aggies,Western Kentucky Hilltoppers,alternate_total_points,under,78.0,-1100,fanatics,0.8984394564334229,-0.018227210233243696,"10 market(s) allowlisted for NCAAF: moneyline, spread, total_points, alternate_spread, alternate_total_points, team_total, alternate_team_total, moneyline_h1, spread_h1, total_points_h1."
2026-10-01,401871049,False,2026-10-02T00:00:00Z,New Mexico State Aggies,Western Kentucky Hilltoppers,alternate_total_points,under,77.0,-950,fanatics,0.8903907019488162,-0.014371202813088568,"10 market(s) allowlisted for NCAAF: moneyline, spread, total_points, alternate_spread, alternate_total_points, team_total, alternate_team_total, moneyline_h1, spread_h1, total_points_h1."
2026-10-01,401871049,False,2026-10-02T00:00:00Z,New Mexico State Aggies,Western Kentucky Hilltoppers,alternate_total_points,under,76.0,-850,fanatics,0.8794794705526152,-0.015257371552647947,"10 market(s) allowlisted for NCAAF: moneyline, spread, total_points, alternate_spread, alternate_total_points, team_total, alternate_team_total, moneyline_h1, spread_h1, total_points_h1."
2026-10-01,401871049,False,2026-10-02T00:00:00Z,New Mexico State Aggies,Western Kentucky Hilltoppers,alternate_total_points,under,76.5,-850,fanatics,0.880906791846561,-0.013830050258702209,"10 market(s) allowlisted for NCAAF: moneyline, spread, total_points, alternate_spread, alternate_total_points, team_total, alternate_team_total, moneyline_h1, spread_h1, total_points_h1."
2026-10-01,401871049,False,2026-10-02T00:00:00Z,New Mexico State Aggies,Western Kentucky Hilltoppers,alternate_total_points,under,79.0,-1200,fanatics,0.9113551662473827,-0.011721756829540464,"10 market(s) allowlisted for NCAAF: moneyline, spread, total_points, alternate_spread, alternate_total_points, team_total, alternate_team_total, moneyline_h1, spread_h1, total_points_h1."
2026-10-01,401871049,False,2026-10-02T00:00:00Z,New Mexico State Aggies,Western Kentucky Hilltoppers,alternate_total_points,under,80.0,-1400,fanatics,0.922453945425176,-0.010879387908157345,"10 market(s) allowlisted for NCAAF: moneyline, spread, total_points, alternate_spread, alternate_total_points, team_total, alternate_team_total, moneyline_h1, spread_h1, total_points_h1."
2026-10-01,401871049,False,2026-10-02T00:00:00Z,New Mexico State Aggies,Western Kentucky Hilltoppers,alternate_total_points,under,81.0,-1500,fanatics,0.928429388104317,-0.009070611895683034,"10 market(s) allowlisted for NCAAF: moneyline, spread, total_points, alternate_spread, alternate_total_points, team_total, alternate_team_total, moneyline_h1, spread_h1, total_points_h1."
2026-10-01,401871049,False,2026-10-02T00:00:00Z,New Mexico State Aggies,Western Kentucky Hilltoppers,alternate_total_points,under,38.5,500,fanatics,0.12412545142963027,-0.042541215237036384,"10 market(s) allowlisted for NCAAF: moneyline, spread, total_points, alternate_spread, alternate_total_points, team_total, alternate_team_total, moneyline_h1, spread_h1, total_points_h1."
2026-10-01,401871049,False,2026-10-02T00:00:00Z,New Mexico State Aggies,Western Kentucky Hilltoppers,alternate_total_points,under,83.0,-2200,fanatics,0.9426956140803723,-0.013826125050062532,"10 market(s) allowlisted for NCAAF: moneyline, spread, total_points, alternate_spread, alternate_total_points, team_total, alternate_team_total, moneyline_h1, spread_h1, total_points_h1."
2026-10-01,401871049,False,2026-10-02T00:00:00Z,New Mexico State Aggies,Western Kentucky Hilltoppers,alternate_total_points,under,82.0,-1800,fanatics,0.9332193431091609,-0.014149077943470645,"10 market(s) allowlisted for NCAAF: moneyline, spread, total_points, alternate_spread, alternate_total_points, team_total, alternate_team_total, moneyline_h1, spread_h1, total_points_h1."
2026-10-01,401871049,False,2026-10-02T00:00:00Z,New Mexico State Aggies,Western Kentucky Hilltoppers,alternate_total_points,under,84.0,-2500,fanatics,0.9497368030885782,-0.011801658449883345,"10 market(s) allowlisted for NCAAF: moneyline, spread, total_points, alternate_spread, alternate_total_points, team_total, alternate_team_total, moneyline_h1, spread_h1, total_points_h1."
2026-10-01,401871049,False,2026-10-02T00:00:00Z,New Mexico State Aggies,Western Kentucky Hilltoppers,alternate_total_points,under,85.0,-2800,fanatics,0.9565322932251243,-0.008984948154186045,"10 market(s) allowlisted for NCAAF: moneyline, spread, total_points, alternate_spread, alternate_total_points, team_total, alternate_team_total, moneyline_h1, spread_h1, total_points_h1."
2026-10-01,401871049,False,2026-10-02T00:00:00Z,New Mexico State Aggies,Western Kentucky Hilltoppers,alternate_total_points,under,53.5,120,fanatics,0.41298171309624543,-0.0415637414492091,"10 market(s) allowlisted for NCAAF: moneyline, spread, total_points, alternate_spread, alternate_total_points, team_total, alternate_team_total, moneyline_h1, spread_h1, total_points_h1."
2026-10-01,401871049,False,2026-10-02T00:00:00Z,New Mexico State Aggies,Western Kentucky Hilltoppers,alternate_total_points,under,49.5,175,fanatics,0.339934848581384,-0.02370151505497964,"10 market(s) allowlisted for NCAAF: moneyline, spread, total_points, alternate_spread, alternate_total_points, team_total, alternate_team_total, moneyline_h1, spread_h1, total_points_h1."
2026-10-01,401871049,False,2026-10-02T00:00:00Z,New Mexico State Aggies,Western Kentucky Hilltoppers,alternate_total_points,under,64.5,-235,fanatics,0.7017807544043723,0.0002882170909394022,"10 market(s) allowlisted for NCAAF: moneyline, spread, total_points, alternate_spread, alternate_total_points, team_total, alternate_team_total, moneyline_h1, spread_h1, total_points_h1."
2026-10-01,401871049,False,2026-10-02T00:00:00Z,New Mexico State Aggies,Western Kentucky Hilltoppers,alternate_total_points,under,41.5,360,fanatics,0.17179156018351704,-0.045599744164309036,"10 market(s) allowlisted for NCAAF: moneyline, spread, total_points, alternate_spread, alternate_total_points, team_total, alternate_team_total, moneyline_h1, spread_h1, total_points_h1."
2026-10-01,401871049,False,2026-10-02T00:00:00Z,New Mexico State Aggies,Western Kentucky Hilltoppers,alternate_total_points,under,37.5,550,fanatics,0.1075383823896979,-0.046307771456455954,"10 market(s) allowlisted for NCAAF: moneyline, spread, total_points, alternate_spread, alternate_total_points, team_total, alternate_team_total, moneyline_h1, spread_h1, total_points_h1."
2026-10-01,401871049,False,2026-10-02T00:00:00Z,New Mexico State Aggies,Western Kentucky Hilltoppers,alternate_total_points,under,75.5,-800,fanatics,0.8690638195289786,-0.01982506935991024,"10 market(s) allowlisted for NCAAF: moneyline, spread, total_points, alternate_spread, alternate_total_points, team_total, alternate_team_total, moneyline_h1, spread_h1, total_points_h1."
2026-10-01,401871049,False,2026-10-02T00:00:00Z,New Mexico State Aggies,Western Kentucky Hilltoppers,alternate_total_points,under,52.5,130,fanatics,0.40045901866472117,-0.034323590030930995,"10 market(s) allowlisted for NCAAF: moneyline, spread, total_points, alternate_spread, alternate_total_points, team_total, alternate_team_total, moneyline_h1, spread_h1, total_points_h1."
2026-10-01,401871049,False,2026-10-02T00:00:00Z,New Mexico State Aggies,Western Kentucky Hilltoppers,alternate_total_points,under,48.5,190,fanatics,0.3206891558463479,-0.02413843036054869,"10 market(s) allowlisted for NCAAF: moneyline, spread, total_points, alternate_spread, alternate_total_points, team_total, alternate_team_total, moneyline_h1, spread_h1, total_points_h1."
2026-10-01,401871049,False,2026-10-02T00:00:00Z,New Mexico State Aggies,Western Kentucky Hilltoppers,alternate_total_points,under,63.5,-220,fanatics,0.6871775364952369,-0.00032246350476305974,"10 market(s) allowlisted for NCAAF: moneyline, spread, total_points, alternate_spread, alternate_total_points, team_total, alternate_team_total, moneyline_h1, spread_h1, total_points_h1."
2026-10-01,401871049,False,2026-10-02T00:00:00Z,New Mexico State Aggies,Western Kentucky Hilltoppers,alternate_total_points,under,40.5,430,fanatics,0.15273241724003803,-0.035946828042980855,"10 market(s) allowlisted for NCAAF: moneyline, spread, total_points, alternate_spread, alternate_total_points, team_total, alternate_team_total, moneyline_h1, spread_h1, total_points_h1."
2026-10-01,401871049,False,2026-10-02T00:00:00Z,New Mexico State Aggies,Western Kentucky Hilltoppers,alternate_total_points,under,59.5,-155,fanatics,0.5791136968267954,-0.028729440428106545,"10 market(s) allowlisted for NCAAF: moneyline, spread, total_points, alternate_spread, alternate_total_points, team_total, alternate_team_total, moneyline_h1, spread_h1, total_points_h1."
2026-10-01,401871049,False,2026-10-02T00:00:00Z,New Mexico State Aggies,Western Kentucky Hilltoppers,alternate_total_points,under,36.5,650,fanatics,0.09089274564725852,-0.04244058768607481,"10 market(s) allowlisted for NCAAF: moneyline, spread, total_points, alternate_spread, alternate_total_points, team_total, alternate_team_total, moneyline_h1, spread_h1, total_points_h1."
2026-10-01,401871049,False,2026-10-02T00:00:00Z,New Mexico State Aggies,Western Kentucky Hilltoppers,alternate_total_points,under,51.5,140,fanatics,0.3816691711923522,-0.034997495474314466,"10 market(s) allowlisted for NCAAF: moneyline, spread, total_points, alternate_spread, alternate_total_points, team_total, alternate_team_total, moneyline_h1, spread_h1, total_points_h1."
2026-10-01,401871049,False,2026-10-02T00:00:00Z,New Mexico State Aggies,Western Kentucky Hilltoppers,alternate_total_points,under,74.5,-700,fanatics,0.859196353492529,-0.015803646507471014,"10 market(s) allowlisted for NCAAF: moneyline, spread, total_points, alternate_spread, alternate_total_points, team_total, alternate_team_total, moneyline_h1, spread_h1, total_points_h1."
2026-10-01,401871049,False,2026-10-02T00:00:00Z,New Mexico State Aggies,Western Kentucky Hilltoppers,alternate_total_points,under,85.5,-2800,fanatics,0.9568255061504968,-0.008691735228813613,"10 market(s) allowlisted for NCAAF: moneyline, spread, total_points, alternate_spread, alternate_total_points, team_total, alternate_team_total, moneyline_h1, spread_h1, total_points_h1."
2026-10-01,401871049,False,2026-10-02T00:00:00Z,New Mexico State Aggies,Western Kentucky Hilltoppers,alternate_total_points,under,47.5,210,fanatics,0.29588362228568327,-0.026697022875607046,"10 market(s) allowlisted for NCAAF: moneyline, spread, total_points, alternate_spread, alternate_total_points, team_total, alternate_team_total, moneyline_h1, spread_h1, total_points_h1."
2026-10-01,401871049,False,2026-10-02T00:00:00Z,New Mexico State Aggies,Western Kentucky Hilltoppers,alternate_total_points,under,58.5,-135,fanatics,0.5454613137932465,-0.02900677131313656,"10 market(s) allowlisted for NCAAF: moneyline, spread, total_points, alternate_spread, alternate_total_points, team_total, alternate_team_total, moneyline_h1, spread_h1, total_points_h1."
2026-10-01,401871049,False,2026-10-02T00:00:00Z,New Mexico State Aggies,Western Kentucky Hilltoppers,alternate_total_points,under,62.5,-195,fanatics,0.6608033871173357,-0.0002135620352067269,"10 market(s) allowlisted for NCAAF: moneyline, spread, total_points, alternate_spread, alternate_total_points, team_total, alternate_team_total, moneyline_h1, spread_h1, total_points_h1."
2026-10-01,401871049,False,2026-10-02T00:00:00Z,New Mexico State Aggies,Western Kentucky Hilltoppers,alternate_total_points,under,73.5,-650,fanatics,0.8501697620058768,-0.0164969046607899,"10 market(s) allowlisted for NCAAF: moneyline, spread, total_points, alternate_spread, alternate_total_points, team_total, alternate_team_total, moneyline_h1, spread_h1, total_points_h1."
2026-10-01,401871049,False,2026-10-02T00:00:00Z,New Mexico State Aggies,Western Kentucky Hilltoppers,alternate_total_points,under,35.5,700,fanatics,0.08414720287984624,-0.04085279712015376,"10 market(s) allowlisted for NCAAF: moneyline, spread, total_points, alternate_spread, alternate_total_points, team_total, alternate_team_total, moneyline_h1, spread_h1, total_points_h1."
2026-10-01,401871049,False,2026-10-02T00:00:00Z,New Mexico State Aggies,Western Kentucky Hilltoppers,alternate_total_points,under,46.5,235,fanatics,0.2771543441295633,-0.021353118557003836,"10 market(s) allowlisted for NCAAF: moneyline, spread, total_points, alternate_spread, alternate_total_points, team_total, alternate_team_total, moneyline_h1, spread_h1, total_points_h1."
2026-10-01,401871049,False,2026-10-02T00:00:00Z,New Mexico State Aggies,Western Kentucky Hilltoppers,alternate_total_points,under,50.5,160,fanatics,0.35692108760740676,-0.027694297007977875,"10 market(s) allowlisted for NCAAF: moneyline, spread, total_points, alternate_spread, alternate_total_points, team_total, alternate_team_total, moneyline_h1, spread_h1, total_points_h1."
2026-10-01,401871049,False,2026-10-02T00:00:00Z,New Mexico State Aggies,Western Kentucky Hilltoppers,alternate_total_points,under,69.5,-400,fanatics,0.7873355758174033,-0.012664424182596723,"10 market(s) allowlisted for NCAAF: moneyline, spread, total_points, alternate_spread, alternate_total_points, team_total, alternate_team_total, moneyline_h1, spread_h1, total_points_h1."
2026-10-01,401871049,False,2026-10-02T00:00:00Z,New Mexico State Aggies,Western Kentucky Hilltoppers,alternate_total_points,under,61.5,-180,fanatics,0.6272837538942995,-0.015573388962843437,"10 market(s) allowlisted for NCAAF: moneyline, spread, total_points, alternate_spread, alternate_total_points, team_total, alternate_team_total, moneyline_h1, spread_h1, total_points_h1."
2026-10-01,401871049,False,2026-10-02T00:00:00Z,New Mexico State Aggies,Western Kentucky Hilltoppers,alternate_total_points,under,84.5,-2500,fanatics,0.9500799714276496,-0.011458490110812014,"10 market(s) allowlisted for NCAAF: moneyline, spread, total_points, alternate_spread, alternate_total_points, team_total, alternate_team_total, moneyline_h1, spread_h1, total_points_h1."
2026-10-01,401871049,False,2026-10-02T00:00:00Z,New Mexico State Aggies,Western Kentucky Hilltoppers,alternate_total_points,under,57.5,-120,fanatics,0.5182886072096544,-0.027165938244890997,"10 market(s) allowlisted for NCAAF: moneyline, spread, total_points, alternate_spread, alternate_total_points, team_total, alternate_team_total, moneyline_h1, spread_h1, total_points_h1."
2026-10-01,401871049,False,2026-10-02T00:00:00Z,New Mexico State Aggies,Western Kentucky Hilltoppers,alternate_total_points,under,34.5,750,fanatics,0.074272286719223,-0.04337477210430642,"10 market(s) allowlisted for NCAAF: moneyline, spread, total_points, alternate_spread, alternate_total_points, team_total, alternate_team_total, moneyline_h1, spread_h1, total_points_h1."
2026-10-01,401871049,False,2026-10-02T00:00:00Z,New Mexico State Aggies,Western Kentucky Hilltoppers,alternate_total_points,under,72.5,-550,fanatics,0.8323561729759027,-0.013797673177943448,"10 market(s) allowlisted for NCAAF: moneyline, spread, total_points, alternate_spread, alternate_total_points, team_total, alternate_team_total, moneyline_h1, spread_h1, total_points_h1."
2026-10-01,401871049,False,2026-10-02T00:00:00Z,New Mexico State Aggies,Western Kentucky Hilltoppers,alternate_total_points,under,45.5,250,fanatics,0.2569497862778194,-0.028764499436466306,"10 market(s) allowlisted for NCAAF: moneyline, spread, total_points, alternate_spread, alternate_total_points, team_total, alternate_team_total, moneyline_h1, spread_h1, total_points_h1."
2026-10-01,401871049,False,2026-10-02T00:00:00Z,New Mexico State Aggies,Western Kentucky Hilltoppers,alternate_total_points,under,60.5,-160,fanatics,0.5955183957987279,-0.019866219585887523,"10 market(s) allowlisted for NCAAF: moneyline, spread, total_points, alternate_spread, alternate_total_points, team_total, alternate_team_total, moneyline_h1, spread_h1, total_points_h1."
2026-10-01,401871049,False,2026-10-02T00:00:00Z,New Mexico State Aggies,Western Kentucky Hilltoppers,alternate_total_points,under,68.5,-350,fanatics,0.7749326834054708,-0.0028450943723069555,"10 market(s) allowlisted for NCAAF: moneyline, spread, total_points, alternate_spread, alternate_total_points, team_total, alternate_team_total, moneyline_h1, spread_h1, total_points_h1."
2026-10-01,401871049,False,2026-10-02T00:00:00Z,New Mexico State Aggies,Western Kentucky Hilltoppers,alternate_total_points,under,83.5,-2200,fanatics,0.9432525438034964,-0.013269195326938377,"10 market(s) allowlisted for NCAAF: moneyline, spread, total_points, alternate_spread, alternate_total_points, team_total, alternate_team_total, moneyline_h1, spread_h1, total_points_h1."
2026-10-01,401871049,False,2026-10-02T00:00:00Z,New Mexico State Aggies,Western Kentucky Hilltoppers,alternate_total_points,under,79.5,-1200,fanatics,0.9125357786678795,-0.010541144409043635,"10 market(s) allowlisted for NCAAF: moneyline, spread, total_points, alternate_spread, alternate_total_points, team_total, alternate_team_total, moneyline_h1, spread_h1, total_points_h1."
2026-10-01,401871049,False,2026-10-02T00:00:00Z,New Mexico State Aggies,Western Kentucky Hilltoppers,alternate_total_points,under,33.5,900,fanatics,0.062240708446770515,-0.03775929155322949,"10 market(s) allowlisted for NCAAF: moneyline, spread, total_points, alternate_spread, alternate_total_points, team_total, alternate_team_total, moneyline_h1, spread_h1, total_points_h1."
2026-10-01,401871049,False,2026-10-02T00:00:00Z,New Mexico State Aggies,Western Kentucky Hilltoppers,alternate_total_points,under,56.5,-110,fanatics,0.49999998378867,-0.023809540020853837,"10 market(s) allowlisted for NCAAF: moneyline, spread, total_points, alternate_spread, alternate_total_points, team_total, alternate_team_total, moneyline_h1, spread_h1, total_points_h1."
2026-10-01,401871049,False,2026-10-02T00:00:00Z,New Mexico State Aggies,Western Kentucky Hilltoppers,alternate_total_points,under,71.5,-500,fanatics,0.8155192852482376,-0.01781404808509579,"10 market(s) allowlisted for NCAAF: moneyline, spread, total_points, alternate_spread, alternate_total_points, team_total, alternate_team_total, moneyline_h1, spread_h1, total_points_h1."
2026-10-01,401871049,False,2026-10-02T00:00:00Z,New Mexico State Aggies,Western Kentucky Hilltoppers,alternate_total_points,under,67.5,-320,fanatics,0.7636886312802318,0.0017838693754699264,"10 market(s) allowlisted for NCAAF: moneyline, spread, total_points, alternate_spread, alternate_total_points, team_total, alternate_team_total, moneyline_h1, spread_h1, total_points_h1."
2026-10-01,401871049,False,2026-10-02T00:00:00Z,New Mexico State Aggies,Western Kentucky Hilltoppers,alternate_total_points,under,82.5,-1800,fanatics,0.9335337462946061,-0.013834674758025467,"10 market(s) allowlisted for NCAAF: moneyline, spread, total_points, alternate_spread, alternate_total_points, team_total, alternate_team_total, moneyline_h1, spread_h1, total_points_h1."
2026-10-01,401871049,False,2026-10-02T00:00:00Z,New Mexico State Aggies,Western Kentucky Hilltoppers,alternate_total_points,under,44.5,280,fanatics,0.23162581173633284,-0.03153208300050925,"10 market(s) allowlisted for NCAAF: moneyline, spread, total_points, alternate_spread, alternate_total_points, team_total, alternate_team_total, moneyline_h1, spread_h1, total_points_h1."
2026-10-01,401871049,False,2026-10-02T00:00:00Z,New Mexico State Aggies,Western Kentucky Hilltoppers,alternate_total_points,under,32.0,1100,fanatics,0.04523248730297449,-0.03810084603035884,"10 market(s) allowlisted for NCAAF: moneyline, spread, total_points, alternate_spread, alternate_total_points, team_total, alternate_team_total, moneyline_h1, spread_h1, total_points_h1."
2026-10-01,401871049,False,2026-10-02T00:00:00Z,New Mexico State Aggies,Western Kentucky Hilltoppers,alternate_total_points,under,35.0,750,fanatics,0.07501303414233249,-0.042634024681196925,"10 market(s) allowlisted for NCAAF: moneyline, spread, total_points, alternate_spread, alternate_total_points, team_total, alternate_team_total, moneyline_h1, spread_h1, total_points_h1."
2026-10-01,401871049,False,2026-10-02T00:00:00Z,New Mexico State Aggies,Western Kentucky Hilltoppers,alternate_total_points,under,33.0,1050,fanatics,0.05202818121358298,-0.034928340525547455,"10 market(s) allowlisted for NCAAF: moneyline, spread, total_points, alternate_spread, alternate_total_points, team_total, alternate_team_total, moneyline_h1, spread_h1, total_points_h1."
2026-10-01,401871049,False,2026-10-02T00:00:00Z,New Mexico State Aggies,Western Kentucky Hilltoppers,alternate_total_points,under,34.0,900,fanatics,0.06299868202056226,-0.037001317979437745,"10 market(s) allowlisted for NCAAF: moneyline, spread, total_points, alternate_spread, alternate_total_points, team_total, alternate_team_total, moneyline_h1, spread_h1, total_points_h1."
2026-10-01,401871049,False,2026-10-02T00:00:00Z,New Mexico State Aggies,Western Kentucky Hilltoppers,alternate_total_points,under,38.0,550,fanatics,0.1093522151317579,-0.044493938714395956,"10 market(s) allowlisted for NCAAF: moneyline, spread, total_points, alternate_spread, alternate_total_points, team_total, alternate_team_total, moneyline_h1, spread_h1, total_points_h1."
2026-10-01,401871049,False,2026-10-02T00:00:00Z,New Mexico State Aggies,Western Kentucky Hilltoppers,alternate_total_points,under,36.0,700,fanatics,0.08471867633425753,-0.04028132366574247,"10 market(s) allowlisted for NCAAF: moneyline, spread, total_points, alternate_spread, alternate_total_points, team_total, alternate_team_total, moneyline_h1, spread_h1, total_points_h1."
2026-10-01,401871049,False,2026-10-02T00:00:00Z,New Mexico State Aggies,Western Kentucky Hilltoppers,alternate_total_points,under,37.0,650,fanatics,0.09243132388832635,-0.04090200944500698,"10 market(s) allowlisted for NCAAF: moneyline, spread, total_points, alternate_spread, alternate_total_points, team_total, alternate_team_total, moneyline_h1, spread_h1, total_points_h1."
2026-10-01,401871049,False,2026-10-02T00:00:00Z,New Mexico State Aggies,Western Kentucky Hilltoppers,alternate_total_points,under,78.5,-1100,fanatics,0.8992173215111814,-0.01744934515548524,"10 market(s) allowlisted for NCAAF: moneyline, spread, total_points, alternate_spread, alternate_total_points, team_total, alternate_team_total, moneyline_h1, spread_h1, total_points_h1."
2026-10-01,401871049,False,2026-10-02T00:00:00Z,New Mexico State Aggies,Western Kentucky Hilltoppers,alternate_total_points,under,39.0,500,fanatics,0.12505190016798712,-0.04161476649867954,"10 market(s) allowlisted for NCAAF: moneyline, spread, total_points, alternate_spread, alternate_total_points, team_total, alternate_team_total, moneyline_h1, spread_h1, total_points_h1."
2026-10-01,401871049,False,2026-10-02T00:00:00Z,New Mexico State Aggies,Western Kentucky Hilltoppers,alternate_total_points,under,32.5,1050,fanatics,0.05146768014487278,-0.03548884159425765,"10 market(s) allowlisted for NCAAF: moneyline, spread, total_points, alternate_spread, alternate_total_points, team_total, alternate_team_total, moneyline_h1, spread_h1, total_points_h1."
2026-10-01,401871049,False,2026-10-02T00:00:00Z,New Mexico State Aggies,Western Kentucky Hilltoppers,alternate_total_points,under,55.5,-105,fanatics,0.47770776627166556,-0.034487355679553966,"10 market(s) allowlisted for NCAAF: moneyline, spread, total_points, alternate_spread, alternate_total_points, team_total, alternate_team_total, moneyline_h1, spread_h1, total_points_h1."
2026-10-01,401871049,False,2026-10-02T00:00:00Z,New Mexico State Aggies,Western Kentucky Hilltoppers,alternate_total_points,under,70.5,-450,fanatics,0.8015784799563498,-0.016603338225468445,"10 market(s) allowlisted for NCAAF: moneyline, spread, total_points, alternate_spread, alternate_total_points, team_total, alternate_team_total, moneyline_h1, spread_h1, total_points_h1."
2026-10-01,401871049,False,2026-10-02T00:00:00Z,New Mexico State Aggies,Western Kentucky Hilltoppers,alternate_total_points,under,41.0,430,fanatics,0.15569992435460123,-0.032979320928417655,"10 market(s) allowlisted for NCAAF: moneyline, spread, total_points, alternate_spread, alternate_total_points, team_total, alternate_team_total, moneyline_h1, spread_h1, total_points_h1."
2026-10-01,401871049,False,2026-10-02T00:00:00Z,New Mexico State Aggies,Western Kentucky Hilltoppers,alternate_total_points,under,40.0,475,fanatics,0.13438266987901523,-0.03953037359924563,"10 market(s) allowlisted for NCAAF: moneyline, spread, total_points, alternate_spread, alternate_total_points, team_total, alternate_team_total, moneyline_h1, spread_h1, total_points_h1."
2026-10-01,401871049,False,2026-10-02T00:00:00Z,New Mexico State Aggies,Western Kentucky Hilltoppers,alternate_spread,home,1.0,-145,betmgm,0.5506068429076802,-0.04122989178619729,"10 market(s) allowlisted for NCAAF: moneyline, spread, total_points, alternate_spread, alternate_total_points, team_total, alternate_team_total, moneyline_h1, spread_h1, total_points_h1."
2026-10-01,401871049,False,2026-10-02T00:00:00Z,New Mexico State Aggies,Western Kentucky Hilltoppers,alternate_spread,home,-6.0,150,betmgm,0.3627319439591811,-0.0372680560408189,"10 market(s) allowlisted for NCAAF: moneyline, spread, total_points, alternate_spread, alternate_total_points, team_total, alternate_team_total, moneyline_h1, spread_h1, total_points_h1."
2026-10-01,401871049,False,2026-10-02T00:00:00Z,New Mexico State Aggies,Western Kentucky Hilltoppers,alternate_spread,home,1.5,-160,betmgm,0.5601454937114477,-0.05523912167316769,"10 market(s) allowlisted for NCAAF: moneyline, spread, total_points, alternate_spread, alternate_total_points, team_total, alternate_team_total, moneyline_h1, spread_h1, total_points_h1."
2026-10-01,401871049,False,2026-10-02T00:00:00Z,New Mexico State Aggies,Western Kentucky Hilltoppers,alternate_spread,home,-6.5,155,betmgm,0.35413130516243874,-0.0380255575826593,"10 market(s) allowlisted for NCAAF: moneyline, spread, total_points, alternate_spread, alternate_total_points, team_total, alternate_team_total, moneyline_h1, spread_h1, total_points_h1."
2026-10-01,401871049,False,2026-10-02T00:00:00Z,New Mexico State Aggies,Western Kentucky Hilltoppers,alternate_spread,home,-7.0,180,betmgm,0.32579720806012397,-0.031345649082733185,"10 market(s) allowlisted for NCAAF: moneyline, spread, total_points, alternate_spread, alternate_total_points, team_total, alternate_team_total, moneyline_h1, spread_h1, total_points_h1."
2026-10-01,401871049,False,2026-10-02T00:00:00Z,New Mexico State Aggies,Western Kentucky Hilltoppers,alternate_spread,home,2.0,-175,betmgm,0.5727486292195022,-0.06361500714413415,"10 market(s) allowlisted for NCAAF: moneyline, spread, total_points, alternate_spread, alternate_total_points, team_total, alternate_team_total, moneyline_h1, spread_h1, total_points_h1."
2026-10-01,401871049,False,2026-10-02T00:00:00Z,New Mexico State Aggies,Western Kentucky Hilltoppers,alternate_spread,home,2.5,-185,betmgm,0.5821501478740059,-0.066972659143538,"10 market(s) allowlisted for NCAAF: moneyline, spread, total_points, alternate_spread, alternate_total_points, team_total, alternate_team_total, moneyline_h1, spread_h1, total_points_h1."
2026-10-01,401871049,False,2026-10-02T00:00:00Z,New Mexico State Aggies,Western Kentucky Hilltoppers,alternate_spread,home,-7.5,195,betmgm,0.3121052301579295,-0.026877820689528098,"10 market(s) allowlisted for NCAAF: moneyline, spread, total_points, alternate_spread, alternate_total_points, team_total, alternate_team_total, moneyline_h1, spread_h1, total_points_h1."
2026-10-01,401871049,False,2026-10-02T00:00:00Z,New Mexico State Aggies,Western Kentucky Hilltoppers,alternate_spread,home,3.0,-220,betmgm,0.6162122649702385,-0.07128773502976149,"10 market(s) allowlisted for NCAAF: moneyline, spread, total_points, alternate_spread, alternate_total_points, team_total, alternate_team_total, moneyline_h1, spread_h1, total_points_h1."
2026-10-01,401871049,False,2026-10-02T00:00:00Z,New Mexico State Aggies,Western Kentucky Hilltoppers,alternate_spread,home,-8.0,210,betmgm,0.2955105162836978,-0.027070128877592525,"10 market(s) allowlisted for NCAAF: moneyline, spread, total_points, alternate_spread, alternate_total_points, team_total, alternate_team_total, moneyline_h1, spread_h1, total_points_h1."
2026-10-01,401871049,False,2026-10-02T00:00:00Z,New Mexico State Aggies,Western Kentucky Hilltoppers,alternate_spread,home,-8.5,220,betmgm,0.2885495714038886,-0.023950428596111406,"10 market(s) allowlisted for NCAAF: moneyline, spread, total_points, alternate_spread, alternate_total_points, team_total, alternate_team_total, moneyline_h1, spread_h1, total_points_h1."
2026-10-01,401871049,False,2026-10-02T00:00:00Z,New Mexico State Aggies,Western Kentucky Hilltoppers,alternate_spread,home,3.5,-235,betmgm,0.637426744969777,-0.06406579234365584,"10 market(s) allowlisted for NCAAF: moneyline, spread, total_points, alternate_spread, alternate_total_points, team_total, alternate_team_total, moneyline_h1, spread_h1, total_points_h1."
2026-10-01,401871049,False,2026-10-02T00:00:00Z,New Mexico State Aggies,Western Kentucky Hilltoppers,alternate_spread,home,4.0,-275,betmgm,0.6507892810390646,-0.08254405229426864,"10 market(s) allowlisted for NCAAF: moneyline, spread, total_points, alternate_spread, alternate_total_points, team_total, alternate_team_total, moneyline_h1, spread_h1, total_points_h1."
2026-10-01,401871049,False,2026-10-02T00:00:00Z,New Mexico State Aggies,Western Kentucky Hilltoppers,alternate_spread,home,-9.0,225,betmgm,0.2799312801248735,-0.027761027567434204,"10 market(s) allowlisted for NCAAF: moneyline, spread, total_points, alternate_spread, alternate_total_points, team_total, alternate_team_total, moneyline_h1, spread_h1, total_points_h1."
2026-10-01,401871049,False,2026-10-02T00:00:00Z,New Mexico State Aggies,Western Kentucky Hilltoppers,alternate_spread,home,4.5,-275,betmgm,0.6579595602121435,-0.07537377312118976,"10 market(s) allowlisted for NCAAF: moneyline, spread, total_points, alternate_spread, alternate_total_points, team_total, alternate_team_total, moneyline_h1, spread_h1, total_points_h1."
2026-10-01,401871049,False,2026-10-02T00:00:00Z,New Mexico State Aggies,Western Kentucky Hilltoppers,alternate_spread,home,-9.5,225,betmgm,0.27658086474973803,-0.031111442942569678,"10 market(s) allowlisted for NCAAF: moneyline, spread, total_points, alternate_spread, alternate_total_points, team_total, alternate_team_total, moneyline_h1, spread_h1, total_points_h1."
2026-10-01,401871049,False,2026-10-02T00:00:00Z,New Mexico State Aggies,Western Kentucky Hilltoppers,alternate_spread,home,5.0,-295,betmgm,0.6673444276623657,-0.07949101537560899,"10 market(s) allowlisted for NCAAF: moneyline, spread, total_points, alternate_spread, alternate_total_points, team_total, alternate_team_total, moneyline_h1, spread_h1, total_points_h1."
2026-10-01,401871049,False,2026-10-02T00:00:00Z,New Mexico State Aggies,Western Kentucky Hilltoppers,alternate_spread,home,-10.0,260,betmgm,0.25260034774371115,-0.02517743003406664,"10 market(s) allowlisted for NCAAF: moneyline, spread, total_points, alternate_spread, alternate_total_points, team_total, alternate_team_total, moneyline_h1, spread_h1, total_points_h1."
2026-10-01,401871049,False,2026-10-02T00:00:00Z,New Mexico State Aggies,Western Kentucky Hilltoppers,alternate_spread,home,5.5,-300,betmgm,0.6720225643539421,-0.07797743564605786,"10 market(s) allowlisted for NCAAF: moneyline, spread, total_points, alternate_spread, alternate_total_points, team_total, alternate_team_total, moneyline_h1, spread_h1, total_points_h1."
2026-10-01,401871049,False,2026-10-02T00:00:00Z,New Mexico State Aggies,Western Kentucky Hilltoppers,alternate_spread,home,-2.5,-110,betmgm,0.499999984075587,-0.023809539733936846,"10 market(s) allowlisted for NCAAF: moneyline, spread, total_points, alternate_spread, alternate_total_points, team_total, alternate_team_total, moneyline_h1, spread_h1, total_points_h1."
2026-10-01,401871049,False,2026-10-02T00:00:00Z,New Mexico State Aggies,Western Kentucky Hilltoppers,alternate_spread,home,-2.0,-110,betmgm,0.5089796541687548,-0.014829869640769044,"10 market(s) allowlisted for NCAAF: moneyline, spread, total_points, alternate_spread, alternate_total_points, team_total, alternate_team_total, moneyline_h1, spread_h1, total_points_h1."
2026-10-01,401871049,False,2026-10-02T00:00:00Z,New Mexico State Aggies,Western Kentucky Hilltoppers,alternate_spread,home,-1.0,-130,betmgm,0.5260726247956752,-0.0391447665086726,"10 market(s) allowlisted for NCAAF: moneyline, spread, total_points, alternate_spread, alternate_total_points, team_total, alternate_team_total, moneyline_h1, spread_h1, total_points_h1."
2026-10-01,401871049,False,2026-10-02T00:00:00Z,New Mexico State Aggies,Western Kentucky Hilltoppers,alternate_spread,home,-3.0,105,betmgm,0.4658690909355284,-0.02193578711325206,"10 market(s) allowlisted for NCAAF: moneyline, spread, total_points, alternate_spread, alternate_total_points, team_total, alternate_team_total, moneyline_h1, spread_h1, total_points_h1."
2026-10-01,401871049,False,2026-10-02T00:00:00Z,New Mexico State Aggies,Western Kentucky Hilltoppers,alternate_spread,home,-1.5,-125,betmgm,0.5176424772865051,-0.03791307826905044,"10 market(s) allowlisted for NCAAF: moneyline, spread, total_points, alternate_spread, alternate_total_points, team_total, alternate_team_total, moneyline_h1, spread_h1, total_points_h1."
2026-10-01,401871049,False,2026-10-02T00:00:00Z,New Mexico State Aggies,Western Kentucky Hilltoppers,alternate_spread,home,-3.5,120,betmgm,0.43610011877882165,-0.018445335766632875,"10 market(s) allowlisted for NCAAF: moneyline, spread, total_points, alternate_spread, alternate_total_points, team_total, alternate_team_total, moneyline_h1, spread_h1, total_points_h1."
2026-10-01,401871049,False,2026-10-02T00:00:00Z,New Mexico State Aggies,Western Kentucky Hilltoppers,alternate_spread,home,-4.5,130,betmgm,0.39276730578266833,-0.04201530291298383,"10 market(s) allowlisted for NCAAF: moneyline, spread, total_points, alternate_spread, alternate_total_points, team_total, alternate_team_total, moneyline_h1, spread_h1, total_points_h1."
2026-10-01,401871049,False,2026-10-02T00:00:00Z,New Mexico State Aggies,Western Kentucky Hilltoppers,alternate_spread,home,-4.0,125,betmgm,0.41055793604959195,-0.033886508394852466,"10 market(s) allowlisted for NCAAF: moneyline, spread, total_points, alternate_spread, alternate_total_points, team_total, alternate_team_total, moneyline_h1, spread_h1, total_points_h1."
2026-10-01,401871049,False,2026-10-02T00:00:00Z,New Mexico State Aggies,Western Kentucky Hilltoppers,alternate_spread,home,-5.0,140,betmgm,0.3835668738954673,-0.0330997927711994,"10 market(s) allowlisted for NCAAF: moneyline, spread, total_points, alternate_spread, alternate_total_points, team_total, alternate_team_total, moneyline_h1, spread_h1, total_points_h1."
2026-10-01,401871049,False,2026-10-02T00:00:00Z,New Mexico State Aggies,Western Kentucky Hilltoppers,alternate_spread,home,-5.5,145,betmgm,0.377842034090438,-0.030321231215684474,"10 market(s) allowlisted for NCAAF: moneyline, spread, total_points, alternate_spread, alternate_total_points, team_total, alternate_team_total, moneyline_h1, spread_h1, total_points_h1."
2026-10-01,401871049,False,2026-10-02T00:00:00Z,New Mexico State Aggies,Western Kentucky Hilltoppers,alternate_spread,away,-1.0,110,betmgm,0.44939315709232,-0.02679731909815619,"10 market(s) allowlisted for NCAAF: moneyline, spread, total_points, alternate_spread, alternate_total_points, team_total, alternate_team_total, moneyline_h1, spread_h1, total_points_h1."
2026-10-01,401871049,False,2026-10-02T00:00:00Z,New Mexico State Aggies,Western Kentucky Hilltoppers,alternate_spread,away,6.0,-210,betmgm,0.6372680560408192,-0.04015129879789048,"10 market(s) allowlisted for NCAAF: moneyline, spread, total_points, alternate_spread, alternate_total_points, team_total, alternate_team_total, moneyline_h1, spread_h1, total_points_h1."
2026-10-01,401871049,False,2026-10-02T00:00:00Z,New Mexico State Aggies,Western Kentucky Hilltoppers,alternate_spread,away,-1.5,120,betmgm,0.43985450628855255,-0.014690948256901981,"10 market(s) allowlisted for NCAAF: moneyline, spread, total_points, alternate_spread, alternate_total_points, team_total, alternate_team_total, moneyline_h1, spread_h1, total_points_h1."
2026-10-01,401871049,False,2026-10-02T00:00:00Z,New Mexico State Aggies,Western Kentucky Hilltoppers,alternate_spread,away,6.5,-210,betmgm,0.6458686948375615,-0.031550660001148145,"10 market(s) allowlisted for NCAAF: moneyline, spread, total_points, alternate_spread, alternate_total_points, team_total, alternate_team_total, moneyline_h1, spread_h1, total_points_h1."
2026-10-01,401871049,False,2026-10-02T00:00:00Z,New Mexico State Aggies,Western Kentucky Hilltoppers,alternate_spread,away,7.0,-235,betmgm,0.6742027919398762,-0.027289745373556662,"10 market(s) allowlisted for NCAAF: moneyline, spread, total_points, alternate_spread, alternate_total_points, team_total, alternate_team_total, moneyline_h1, spread_h1, total_points_h1."
2026-10-01,401871049,False,2026-10-02T00:00:00Z,New Mexico State Aggies,Western Kentucky Hilltoppers,alternate_spread,away,-2.0,130,betmgm,0.4272513707804982,-0.0075312379151539766,"10 market(s) allowlisted for NCAAF: moneyline, spread, total_points, alternate_spread, alternate_total_points, team_total, alternate_team_total, moneyline_h1, spread_h1, total_points_h1."
2026-10-01,401871049,False,2026-10-02T00:00:00Z,New Mexico State Aggies,Western Kentucky Hilltoppers,alternate_spread,away,-2.5,135,betmgm,0.41784985212599435,-0.007682062767622677,"10 market(s) allowlisted for NCAAF: moneyline, spread, total_points, alternate_spread, alternate_total_points, team_total, alternate_team_total, moneyline_h1, spread_h1, total_points_h1."
2026-10-01,401871049,False,2026-10-02T00:00:00Z,New Mexico State Aggies,Western Kentucky Hilltoppers,alternate_spread,away,7.5,-275,betmgm,0.6878947698420707,-0.04543856349126263,"10 market(s) allowlisted for NCAAF: moneyline, spread, total_points, alternate_spread, alternate_total_points, team_total, alternate_team_total, moneyline_h1, spread_h1, total_points_h1."
2026-10-01,401871049,False,2026-10-02T00:00:00Z,New Mexico State Aggies,Western Kentucky Hilltoppers,alternate_spread,away,-3.0,160,betmgm,0.3837877350297617,-0.0008276495856229249,"10 market(s) allowlisted for NCAAF: moneyline, spread, total_points, alternate_spread, alternate_total_points, team_total, alternate_team_total, moneyline_h1, spread_h1, total_points_h1."
2026-10-01,401871049,False,2026-10-02T00:00:00Z,New Mexico State Aggies,Western Kentucky Hilltoppers,alternate_spread,away,8.0,-295,betmgm,0.7044894837163023,-0.0423459593216724,"10 market(s) allowlisted for NCAAF: moneyline, spread, total_points, alternate_spread, alternate_total_points, team_total, alternate_team_total, moneyline_h1, spread_h1, total_points_h1."
2026-10-01,401871049,False,2026-10-02T00:00:00Z,New Mexico State Aggies,Western Kentucky Hilltoppers,alternate_spread,away,8.5,-300,betmgm,0.7114504285961115,-0.03854957140388848,"10 market(s) allowlisted for NCAAF: moneyline, spread, total_points, alternate_spread, alternate_total_points, team_total, alternate_team_total, moneyline_h1, spread_h1, total_points_h1."
2026-10-01,401871049,False,2026-10-02T00:00:00Z,New Mexico State Aggies,Western Kentucky Hilltoppers,alternate_spread,away,-3.5,175,betmgm,0.36257325503022286,-0.0010631086061407835,"10 market(s) allowlisted for NCAAF: moneyline, spread, total_points, alternate_spread, alternate_total_points, team_total, alternate_team_total, moneyline_h1, spread_h1, total_points_h1."
2026-10-01,401871049,False,2026-10-02T00:00:00Z,New Mexico State Aggies,Western Kentucky Hilltoppers,alternate_spread,away,-4.0,195,betmgm,0.3492107189609353,0.010227668113477695,"10 market(s) allowlisted for NCAAF: moneyline, spread, total_points, alternate_spread, alternate_total_points, team_total, alternate_team_total, moneyline_h1, spread_h1, total_points_h1."
2026-10-01,401871049,False,2026-10-02T00:00:00Z,New Mexico State Aggies,Western Kentucky Hilltoppers,alternate_spread,away,9.0,-300,betmgm,0.7200687198751267,-0.02993128012487334,"10 market(s) allowlisted for NCAAF: moneyline, spread, total_points, alternate_spread, alternate_total_points, team_total, alternate_team_total, moneyline_h1, spread_h1, total_points_h1."
2026-10-01,401871049,False,2026-10-02T00:00:00Z,New Mexico State Aggies,Western Kentucky Hilltoppers,alternate_spread,away,-4.5,200,betmgm,0.3420404397878565,0.008707106454523161,"10 market(s) allowlisted for NCAAF: moneyline, spread, total_points, alternate_spread, alternate_total_points, team_total, alternate_team_total, moneyline_h1, spread_h1, total_points_h1."
2026-10-01,401871049,False,2026-10-02T00:00:00Z,New Mexico State Aggies,Western Kentucky Hilltoppers,alternate_spread,away,9.5,-300,betmgm,0.7234191352502621,-0.026580864749737865,"10 market(s) allowlisted for NCAAF: moneyline, spread, total_points, alternate_spread, alternate_total_points, team_total, alternate_team_total, moneyline_h1, spread_h1, total_points_h1."
2026-10-01,401871049,False,2026-10-02T00:00:00Z,New Mexico State Aggies,Western Kentucky Hilltoppers,alternate_spread,away,-5.0,220,betmgm,0.33265557233763426,0.020155572337634264,"10 market(s) allowlisted for NCAAF: moneyline, spread, total_points, alternate_spread, alternate_total_points, team_total, alternate_team_total, moneyline_h1, spread_h1, total_points_h1."
2026-10-01,401871049,False,2026-10-02T00:00:00Z,New Mexico State Aggies,Western Kentucky Hilltoppers,alternate_spread,away,10.0,-350,betmgm,0.747399652256289,-0.030378125521488775,"10 market(s) allowlisted for NCAAF: moneyline, spread, total_points, alternate_spread, alternate_total_points, team_total, alternate_team_total, moneyline_h1, spread_h1, total_points_h1."
2026-10-01,401871049,False,2026-10-02T00:00:00Z,New Mexico State Aggies,Western Kentucky Hilltoppers,alternate_spread,away,-5.5,220,betmgm,0.3279774356460577,0.015477435646057691,"10 market(s) allowlisted for NCAAF: moneyline, spread, total_points, alternate_spread, alternate_total_points, team_total, alternate_team_total, moneyline_h1, spread_h1, total_points_h1."
2026-10-01,401871049,False,2026-10-02T00:00:00Z,New Mexico State Aggies,Western Kentucky Hilltoppers,alternate_spread,away,2.5,-120,betmgm,0.5000000159244132,-0.04545452953013218,"10 market(s) allowlisted for NCAAF: moneyline, spread, total_points, alternate_spread, alternate_total_points, team_total, alternate_team_total, moneyline_h1, spread_h1, total_points_h1."
2026-10-01,401871049,False,2026-10-02T00:00:00Z,New Mexico State Aggies,Western Kentucky Hilltoppers,alternate_spread,away,2.0,-108,betmgm,0.4910203458312455,-0.028210423399523787,"10 market(s) allowlisted for NCAAF: moneyline, spread, total_points, alternate_spread, alternate_total_points, team_total, alternate_team_total, moneyline_h1, spread_h1, total_points_h1."
2026-10-01,401871049,False,2026-10-02T00:00:00Z,New Mexico State Aggies,Western Kentucky Hilltoppers,alternate_spread,away,1.0,100,betmgm,0.47392737520432493,-0.02607262479567507,"10 market(s) allowlisted for NCAAF: moneyline, spread, total_points, alternate_spread, alternate_total_points, team_total, alternate_team_total, moneyline_h1, spread_h1, total_points_h1."
2026-10-01,401871049,False,2026-10-02T00:00:00Z,New Mexico State Aggies,Western Kentucky Hilltoppers,alternate_spread,away,3.0,-140,betmgm,0.5341309090644718,-0.049202424268861567,"10 market(s) allowlisted for NCAAF: moneyline, spread, total_points, alternate_spread, alternate_total_points, team_total, alternate_team_total, moneyline_h1, spread_h1, total_points_h1."
2026-10-01,401871049,False,2026-10-02T00:00:00Z,New Mexico State Aggies,Western Kentucky Hilltoppers,alternate_spread,away,1.5,-108,betmgm,0.482357522713495,-0.03687324651727425,"10 market(s) allowlisted for NCAAF: moneyline, spread, total_points, alternate_spread, alternate_total_points, team_total, alternate_team_total, moneyline_h1, spread_h1, total_points_h1."
2026-10-01,401871049,False,2026-10-02T00:00:00Z,New Mexico State Aggies,Western Kentucky Hilltoppers,alternate_spread,away,3.5,-155,betmgm,0.5638998812211785,-0.0439432560337234,"10 market(s) allowlisted for NCAAF: moneyline, spread, total_points, alternate_spread, alternate_total_points, team_total, alternate_team_total, moneyline_h1, spread_h1, total_points_h1."
2026-10-01,401871049,False,2026-10-02T00:00:00Z,New Mexico State Aggies,Western Kentucky Hilltoppers,alternate_spread,away,4.5,-175,betmgm,0.6072326942173318,-0.029130942146304517,"10 market(s) allowlisted for NCAAF: moneyline, spread, total_points, alternate_spread, alternate_total_points, team_total, alternate_team_total, moneyline_h1, spread_h1, total_points_h1."
2026-10-01,401871049,False,2026-10-02T00:00:00Z,New Mexico State Aggies,Western Kentucky Hilltoppers,alternate_spread,away,4.0,-165,betmgm,0.5894420639504082,-0.033199445483554024,"10 market(s) allowlisted for NCAAF: moneyline, spread, total_points, alternate_spread, alternate_total_points, team_total, alternate_team_total, moneyline_h1, spread_h1, total_points_h1."
2026-10-01,401871049,False,2026-10-02T00:00:00Z,New Mexico State Aggies,Western Kentucky Hilltoppers,alternate_spread,away,5.0,-190,betmgm,0.6164331261045329,-0.03873928768857049,"10 market(s) allowlisted for NCAAF: moneyline, spread, total_points, alternate_spread, alternate_total_points, team_total, alternate_team_total, moneyline_h1, spread_h1, total_points_h1."
2026-10-01,401871049,False,2026-10-02T00:00:00Z,New Mexico State Aggies,Western Kentucky Hilltoppers,alternate_spread,away,5.5,-190,betmgm,0.6221579659095622,-0.03301444788354124,"10 market(s) allowlisted for NCAAF: moneyline, spread, total_points, alternate_spread, alternate_total_points, team_total, alternate_team_total, moneyline_h1, spread_h1, total_points_h1."
2026-10-01,401871049,False,2026-10-02T00:00:00Z,New Mexico State Aggies,Western Kentucky Hilltoppers,alternate_total_points,over,57.5,-102,betmgm,0.4817113927903454,-0.02323910225915954,"10 market(s) allowlisted for NCAAF: moneyline, spread, total_points, alternate_spread, alternate_total_points, team_total, alternate_team_total, moneyline_h1, spread_h1, total_points_h1."
2026-10-01,401871049,False,2026-10-02T00:00:00Z,New Mexico State Aggies,Western Kentucky Hilltoppers,alternate_total_points,over,58.5,110,betmgm,0.45453868620675336,-0.021651789983722802,"10 market(s) allowlisted for NCAAF: moneyline, spread, total_points, alternate_spread, alternate_total_points, team_total, alternate_team_total, moneyline_h1, spread_h1, total_points_h1."
2026-10-01,401871049,False,2026-10-02T00:00:00Z,New Mexico State Aggies,Western Kentucky Hilltoppers,alternate_total_points,over,59.5,125,betmgm,0.4208863031732046,-0.02355814127123984,"10 market(s) allowlisted for NCAAF: moneyline, spread, total_points, alternate_spread, alternate_total_points, team_total, alternate_team_total, moneyline_h1, spread_h1, total_points_h1."
2026-10-01,401871049,False,2026-10-02T00:00:00Z,New Mexico State Aggies,Western Kentucky Hilltoppers,alternate_total_points,over,60.5,135,betmgm,0.40448160420127205,-0.021050310692344976,"10 market(s) allowlisted for NCAAF: moneyline, spread, total_points, alternate_spread, alternate_total_points, team_total, alternate_team_total, moneyline_h1, spread_h1, total_points_h1."
2026-10-01,401871049,False,2026-10-02T00:00:00Z,New Mexico State Aggies,Western Kentucky Hilltoppers,alternate_total_points,over,61.5,150,betmgm,0.3727162461057006,-0.027283753894299434,"10 market(s) allowlisted for NCAAF: moneyline, spread, total_points, alternate_spread, alternate_total_points, team_total, alternate_team_total, moneyline_h1, spread_h1, total_points_h1."
2026-10-01,401871049,False,2026-10-02T00:00:00Z,New Mexico State Aggies,Western Kentucky Hilltoppers,alternate_total_points,over,62.5,170,betmgm,0.3391966128826643,-0.031173757487706066,"10 market(s) allowlisted for NCAAF: moneyline, spread, total_points, alternate_spread, alternate_total_points, team_total, alternate_team_total, moneyline_h1, spread_h1, total_points_h1."
2026-10-01,401871049,False,2026-10-02T00:00:00Z,New Mexico State Aggies,Western Kentucky Hilltoppers,alternate_total_points,over,51.5,-190,betmgm,0.6183308288076481,-0.03684158498545531,"10 market(s) allowlisted for NCAAF: moneyline, spread, total_points, alternate_spread, alternate_total_points, team_total, alternate_team_total, moneyline_h1, spread_h1, total_points_h1."
2026-10-01,401871049,False,2026-10-02T00:00:00Z,New Mexico State Aggies,Western Kentucky Hilltoppers,alternate_total_points,over,50.5,-220,betmgm,0.6430789123925935,-0.044421087607406484,"10 market(s) allowlisted for NCAAF: moneyline, spread, total_points, alternate_spread, alternate_total_points, team_total, alternate_team_total, moneyline_h1, spread_h1, total_points_h1."
2026-10-01,401871049,False,2026-10-02T00:00:00Z,New Mexico State Aggies,Western Kentucky Hilltoppers,alternate_total_points,over,49.5,-235,betmgm,0.6600651514186162,-0.04142738589481665,"10 market(s) allowlisted for NCAAF: moneyline, spread, total_points, alternate_spread, alternate_total_points, team_total, alternate_team_total, moneyline_h1, spread_h1, total_points_h1."
2026-10-01,401871049,False,2026-10-02T00:00:00Z,New Mexico State Aggies,Western Kentucky Hilltoppers,alternate_total_points,over,64.5,195,betmgm,0.29821924559562785,-0.040763805251829766,"10 market(s) allowlisted for NCAAF: moneyline, spread, total_points, alternate_spread, alternate_total_points, team_total, alternate_team_total, moneyline_h1, spread_h1, total_points_h1."
2026-10-01,401871049,False,2026-10-02T00:00:00Z,New Mexico State Aggies,Western Kentucky Hilltoppers,alternate_total_points,over,63.5,185,betmgm,0.3128224635047631,-0.038054729477693006,"10 market(s) allowlisted for NCAAF: moneyline, spread, total_points, alternate_spread, alternate_total_points, team_total, alternate_team_total, moneyline_h1, spread_h1, total_points_h1."
2026-10-01,401871049,False,2026-10-02T00:00:00Z,New Mexico State Aggies,Western Kentucky Hilltoppers,alternate_total_points,over,48.5,-275,betmgm,0.6793108441536524,-0.05402248917968089,"10 market(s) allowlisted for NCAAF: moneyline, spread, total_points, alternate_spread, alternate_total_points, team_total, alternate_team_total, moneyline_h1, spread_h1, total_points_h1."
2026-10-01,401871049,False,2026-10-02T00:00:00Z,New Mexico State Aggies,Western Kentucky Hilltoppers,alternate_total_points,over,47.5,-300,betmgm,0.704116377714317,-0.04588362228568299,"10 market(s) allowlisted for NCAAF: moneyline, spread, total_points, alternate_spread, alternate_total_points, team_total, alternate_team_total, moneyline_h1, spread_h1, total_points_h1."
2026-10-01,401871049,False,2026-10-02T00:00:00Z,New Mexico State Aggies,Western Kentucky Hilltoppers,alternate_total_points,over,65.5,230,betmgm,0.2727900038235004,-0.030240299206802657,"10 market(s) allowlisted for NCAAF: moneyline, spread, total_points, alternate_spread, alternate_total_points, team_total, alternate_team_total, moneyline_h1, spread_h1, total_points_h1."
2026-10-01,401871049,False,2026-10-02T00:00:00Z,New Mexico State Aggies,Western Kentucky Hilltoppers,alternate_total_points,over,66.5,260,betmgm,0.2489287311348766,-0.028849046642901194,"10 market(s) allowlisted for NCAAF: moneyline, spread, total_points, alternate_spread, alternate_total_points, team_total, alternate_team_total, moneyline_h1, spread_h1, total_points_h1."
2026-10-01,401871049,False,2026-10-02T00:00:00Z,New Mexico State Aggies,Western Kentucky Hilltoppers,alternate_total_points,over,46.5,-350,betmgm,0.7228456558704369,-0.05493212190734087,"10 market(s) allowlisted for NCAAF: moneyline, spread, total_points, alternate_spread, alternate_total_points, team_total, alternate_team_total, moneyline_h1, spread_h1, total_points_h1."
2026-10-01,401871049,False,2026-10-02T00:00:00Z,New Mexico State Aggies,Western Kentucky Hilltoppers,alternate_total_points,over,67.5,280,betmgm,0.23631136871976835,-0.02684652601707374,"10 market(s) allowlisted for NCAAF: moneyline, spread, total_points, alternate_spread, alternate_total_points, team_total, alternate_team_total, moneyline_h1, spread_h1, total_points_h1."
2026-10-01,401871049,False,2026-10-02T00:00:00Z,New Mexico State Aggies,Western Kentucky Hilltoppers,alternate_total_points,over,45.5,-375,betmgm,0.7430502137221809,-0.046423470488345386,"10 market(s) allowlisted for NCAAF: moneyline, spread, total_points, alternate_spread, alternate_total_points, team_total, alternate_team_total, moneyline_h1, spread_h1, total_points_h1."
2026-10-01,401871049,False,2026-10-02T00:00:00Z,New Mexico State Aggies,Western Kentucky Hilltoppers,alternate_total_points,over,68.5,310,betmgm,0.2250673165945293,-0.018835122429860934,"10 market(s) allowlisted for NCAAF: moneyline, spread, total_points, alternate_spread, alternate_total_points, team_total, alternate_team_total, moneyline_h1, spread_h1, total_points_h1."
2026-10-01,401871049,False,2026-10-02T00:00:00Z,New Mexico State Aggies,Western Kentucky Hilltoppers,alternate_total_points,over,44.5,-450,betmgm,0.7683741882636674,-0.0498076299181508,"10 market(s) allowlisted for NCAAF: moneyline, spread, total_points, alternate_spread, alternate_total_points, team_total, alternate_team_total, moneyline_h1, spread_h1, total_points_h1."
2026-10-01,401871049,False,2026-10-02T00:00:00Z,New Mexico State Aggies,Western Kentucky Hilltoppers,alternate_total_points,over,69.5,350,betmgm,0.21266442418259685,-0.009557798039625365,"10 market(s) allowlisted for NCAAF: moneyline, spread, total_points, alternate_spread, alternate_total_points, team_total, alternate_team_total, moneyline_h1, spread_h1, total_points_h1."
2026-10-01,401871049,False,2026-10-02T00:00:00Z,New Mexico State Aggies,Western Kentucky Hilltoppers,alternate_total_points,over,43.5,-525,betmgm,0.7918146510941466,-0.048185348905853354,"10 market(s) allowlisted for NCAAF: moneyline, spread, total_points, alternate_spread, alternate_total_points, team_total, alternate_team_total, moneyline_h1, spread_h1, total_points_h1."
2026-10-01,401871049,False,2026-10-02T00:00:00Z,New Mexico State Aggies,Western Kentucky Hilltoppers,alternate_total_points,over,70.5,380,betmgm,0.19842152004365035,-0.009911813289682991,"10 market(s) allowlisted for NCAAF: moneyline, spread, total_points, alternate_spread, alternate_total_points, team_total, alternate_team_total, moneyline_h1, spread_h1, total_points_h1."
2026-10-01,401871049,False,2026-10-02T00:00:00Z,New Mexico State Aggies,Western Kentucky Hilltoppers,alternate_total_points,over,42.5,-600,betmgm,0.814403363191569,-0.042739493951288066,"10 market(s) allowlisted for NCAAF: moneyline, spread, total_points, alternate_spread, alternate_total_points, team_total, alternate_team_total, moneyline_h1, spread_h1, total_points_h1."
2026-10-01,401871049,False,2026-10-02T00:00:00Z,New Mexico State Aggies,Western Kentucky Hilltoppers,alternate_total_points,over,56.5,-108,betmgm,0.5000000162113298,-0.01923075301943944,"10 market(s) allowlisted for NCAAF: moneyline, spread, total_points, alternate_spread, alternate_total_points, team_total, alternate_team_total, moneyline_h1, spread_h1, total_points_h1."
2026-10-01,401871049,False,2026-10-02T00:00:00Z,New Mexico State Aggies,Western Kentucky Hilltoppers,alternate_total_points,over,53.5,-155,betmgm,0.5870182869037548,-0.020824850351147117,"10 market(s) allowlisted for NCAAF: moneyline, spread, total_points, alternate_spread, alternate_total_points, team_total, alternate_team_total, moneyline_h1, spread_h1, total_points_h1."
2026-10-01,401871049,False,2026-10-02T00:00:00Z,New Mexico State Aggies,Western Kentucky Hilltoppers,alternate_total_points,over,55.5,-120,betmgm,0.5222922337283343,-0.023162311726211082,"10 market(s) allowlisted for NCAAF: moneyline, spread, total_points, alternate_spread, alternate_total_points, team_total, alternate_team_total, moneyline_h1, spread_h1, total_points_h1."
2026-10-01,401871049,False,2026-10-02T00:00:00Z,New Mexico State Aggies,Western Kentucky Hilltoppers,alternate_total_points,over,54.5,-140,betmgm,0.5610573799445694,-0.02227595338876398,"10 market(s) allowlisted for NCAAF: moneyline, spread, total_points, alternate_spread, alternate_total_points, team_total, alternate_team_total, moneyline_h1, spread_h1, total_points_h1."
2026-10-01,401871049,False,2026-10-02T00:00:00Z,New Mexico State Aggies,Western Kentucky Hilltoppers,alternate_total_points,over,52.5,-165,betmgm,0.599540981335279,-0.023100528098683237,"10 market(s) allowlisted for NCAAF: moneyline, spread, total_points, alternate_spread, alternate_total_points, team_total, alternate_team_total, moneyline_h1, spread_h1, total_points_h1."
2026-10-01,401871049,False,2026-10-02T00:00:00Z,New Mexico State Aggies,Western Kentucky Hilltoppers,alternate_total_points,under,57.5,-130,betmgm,0.5182886072096544,-0.046928784094693365,"10 market(s) allowlisted for NCAAF: moneyline, spread, total_points, alternate_spread, alternate_total_points, team_total, alternate_team_total, moneyline_h1, spread_h1, total_points_h1."
2026-10-01,401871049,False,2026-10-02T00:00:00Z,New Mexico State Aggies,Western Kentucky Hilltoppers,alternate_total_points,under,58.5,-145,betmgm,0.5454613137932465,-0.04637542090063107,"10 market(s) allowlisted for NCAAF: moneyline, spread, total_points, alternate_spread, alternate_total_points, team_total, alternate_team_total, moneyline_h1, spread_h1, total_points_h1."
2026-10-01,401871049,False,2026-10-02T00:00:00Z,New Mexico State Aggies,Western Kentucky Hilltoppers,alternate_total_points,under,59.5,-165,betmgm,0.5791136968267954,-0.04352781260716687,"10 market(s) allowlisted for NCAAF: moneyline, spread, total_points, alternate_spread, alternate_total_points, team_total, alternate_team_total, moneyline_h1, spread_h1, total_points_h1."
2026-10-01,401871049,False,2026-10-02T00:00:00Z,New Mexico State Aggies,Western Kentucky Hilltoppers,alternate_total_points,under,60.5,-175,betmgm,0.5955183957987279,-0.04084524056490846,"10 market(s) allowlisted for NCAAF: moneyline, spread, total_points, alternate_spread, alternate_total_points, team_total, alternate_team_total, moneyline_h1, spread_h1, total_points_h1."
2026-10-01,401871049,False,2026-10-02T00:00:00Z,New Mexico State Aggies,Western Kentucky Hilltoppers,alternate_total_points,under,61.5,-200,betmgm,0.6272837538942995,-0.03938291277236716,"10 market(s) allowlisted for NCAAF: moneyline, spread, total_points, alternate_spread, alternate_total_points, team_total, alternate_team_total, moneyline_h1, spread_h1, total_points_h1."
2026-10-01,401871049,False,2026-10-02T00:00:00Z,New Mexico State Aggies,Western Kentucky Hilltoppers,alternate_total_points,under,62.5,-225,betmgm,0.6608033871173357,-0.03150430519035663,"10 market(s) allowlisted for NCAAF: moneyline, spread, total_points, alternate_spread, alternate_total_points, team_total, alternate_team_total, moneyline_h1, spread_h1, total_points_h1."
2026-10-01,401871049,False,2026-10-02T00:00:00Z,New Mexico State Aggies,Western Kentucky Hilltoppers,alternate_total_points,under,51.5,140,betmgm,0.3816691711923522,-0.034997495474314466,"10 market(s) allowlisted for NCAAF: moneyline, spread, total_points, alternate_spread, alternate_total_points, team_total, alternate_team_total, moneyline_h1, spread_h1, total_points_h1."
2026-10-01,401871049,False,2026-10-02T00:00:00Z,New Mexico State Aggies,Western Kentucky Hilltoppers,alternate_total_points,under,50.5,165,betmgm,0.35692108760740676,-0.020437402958631,"10 market(s) allowlisted for NCAAF: moneyline, spread, total_points, alternate_spread, alternate_total_points, team_total, alternate_team_total, moneyline_h1, spread_h1, total_points_h1."
2026-10-01,401871049,False,2026-10-02T00:00:00Z,New Mexico State Aggies,Western Kentucky Hilltoppers,alternate_total_points,under,49.5,180,betmgm,0.339934848581384,-0.017208008561473143,"10 market(s) allowlisted for NCAAF: moneyline, spread, total_points, alternate_spread, alternate_total_points, team_total, alternate_team_total, moneyline_h1, spread_h1, total_points_h1."
2026-10-01,401871049,False,2026-10-02T00:00:00Z,New Mexico State Aggies,Western Kentucky Hilltoppers,alternate_total_points,under,64.5,-275,betmgm,0.7017807544043723,-0.03155257892896102,"10 market(s) allowlisted for NCAAF: moneyline, spread, total_points, alternate_spread, alternate_total_points, team_total, alternate_team_total, moneyline_h1, spread_h1, total_points_h1."
2026-10-01,401871049,False,2026-10-02T00:00:00Z,New Mexico State Aggies,Western Kentucky Hilltoppers,alternate_total_points,under,63.5,-250,betmgm,0.6871775364952369,-0.02710817779047736,"10 market(s) allowlisted for NCAAF: moneyline, spread, total_points, alternate_spread, alternate_total_points, team_total, alternate_team_total, moneyline_h1, spread_h1, total_points_h1."
2026-10-01,401871049,False,2026-10-02T00:00:00Z,New Mexico State Aggies,Western Kentucky Hilltoppers,alternate_total_points,under,48.5,200,betmgm,0.3206891558463479,-0.01264417748698543,"10 market(s) allowlisted for NCAAF: moneyline, spread, total_points, alternate_spread, alternate_total_points, team_total, alternate_team_total, moneyline_h1, spread_h1, total_points_h1."
2026-10-01,401871049,False,2026-10-02T00:00:00Z,New Mexico State Aggies,Western Kentucky Hilltoppers,alternate_total_points,under,47.5,225,betmgm,0.29588362228568327,-0.011808685406624442,"10 market(s) allowlisted for NCAAF: moneyline, spread, total_points, alternate_spread, alternate_total_points, team_total, alternate_team_total, moneyline_h1, spread_h1, total_points_h1."
2026-10-01,401871049,False,2026-10-02T00:00:00Z,New Mexico State Aggies,Western Kentucky Hilltoppers,alternate_total_points,under,65.5,-325,betmgm,0.7272099961764997,-0.037495886176441395,"10 market(s) allowlisted for NCAAF: moneyline, spread, total_points, alternate_spread, alternate_total_points, team_total, alternate_team_total, moneyline_h1, spread_h1, total_points_h1."
2026-10-01,401871049,False,2026-10-02T00:00:00Z,New Mexico State Aggies,Western Kentucky Hilltoppers,alternate_total_points,under,66.5,-375,betmgm,0.7510712688651235,-0.038402415345402785,"10 market(s) allowlisted for NCAAF: moneyline, spread, total_points, alternate_spread, alternate_total_points, team_total, alternate_team_total, moneyline_h1, spread_h1, total_points_h1."
2026-10-01,401871049,False,2026-10-02T00:00:00Z,New Mexico State Aggies,Western Kentucky Hilltoppers,alternate_total_points,under,46.5,250,betmgm,0.2771543441295633,-0.008559941584722397,"10 market(s) allowlisted for NCAAF: moneyline, spread, total_points, alternate_spread, alternate_total_points, team_total, alternate_team_total, moneyline_h1, spread_h1, total_points_h1."
2026-10-01,401871049,False,2026-10-02T00:00:00Z,New Mexico State Aggies,Western Kentucky Hilltoppers,alternate_total_points,under,67.5,-400,betmgm,0.7636886312802318,-0.036311368719768256,"10 market(s) allowlisted for NCAAF: moneyline, spread, total_points, alternate_spread, alternate_total_points, team_total, alternate_team_total, moneyline_h1, spread_h1, total_points_h1."
2026-10-01,401871049,False,2026-10-02T00:00:00Z,New Mexico State Aggies,Western Kentucky Hilltoppers,alternate_total_points,under,45.5,270,betmgm,0.2569497862778194,-0.013320483992450893,"10 market(s) allowlisted for NCAAF: moneyline, spread, total_points, alternate_spread, alternate_total_points, team_total, alternate_team_total, moneyline_h1, spread_h1, total_points_h1."
2026-10-01,401871049,False,2026-10-02T00:00:00Z,New Mexico State Aggies,Western Kentucky Hilltoppers,alternate_total_points,under,68.5,-450,betmgm,0.7749326834054708,-0.0432491347763474,"10 market(s) allowlisted for NCAAF: moneyline, spread, total_points, alternate_spread, alternate_total_points, team_total, alternate_team_total, moneyline_h1, spread_h1, total_points_h1."
2026-10-01,401871049,False,2026-10-02T00:00:00Z,New Mexico State Aggies,Western Kentucky Hilltoppers,alternate_total_points,under,44.5,310,betmgm,0.23162581173633284,-0.012276627288057396,"10 market(s) allowlisted for NCAAF: moneyline, spread, total_points, alternate_spread, alternate_total_points, team_total, alternate_team_total, moneyline_h1, spread_h1, total_points_h1."
2026-10-01,401871049,False,2026-10-02T00:00:00Z,New Mexico State Aggies,Western Kentucky Hilltoppers,alternate_total_points,under,69.5,-525,betmgm,0.7873355758174033,-0.05266442418259665,"10 market(s) allowlisted for NCAAF: moneyline, spread, total_points, alternate_spread, alternate_total_points, team_total, alternate_team_total, moneyline_h1, spread_h1, total_points_h1."
2026-10-01,401871049,False,2026-10-02T00:00:00Z,New Mexico State Aggies,Western Kentucky Hilltoppers,alternate_total_points,under,43.5,360,betmgm,0.20818534890585363,-0.009205955441972447,"10 market(s) allowlisted for NCAAF: moneyline, spread, total_points, alternate_spread, alternate_total_points, team_total, alternate_team_total, moneyline_h1, spread_h1, total_points_h1."
2026-10-01,401871049,False,2026-10-02T00:00:00Z,New Mexico State Aggies,Western Kentucky Hilltoppers,alternate_total_points,under,70.5,-600,betmgm,0.8015784799563498,-0.05556437718650731,"10 market(s) allowlisted for NCAAF: moneyline, spread, total_points, alternate_spread, alternate_total_points, team_total, alternate_team_total, moneyline_h1, spread_h1, total_points_h1."
2026-10-01,401871049,False,2026-10-02T00:00:00Z,New Mexico State Aggies,Western Kentucky Hilltoppers,alternate_total_points,under,42.5,400,betmgm,0.1855966368084313,-0.014403363191568708,"10 market(s) allowlisted for NCAAF: moneyline, spread, total_points, alternate_spread, alternate_total_points, team_total, alternate_team_total, moneyline_h1, spread_h1, total_points_h1."
2026-10-01,401871049,False,2026-10-02T00:00:00Z,New Mexico State Aggies,Western Kentucky Hilltoppers,alternate_total_points,under,56.5,-112,betmgm,0.49999998378867,-0.028301903003782825,"10 market(s) allowlisted for NCAAF: moneyline, spread, total_points, alternate_spread, alternate_total_points, team_total, alternate_team_total, moneyline_h1, spread_h1, total_points_h1."
2026-10-01,401871049,False,2026-10-02T00:00:00Z,New Mexico State Aggies,Western Kentucky Hilltoppers,alternate_total_points,under,53.5,120,betmgm,0.41298171309624543,-0.0415637414492091,"10 market(s) allowlisted for NCAAF: moneyline, spread, total_points, alternate_spread, alternate_total_points, team_total, alternate_team_total, moneyline_h1, spread_h1, total_points_h1."
2026-10-01,401871049,False,2026-10-02T00:00:00Z,New Mexico State Aggies,Western Kentucky Hilltoppers,alternate_total_points,under,55.5,-110,betmgm,0.47770776627166556,-0.04610175753785828,"10 market(s) allowlisted for NCAAF: moneyline, spread, total_points, alternate_spread, alternate_total_points, team_total, alternate_team_total, moneyline_h1, spread_h1, total_points_h1."
2026-10-01,401871049,False,2026-10-02T00:00:00Z,New Mexico State Aggies,Western Kentucky Hilltoppers,alternate_total_points,under,54.5,105,betmgm,0.4389426200554308,-0.0488622579933497,"10 market(s) allowlisted for NCAAF: moneyline, spread, total_points, alternate_spread, alternate_total_points, team_total, alternate_team_total, moneyline_h1, spread_h1, total_points_h1."
2026-10-01,401871049,False,2026-10-02T00:00:00Z,New Mexico State Aggies,Western Kentucky Hilltoppers,alternate_total_points,under,52.5,125,betmgm,0.40045901866472117,-0.04398542577972325,"10 market(s) allowlisted for NCAAF: moneyline, spread, total_points, alternate_spread, alternate_total_points, team_total, alternate_team_total, moneyline_h1, spread_h1, total_points_h1."
2026-10-01,401871049,False,2026-10-02T00:00:00Z,New Mexico State Aggies,Western Kentucky Hilltoppers,alternate_spread,home,1.0,-145,bovada,0.5506068429076802,-0.04122989178619729,"10 market(s) allowlisted for NCAAF: moneyline, spread, total_points, alternate_spread, alternate_total_points, team_total, alternate_team_total, moneyline_h1, spread_h1, total_points_h1."
2026-10-01,401871049,False,2026-10-02T00:00:00Z,New Mexico State Aggies,Western Kentucky Hilltoppers,alternate_spread,home,-1.0,-130,bovada,0.5260726247956752,-0.0391447665086726,"10 market(s) allowlisted for NCAAF: moneyline, spread, total_points, alternate_spread, alternate_total_points, team_total, alternate_team_total, moneyline_h1, spread_h1, total_points_h1."
2026-10-01,401871049,False,2026-10-02T00:00:00Z,New Mexico State Aggies,Western Kentucky Hilltoppers,alternate_spread,home,-1.5,-125,bovada,0.5176424772865051,-0.03791307826905044,"10 market(s) allowlisted for NCAAF: moneyline, spread, total_points, alternate_spread, alternate_total_points, team_total, alternate_team_total, moneyline_h1, spread_h1, total_points_h1."
2026-10-01,401871049,False,2026-10-02T00:00:00Z,New Mexico State Aggies,Western Kentucky Hilltoppers,alternate_spread,home,-2.0,-120,bovada,0.5089796541687548,-0.03647489128579062,"10 market(s) allowlisted for NCAAF: moneyline, spread, total_points, alternate_spread, alternate_total_points, team_total, alternate_team_total, moneyline_h1, spread_h1, total_points_h1."
2026-10-01,401871049,False,2026-10-02T00:00:00Z,New Mexico State Aggies,Western Kentucky Hilltoppers,alternate_spread,home,-3.0,105,bovada,0.4658690909355284,-0.02193578711325206,"10 market(s) allowlisted for NCAAF: moneyline, spread, total_points, alternate_spread, alternate_total_points, team_total, alternate_team_total, moneyline_h1, spread_h1, total_points_h1."
2026-10-01,401871049,False,2026-10-02T00:00:00Z,New Mexico State Aggies,Western Kentucky Hilltoppers,alternate_spread,home,-3.5,120,bovada,0.43610011877882165,-0.018445335766632875,"10 market(s) allowlisted for NCAAF: moneyline, spread, total_points, alternate_spread, alternate_total_points, team_total, alternate_team_total, moneyline_h1, spread_h1, total_points_h1."
2026-10-01,401871049,False,2026-10-02T00:00:00Z,New Mexico State Aggies,Western Kentucky Hilltoppers,alternate_spread,home,-4.0,125,bovada,0.41055793604959195,-0.033886508394852466,"10 market(s) allowlisted for NCAAF: moneyline, spread, total_points, alternate_spread, alternate_total_points, team_total, alternate_team_total, moneyline_h1, spread_h1, total_points_h1."
2026-10-01,401871049,False,2026-10-02T00:00:00Z,New Mexico State Aggies,Western Kentucky Hilltoppers,alternate_spread,home,-4.5,135,bovada,0.39276730578266833,-0.032764609110948695,"10 market(s) allowlisted for NCAAF: moneyline, spread, total_points, alternate_spread, alternate_total_points, team_total, alternate_team_total, moneyline_h1, spread_h1, total_points_h1."
2026-10-01,401871049,False,2026-10-02T00:00:00Z,New Mexico State Aggies,Western Kentucky Hilltoppers,alternate_spread,away,-1.0,110,bovada,0.44939315709232,-0.02679731909815619,"10 market(s) allowlisted for NCAAF: moneyline, spread, total_points, alternate_spread, alternate_total_points, team_total, alternate_team_total, moneyline_h1, spread_h1, total_points_h1."
2026-10-01,401871049,False,2026-10-02T00:00:00Z,New Mexico State Aggies,Western Kentucky Hilltoppers,alternate_spread,away,1.0,100,bovada,0.47392737520432493,-0.02607262479567507,"10 market(s) allowlisted for NCAAF: moneyline, spread, total_points, alternate_spread, alternate_total_points, team_total, alternate_team_total, moneyline_h1, spread_h1, total_points_h1."
2026-10-01,401871049,False,2026-10-02T00:00:00Z,New Mexico State Aggies,Western Kentucky Hilltoppers,alternate_spread,away,1.5,-105,bovada,0.482357522713495,-0.0298375992377245,"10 market(s) allowlisted for NCAAF: moneyline, spread, total_points, alternate_spread, alternate_total_points, team_total, alternate_team_total, moneyline_h1, spread_h1, total_points_h1."
2026-10-01,401871049,False,2026-10-02T00:00:00Z,New Mexico State Aggies,Western Kentucky Hilltoppers,alternate_spread,away,2.0,-110,bovada,0.4910203458312455,-0.03278917797827835,"10 market(s) allowlisted for NCAAF: moneyline, spread, total_points, alternate_spread, alternate_total_points, team_total, alternate_team_total, moneyline_h1, spread_h1, total_points_h1."
2026-10-01,401871049,False,2026-10-02T00:00:00Z,New Mexico State Aggies,Western Kentucky Hilltoppers,alternate_spread,away,3.0,-135,bovada,0.5341309090644718,-0.04033717604191123,"10 market(s) allowlisted for NCAAF: moneyline, spread, total_points, alternate_spread, alternate_total_points, team_total, alternate_team_total, moneyline_h1, spread_h1, total_points_h1."
2026-10-01,401871049,False,2026-10-02T00:00:00Z,New Mexico State Aggies,Western Kentucky Hilltoppers,alternate_spread,away,3.5,-160,bovada,0.5638998812211785,-0.05148473416343691,"10 market(s) allowlisted for NCAAF: moneyline, spread, total_points, alternate_spread, alternate_total_points, team_total, alternate_team_total, moneyline_h1, spread_h1, total_points_h1."
2026-10-01,401871049,False,2026-10-02T00:00:00Z,New Mexico State Aggies,Western Kentucky Hilltoppers,alternate_spread,away,4.0,-165,bovada,0.5894420639504082,-0.033199445483554024,"10 market(s) allowlisted for NCAAF: moneyline, spread, total_points, alternate_spread, alternate_total_points, team_total, alternate_team_total, moneyline_h1, spread_h1, total_points_h1."
2026-10-01,401871049,False,2026-10-02T00:00:00Z,New Mexico State Aggies,Western Kentucky Hilltoppers,alternate_spread,away,4.5,-180,bovada,0.6072326942173318,-0.03562444863981107,"10 market(s) allowlisted for NCAAF: moneyline, spread, total_points, alternate_spread, alternate_total_points, team_total, alternate_team_total, moneyline_h1, spread_h1, total_points_h1."
2026-10-01,401871049,False,2026-10-02T00:00:00Z,New Mexico State Aggies,Western Kentucky Hilltoppers,alternate_total_points,over,54.5,-145,bovada,0.5610573799445694,-0.030779354749308152,"10 market(s) allowlisted for NCAAF: moneyline, spread, total_points, alternate_spread, alternate_total_points, team_total, alternate_team_total, moneyline_h1, spread_h1, total_points_h1."
2026-10-01,401871049,False,2026-10-02T00:00:00Z,New Mexico State Aggies,Western Kentucky Hilltoppers,alternate_total_points,over,55.0,-135,bovada,0.5433554886949893,-0.031112596411393745,"10 market(s) allowlisted for NCAAF: moneyline, spread, total_points, alternate_spread, alternate_total_points, team_total, alternate_team_total, moneyline_h1, spread_h1, total_points_h1."
2026-10-01,401871049,False,2026-10-02T00:00:00Z,New Mexico State Aggies,Western Kentucky Hilltoppers,alternate_total_points,over,55.5,-130,bovada,0.5222922337283343,-0.04292515757601345,"10 market(s) allowlisted for NCAAF: moneyline, spread, total_points, alternate_spread, alternate_total_points, team_total, alternate_team_total, moneyline_h1, spread_h1, total_points_h1."
2026-10-01,401871049,False,2026-10-02T00:00:00Z,New Mexico State Aggies,Western Kentucky Hilltoppers,alternate_total_points,over,56.0,-120,bovada,0.5114002620921408,-0.03405428336240457,"10 market(s) allowlisted for NCAAF: moneyline, spread, total_points, alternate_spread, alternate_total_points, team_total, alternate_team_total, moneyline_h1, spread_h1, total_points_h1."
2026-10-01,401871049,False,2026-10-02T00:00:00Z,New Mexico State Aggies,Western Kentucky Hilltoppers,alternate_total_points,over,57.0,-110,bovada,0.49068535241892824,-0.03312417139059559,"10 market(s) allowlisted for NCAAF: moneyline, spread, total_points, alternate_spread, alternate_total_points, team_total, alternate_team_total, moneyline_h1, spread_h1, total_points_h1."
2026-10-01,401871049,False,2026-10-02T00:00:00Z,New Mexico State Aggies,Western Kentucky Hilltoppers,alternate_total_points,over,57.5,-105,bovada,0.4817113927903454,-0.030483729160874107,"10 market(s) allowlisted for NCAAF: moneyline, spread, total_points, alternate_spread, alternate_total_points, team_total, alternate_team_total, moneyline_h1, spread_h1, total_points_h1."
2026-10-01,401871049,False,2026-10-02T00:00:00Z,New Mexico State Aggies,Western Kentucky Hilltoppers,alternate_total_points,over,58.0,105,bovada,0.46723471810755735,-0.020570159941223132,"10 market(s) allowlisted for NCAAF: moneyline, spread, total_points, alternate_spread, alternate_total_points, team_total, alternate_team_total, moneyline_h1, spread_h1, total_points_h1."
2026-10-01,401871049,False,2026-10-02T00:00:00Z,New Mexico State Aggies,Western Kentucky Hilltoppers,alternate_total_points,over,58.5,110,bovada,0.45453868620675336,-0.021651789983722802,"10 market(s) allowlisted for NCAAF: moneyline, spread, total_points, alternate_spread, alternate_total_points, team_total, alternate_team_total, moneyline_h1, spread_h1, total_points_h1."
2026-10-01,401871049,False,2026-10-02T00:00:00Z,New Mexico State Aggies,Western Kentucky Hilltoppers,alternate_total_points,under,54.5,110,bovada,0.4389426200554308,-0.03724785613504539,"10 market(s) allowlisted for NCAAF: moneyline, spread, total_points, alternate_spread, alternate_total_points, team_total, alternate_team_total, moneyline_h1, spread_h1, total_points_h1."
2026-10-01,401871049,False,2026-10-02T00:00:00Z,New Mexico State Aggies,Western Kentucky Hilltoppers,alternate_total_points,under,55.0,105,bovada,0.4566445113050106,-0.031160366743769874,"10 market(s) allowlisted for NCAAF: moneyline, spread, total_points, alternate_spread, alternate_total_points, team_total, alternate_team_total, moneyline_h1, spread_h1, total_points_h1."
2026-10-01,401871049,False,2026-10-02T00:00:00Z,New Mexico State Aggies,Western Kentucky Hilltoppers,alternate_total_points,under,55.5,100,bovada,0.47770776627166556,-0.022292233728334443,"10 market(s) allowlisted for NCAAF: moneyline, spread, total_points, alternate_spread, alternate_total_points, team_total, alternate_team_total, moneyline_h1, spread_h1, total_points_h1."
2026-10-01,401871049,False,2026-10-02T00:00:00Z,New Mexico State Aggies,Western Kentucky Hilltoppers,alternate_total_points,under,56.0,-110,bovada,0.4885997379078589,-0.03520978590166496,"10 market(s) allowlisted for NCAAF: moneyline, spread, total_points, alternate_spread, alternate_total_points, team_total, alternate_team_total, moneyline_h1, spread_h1, total_points_h1."
2026-10-01,401871049,False,2026-10-02T00:00:00Z,New Mexico State Aggies,Western Kentucky Hilltoppers,alternate_total_points,under,57.0,-120,bovada,0.5093146475810716,-0.036139897873473825,"10 market(s) allowlisted for NCAAF: moneyline, spread, total_points, alternate_spread, alternate_total_points, team_total, alternate_team_total, moneyline_h1, spread_h1, total_points_h1."
2026-10-01,401871049,False,2026-10-02T00:00:00Z,New Mexico State Aggies,Western Kentucky Hilltoppers,alternate_total_points,under,57.5,-125,bovada,0.5182886072096544,-0.03726694834590116,"10 market(s) allowlisted for NCAAF: moneyline, spread, total_points, alternate_spread, alternate_total_points, team_total, alternate_team_total, moneyline_h1, spread_h1, total_points_h1."
2026-10-01,401871049,False,2026-10-02T00:00:00Z,New Mexico State Aggies,Western Kentucky Hilltoppers,alternate_total_points,under,58.0,-135,bovada,0.5327652818924424,-0.0417028032139406,"10 market(s) allowlisted for NCAAF: moneyline, spread, total_points, alternate_spread, alternate_total_points, team_total, alternate_team_total, moneyline_h1, spread_h1, total_points_h1."
2026-10-01,401871049,False,2026-10-02T00:00:00Z,New Mexico State Aggies,Western Kentucky Hilltoppers,alternate_total_points,under,58.5,-145,bovada,0.5454613137932465,-0.04637542090063107,"10 market(s) allowlisted for NCAAF: moneyline, spread, total_points, alternate_spread, alternate_total_points, team_total, alternate_team_total, moneyline_h1, spread_h1, total_points_h1."
2026-10-01,401862786,False,2026-10-02T01:00:00Z,Tulsa Golden Hurricane,North Texas Mean Green,alternate_spread,away,27.5,-7000,fanduel,0.9693184146985094,-0.016597078259237064,"10 market(s) allowlisted for NCAAF: moneyline, spread, total_points, alternate_spread, alternate_total_points, team_total, alternate_team_total, moneyline_h1, spread_h1, total_points_h1."
2026-10-01,401862786,False,2026-10-02T01:00:00Z,Tulsa Golden Hurricane,North Texas Mean Green,alternate_spread,away,26.5,-6000,fanduel,0.9606477035863411,-0.022958853790708056,"10 market(s) allowlisted for NCAAF: moneyline, spread, total_points, alternate_spread, alternate_total_points, team_total, alternate_team_total, moneyline_h1, spread_h1, total_points_h1."
2026-10-01,401862786,False,2026-10-02T01:00:00Z,Tulsa Golden Hurricane,North Texas Mean Green,alternate_spread,away,25.5,-6000,fanduel,0.9572046509194561,-0.026401906457593105,"10 market(s) allowlisted for NCAAF: moneyline, spread, total_points, alternate_spread, alternate_total_points, team_total, alternate_team_total, moneyline_h1, spread_h1, total_points_h1."
2026-10-01,401862786,False,2026-10-02T01:00:00Z,Tulsa Golden Hurricane,North Texas Mean Green,alternate_spread,away,24.5,-5000,fanduel,0.9554269032659756,-0.024965253596769488,"10 market(s) allowlisted for NCAAF: moneyline, spread, total_points, alternate_spread, alternate_total_points, team_total, alternate_team_total, moneyline_h1, spread_h1, total_points_h1."
2026-10-01,401862786,False,2026-10-02T01:00:00Z,Tulsa Golden Hurricane,North Texas Mean Green,alternate_spread,away,23.5,-4000,fanduel,0.9457006002827654,-0.029909155814795585,"10 market(s) allowlisted for NCAAF: moneyline, spread, total_points, alternate_spread, alternate_total_points, team_total, alternate_team_total, moneyline_h1, spread_h1, total_points_h1."
2026-10-01,401862786,False,2026-10-02T01:00:00Z,Tulsa Golden Hurricane,North Texas Mean Green,alternate_spread,away,22.5,-3500,fanduel,0.9419015215228982,-0.03032070069932402,"10 market(s) allowlisted for NCAAF: moneyline, spread, total_points, alternate_spread, alternate_total_points, team_total, alternate_team_total, moneyline_h1, spread_h1, total_points_h1."
2026-10-01,401862786,False,2026-10-02T01:00:00Z,Tulsa Golden Hurricane,North Texas Mean Green,alternate_spread,away,21.5,-3000,fanduel,0.9391313082151516,-0.028610627268719435,"10 market(s) allowlisted for NCAAF: moneyline, spread, total_points, alternate_spread, alternate_total_points, team_total, alternate_team_total, moneyline_h1, spread_h1, total_points_h1."
2026-10-01,401862786,False,2026-10-02T01:00:00Z,Tulsa Golden Hurricane,North Texas Mean Green,alternate_spread,away,20.5,-2200,fanduel,0.9219468034783749,-0.034574935652059935,"10 market(s) allowlisted for NCAAF: moneyline, spread, total_points, alternate_spread, alternate_total_points, team_total, alternate_team_total, moneyline_h1, spread_h1, total_points_h1."
2026-10-01,401862786,False,2026-10-02T01:00:00Z,Tulsa Golden Hurricane,North Texas Mean Green,alternate_spread,away,19.5,-1800,fanduel,0.9114017343674647,-0.03596668668516678,"10 market(s) allowlisted for NCAAF: moneyline, spread, total_points, alternate_spread, alternate_total_points, team_total, alternate_team_total, moneyline_h1, spread_h1, total_points_h1."
2026-10-01,401862786,False,2026-10-02T01:00:00Z,Tulsa Golden Hurricane,North Texas Mean Green,alternate_spread,away,18.5,-1600,fanduel,0.9004192216227564,-0.04075724896547883,"10 market(s) allowlisted for NCAAF: moneyline, spread, total_points, alternate_spread, alternate_total_points, team_total, alternate_team_total, moneyline_h1, spread_h1, total_points_h1."
2026-10-01,401862786,False,2026-10-02T01:00:00Z,Tulsa Golden Hurricane,North Texas Mean Green,alternate_spread,away,17.5,-1200,fanduel,0.8930373303765423,-0.030039592700380813,"10 market(s) allowlisted for NCAAF: moneyline, spread, total_points, alternate_spread, alternate_total_points, team_total, alternate_team_total, moneyline_h1, spread_h1, total_points_h1."
2026-10-01,401862786,False,2026-10-02T01:00:00Z,Tulsa Golden Hurricane,North Texas Mean Green,alternate_spread,away,16.5,-1000,fanduel,0.8817416632221327,-0.027349245868776406,"10 market(s) allowlisted for NCAAF: moneyline, spread, total_points, alternate_spread, alternate_total_points, team_total, alternate_team_total, moneyline_h1, spread_h1, total_points_h1."
2026-10-01,401862786,False,2026-10-02T01:00:00Z,Tulsa Golden Hurricane,North Texas Mean Green,alternate_spread,away,15.5,-900,fanduel,0.8695260088609338,-0.030473991139066237,"10 market(s) allowlisted for NCAAF: moneyline, spread, total_points, alternate_spread, alternate_total_points, team_total, alternate_team_total, moneyline_h1, spread_h1, total_points_h1."
2026-10-01,401862786,False,2026-10-02T01:00:00Z,Tulsa Golden Hurricane,North Texas Mean Green,alternate_spread,away,14.5,-900,fanduel,0.8535472180099313,-0.04645278199006875,"10 market(s) allowlisted for NCAAF: moneyline, spread, total_points, alternate_spread, alternate_total_points, team_total, alternate_team_total, moneyline_h1, spread_h1, total_points_h1."
2026-10-01,401862786,False,2026-10-02T01:00:00Z,Tulsa Golden Hurricane,North Texas Mean Green,alternate_spread,away,13.5,-700,fanduel,0.8269968873551664,-0.04800311264483359,"10 market(s) allowlisted for NCAAF: moneyline, spread, total_points, alternate_spread, alternate_total_points, team_total, alternate_team_total, moneyline_h1, spread_h1, total_points_h1."
2026-10-01,401862786,False,2026-10-02T01:00:00Z,Tulsa Golden Hurricane,North Texas Mean Green,alternate_spread,away,12.5,-650,fanduel,0.8077757131434651,-0.05889095352320162,"10 market(s) allowlisted for NCAAF: moneyline, spread, total_points, alternate_spread, alternate_total_points, team_total, alternate_team_total, moneyline_h1, spread_h1, total_points_h1."
2026-10-01,401862786,False,2026-10-02T01:00:00Z,Tulsa Golden Hurricane,North Texas Mean Green,alternate_spread,away,11.5,-560,fanduel,0.8032512473651123,-0.04523360111973618,"10 market(s) allowlisted for NCAAF: moneyline, spread, total_points, alternate_spread, alternate_total_points, team_total, alternate_team_total, moneyline_h1, spread_h1, total_points_h1."
2026-10-01,401862786,False,2026-10-02T01:00:00Z,Tulsa Golden Hurricane,North Texas Mean Green,alternate_spread,away,10.5,-520,fanduel,0.7874884082838277,-0.05122126913552716,"10 market(s) allowlisted for NCAAF: moneyline, spread, total_points, alternate_spread, alternate_total_points, team_total, alternate_team_total, moneyline_h1, spread_h1, total_points_h1."
2026-10-01,401862786,False,2026-10-02T01:00:00Z,Tulsa Golden Hurricane,North Texas Mean Green,alternate_spread,away,9.5,-400,fanduel,0.7711370351903652,-0.028862964809634795,"10 market(s) allowlisted for NCAAF: moneyline, spread, total_points, alternate_spread, alternate_total_points, team_total, alternate_team_total, moneyline_h1, spread_h1, total_points_h1."
2026-10-01,401862786,False,2026-10-02T01:00:00Z,Tulsa Golden Hurricane,North Texas Mean Green,alternate_spread,away,8.5,-370,fanduel,0.7621329566828957,-0.025101085870295803,"10 market(s) allowlisted for NCAAF: moneyline, spread, total_points, alternate_spread, alternate_total_points, team_total, alternate_team_total, moneyline_h1, spread_h1, total_points_h1."
2026-10-01,401862786,False,2026-10-02T01:00:00Z,Tulsa Golden Hurricane,North Texas Mean Green,alternate_spread,away,7.5,-340,fanduel,0.7400172493384151,-0.032710023388857645,"10 market(s) allowlisted for NCAAF: moneyline, spread, total_points, alternate_spread, alternate_total_points, team_total, alternate_team_total, moneyline_h1, spread_h1, total_points_h1."
2026-10-01,401862786,False,2026-10-02T01:00:00Z,Tulsa Golden Hurricane,North Texas Mean Green,alternate_spread,away,6.5,-265,fanduel,0.6952259763292171,-0.030801420931056867,"10 market(s) allowlisted for NCAAF: moneyline, spread, total_points, alternate_spread, alternate_total_points, team_total, alternate_team_total, moneyline_h1, spread_h1, total_points_h1."
2026-10-01,401862786,False,2026-10-02T01:00:00Z,Tulsa Golden Hurricane,North Texas Mean Green,alternate_spread,away,5.5,-230,fanduel,0.6697952016743569,-0.027174495295340106,"10 market(s) allowlisted for NCAAF: moneyline, spread, total_points, alternate_spread, alternate_total_points, team_total, alternate_team_total, moneyline_h1, spread_h1, total_points_h1."
2026-10-01,401862786,False,2026-10-02T01:00:00Z,Tulsa Golden Hurricane,North Texas Mean Green,alternate_spread,away,4.5,-210,fanduel,0.6526133977752724,-0.024805957063437245,"10 market(s) allowlisted for NCAAF: moneyline, spread, total_points, alternate_spread, alternate_total_points, team_total, alternate_team_total, moneyline_h1, spread_h1, total_points_h1."
2026-10-01,401862786,False,2026-10-02T01:00:00Z,Tulsa Golden Hurricane,North Texas Mean Green,alternate_spread,away,3.5,-186,fanduel,0.6355287333332482,-0.014820917016402091,"10 market(s) allowlisted for NCAAF: moneyline, spread, total_points, alternate_spread, alternate_total_points, team_total, alternate_team_total, moneyline_h1, spread_h1, total_points_h1."
2026-10-01,401862786,False,2026-10-02T01:00:00Z,Tulsa Golden Hurricane,North Texas Mean Green,alternate_spread,away,2.5,-146,fanduel,0.5723831881984668,-0.021112746760882817,"10 market(s) allowlisted for NCAAF: moneyline, spread, total_points, alternate_spread, alternate_total_points, team_total, alternate_team_total, moneyline_h1, spread_h1, total_points_h1."
2026-10-01,401862786,False,2026-10-02T01:00:00Z,Tulsa Golden Hurricane,North Texas Mean Green,alternate_spread,away,1.5,-132,fanduel,0.5426261867667567,-0.02633933047462267,"10 market(s) allowlisted for NCAAF: moneyline, spread, total_points, alternate_spread, alternate_total_points, team_total, alternate_team_total, moneyline_h1, spread_h1, total_points_h1."
2026-10-01,401862786,False,2026-10-02T01:00:00Z,Tulsa Golden Hurricane,North Texas Mean Green,alternate_spread,away,-1.5,-113,fanduel,0.5000000161372509,-0.030516415787631757,"10 market(s) allowlisted for NCAAF: moneyline, spread, total_points, alternate_spread, alternate_total_points, team_total, alternate_team_total, moneyline_h1, spread_h1, total_points_h1."
2026-10-01,401862786,False,2026-10-02T01:00:00Z,Tulsa Golden Hurricane,North Texas Mean Green,alternate_spread,away,-2.5,-104,fanduel,0.46476884757065007,-0.04503507399797735,"10 market(s) allowlisted for NCAAF: moneyline, spread, total_points, alternate_spread, alternate_total_points, team_total, alternate_team_total, moneyline_h1, spread_h1, total_points_h1."
2026-10-01,401862786,False,2026-10-02T01:00:00Z,Tulsa Golden Hurricane,North Texas Mean Green,alternate_spread,away,-3.5,126,fanduel,0.3989405905191308,-0.043537285587063934,"10 market(s) allowlisted for NCAAF: moneyline, spread, total_points, alternate_spread, alternate_total_points, team_total, alternate_team_total, moneyline_h1, spread_h1, total_points_h1."
2026-10-01,401862786,False,2026-10-02T01:00:00Z,Tulsa Golden Hurricane,North Texas Mean Green,alternate_spread,away,-4.5,140,fanduel,0.37662881429724915,-0.04003785236941754,"10 market(s) allowlisted for NCAAF: moneyline, spread, total_points, alternate_spread, alternate_total_points, team_total, alternate_team_total, moneyline_h1, spread_h1, total_points_h1."
2026-10-01,401862786,False,2026-10-02T01:00:00Z,Tulsa Golden Hurricane,North Texas Mean Green,alternate_spread,away,-5.5,152,fanduel,0.36754104674143323,-0.029284350083963573,"10 market(s) allowlisted for NCAAF: moneyline, spread, total_points, alternate_spread, alternate_total_points, team_total, alternate_team_total, moneyline_h1, spread_h1, total_points_h1."
2026-10-01,401862786,False,2026-10-02T01:00:00Z,Tulsa Golden Hurricane,North Texas Mean Green,alternate_spread,away,-6.5,168,fanduel,0.3448612806909655,-0.02827304766724348,"10 market(s) allowlisted for NCAAF: moneyline, spread, total_points, alternate_spread, alternate_total_points, team_total, alternate_team_total, moneyline_h1, spread_h1, total_points_h1."
2026-10-01,401862786,False,2026-10-02T01:00:00Z,Tulsa Golden Hurricane,North Texas Mean Green,alternate_spread,away,-7.5,215,fanduel,0.3082429782007017,-0.009217339259615764,"10 market(s) allowlisted for NCAAF: moneyline, spread, total_points, alternate_spread, alternate_total_points, team_total, alternate_team_total, moneyline_h1, spread_h1, total_points_h1."
2026-10-01,401862786,False,2026-10-02T01:00:00Z,Tulsa Golden Hurricane,North Texas Mean Green,alternate_spread,away,-8.5,230,fanduel,0.29024046636687634,-0.012789836663426701,"10 market(s) allowlisted for NCAAF: moneyline, spread, total_points, alternate_spread, alternate_total_points, team_total, alternate_team_total, moneyline_h1, spread_h1, total_points_h1."
2026-10-01,401862786,False,2026-10-02T01:00:00Z,Tulsa Golden Hurricane,North Texas Mean Green,alternate_spread,away,-9.5,240,fanduel,0.2831675670296465,-0.010950080029177023,"10 market(s) allowlisted for NCAAF: moneyline, spread, total_points, alternate_spread, alternate_total_points, team_total, alternate_team_total, moneyline_h1, spread_h1, total_points_h1."
2026-10-01,401862786,False,2026-10-02T01:00:00Z,Tulsa Golden Hurricane,North Texas Mean Green,alternate_spread,away,-10.5,280,fanduel,0.2612596715367459,-0.001898223200096194,"10 market(s) allowlisted for NCAAF: moneyline, spread, total_points, alternate_spread, alternate_total_points, team_total, alternate_team_total, moneyline_h1, spread_h1, total_points_h1."
2026-10-01,401862786,False,2026-10-02T01:00:00Z,Tulsa Golden Hurricane,North Texas Mean Green,alternate_spread,away,-11.5,300,fanduel,0.24193783256887966,-0.008062167431120343,"10 market(s) allowlisted for NCAAF: moneyline, spread, total_points, alternate_spread, alternate_total_points, team_total, alternate_team_total, moneyline_h1, spread_h1, total_points_h1."
2026-10-01,401862786,False,2026-10-02T01:00:00Z,Tulsa Golden Hurricane,North Texas Mean Green,alternate_spread,away,-12.5,330,fanduel,0.22773360416822805,-0.004824535366655669,"10 market(s) allowlisted for NCAAF: moneyline, spread, total_points, alternate_spread, alternate_total_points, team_total, alternate_team_total, moneyline_h1, spread_h1, total_points_h1."
2026-10-01,401862786,False,2026-10-02T01:00:00Z,Tulsa Golden Hurricane,North Texas Mean Green,alternate_spread,away,-13.5,350,fanduel,0.21399402265301637,-0.00822819956920584,"10 market(s) allowlisted for NCAAF: moneyline, spread, total_points, alternate_spread, alternate_total_points, team_total, alternate_team_total, moneyline_h1, spread_h1, total_points_h1."
2026-10-01,401862786,False,2026-10-02T01:00:00Z,Tulsa Golden Hurricane,North Texas Mean Green,alternate_spread,away,-14.5,420,fanduel,0.18614492616384967,-0.006162766143842646,"10 market(s) allowlisted for NCAAF: moneyline, spread, total_points, alternate_spread, alternate_total_points, team_total, alternate_team_total, moneyline_h1, spread_h1, total_points_h1."
2026-10-01,401862786,False,2026-10-02T01:00:00Z,Tulsa Golden Hurricane,North Texas Mean Green,alternate_spread,away,-15.5,440,fanduel,0.1733776294803577,-0.011807555704827472,"10 market(s) allowlisted for NCAAF: moneyline, spread, total_points, alternate_spread, alternate_total_points, team_total, alternate_team_total, moneyline_h1, spread_h1, total_points_h1."
2026-10-01,401862786,False,2026-10-02T01:00:00Z,Tulsa Golden Hurricane,North Texas Mean Green,alternate_spread,away,-16.5,470,fanduel,0.1653908988038822,-0.010047697687345869,"10 market(s) allowlisted for NCAAF: moneyline, spread, total_points, alternate_spread, alternate_total_points, team_total, alternate_team_total, moneyline_h1, spread_h1, total_points_h1."
2026-10-01,401862786,False,2026-10-02T01:00:00Z,Tulsa Golden Hurricane,North Texas Mean Green,alternate_spread,away,-17.5,540,fanduel,0.14641545347780707,-0.009834546522192927,"10 market(s) allowlisted for NCAAF: moneyline, spread, total_points, alternate_spread, alternate_total_points, team_total, alternate_team_total, moneyline_h1, spread_h1, total_points_h1."
2026-10-01,401862786,False,2026-10-02T01:00:00Z,Tulsa Golden Hurricane,North Texas Mean Green,alternate_spread,away,-18.5,600,fanduel,0.13288540947412336,-0.009971733383019488,"10 market(s) allowlisted for NCAAF: moneyline, spread, total_points, alternate_spread, alternate_total_points, team_total, alternate_team_total, moneyline_h1, spread_h1, total_points_h1."
2026-10-01,401862786,False,2026-10-02T01:00:00Z,Tulsa Golden Hurricane,North Texas Mean Green,alternate_spread,away,-19.5,680,fanduel,0.1261640387306878,-0.0020410894744403996,"10 market(s) allowlisted for NCAAF: moneyline, spread, total_points, alternate_spread, alternate_total_points, team_total, alternate_team_total, moneyline_h1, spread_h1, total_points_h1."
2026-10-01,401862786,False,2026-10-02T01:00:00Z,Tulsa Golden Hurricane,North Texas Mean Green,alternate_spread,away,-20.5,700,fanduel,0.11743242792315492,-0.0075675720768450805,"10 market(s) allowlisted for NCAAF: moneyline, spread, total_points, alternate_spread, alternate_total_points, team_total, alternate_team_total, moneyline_h1, spread_h1, total_points_h1."
2026-10-01,401862786,False,2026-10-02T01:00:00Z,Tulsa Golden Hurricane,North Texas Mean Green,alternate_spread,away,-21.5,830,fanduel,0.10369668560772739,-0.003830196112702716,"10 market(s) allowlisted for NCAAF: moneyline, spread, total_points, alternate_spread, alternate_total_points, team_total, alternate_team_total, moneyline_h1, spread_h1, total_points_h1."
2026-10-01,401862786,False,2026-10-02T01:00:00Z,Tulsa Golden Hurricane,North Texas Mean Green,alternate_spread,away,-22.5,900,fanduel,0.09860093179435289,-0.0013990682056471138,"10 market(s) allowlisted for NCAAF: moneyline, spread, total_points, alternate_spread, alternate_total_points, team_total, alternate_team_total, moneyline_h1, spread_h1, total_points_h1."
2026-10-01,401862786,False,2026-10-02T01:00:00Z,Tulsa Golden Hurricane,North Texas Mean Green,alternate_spread,away,-23.5,900,fanduel,0.0876861933916821,-0.012313806608317907,"10 market(s) allowlisted for NCAAF: moneyline, spread, total_points, alternate_spread, alternate_total_points, team_total, alternate_team_total, moneyline_h1, spread_h1, total_points_h1."
2026-10-01,401862786,False,2026-10-02T01:00:00Z,Tulsa Golden Hurricane,North Texas Mean Green,alternate_spread,away,-24.5,1060,fanduel,0.0694904845096646,-0.01671641204205955,"10 market(s) allowlisted for NCAAF: moneyline, spread, total_points, alternate_spread, alternate_total_points, team_total, alternate_team_total, moneyline_h1, spread_h1, total_points_h1."
2026-10-01,401862786,False,2026-10-02T01:00:00Z,Tulsa Golden Hurricane,North Texas Mean Green,alternate_spread,home,-27.5,1500,fanduel,0.03068158530149063,-0.03181841469850937,"10 market(s) allowlisted for NCAAF: moneyline, spread, total_points, alternate_spread, alternate_total_points, team_total, alternate_team_total, moneyline_h1, spread_h1, total_points_h1."
2026-10-01,401862786,False,2026-10-02T01:00:00Z,Tulsa Golden Hurricane,North Texas Mean Green,alternate_spread,home,-26.5,1400,fanduel,0.03935229641365895,-0.027314370253007716,"10 market(s) allowlisted for NCAAF: moneyline, spread, total_points, alternate_spread, alternate_total_points, team_total, alternate_team_total, moneyline_h1, spread_h1, total_points_h1."
2026-10-01,401862786,False,2026-10-02T01:00:00Z,Tulsa Golden Hurricane,North Texas Mean Green,alternate_spread,home,-25.5,1400,fanduel,0.04279534908054407,-0.023871317586122598,"10 market(s) allowlisted for NCAAF: moneyline, spread, total_points, alternate_spread, alternate_total_points, team_total, alternate_team_total, moneyline_h1, spread_h1, total_points_h1."
2026-10-01,401862786,False,2026-10-02T01:00:00Z,Tulsa Golden Hurricane,North Texas Mean Green,alternate_spread,home,-24.5,1300,fanduel,0.04457309673402457,-0.026855474694546855,"10 market(s) allowlisted for NCAAF: moneyline, spread, total_points, alternate_spread, alternate_total_points, team_total, alternate_team_total, moneyline_h1, spread_h1, total_points_h1."
2026-10-01,401862786,False,2026-10-02T01:00:00Z,Tulsa Golden Hurricane,North Texas Mean Green,alternate_spread,home,-23.5,1100,fanduel,0.05429939971723477,-0.02903393361609856,"10 market(s) allowlisted for NCAAF: moneyline, spread, total_points, alternate_spread, alternate_total_points, team_total, alternate_team_total, moneyline_h1, spread_h1, total_points_h1."
2026-10-01,401862786,False,2026-10-02T01:00:00Z,Tulsa Golden Hurricane,North Texas Mean Green,alternate_spread,home,-22.5,1060,fanduel,0.058098478477101936,-0.028108418074622207,"10 market(s) allowlisted for NCAAF: moneyline, spread, total_points, alternate_spread, alternate_total_points, team_total, alternate_team_total, moneyline_h1, spread_h1, total_points_h1."
2026-10-01,401862786,False,2026-10-02T01:00:00Z,Tulsa Golden Hurricane,North Texas Mean Green,alternate_spread,home,-21.5,1000,fanduel,0.060868691784848605,-0.030040399124242306,"10 market(s) allowlisted for NCAAF: moneyline, spread, total_points, alternate_spread, alternate_total_points, team_total, alternate_team_total, moneyline_h1, spread_h1, total_points_h1."
2026-10-01,401862786,False,2026-10-02T01:00:00Z,Tulsa Golden Hurricane,North Texas Mean Green,alternate_spread,home,-20.5,870,fanduel,0.07805319652162528,-0.025039586983529358,"10 market(s) allowlisted for NCAAF: moneyline, spread, total_points, alternate_spread, alternate_total_points, team_total, alternate_team_total, moneyline_h1, spread_h1, total_points_h1."
2026-10-01,401862786,False,2026-10-02T01:00:00Z,Tulsa Golden Hurricane,North Texas Mean Green,alternate_spread,home,-19.5,800,fanduel,0.08859826563253544,-0.02251284547857567,"10 market(s) allowlisted for NCAAF: moneyline, spread, total_points, alternate_spread, alternate_total_points, team_total, alternate_team_total, moneyline_h1, spread_h1, total_points_h1."
2026-10-01,401862786,False,2026-10-02T01:00:00Z,Tulsa Golden Hurricane,North Texas Mean Green,alternate_spread,home,-18.5,750,fanduel,0.09958077837724369,-0.01806628044628572,"10 market(s) allowlisted for NCAAF: moneyline, spread, total_points, alternate_spread, alternate_total_points, team_total, alternate_team_total, moneyline_h1, spread_h1, total_points_h1."
2026-10-01,401862786,False,2026-10-02T01:00:00Z,Tulsa Golden Hurricane,North Texas Mean Green,alternate_spread,home,-17.5,630,fanduel,0.10696266962345778,-0.030023631746405224,"10 market(s) allowlisted for NCAAF: moneyline, spread, total_points, alternate_spread, alternate_total_points, team_total, alternate_team_total, moneyline_h1, spread_h1, total_points_h1."
2026-10-01,401862786,False,2026-10-02T01:00:00Z,Tulsa Golden Hurricane,North Texas Mean Green,alternate_spread,home,-16.5,560,fanduel,0.11825833677786748,-0.033256814737284035,"10 market(s) allowlisted for NCAAF: moneyline, spread, total_points, alternate_spread, alternate_total_points, team_total, alternate_team_total, moneyline_h1, spread_h1, total_points_h1."
2026-10-01,401862786,False,2026-10-02T01:00:00Z,Tulsa Golden Hurricane,North Texas Mean Green,alternate_spread,home,-15.5,520,fanduel,0.13047399113906644,-0.03081633144157872,"10 market(s) allowlisted for NCAAF: moneyline, spread, total_points, alternate_spread, alternate_total_points, team_total, alternate_team_total, moneyline_h1, spread_h1, total_points_h1."
2026-10-01,401862786,False,2026-10-02T01:00:00Z,Tulsa Golden Hurricane,North Texas Mean Green,alternate_spread,home,-14.5,520,fanduel,0.14645278199006892,-0.014837540590576237,"10 market(s) allowlisted for NCAAF: moneyline, spread, total_points, alternate_spread, alternate_total_points, team_total, alternate_team_total, moneyline_h1, spread_h1, total_points_h1."
2026-10-01,401862786,False,2026-10-02T01:00:00Z,Tulsa Golden Hurricane,North Texas Mean Green,alternate_spread,home,-13.5,440,fanduel,0.17300311264483384,-0.012182072540351335,"10 market(s) allowlisted for NCAAF: moneyline, spread, total_points, alternate_spread, alternate_total_points, team_total, alternate_team_total, moneyline_h1, spread_h1, total_points_h1."
2026-10-01,401862786,False,2026-10-02T01:00:00Z,Tulsa Golden Hurricane,North Texas Mean Green,alternate_spread,home,-12.5,420,fanduel,0.19222428685653511,-8.340545115720355e-05,"10 market(s) allowlisted for NCAAF: moneyline, spread, total_points, alternate_spread, alternate_total_points, team_total, alternate_team_total, moneyline_h1, spread_h1, total_points_h1."
2026-10-01,401862786,False,2026-10-02T01:00:00Z,Tulsa Golden Hurricane,North Texas Mean Green,alternate_spread,home,-11.5,370,fanduel,0.19674875263488792,-0.016017204811920593,"10 market(s) allowlisted for NCAAF: moneyline, spread, total_points, alternate_spread, alternate_total_points, team_total, alternate_team_total, moneyline_h1, spread_h1, total_points_h1."
2026-10-01,401862786,False,2026-10-02T01:00:00Z,Tulsa Golden Hurricane,North Texas Mean Green,alternate_spread,home,-10.5,350,fanduel,0.21251159171617254,-0.009710630506049672,"10 market(s) allowlisted for NCAAF: moneyline, spread, total_points, alternate_spread, alternate_total_points, team_total, alternate_team_total, moneyline_h1, spread_h1, total_points_h1."
2026-10-01,401862786,False,2026-10-02T01:00:00Z,Tulsa Golden Hurricane,North Texas Mean Green,alternate_spread,home,-9.5,285,fanduel,0.228862964809635,-0.030877294930624716,"10 market(s) allowlisted for NCAAF: moneyline, spread, total_points, alternate_spread, alternate_total_points, team_total, alternate_team_total, moneyline_h1, spread_h1, total_points_h1."
2026-10-01,401862786,False,2026-10-02T01:00:00Z,Tulsa Golden Hurricane,North Texas Mean Green,alternate_spread,home,-8.5,265,fanduel,0.23786704331710448,-0.03610555942262153,"10 market(s) allowlisted for NCAAF: moneyline, spread, total_points, alternate_spread, alternate_total_points, team_total, alternate_team_total, moneyline_h1, spread_h1, total_points_h1."
2026-10-01,401862786,False,2026-10-02T01:00:00Z,Tulsa Golden Hurricane,North Texas Mean Green,alternate_spread,home,-7.5,250,fanduel,0.25998275066158494,-0.02573153505270076,"10 market(s) allowlisted for NCAAF: moneyline, spread, total_points, alternate_spread, alternate_total_points, team_total, alternate_team_total, moneyline_h1, spread_h1, total_points_h1."
2026-10-01,401862786,False,2026-10-02T01:00:00Z,Tulsa Golden Hurricane,North Texas Mean Green,alternate_spread,home,-6.5,200,fanduel,0.3047740236707828,-0.02855930966255049,"10 market(s) allowlisted for NCAAF: moneyline, spread, total_points, alternate_spread, alternate_total_points, team_total, alternate_team_total, moneyline_h1, spread_h1, total_points_h1."
2026-10-01,401862786,False,2026-10-02T01:00:00Z,Tulsa Golden Hurricane,North Texas Mean Green,alternate_spread,home,-5.5,176,fanduel,0.3302047983256431,-0.032114042254067054,"10 market(s) allowlisted for NCAAF: moneyline, spread, total_points, alternate_spread, alternate_total_points, team_total, alternate_team_total, moneyline_h1, spread_h1, total_points_h1."
2026-10-01,401862786,False,2026-10-02T01:00:00Z,Tulsa Golden Hurricane,North Texas Mean Green,alternate_spread,home,-4.5,162,fanduel,0.3473866022247275,-0.03429278708824962,"10 market(s) allowlisted for NCAAF: moneyline, spread, total_points, alternate_spread, alternate_total_points, team_total, alternate_team_total, moneyline_h1, spread_h1, total_points_h1."
2026-10-01,401862786,False,2026-10-02T01:00:00Z,Tulsa Golden Hurricane,North Texas Mean Green,alternate_spread,home,-3.5,144,fanduel,0.36447126666675167,-0.04536479890701883,"10 market(s) allowlisted for NCAAF: moneyline, spread, total_points, alternate_spread, alternate_total_points, team_total, alternate_team_total, moneyline_h1, spread_h1, total_points_h1."
2026-10-01,401862786,False,2026-10-02T01:00:00Z,Tulsa Golden Hurricane,North Texas Mean Green,alternate_spread,home,-2.5,114,fanduel,0.4276168118015331,-0.03967290782463512,"10 market(s) allowlisted for NCAAF: moneyline, spread, total_points, alternate_spread, alternate_total_points, team_total, alternate_team_total, moneyline_h1, spread_h1, total_points_h1."
2026-10-01,401862786,False,2026-10-02T01:00:00Z,Tulsa Golden Hurricane,North Texas Mean Green,alternate_spread,home,-1.5,104,fanduel,0.4573738132332432,-0.03282226519812931,"10 market(s) allowlisted for NCAAF: moneyline, spread, total_points, alternate_spread, alternate_total_points, team_total, alternate_team_total, moneyline_h1, spread_h1, total_points_h1."
2026-10-01,401862786,False,2026-10-02T01:00:00Z,Tulsa Golden Hurricane,North Texas Mean Green,alternate_spread,home,1.5,-113,fanduel,0.499999983862749,-0.030516448062133605,"10 market(s) allowlisted for NCAAF: moneyline, spread, total_points, alternate_spread, alternate_total_points, team_total, alternate_team_total, moneyline_h1, spread_h1, total_points_h1."
2026-10-01,401862786,False,2026-10-02T01:00:00Z,Tulsa Golden Hurricane,North Texas Mean Green,alternate_spread,home,2.5,-122,fanduel,0.5352311524293497,-0.014318397120199888,"10 market(s) allowlisted for NCAAF: moneyline, spread, total_points, alternate_spread, alternate_total_points, team_total, alternate_team_total, moneyline_h1, spread_h1, total_points_h1."
2026-10-01,401862786,False,2026-10-02T01:00:00Z,Tulsa Golden Hurricane,North Texas Mean Green,alternate_spread,home,3.5,-162,fanduel,0.6010594094808689,-0.017261201206154042,"10 market(s) allowlisted for NCAAF: moneyline, spread, total_points, alternate_spread, alternate_total_points, team_total, alternate_team_total, moneyline_h1, spread_h1, total_points_h1."
2026-10-01,401862786,False,2026-10-02T01:00:00Z,Tulsa Golden Hurricane,North Texas Mean Green,alternate_spread,home,4.5,-180,fanduel,0.6233711857027505,-0.019485957154392386,"10 market(s) allowlisted for NCAAF: moneyline, spread, total_points, alternate_spread, alternate_total_points, team_total, alternate_team_total, moneyline_h1, spread_h1, total_points_h1."
2026-10-01,401862786,False,2026-10-02T01:00:00Z,Tulsa Golden Hurricane,North Texas Mean Green,alternate_spread,home,5.5,-196,fanduel,0.6324589532585665,-0.02970320890359568,"10 market(s) allowlisted for NCAAF: moneyline, spread, total_points, alternate_spread, alternate_total_points, team_total, alternate_team_total, moneyline_h1, spread_h1, total_points_h1."
2026-10-01,401862786,False,2026-10-02T01:00:00Z,Tulsa Golden Hurricane,North Texas Mean Green,alternate_spread,home,6.5,-220,fanduel,0.6551387193090342,-0.03236128069096578,"10 market(s) allowlisted for NCAAF: moneyline, spread, total_points, alternate_spread, alternate_total_points, team_total, alternate_team_total, moneyline_h1, spread_h1, total_points_h1."
2026-10-01,401862786,False,2026-10-02T01:00:00Z,Tulsa Golden Hurricane,North Texas Mean Green,alternate_spread,home,7.5,-290,fanduel,0.6917570217992981,-0.05183272179044551,"10 market(s) allowlisted for NCAAF: moneyline, spread, total_points, alternate_spread, alternate_total_points, team_total, alternate_team_total, moneyline_h1, spread_h1, total_points_h1."
2026-10-01,401862786,False,2026-10-02T01:00:00Z,Tulsa Golden Hurricane,North Texas Mean Green,alternate_spread,home,8.5,-310,fanduel,0.7097595336331234,-0.046338027342486376,"10 market(s) allowlisted for NCAAF: moneyline, spread, total_points, alternate_spread, alternate_total_points, team_total, alternate_team_total, moneyline_h1, spread_h1, total_points_h1."
2026-10-01,401862786,False,2026-10-02T01:00:00Z,Tulsa Golden Hurricane,North Texas Mean Green,alternate_spread,home,9.5,-330,fanduel,0.7168324329703533,-0.05060942749476305,"10 market(s) allowlisted for NCAAF: moneyline, spread, total_points, alternate_spread, alternate_total_points, team_total, alternate_team_total, moneyline_h1, spread_h1, total_points_h1."
2026-10-01,401862786,False,2026-10-02T01:00:00Z,Tulsa Golden Hurricane,North Texas Mean Green,alternate_spread,home,10.5,-390,fanduel,0.738740328463254,-0.05717803888368478,"10 market(s) allowlisted for NCAAF: moneyline, spread, total_points, alternate_spread, alternate_total_points, team_total, alternate_team_total, moneyline_h1, spread_h1, total_points_h1."
2026-10-01,401862786,False,2026-10-02T01:00:00Z,Tulsa Golden Hurricane,North Texas Mean Green,alternate_spread,home,11.5,-430,fanduel,0.7580621674311202,-0.05325858728586097,"10 market(s) allowlisted for NCAAF: moneyline, spread, total_points, alternate_spread, alternate_total_points, team_total, alternate_team_total, moneyline_h1, spread_h1, total_points_h1."
2026-10-01,401862786,False,2026-10-02T01:00:00Z,Tulsa Golden Hurricane,North Texas Mean Green,alternate_spread,home,12.5,-480,fanduel,0.7722663958317718,-0.0553198110647799,"10 market(s) allowlisted for NCAAF: moneyline, spread, total_points, alternate_spread, alternate_total_points, team_total, alternate_team_total, moneyline_h1, spread_h1, total_points_h1."
2026-10-01,401862786,False,2026-10-02T01:00:00Z,Tulsa Golden Hurricane,North Texas Mean Green,alternate_spread,home,13.5,-520,fanduel,0.7860059773469835,-0.05270370007237135,"10 market(s) allowlisted for NCAAF: moneyline, spread, total_points, alternate_spread, alternate_total_points, team_total, alternate_team_total, moneyline_h1, spread_h1, total_points_h1."
2026-10-01,401862786,False,2026-10-02T01:00:00Z,Tulsa Golden Hurricane,North Texas Mean Green,alternate_spread,home,14.5,-650,fanduel,0.8138550738361502,-0.05281159283051651,"10 market(s) allowlisted for NCAAF: moneyline, spread, total_points, alternate_spread, alternate_total_points, team_total, alternate_team_total, moneyline_h1, spread_h1, total_points_h1."
2026-10-01,401862786,False,2026-10-02T01:00:00Z,Tulsa Golden Hurricane,North Texas Mean Green,alternate_spread,home,15.5,-700,fanduel,0.8266223705196422,-0.04837762948035784,"10 market(s) allowlisted for NCAAF: moneyline, spread, total_points, alternate_spread, alternate_total_points, team_total, alternate_team_total, moneyline_h1, spread_h1, total_points_h1."
2026-10-01,401862786,False,2026-10-02T01:00:00Z,Tulsa Golden Hurricane,North Texas Mean Green,alternate_spread,home,16.5,-770,fanduel,0.8346091011961178,-0.05044837006825009,"10 market(s) allowlisted for NCAAF: moneyline, spread, total_points, alternate_spread, alternate_total_points, team_total, alternate_team_total, moneyline_h1, spread_h1, total_points_h1."
2026-10-01,401862786,False,2026-10-02T01:00:00Z,Tulsa Golden Hurricane,North Texas Mean Green,alternate_spread,home,17.5,-950,fanduel,0.8535845465221928,-0.05117735823971192,"10 market(s) allowlisted for NCAAF: moneyline, spread, total_points, alternate_spread, alternate_total_points, team_total, alternate_team_total, moneyline_h1, spread_h1, total_points_h1."
2026-10-01,401862786,False,2026-10-02T01:00:00Z,Tulsa Golden Hurricane,North Texas Mean Green,alternate_spread,home,18.5,-1100,fanduel,0.8671145905258765,-0.04955207614079016,"10 market(s) allowlisted for NCAAF: moneyline, spread, total_points, alternate_spread, alternate_total_points, team_total, alternate_team_total, moneyline_h1, spread_h1, total_points_h1."
2026-10-01,401862786,False,2026-10-02T01:00:00Z,Tulsa Golden Hurricane,North Texas Mean Green,alternate_spread,home,19.5,-1400,fanduel,0.8738359612693121,-0.05949737206402128,"10 market(s) allowlisted for NCAAF: moneyline, spread, total_points, alternate_spread, alternate_total_points, team_total, alternate_team_total, moneyline_h1, spread_h1, total_points_h1."
2026-10-01,401862786,False,2026-10-02T01:00:00Z,Tulsa Golden Hurricane,North Texas Mean Green,alternate_spread,home,20.5,-1450,fanduel,0.8825675720768449,-0.052916298890896996,"10 market(s) allowlisted for NCAAF: moneyline, spread, total_points, alternate_spread, alternate_total_points, team_total, alternate_team_total, moneyline_h1, spread_h1, total_points_h1."
2026-10-01,401862786,False,2026-10-02T01:00:00Z,Tulsa Golden Hurricane,North Texas Mean Green,alternate_spread,home,21.5,-2000,fanduel,0.8963033143922724,-0.05607763798867993,"10 market(s) allowlisted for NCAAF: moneyline, spread, total_points, alternate_spread, alternate_total_points, team_total, alternate_team_total, moneyline_h1, spread_h1, total_points_h1."
2026-10-01,401862786,False,2026-10-02T01:00:00Z,Tulsa Golden Hurricane,North Texas Mean Green,alternate_spread,home,22.5,-2500,fanduel,0.901399068205647,-0.060139393332814595,"10 market(s) allowlisted for NCAAF: moneyline, spread, total_points, alternate_spread, alternate_total_points, team_total, alternate_team_total, moneyline_h1, spread_h1, total_points_h1."
2026-10-01,401862786,False,2026-10-02T01:00:00Z,Tulsa Golden Hurricane,North Texas Mean Green,alternate_spread,home,23.5,-2500,fanduel,0.9123138066083177,-0.04922465493014383,"10 market(s) allowlisted for NCAAF: moneyline, spread, total_points, alternate_spread, alternate_total_points, team_total, alternate_team_total, moneyline_h1, spread_h1, total_points_h1."
2026-10-01,401862786,False,2026-10-02T01:00:00Z,Tulsa Golden Hurricane,North Texas Mean Green,alternate_spread,home,24.5,-3500,fanduel,0.9305095154903352,-0.041712706731886984,"10 market(s) allowlisted for NCAAF: moneyline, spread, total_points, alternate_spread, alternate_total_points, team_total, alternate_team_total, moneyline_h1, spread_h1, total_points_h1."
2026-10-01,401862786,False,2026-10-02T01:00:00Z,Tulsa Golden Hurricane,North Texas Mean Green,alternate_total_points,over,27.5,-20000,fanduel,0.9773907366690431,-0.01763413895284749,"10 market(s) allowlisted for NCAAF: moneyline, spread, total_points, alternate_spread, alternate_total_points, team_total, alternate_team_total, moneyline_h1, spread_h1, total_points_h1."
2026-10-01,401862786,False,2026-10-02T01:00:00Z,Tulsa Golden Hurricane,North Texas Mean Green,alternate_total_points,over,28.5,-20000,fanduel,0.9738592066897143,-0.021165668932176307,"10 market(s) allowlisted for NCAAF: moneyline, spread, total_points, alternate_spread, alternate_total_points, team_total, alternate_team_total, moneyline_h1, spread_h1, total_points_h1."
2026-10-01,401862786,False,2026-10-02T01:00:00Z,Tulsa Golden Hurricane,North Texas Mean Green,alternate_total_points,over,29.5,-10000,fanduel,0.9692122470622,-0.020886762838790096,"10 market(s) allowlisted for NCAAF: moneyline, spread, total_points, alternate_spread, alternate_total_points, team_total, alternate_team_total, moneyline_h1, spread_h1, total_points_h1."
2026-10-01,401862786,False,2026-10-02T01:00:00Z,Tulsa Golden Hurricane,North Texas Mean Green,alternate_total_points,over,30.5,-7000,fanduel,0.962585063668677,-0.023330429289069476,"10 market(s) allowlisted for NCAAF: moneyline, spread, total_points, alternate_spread, alternate_total_points, team_total, alternate_team_total, moneyline_h1, spread_h1, total_points_h1."
2026-10-01,401862786,False,2026-10-02T01:00:00Z,Tulsa Golden Hurricane,North Texas Mean Green,alternate_total_points,over,31.5,-6000,fanduel,0.9550629074159518,-0.028543649961097373,"10 market(s) allowlisted for NCAAF: moneyline, spread, total_points, alternate_spread, alternate_total_points, team_total, alternate_team_total, moneyline_h1, spread_h1, total_points_h1."
2026-10-01,401862786,False,2026-10-02T01:00:00Z,Tulsa Golden Hurricane,North Texas Mean Green,alternate_total_points,over,32.5,-5000,fanduel,0.9485323198551276,-0.03185983700761741,"10 market(s) allowlisted for NCAAF: moneyline, spread, total_points, alternate_spread, alternate_total_points, team_total, alternate_team_total, moneyline_h1, spread_h1, total_points_h1."
2026-10-01,401862786,False,2026-10-02T01:00:00Z,Tulsa Golden Hurricane,North Texas Mean Green,alternate_total_points,over,33.5,-4000,fanduel,0.9377592915532298,-0.037850464544331164,"10 market(s) allowlisted for NCAAF: moneyline, spread, total_points, alternate_spread, alternate_total_points, team_total, alternate_team_total, moneyline_h1, spread_h1, total_points_h1."
2026-10-01,401862786,False,2026-10-02T01:00:00Z,Tulsa Golden Hurricane,North Texas Mean Green,alternate_total_points,over,34.5,-3500,fanduel,0.9257277132807775,-0.04649450894144469,"10 market(s) allowlisted for NCAAF: moneyline, spread, total_points, alternate_spread, alternate_total_points, team_total, alternate_team_total, moneyline_h1, spread_h1, total_points_h1."
2026-10-01,401862786,False,2026-10-02T01:00:00Z,Tulsa Golden Hurricane,North Texas Mean Green,alternate_total_points,over,35.5,-2500,fanduel,0.915852797120154,-0.04568566441830757,"10 market(s) allowlisted for NCAAF: moneyline, spread, total_points, alternate_spread, alternate_total_points, team_total, alternate_team_total, moneyline_h1, spread_h1, total_points_h1."
2026-10-01,401862786,False,2026-10-02T01:00:00Z,Tulsa Golden Hurricane,North Texas Mean Green,alternate_total_points,over,36.5,-2200,fanduel,0.9091072543527419,-0.047414484777692945,"10 market(s) allowlisted for NCAAF: moneyline, spread, total_points, alternate_spread, alternate_total_points, team_total, alternate_team_total, moneyline_h1, spread_h1, total_points_h1."
2026-10-01,401862786,False,2026-10-02T01:00:00Z,Tulsa Golden Hurricane,North Texas Mean Green,alternate_total_points,over,37.5,-1600,fanduel,0.8924616176103025,-0.048714852977932765,"10 market(s) allowlisted for NCAAF: moneyline, spread, total_points, alternate_spread, alternate_total_points, team_total, alternate_team_total, moneyline_h1, spread_h1, total_points_h1."
2026-10-01,401862786,False,2026-10-02T01:00:00Z,Tulsa Golden Hurricane,North Texas Mean Green,alternate_total_points,over,38.5,-1200,fanduel,0.8758745485703701,-0.04720237450655307,"10 market(s) allowlisted for NCAAF: moneyline, spread, total_points, alternate_spread, alternate_total_points, team_total, alternate_team_total, moneyline_h1, spread_h1, total_points_h1."
2026-10-01,401862786,False,2026-10-02T01:00:00Z,Tulsa Golden Hurricane,North Texas Mean Green,alternate_total_points,over,39.5,-1100,fanduel,0.8684660346884353,-0.04820063197823132,"10 market(s) allowlisted for NCAAF: moneyline, spread, total_points, alternate_spread, alternate_total_points, team_total, alternate_team_total, moneyline_h1, spread_h1, total_points_h1."
2026-10-01,401862786,False,2026-10-02T01:00:00Z,Tulsa Golden Hurricane,North Texas Mean Green,alternate_total_points,over,40.5,-900,fanduel,0.8472675827599624,-0.05273241724003763,"10 market(s) allowlisted for NCAAF: moneyline, spread, total_points, alternate_spread, alternate_total_points, team_total, alternate_team_total, moneyline_h1, spread_h1, total_points_h1."
2026-10-01,401862786,False,2026-10-02T01:00:00Z,Tulsa Golden Hurricane,North Texas Mean Green,alternate_total_points,over,41.5,-720,fanduel,0.8282084398164833,-0.04984034067132159,"10 market(s) allowlisted for NCAAF: moneyline, spread, total_points, alternate_spread, alternate_total_points, team_total, alternate_team_total, moneyline_h1, spread_h1, total_points_h1."
2026-10-01,401862786,False,2026-10-02T01:00:00Z,Tulsa Golden Hurricane,North Texas Mean Green,alternate_total_points,over,42.5,-650,fanduel,0.814403363191569,-0.05226330347509767,"10 market(s) allowlisted for NCAAF: moneyline, spread, total_points, alternate_spread, alternate_total_points, team_total, alternate_team_total, moneyline_h1, spread_h1, total_points_h1."
2026-10-01,401862786,False,2026-10-02T01:00:00Z,Tulsa Golden Hurricane,North Texas Mean Green,alternate_total_points,over,43.5,-590,fanduel,0.7918146510941466,-0.06325781267396935,"10 market(s) allowlisted for NCAAF: moneyline, spread, total_points, alternate_spread, alternate_total_points, team_total, alternate_team_total, moneyline_h1, spread_h1, total_points_h1."
2026-10-01,401862786,False,2026-10-02T01:00:00Z,Tulsa Golden Hurricane,North Texas Mean Green,alternate_total_points,over,44.5,-480,fanduel,0.7683741882636674,-0.05921201863288428,"10 market(s) allowlisted for NCAAF: moneyline, spread, total_points, alternate_spread, alternate_total_points, team_total, alternate_team_total, moneyline_h1, spread_h1, total_points_h1."
2026-10-01,401862786,False,2026-10-02T01:00:00Z,Tulsa Golden Hurricane,North Texas Mean Green,alternate_total_points,over,45.5,-410,fanduel,0.7430502137221809,-0.06087135490527007,"10 market(s) allowlisted for NCAAF: moneyline, spread, total_points, alternate_spread, alternate_total_points, team_total, alternate_team_total, moneyline_h1, spread_h1, total_points_h1."
2026-10-01,401862786,False,2026-10-02T01:00:00Z,Tulsa Golden Hurricane,North Texas Mean Green,alternate_total_points,over,46.5,-390,fanduel,0.7228456558704369,-0.07307271147650185,"10 market(s) allowlisted for NCAAF: moneyline, spread, total_points, alternate_spread, alternate_total_points, team_total, alternate_team_total, moneyline_h1, spread_h1, total_points_h1."
2026-10-01,401862786,False,2026-10-02T01:00:00Z,Tulsa Golden Hurricane,North Texas Mean Green,alternate_total_points,over,47.5,-330,fanduel,0.704116377714317,-0.0633254827507993,"10 market(s) allowlisted for NCAAF: moneyline, spread, total_points, alternate_spread, alternate_total_points, team_total, alternate_team_total, moneyline_h1, spread_h1, total_points_h1."
2026-10-01,401862786,False,2026-10-02T01:00:00Z,Tulsa Golden Hurricane,North Texas Mean Green,alternate_total_points,over,48.5,-295,fanduel,0.6793108441536524,-0.06752459888432227,"10 market(s) allowlisted for NCAAF: moneyline, spread, total_points, alternate_spread, alternate_total_points, team_total, alternate_team_total, moneyline_h1, spread_h1, total_points_h1."
2026-10-01,401862786,False,2026-10-02T01:00:00Z,Tulsa Golden Hurricane,North Texas Mean Green,alternate_total_points,over,49.5,-265,fanduel,0.6600651514186162,-0.06596224584165777,"10 market(s) allowlisted for NCAAF: moneyline, spread, total_points, alternate_spread, alternate_total_points, team_total, alternate_team_total, moneyline_h1, spread_h1, total_points_h1."
2026-10-01,401862786,False,2026-10-02T01:00:00Z,Tulsa Golden Hurricane,North Texas Mean Green,alternate_total_points,over,50.5,-235,fanduel,0.6430789123925935,-0.05841362492083935,"10 market(s) allowlisted for NCAAF: moneyline, spread, total_points, alternate_spread, alternate_total_points, team_total, alternate_team_total, moneyline_h1, spread_h1, total_points_h1."
2026-10-01,401862786,False,2026-10-02T01:00:00Z,Tulsa Golden Hurricane,North Texas Mean Green,alternate_total_points,over,51.5,-200,fanduel,0.6183308288076481,-0.048335837859018516,"10 market(s) allowlisted for NCAAF: moneyline, spread, total_points, alternate_spread, alternate_total_points, team_total, alternate_team_total, moneyline_h1, spread_h1, total_points_h1."
2026-10-01,401862786,False,2026-10-02T01:00:00Z,Tulsa Golden Hurricane,North Texas Mean Green,alternate_total_points,over,52.5,-180,fanduel,0.599540981335279,-0.043316161521863905,"10 market(s) allowlisted for NCAAF: moneyline, spread, total_points, alternate_spread, alternate_total_points, team_total, alternate_team_total, moneyline_h1, spread_h1, total_points_h1."
2026-10-01,401862786,False,2026-10-02T01:00:00Z,Tulsa Golden Hurricane,North Texas Mean Green,alternate_total_points,over,53.5,-170,fanduel,0.5870182869037548,-0.04261134272587486,"10 market(s) allowlisted for NCAAF: moneyline, spread, total_points, alternate_spread, alternate_total_points, team_total, alternate_team_total, moneyline_h1, spread_h1, total_points_h1."
2026-10-01,401862786,False,2026-10-02T01:00:00Z,Tulsa Golden Hurricane,North Texas Mean Green,alternate_total_points,over,54.5,-154,fanduel,0.5610573799445694,-0.04524183265385584,"10 market(s) allowlisted for NCAAF: moneyline, spread, total_points, alternate_spread, alternate_total_points, team_total, alternate_team_total, moneyline_h1, spread_h1, total_points_h1."
2026-10-01,401862786,False,2026-10-02T01:00:00Z,Tulsa Golden Hurricane,North Texas Mean Green,alternate_total_points,over,55.5,-132,fanduel,0.5222922337283343,-0.046673283513045005,"10 market(s) allowlisted for NCAAF: moneyline, spread, total_points, alternate_spread, alternate_total_points, team_total, alternate_team_total, moneyline_h1, spread_h1, total_points_h1."
2026-10-01,401862786,False,2026-10-02T01:00:00Z,Tulsa Golden Hurricane,North Texas Mean Green,alternate_total_points,over,56.5,-122,fanduel,0.5000000162113298,-0.049549533338219764,"10 market(s) allowlisted for NCAAF: moneyline, spread, total_points, alternate_spread, alternate_total_points, team_total, alternate_team_total, moneyline_h1, spread_h1, total_points_h1."
2026-10-01,401862786,False,2026-10-02T01:00:00Z,Tulsa Golden Hurricane,North Texas Mean Green,alternate_total_points,over,57.5,-111,fanduel,0.4817113927903454,-0.04435495792055505,"10 market(s) allowlisted for NCAAF: moneyline, spread, total_points, alternate_spread, alternate_total_points, team_total, alternate_team_total, moneyline_h1, spread_h1, total_points_h1."
2026-10-01,401862786,False,2026-10-02T01:00:00Z,Tulsa Golden Hurricane,North Texas Mean Green,alternate_total_points,over,58.5,102,fanduel,0.45453868620675336,-0.04051081874374168,"10 market(s) allowlisted for NCAAF: moneyline, spread, total_points, alternate_spread, alternate_total_points, team_total, alternate_team_total, moneyline_h1, spread_h1, total_points_h1."
2026-10-01,401862786,False,2026-10-02T01:00:00Z,Tulsa Golden Hurricane,North Texas Mean Green,alternate_total_points,over,59.5,114,fanduel,0.4208863031732046,-0.04640341645296364,"10 market(s) allowlisted for NCAAF: moneyline, spread, total_points, alternate_spread, alternate_total_points, team_total, alternate_team_total, moneyline_h1, spread_h1, total_points_h1."
2026-10-01,401862786,False,2026-10-02T01:00:00Z,Tulsa Golden Hurricane,North Texas Mean Green,alternate_total_points,over,60.5,124,fanduel,0.40448160420127205,-0.0419469672272994,"10 market(s) allowlisted for NCAAF: moneyline, spread, total_points, alternate_spread, alternate_total_points, team_total, alternate_team_total, moneyline_h1, spread_h1, total_points_h1."
2026-10-01,401862786,False,2026-10-02T01:00:00Z,Tulsa Golden Hurricane,North Texas Mean Green,alternate_total_points,over,61.5,138,fanduel,0.3727162461057006,-0.047451821121190174,"10 market(s) allowlisted for NCAAF: moneyline, spread, total_points, alternate_spread, alternate_total_points, team_total, alternate_team_total, moneyline_h1, spread_h1, total_points_h1."
2026-10-01,401862786,False,2026-10-02T01:00:00Z,Tulsa Golden Hurricane,North Texas Mean Green,alternate_total_points,over,62.5,152,fanduel,0.3391966128826643,-0.05762878394273252,"10 market(s) allowlisted for NCAAF: moneyline, spread, total_points, alternate_spread, alternate_total_points, team_total, alternate_team_total, moneyline_h1, spread_h1, total_points_h1."
2026-10-01,401862786,False,2026-10-02T01:00:00Z,Tulsa Golden Hurricane,North Texas Mean Green,alternate_total_points,over,63.5,168,fanduel,0.3128224635047631,-0.06031186485344586,"10 market(s) allowlisted for NCAAF: moneyline, spread, total_points, alternate_spread, alternate_total_points, team_total, alternate_team_total, moneyline_h1, spread_h1, total_points_h1."
2026-10-01,401862786,False,2026-10-02T01:00:00Z,Tulsa Golden Hurricane,North Texas Mean Green,alternate_total_points,over,64.5,180,fanduel,0.29821924559562785,-0.058923611547229304,"10 market(s) allowlisted for NCAAF: moneyline, spread, total_points, alternate_spread, alternate_total_points, team_total, alternate_team_total, moneyline_h1, spread_h1, total_points_h1."
2026-10-01,401862786,False,2026-10-02T01:00:00Z,Tulsa Golden Hurricane,North Texas Mean Green,alternate_total_points,over,65.5,200,fanduel,0.2727900038235004,-0.06054332950983293,"10 market(s) allowlisted for NCAAF: moneyline, spread, total_points, alternate_spread, alternate_total_points, team_total, alternate_team_total, moneyline_h1, spread_h1, total_points_h1."
2026-10-01,401862786,False,2026-10-02T01:00:00Z,Tulsa Golden Hurricane,North Texas Mean Green,alternate_total_points,over,66.5,230,fanduel,0.2489287311348766,-0.05410157189542644,"10 market(s) allowlisted for NCAAF: moneyline, spread, total_points, alternate_spread, alternate_total_points, team_total, alternate_team_total, moneyline_h1, spread_h1, total_points_h1."
2026-10-01,401862786,False,2026-10-02T01:00:00Z,Tulsa Golden Hurricane,North Texas Mean Green,alternate_total_points,over,67.5,240,fanduel,0.23631136871976835,-0.05780627833905519,"10 market(s) allowlisted for NCAAF: moneyline, spread, total_points, alternate_spread, alternate_total_points, team_total, alternate_team_total, moneyline_h1, spread_h1, total_points_h1."
2026-10-01,401862786,False,2026-10-02T01:00:00Z,Tulsa Golden Hurricane,North Texas Mean Green,alternate_total_points,over,68.5,255,fanduel,0.2250673165945293,-0.05662282425054113,"10 market(s) allowlisted for NCAAF: moneyline, spread, total_points, alternate_spread, alternate_total_points, team_total, alternate_team_total, moneyline_h1, spread_h1, total_points_h1."
2026-10-01,401862786,False,2026-10-02T01:00:00Z,Tulsa Golden Hurricane,North Texas Mean Green,alternate_total_points,over,69.5,290,fanduel,0.21266442418259685,-0.04374583222765954,"10 market(s) allowlisted for NCAAF: moneyline, spread, total_points, alternate_spread, alternate_total_points, team_total, alternate_team_total, moneyline_h1, spread_h1, total_points_h1."
2026-10-01,401862786,False,2026-10-02T01:00:00Z,Tulsa Golden Hurricane,North Texas Mean Green,alternate_total_points,over,70.5,320,fanduel,0.19842152004365035,-0.03967371805158773,"10 market(s) allowlisted for NCAAF: moneyline, spread, total_points, alternate_spread, alternate_total_points, team_total, alternate_team_total, moneyline_h1, spread_h1, total_points_h1."
2026-10-01,401862786,False,2026-10-02T01:00:00Z,Tulsa Golden Hurricane,North Texas Mean Green,alternate_total_points,over,71.5,340,fanduel,0.18448071475176253,-0.042792012520964734,"10 market(s) allowlisted for NCAAF: moneyline, spread, total_points, alternate_spread, alternate_total_points, team_total, alternate_team_total, moneyline_h1, spread_h1, total_points_h1."
2026-10-01,401862786,False,2026-10-02T01:00:00Z,Tulsa Golden Hurricane,North Texas Mean Green,alternate_total_points,over,72.5,370,fanduel,0.16764382702409747,-0.04512213042271104,"10 market(s) allowlisted for NCAAF: moneyline, spread, total_points, alternate_spread, alternate_total_points, team_total, alternate_team_total, moneyline_h1, spread_h1, total_points_h1."
2026-10-01,401862786,False,2026-10-02T01:00:00Z,Tulsa Golden Hurricane,North Texas Mean Green,alternate_total_points,over,73.5,420,fanduel,0.14983023799412334,-0.042477454313568974,"10 market(s) allowlisted for NCAAF: moneyline, spread, total_points, alternate_spread, alternate_total_points, team_total, alternate_team_total, moneyline_h1, spread_h1, total_points_h1."
2026-10-01,401862786,False,2026-10-02T01:00:00Z,Tulsa Golden Hurricane,North Texas Mean Green,alternate_total_points,over,74.5,450,fanduel,0.14080364650747113,-0.0410145353107107,"10 market(s) allowlisted for NCAAF: moneyline, spread, total_points, alternate_spread, alternate_total_points, team_total, alternate_team_total, moneyline_h1, spread_h1, total_points_h1."
2026-10-01,401862786,False,2026-10-02T01:00:00Z,Tulsa Golden Hurricane,North Texas Mean Green,alternate_total_points,over,75.5,500,fanduel,0.1309361804710215,-0.035730486195645145,"10 market(s) allowlisted for NCAAF: moneyline, spread, total_points, alternate_spread, alternate_total_points, team_total, alternate_team_total, moneyline_h1, spread_h1, total_points_h1."
2026-10-01,401862786,False,2026-10-02T01:00:00Z,Tulsa Golden Hurricane,North Texas Mean Green,alternate_total_points,over,76.5,540,fanduel,0.11909320815343921,-0.03715679184656079,"10 market(s) allowlisted for NCAAF: moneyline, spread, total_points, alternate_spread, alternate_total_points, team_total, alternate_team_total, moneyline_h1, spread_h1, total_points_h1."
2026-10-01,401862786,False,2026-10-02T01:00:00Z,Tulsa Golden Hurricane,North Texas Mean Green,alternate_total_points,over,77.5,600,fanduel,0.10844180525637662,-0.03441533760076623,"10 market(s) allowlisted for NCAAF: moneyline, spread, total_points, alternate_spread, alternate_total_points, team_total, alternate_team_total, moneyline_h1, spread_h1, total_points_h1."
2026-10-01,401862786,False,2026-10-02T01:00:00Z,Tulsa Golden Hurricane,North Texas Mean Green,alternate_total_points,over,78.5,630,fanduel,0.10078267848881878,-0.03620362288104423,"10 market(s) allowlisted for NCAAF: moneyline, spread, total_points, alternate_spread, alternate_total_points, team_total, alternate_team_total, moneyline_h1, spread_h1, total_points_h1."
2026-10-01,401862786,False,2026-10-02T01:00:00Z,Tulsa Golden Hurricane,North Texas Mean Green,alternate_total_points,over,79.5,750,fanduel,0.0874642213321207,-0.03018283749140871,"10 market(s) allowlisted for NCAAF: moneyline, spread, total_points, alternate_spread, alternate_total_points, team_total, alternate_team_total, moneyline_h1, spread_h1, total_points_h1."
2026-10-01,401862786,False,2026-10-02T01:00:00Z,Tulsa Golden Hurricane,North Texas Mean Green,alternate_total_points,over,80.5,800,fanduel,0.0767122842771765,-0.03439882683393461,"10 market(s) allowlisted for NCAAF: moneyline, spread, total_points, alternate_spread, alternate_total_points, team_total, alternate_team_total, moneyline_h1, spread_h1, total_points_h1."
2026-10-01,401862786,False,2026-10-02T01:00:00Z,Tulsa Golden Hurricane,North Texas Mean Green,alternate_total_points,over,81.5,870,fanduel,0.07117425150120898,-0.03191853200394565,"10 market(s) allowlisted for NCAAF: moneyline, spread, total_points, alternate_spread, alternate_total_points, team_total, alternate_team_total, moneyline_h1, spread_h1, total_points_h1."
2026-10-01,401862786,False,2026-10-02T01:00:00Z,Tulsa Golden Hurricane,North Texas Mean Green,alternate_total_points,over,82.5,900,fanduel,0.06646625370539422,-0.03353374629460579,"10 market(s) allowlisted for NCAAF: moneyline, spread, total_points, alternate_spread, alternate_total_points, team_total, alternate_team_total, moneyline_h1, spread_h1, total_points_h1."
2026-10-01,401862786,False,2026-10-02T01:00:00Z,Tulsa Golden Hurricane,North Texas Mean Green,alternate_total_points,over,83.5,1060,fanduel,0.056747456196503926,-0.029459440355220218,"10 market(s) allowlisted for NCAAF: moneyline, spread, total_points, alternate_spread, alternate_total_points, team_total, alternate_team_total, moneyline_h1, spread_h1, total_points_h1."
2026-10-01,401862786,False,2026-10-02T01:00:00Z,Tulsa Golden Hurricane,North Texas Mean Green,alternate_total_points,over,84.5,1060,fanduel,0.04992002857235084,-0.036286867979373305,"10 market(s) allowlisted for NCAAF: moneyline, spread, total_points, alternate_spread, alternate_total_points, team_total, alternate_team_total, moneyline_h1, spread_h1, total_points_h1."
2026-10-01,401862786,False,2026-10-02T01:00:00Z,Tulsa Golden Hurricane,North Texas Mean Green,alternate_total_points,over,85.5,1100,fanduel,0.04317449384950361,-0.04015883948382972,"10 market(s) allowlisted for NCAAF: moneyline, spread, total_points, alternate_spread, alternate_total_points, team_total, alternate_team_total, moneyline_h1, spread_h1, total_points_h1."
2026-10-01,401862786,False,2026-10-02T01:00:00Z,Tulsa Golden Hurricane,North Texas Mean Green,alternate_total_points,over,86.5,1200,fanduel,0.03959130986829483,-0.0373317670547821,"10 market(s) allowlisted for NCAAF: moneyline, spread, total_points, alternate_spread, alternate_total_points, team_total, alternate_team_total, moneyline_h1, spread_h1, total_points_h1."
2026-10-01,401862786,False,2026-10-02T01:00:00Z,Tulsa Golden Hurricane,North Texas Mean Green,alternate_total_points,over,87.5,1300,fanduel,0.03350003198143366,-0.03792853944713776,"10 market(s) allowlisted for NCAAF: moneyline, spread, total_points, alternate_spread, alternate_total_points, team_total, alternate_team_total, moneyline_h1, spread_h1, total_points_h1."
2026-10-01,401862786,False,2026-10-02T01:00:00Z,Tulsa Golden Hurricane,North Texas Mean Green,alternate_total_points,under,27.5,2000,fanduel,0.022609263330957398,-0.02500978428809022,"10 market(s) allowlisted for NCAAF: moneyline, spread, total_points, alternate_spread, alternate_total_points, team_total, alternate_team_total, moneyline_h1, spread_h1, total_points_h1."
2026-10-01,401862786,False,2026-10-02T01:00:00Z,Tulsa Golden Hurricane,North Texas Mean Green,alternate_total_points,under,28.5,2000,fanduel,0.0261407933102861,-0.021478254308761515,"10 market(s) allowlisted for NCAAF: moneyline, spread, total_points, alternate_spread, alternate_total_points, team_total, alternate_team_total, moneyline_h1, spread_h1, total_points_h1."
2026-10-01,401862786,False,2026-10-02T01:00:00Z,Tulsa Golden Hurricane,North Texas Mean Green,alternate_total_points,under,29.5,1700,fanduel,0.030787752937800464,-0.02476780261775509,"10 market(s) allowlisted for NCAAF: moneyline, spread, total_points, alternate_spread, alternate_total_points, team_total, alternate_team_total, moneyline_h1, spread_h1, total_points_h1."
2026-10-01,401862786,False,2026-10-02T01:00:00Z,Tulsa Golden Hurricane,North Texas Mean Green,alternate_total_points,under,30.5,1500,fanduel,0.03741493633132334,-0.02508506366867666,"10 market(s) allowlisted for NCAAF: moneyline, spread, total_points, alternate_spread, alternate_total_points, team_total, alternate_team_total, moneyline_h1, spread_h1, total_points_h1."
2026-10-01,401862786,False,2026-10-02T01:00:00Z,Tulsa Golden Hurricane,North Texas Mean Green,alternate_total_points,under,31.5,1400,fanduel,0.044937092584048544,-0.021729574082618122,"10 market(s) allowlisted for NCAAF: moneyline, spread, total_points, alternate_spread, alternate_total_points, team_total, alternate_team_total, moneyline_h1, spread_h1, total_points_h1."
2026-10-01,401862786,False,2026-10-02T01:00:00Z,Tulsa Golden Hurricane,North Texas Mean Green,alternate_total_points,under,32.5,1300,fanduel,0.05146768014487278,-0.019960891283698642,"10 market(s) allowlisted for NCAAF: moneyline, spread, total_points, alternate_spread, alternate_total_points, team_total, alternate_team_total, moneyline_h1, spread_h1, total_points_h1."
2026-10-01,401862786,False,2026-10-02T01:00:00Z,Tulsa Golden Hurricane,North Texas Mean Green,alternate_total_points,under,33.5,1100,fanduel,0.062240708446770515,-0.021092624886562814,"10 market(s) allowlisted for NCAAF: moneyline, spread, total_points, alternate_spread, alternate_total_points, team_total, alternate_team_total, moneyline_h1, spread_h1, total_points_h1."
2026-10-01,401862786,False,2026-10-02T01:00:00Z,Tulsa Golden Hurricane,North Texas Mean Green,alternate_total_points,under,34.5,1060,fanduel,0.074272286719223,-0.01193460983250115,"10 market(s) allowlisted for NCAAF: moneyline, spread, total_points, alternate_spread, alternate_total_points, team_total, alternate_team_total, moneyline_h1, spread_h1, total_points_h1."
2026-10-01,401862786,False,2026-10-02T01:00:00Z,Tulsa Golden Hurricane,North Texas Mean Green,alternate_total_points,under,35.5,900,fanduel,0.08414720287984624,-0.015852797120153764,"10 market(s) allowlisted for NCAAF: moneyline, spread, total_points, alternate_spread, alternate_total_points, team_total, alternate_team_total, moneyline_h1, spread_h1, total_points_h1."
2026-10-01,401862786,False,2026-10-02T01:00:00Z,Tulsa Golden Hurricane,North Texas Mean Green,alternate_total_points,under,36.5,870,fanduel,0.09089274564725852,-0.012200037857896112,"10 market(s) allowlisted for NCAAF: moneyline, spread, total_points, alternate_spread, alternate_total_points, team_total, alternate_team_total, moneyline_h1, spread_h1, total_points_h1."
2026-10-01,401862786,False,2026-10-02T01:00:00Z,Tulsa Golden Hurricane,North Texas Mean Green,alternate_total_points,under,37.5,750,fanduel,0.1075383823896979,-0.01010867643383151,"10 market(s) allowlisted for NCAAF: moneyline, spread, total_points, alternate_spread, alternate_total_points, team_total, alternate_team_total, moneyline_h1, spread_h1, total_points_h1."
2026-10-01,401862786,False,2026-10-02T01:00:00Z,Tulsa Golden Hurricane,North Texas Mean Green,alternate_total_points,under,38.5,630,fanduel,0.12412545142963027,-0.012860849940232733,"10 market(s) allowlisted for NCAAF: moneyline, spread, total_points, alternate_spread, alternate_total_points, team_total, alternate_team_total, moneyline_h1, spread_h1, total_points_h1."
2026-10-01,401862786,False,2026-10-02T01:00:00Z,Tulsa Golden Hurricane,North Texas Mean Green,alternate_total_points,under,39.5,600,fanduel,0.13153396531156508,-0.011323177545577767,"10 market(s) allowlisted for NCAAF: moneyline, spread, total_points, alternate_spread, alternate_total_points, team_total, alternate_team_total, moneyline_h1, spread_h1, total_points_h1."
2026-10-01,401862786,False,2026-10-02T01:00:00Z,Tulsa Golden Hurricane,North Texas Mean Green,alternate_total_points,under,40.5,520,fanduel,0.15273241724003803,-0.00855790534060713,"10 market(s) allowlisted for NCAAF: moneyline, spread, total_points, alternate_spread, alternate_total_points, team_total, alternate_team_total, moneyline_h1, spread_h1, total_points_h1."
2026-10-01,401862786,False,2026-10-02T01:00:00Z,Tulsa Golden Hurricane,North Texas Mean Green,alternate_total_points,under,41.5,450,fanduel,0.17179156018351704,-0.010026621634664779,"10 market(s) allowlisted for NCAAF: moneyline, spread, total_points, alternate_spread, alternate_total_points, team_total, alternate_team_total, moneyline_h1, spread_h1, total_points_h1."
2026-10-01,401862786,False,2026-10-02T01:00:00Z,Tulsa Golden Hurricane,North Texas Mean Green,alternate_total_points,under,42.5,420,fanduel,0.1855966368084313,-0.006711055499261015,"10 market(s) allowlisted for NCAAF: moneyline, spread, total_points, alternate_spread, alternate_total_points, team_total, alternate_team_total, moneyline_h1, spread_h1, total_points_h1."
2026-10-01,401862786,False,2026-10-02T01:00:00Z,Tulsa Golden Hurricane,North Texas Mean Green,alternate_total_points,under,43.5,370,fanduel,0.20818534890585363,-0.004580608540954878,"10 market(s) allowlisted for NCAAF: moneyline, spread, total_points, alternate_spread, alternate_total_points, team_total, alternate_team_total, moneyline_h1, spread_h1, total_points_h1."
2026-10-01,401862786,False,2026-10-02T01:00:00Z,Tulsa Golden Hurricane,North Texas Mean Green,alternate_total_points,under,44.5,330,fanduel,0.23162581173633284,-0.0009323277985508749,"10 market(s) allowlisted for NCAAF: moneyline, spread, total_points, alternate_spread, alternate_total_points, team_total, alternate_team_total, moneyline_h1, spread_h1, total_points_h1."
2026-10-01,401862786,False,2026-10-02T01:00:00Z,Tulsa Golden Hurricane,North Texas Mean Green,alternate_total_points,under,45.5,290,fanduel,0.2569497862778194,0.0005395298675630045,"10 market(s) allowlisted for NCAAF: moneyline, spread, total_points, alternate_spread, alternate_total_points, team_total, alternate_team_total, moneyline_h1, spread_h1, total_points_h1."
2026-10-01,401862786,False,2026-10-02T01:00:00Z,Tulsa Golden Hurricane,North Texas Mean Green,alternate_total_points,under,46.5,280,fanduel,0.2771543441295633,0.01399644939272121,"10 market(s) allowlisted for NCAAF: moneyline, spread, total_points, alternate_spread, alternate_total_points, team_total, alternate_team_total, moneyline_h1, spread_h1, total_points_h1."
2026-10-01,401862786,False,2026-10-02T01:00:00Z,Tulsa Golden Hurricane,North Texas Mean Green,alternate_total_points,under,47.5,240,fanduel,0.29588362228568327,0.0017659752268597284,"10 market(s) allowlisted for NCAAF: moneyline, spread, total_points, alternate_spread, alternate_total_points, team_total, alternate_team_total, moneyline_h1, spread_h1, total_points_h1."
2026-10-01,401862786,False,2026-10-02T01:00:00Z,Tulsa Golden Hurricane,North Texas Mean Green,alternate_total_points,under,48.5,220,fanduel,0.3206891558463479,0.008189155846347884,"10 market(s) allowlisted for NCAAF: moneyline, spread, total_points, alternate_spread, alternate_total_points, team_total, alternate_team_total, moneyline_h1, spread_h1, total_points_h1."
2026-10-01,401862786,False,2026-10-02T01:00:00Z,Tulsa Golden Hurricane,North Texas Mean Green,alternate_total_points,under,49.5,200,fanduel,0.339934848581384,0.006601515248050693,"10 market(s) allowlisted for NCAAF: moneyline, spread, total_points, alternate_spread, alternate_total_points, team_total, alternate_team_total, moneyline_h1, spread_h1, total_points_h1."
2026-10-01,401862786,False,2026-10-02T01:00:00Z,Tulsa Golden Hurricane,North Texas Mean Green,alternate_total_points,under,50.5,180,fanduel,0.35692108760740676,-0.00022176953545038902,"10 market(s) allowlisted for NCAAF: moneyline, spread, total_points, alternate_spread, alternate_total_points, team_total, alternate_team_total, moneyline_h1, spread_h1, total_points_h1."
2026-10-01,401862786,False,2026-10-02T01:00:00Z,Tulsa Golden Hurricane,North Texas Mean Green,alternate_total_points,under,51.5,154,fanduel,0.3816691711923522,-0.012031616209222606,"10 market(s) allowlisted for NCAAF: moneyline, spread, total_points, alternate_spread, alternate_total_points, team_total, alternate_team_total, moneyline_h1, spread_h1, total_points_h1."
2026-10-01,401862786,False,2026-10-02T01:00:00Z,Tulsa Golden Hurricane,North Texas Mean Green,alternate_total_points,under,52.5,140,fanduel,0.40045901866472117,-0.016207648001945518,"10 market(s) allowlisted for NCAAF: moneyline, spread, total_points, alternate_spread, alternate_total_points, team_total, alternate_team_total, moneyline_h1, spread_h1, total_points_h1."
2026-10-01,401862786,False,2026-10-02T01:00:00Z,Tulsa Golden Hurricane,North Texas Mean Green,alternate_total_points,under,53.5,132,fanduel,0.41298171309624543,-0.018052769662375234,"10 market(s) allowlisted for NCAAF: moneyline, spread, total_points, alternate_spread, alternate_total_points, team_total, alternate_team_total, moneyline_h1, spread_h1, total_points_h1."
2026-10-01,401862786,False,2026-10-02T01:00:00Z,Tulsa Golden Hurricane,North Texas Mean Green,alternate_total_points,under,54.5,120,fanduel,0.4389426200554308,-0.015602834490023754,"10 market(s) allowlisted for NCAAF: moneyline, spread, total_points, alternate_spread, alternate_total_points, team_total, alternate_team_total, moneyline_h1, spread_h1, total_points_h1."
2026-10-01,401862786,False,2026-10-02T01:00:00Z,Tulsa Golden Hurricane,North Texas Mean Green,alternate_total_points,under,55.5,104,fanduel,0.47770776627166556,-0.012488312159706971,"10 market(s) allowlisted for NCAAF: moneyline, spread, total_points, alternate_spread, alternate_total_points, team_total, alternate_team_total, moneyline_h1, spread_h1, total_points_h1."
2026-10-01,401862786,False,2026-10-02T01:00:00Z,Tulsa Golden Hurricane,North Texas Mean Green,alternate_total_points,under,56.5,-104,fanduel,0.49999998378867,-0.009803937779957417,"10 market(s) allowlisted for NCAAF: moneyline, spread, total_points, alternate_spread, alternate_total_points, team_total, alternate_team_total, moneyline_h1, spread_h1, total_points_h1."
2026-10-01,401862786,False,2026-10-02T01:00:00Z,Tulsa Golden Hurricane,North Texas Mean Green,alternate_total_points,under,57.5,-115,fanduel,0.5182886072096544,-0.016595113720578092,"10 market(s) allowlisted for NCAAF: moneyline, spread, total_points, alternate_spread, alternate_total_points, team_total, alternate_team_total, moneyline_h1, spread_h1, total_points_h1."
2026-10-01,401862786,False,2026-10-02T01:00:00Z,Tulsa Golden Hurricane,North Texas Mean Green,alternate_total_points,under,58.5,-130,fanduel,0.5454613137932465,-0.01975607751110131,"10 market(s) allowlisted for NCAAF: moneyline, spread, total_points, alternate_spread, alternate_total_points, team_total, alternate_team_total, moneyline_h1, spread_h1, total_points_h1."
2026-10-01,401862786,False,2026-10-02T01:00:00Z,Tulsa Golden Hurricane,North Texas Mean Green,alternate_total_points,under,59.5,-146,fanduel,0.5791136968267954,-0.014382238132554237,"10 market(s) allowlisted for NCAAF: moneyline, spread, total_points, alternate_spread, alternate_total_points, team_total, alternate_team_total, moneyline_h1, spread_h1, total_points_h1."
2026-10-01,401862786,False,2026-10-02T01:00:00Z,Tulsa Golden Hurricane,North Texas Mean Green,alternate_total_points,under,60.5,-158,fanduel,0.5955183957987279,-0.01688470497646588,"10 market(s) allowlisted for NCAAF: moneyline, spread, total_points, alternate_spread, alternate_total_points, team_total, alternate_team_total, moneyline_h1, spread_h1, total_points_h1."
2026-10-01,401862786,False,2026-10-02T01:00:00Z,Tulsa Golden Hurricane,North Texas Mean Green,alternate_total_points,under,61.5,-178,fanduel,0.6272837538942995,-0.01300401588987321,"10 market(s) allowlisted for NCAAF: moneyline, spread, total_points, alternate_spread, alternate_total_points, team_total, alternate_team_total, moneyline_h1, spread_h1, total_points_h1."
2026-10-01,401862786,False,2026-10-02T01:00:00Z,Tulsa Golden Hurricane,North Texas Mean Green,alternate_total_points,under,62.5,-196,fanduel,0.6608033871173357,-0.0013587750448265101,"10 market(s) allowlisted for NCAAF: moneyline, spread, total_points, alternate_spread, alternate_total_points, team_total, alternate_team_total, moneyline_h1, spread_h1, total_points_h1."
2026-10-01,401862786,False,2026-10-02T01:00:00Z,Tulsa Golden Hurricane,North Texas Mean Green,alternate_total_points,under,63.5,-220,fanduel,0.6871775364952369,-0.00032246350476305974,"10 market(s) allowlisted for NCAAF: moneyline, spread, total_points, alternate_spread, alternate_total_points, team_total, alternate_team_total, moneyline_h1, spread_h1, total_points_h1."
2026-10-01,401862786,False,2026-10-02T01:00:00Z,Tulsa Golden Hurricane,North Texas Mean Green,alternate_total_points,under,64.5,-235,fanduel,0.7017807544043723,0.0002882170909394022,"10 market(s) allowlisted for NCAAF: moneyline, spread, total_points, alternate_spread, alternate_total_points, team_total, alternate_team_total, moneyline_h1, spread_h1, total_points_h1."
2026-10-01,401862786,False,2026-10-02T01:00:00Z,Tulsa Golden Hurricane,North Texas Mean Green,alternate_total_points,under,65.5,-265,fanduel,0.7272099961764997,0.001182598916225741,"10 market(s) allowlisted for NCAAF: moneyline, spread, total_points, alternate_spread, alternate_total_points, team_total, alternate_team_total, moneyline_h1, spread_h1, total_points_h1."
2026-10-01,401862786,False,2026-10-02T01:00:00Z,Tulsa Golden Hurricane,North Texas Mean Green,alternate_total_points,under,66.5,-310,fanduel,0.7510712688651235,-0.005026292110486219,"10 market(s) allowlisted for NCAAF: moneyline, spread, total_points, alternate_spread, alternate_total_points, team_total, alternate_team_total, moneyline_h1, spread_h1, total_points_h1."
2026-10-01,401862786,False,2026-10-02T01:00:00Z,Tulsa Golden Hurricane,North Texas Mean Green,alternate_total_points,under,67.5,-330,fanduel,0.7636886312802318,-0.003753229184884521,"10 market(s) allowlisted for NCAAF: moneyline, spread, total_points, alternate_spread, alternate_total_points, team_total, alternate_team_total, moneyline_h1, spread_h1, total_points_h1."
2026-10-01,401862786,False,2026-10-02T01:00:00Z,Tulsa Golden Hurricane,North Texas Mean Green,alternate_total_points,under,68.5,-350,fanduel,0.7749326834054708,-0.0028450943723069555,"10 market(s) allowlisted for NCAAF: moneyline, spread, total_points, alternate_spread, alternate_total_points, team_total, alternate_team_total, moneyline_h1, spread_h1, total_points_h1."
2026-10-01,401862786,False,2026-10-02T01:00:00Z,Tulsa Golden Hurricane,North Texas Mean Green,alternate_total_points,under,69.5,-410,fanduel,0.7873355758174033,-0.01658599281004769,"10 market(s) allowlisted for NCAAF: moneyline, spread, total_points, alternate_spread, alternate_total_points, team_total, alternate_team_total, moneyline_h1, spread_h1, total_points_h1."
2026-10-01,401862786,False,2026-10-02T01:00:00Z,Tulsa Golden Hurricane,North Texas Mean Green,alternate_total_points,under,70.5,-460,fanduel,0.8015784799563498,-0.01985009147222161,"10 market(s) allowlisted for NCAAF: moneyline, spread, total_points, alternate_spread, alternate_total_points, team_total, alternate_team_total, moneyline_h1, spread_h1, total_points_h1."
2026-10-01,401862786,False,2026-10-02T01:00:00Z,Tulsa Golden Hurricane,North Texas Mean Green,alternate_total_points,under,71.5,-500,fanduel,0.8155192852482376,-0.01781404808509579,"10 market(s) allowlisted for NCAAF: moneyline, spread, total_points, alternate_spread, alternate_total_points, team_total, alternate_team_total, moneyline_h1, spread_h1, total_points_h1."
2026-10-01,401862786,False,2026-10-02T01:00:00Z,Tulsa Golden Hurricane,North Texas Mean Green,alternate_total_points,under,72.5,-560,fanduel,0.8323561729759027,-0.01612867550894581,"10 market(s) allowlisted for NCAAF: moneyline, spread, total_points, alternate_spread, alternate_total_points, team_total, alternate_team_total, moneyline_h1, spread_h1, total_points_h1."
2026-10-01,401862786,False,2026-10-02T01:00:00Z,Tulsa Golden Hurricane,North Texas Mean Green,alternate_total_points,under,73.5,-650,fanduel,0.8501697620058768,-0.0164969046607899,"10 market(s) allowlisted for NCAAF: moneyline, spread, total_points, alternate_spread, alternate_total_points, team_total, alternate_team_total, moneyline_h1, spread_h1, total_points_h1."
2026-10-01,401862786,False,2026-10-02T01:00:00Z,Tulsa Golden Hurricane,North Texas Mean Green,alternate_total_points,under,74.5,-720,fanduel,0.859196353492529,-0.018852426995275895,"10 market(s) allowlisted for NCAAF: moneyline, spread, total_points, alternate_spread, alternate_total_points, team_total, alternate_team_total, moneyline_h1, spread_h1, total_points_h1."
2026-10-01,401862786,False,2026-10-02T01:00:00Z,Tulsa Golden Hurricane,North Texas Mean Green,alternate_total_points,under,75.5,-850,fanduel,0.8690638195289786,-0.025673022576284565,"10 market(s) allowlisted for NCAAF: moneyline, spread, total_points, alternate_spread, alternate_total_points, team_total, alternate_team_total, moneyline_h1, spread_h1, total_points_h1."
2026-10-01,401862786,False,2026-10-02T01:00:00Z,Tulsa Golden Hurricane,North Texas Mean Green,alternate_total_points,under,76.5,-950,fanduel,0.880906791846561,-0.023855112915343812,"10 market(s) allowlisted for NCAAF: moneyline, spread, total_points, alternate_spread, alternate_total_points, team_total, alternate_team_total, moneyline_h1, spread_h1, total_points_h1."
2026-10-01,401862786,False,2026-10-02T01:00:00Z,Tulsa Golden Hurricane,North Texas Mean Green,alternate_total_points,under,77.5,-1100,fanduel,0.8915581947436235,-0.025108471923043107,"10 market(s) allowlisted for NCAAF: moneyline, spread, total_points, alternate_spread, alternate_total_points, team_total, alternate_team_total, moneyline_h1, spread_h1, total_points_h1."
2026-10-01,401862786,False,2026-10-02T01:00:00Z,Tulsa Golden Hurricane,North Texas Mean Green,alternate_total_points,under,78.5,-1200,fanduel,0.8992173215111814,-0.02385960156574174,"10 market(s) allowlisted for NCAAF: moneyline, spread, total_points, alternate_spread, alternate_total_points, team_total, alternate_team_total, moneyline_h1, spread_h1, total_points_h1."
2026-10-01,401862786,False,2026-10-02T01:00:00Z,Tulsa Golden Hurricane,North Texas Mean Green,alternate_total_points,under,79.5,-1600,fanduel,0.9125357786678795,-0.028640691920355787,"10 market(s) allowlisted for NCAAF: moneyline, spread, total_points, alternate_spread, alternate_total_points, team_total, alternate_team_total, moneyline_h1, spread_h1, total_points_h1."
2026-10-01,401862786,False,2026-10-02T01:00:00Z,Tulsa Golden Hurricane,North Texas Mean Green,alternate_total_points,under,80.5,-1800,fanduel,0.9232877157228238,-0.024080705329807772,"10 market(s) allowlisted for NCAAF: moneyline, spread, total_points, alternate_spread, alternate_total_points, team_total, alternate_team_total, moneyline_h1, spread_h1, total_points_h1."
2026-10-01,401862786,False,2026-10-02T01:00:00Z,Tulsa Golden Hurricane,North Texas Mean Green,alternate_total_points,under,81.5,-2200,fanduel,0.9288257484987913,-0.02769599063164352,"10 market(s) allowlisted for NCAAF: moneyline, spread, total_points, alternate_spread, alternate_total_points, team_total, alternate_team_total, moneyline_h1, spread_h1, total_points_h1."
2026-10-01,401862786,False,2026-10-02T01:00:00Z,Tulsa Golden Hurricane,North Texas Mean Green,alternate_total_points,under,82.5,-2500,fanduel,0.9335337462946061,-0.028004715243855505,"10 market(s) allowlisted for NCAAF: moneyline, spread, total_points, alternate_spread, alternate_total_points, team_total, alternate_team_total, moneyline_h1, spread_h1, total_points_h1."
2026-10-01,401862786,False,2026-10-02T01:00:00Z,Tulsa Golden Hurricane,North Texas Mean Green,alternate_total_points,under,83.5,-3500,fanduel,0.9432525438034964,-0.028969678418725775,"10 market(s) allowlisted for NCAAF: moneyline, spread, total_points, alternate_spread, alternate_total_points, team_total, alternate_team_total, moneyline_h1, spread_h1, total_points_h1."
2026-10-01,401862786,False,2026-10-02T01:00:00Z,Tulsa Golden Hurricane,North Texas Mean Green,alternate_total_points,under,84.5,-3500,fanduel,0.9500799714276496,-0.02214225079457266,"10 market(s) allowlisted for NCAAF: moneyline, spread, total_points, alternate_spread, alternate_total_points, team_total, alternate_team_total, moneyline_h1, spread_h1, total_points_h1."
2026-10-01,401862786,False,2026-10-02T01:00:00Z,Tulsa Golden Hurricane,North Texas Mean Green,alternate_total_points,under,85.5,-4000,fanduel,0.9568255061504968,-0.01878424994706418,"10 market(s) allowlisted for NCAAF: moneyline, spread, total_points, alternate_spread, alternate_total_points, team_total, alternate_team_total, moneyline_h1, spread_h1, total_points_h1."
2026-10-01,401862786,False,2026-10-02T01:00:00Z,Tulsa Golden Hurricane,North Texas Mean Green,alternate_total_points,under,86.5,-4500,fanduel,0.9604086901317056,-0.017852179433511806,"10 market(s) allowlisted for NCAAF: moneyline, spread, total_points, alternate_spread, alternate_total_points, team_total, alternate_team_total, moneyline_h1, spread_h1, total_points_h1."
2026-10-01,401862786,False,2026-10-02T01:00:00Z,Tulsa Golden Hurricane,North Texas Mean Green,alternate_total_points,under,87.5,-5000,fanduel,0.9664999680185667,-0.01389218884417831,"10 market(s) allowlisted for NCAAF: moneyline, spread, total_points, alternate_spread, alternate_total_points, team_total, alternate_team_total, moneyline_h1, spread_h1, total_points_h1."
2026-10-01,401862786,False,2026-10-02T01:00:00Z,Tulsa Golden Hurricane,North Texas Mean Green,alternate_spread,away,-8.0,240,betrivers,0.2955613123908129,0.0014436653319893633,"10 market(s) allowlisted for NCAAF: moneyline, spread, total_points, alternate_spread, alternate_total_points, team_total, alternate_team_total, moneyline_h1, spread_h1, total_points_h1."
2026-10-01,401862786,False,2026-10-02T01:00:00Z,Tulsa Golden Hurricane,North Texas Mean Green,alternate_spread,away,4.0,-278,betrivers,0.6465752545945118,-0.08887448085522365,"10 market(s) allowlisted for NCAAF: moneyline, spread, total_points, alternate_spread, alternate_total_points, team_total, alternate_team_total, moneyline_h1, spread_h1, total_points_h1."
2026-10-01,401862786,False,2026-10-02T01:00:00Z,Tulsa Golden Hurricane,North Texas Mean Green,alternate_spread,away,-4.5,138,betrivers,0.37662881429724915,-0.043539252929641614,"10 market(s) allowlisted for NCAAF: moneyline, spread, total_points, alternate_spread, alternate_total_points, team_total, alternate_team_total, moneyline_h1, spread_h1, total_points_h1."
2026-10-01,401862786,False,2026-10-02T01:00:00Z,Tulsa Golden Hurricane,North Texas Mean Green,alternate_spread,away,4.5,-295,betrivers,0.6526133977752724,-0.09422204526270228,"10 market(s) allowlisted for NCAAF: moneyline, spread, total_points, alternate_spread, alternate_total_points, team_total, alternate_team_total, moneyline_h1, spread_h1, total_points_h1."
2026-10-01,401862786,False,2026-10-02T01:00:00Z,Tulsa Golden Hurricane,North Texas Mean Green,alternate_spread,away,5.5,-315,betrivers,0.6697952016743569,-0.08924094290395634,"10 market(s) allowlisted for NCAAF: moneyline, spread, total_points, alternate_spread, alternate_total_points, team_total, alternate_team_total, moneyline_h1, spread_h1, total_points_h1."
2026-10-01,401862786,False,2026-10-02T01:00:00Z,Tulsa Golden Hurricane,North Texas Mean Green,alternate_spread,away,-3.0,105,betrivers,0.4270527272212003,-0.060752150827580176,"10 market(s) allowlisted for NCAAF: moneyline, spread, total_points, alternate_spread, alternate_total_points, team_total, alternate_team_total, moneyline_h1, spread_h1, total_points_h1."
2026-10-01,401862786,False,2026-10-02T01:00:00Z,Tulsa Golden Hurricane,North Texas Mean Green,alternate_spread,away,-5.0,143,betrivers,0.37091180702740595,-0.04061082671745003,"10 market(s) allowlisted for NCAAF: moneyline, spread, total_points, alternate_spread, alternate_total_points, team_total, alternate_team_total, moneyline_h1, spread_h1, total_points_h1."
2026-10-01,401862786,False,2026-10-02T01:00:00Z,Tulsa Golden Hurricane,North Texas Mean Green,alternate_spread,away,6.5,-385,betrivers,0.6952259763292171,-0.09858845666047356,"10 market(s) allowlisted for NCAAF: moneyline, spread, total_points, alternate_spread, alternate_total_points, team_total, alternate_team_total, moneyline_h1, spread_h1, total_points_h1."
2026-10-01,401862786,False,2026-10-02T01:00:00Z,Tulsa Golden Hurricane,North Texas Mean Green,alternate_spread,away,-6.5,165,betrivers,0.3448612806909655,-0.032497209875072264,"10 market(s) allowlisted for NCAAF: moneyline, spread, total_points, alternate_spread, alternate_total_points, team_total, alternate_team_total, moneyline_h1, spread_h1, total_points_h1."
2026-10-01,401862786,False,2026-10-02T01:00:00Z,Tulsa Golden Hurricane,North Texas Mean Green,alternate_spread,away,5.0,-315,betrivers,0.6640225021925238,-0.09501364238578947,"10 market(s) allowlisted for NCAAF: moneyline, spread, total_points, alternate_spread, alternate_total_points, team_total, alternate_team_total, moneyline_h1, spread_h1, total_points_h1."
2026-10-01,401862786,False,2026-10-02T01:00:00Z,Tulsa Golden Hurricane,North Texas Mean Green,alternate_spread,away,-4.0,130,betrivers,0.3852238424656767,-0.04955876622997546,"10 market(s) allowlisted for NCAAF: moneyline, spread, total_points, alternate_spread, alternate_total_points, team_total, alternate_team_total, moneyline_h1, spread_h1, total_points_h1."
2026-10-01,401862786,False,2026-10-02T01:00:00Z,Tulsa Golden Hurricane,North Texas Mean Green,alternate_spread,away,3.5,-245,betrivers,0.6355287333332482,-0.07461619420298371,"10 market(s) allowlisted for NCAAF: moneyline, spread, total_points, alternate_spread, alternate_total_points, team_total, alternate_team_total, moneyline_h1, spread_h1, total_points_h1."
2026-10-01,401862786,False,2026-10-02T01:00:00Z,Tulsa Golden Hurricane,North Texas Mean Green,alternate_spread,away,-6.0,155,betrivers,0.3528641572244106,-0.03929270552068742,"10 market(s) allowlisted for NCAAF: moneyline, spread, total_points, alternate_spread, alternate_total_points, team_total, alternate_team_total, moneyline_h1, spread_h1, total_points_h1."
2026-10-01,401862786,False,2026-10-02T01:00:00Z,Tulsa Golden Hurricane,North Texas Mean Green,alternate_spread,away,1.5,-150,betrivers,0.5426261867667567,-0.05737381323324331,"10 market(s) allowlisted for NCAAF: moneyline, spread, total_points, alternate_spread, alternate_total_points, team_total, alternate_team_total, moneyline_h1, spread_h1, total_points_h1."
2026-10-01,401862786,False,2026-10-02T01:00:00Z,Tulsa Golden Hurricane,North Texas Mean Green,alternate_spread,away,-2.0,-114,betrivers,0.4817411512767495,-0.05096912909708223,"10 market(s) allowlisted for NCAAF: moneyline, spread, total_points, alternate_spread, alternate_total_points, team_total, alternate_team_total, moneyline_h1, spread_h1, total_points_h1."
2026-10-01,401862786,False,2026-10-02T01:00:00Z,Tulsa Golden Hurricane,North Texas Mean Green,alternate_spread,away,-3.5,120,betrivers,0.3989405905191308,-0.05560486402632375,"10 market(s) allowlisted for NCAAF: moneyline, spread, total_points, alternate_spread, alternate_total_points, team_total, alternate_team_total, moneyline_h1, spread_h1, total_points_h1."
2026-10-01,401862786,False,2026-10-02T01:00:00Z,Tulsa Golden Hurricane,North Texas Mean Green,alternate_spread,away,6.0,-375,betrivers,0.6872730887199435,-0.1022005954905828,"10 market(s) allowlisted for NCAAF: moneyline, spread, total_points, alternate_spread, alternate_total_points, team_total, alternate_team_total, moneyline_h1, spread_h1, total_points_h1."
2026-10-01,401862786,False,2026-10-02T01:00:00Z,Tulsa Golden Hurricane,North Texas Mean Green,alternate_spread,away,0.0,-130,betrivers,0.526011603457508,-0.03920578784683981,"10 market(s) allowlisted for NCAAF: moneyline, spread, total_points, alternate_spread, alternate_total_points, team_total, alternate_team_total, moneyline_h1, spread_h1, total_points_h1."
2026-10-01,401862786,False,2026-10-02T01:00:00Z,Tulsa Golden Hurricane,North Texas Mean Green,alternate_spread,away,-2.5,-109,betrivers,0.46476884757065007,-0.05676225290781878,"10 market(s) allowlisted for NCAAF: moneyline, spread, total_points, alternate_spread, alternate_total_points, team_total, alternate_team_total, moneyline_h1, spread_h1, total_points_h1."
2026-10-01,401862786,False,2026-10-02T01:00:00Z,Tulsa Golden Hurricane,North Texas Mean Green,alternate_spread,away,3.0,-220,betrivers,0.6109627650549126,-0.07653723494508735,"10 market(s) allowlisted for NCAAF: moneyline, spread, total_points, alternate_spread, alternate_total_points, team_total, alternate_team_total, moneyline_h1, spread_h1, total_points_h1."
2026-10-01,401862786,False,2026-10-02T01:00:00Z,Tulsa Golden Hurricane,North Texas Mean Green,alternate_spread,away,-7.0,185,betrivers,0.3199593463291703,-0.03091784665328584,"10 market(s) allowlisted for NCAAF: moneyline, spread, total_points, alternate_spread, alternate_total_points, team_total, alternate_team_total, moneyline_h1, spread_h1, total_points_h1."
2026-10-01,401862786,False,2026-10-02T01:00:00Z,Tulsa Golden Hurricane,North Texas Mean Green,alternate_spread,away,-5.5,148,betrivers,0.36754104674143323,-0.03568475971017965,"10 market(s) allowlisted for NCAAF: moneyline, spread, total_points, alternate_spread, alternate_total_points, team_total, alternate_team_total, moneyline_h1, spread_h1, total_points_h1."
2026-10-01,401862786,False,2026-10-02T01:00:00Z,Tulsa Golden Hurricane,North Texas Mean Green,alternate_spread,away,1.0,-141,betrivers,0.5359941544743525,-0.049068086189547944,"10 market(s) allowlisted for NCAAF: moneyline, spread, total_points, alternate_spread, alternate_total_points, team_total, alternate_team_total, moneyline_h1, spread_h1, total_points_h1."
2026-10-01,401862786,False,2026-10-02T01:00:00Z,Tulsa Golden Hurricane,North Texas Mean Green,alternate_spread,away,-8.5,250,betrivers,0.29024046636687634,0.004526180652590639,"10 market(s) allowlisted for NCAAF: moneyline, spread, total_points, alternate_spread, alternate_total_points, team_total, alternate_team_total, moneyline_h1, spread_h1, total_points_h1."
2026-10-01,401862786,False,2026-10-02T01:00:00Z,Tulsa Golden Hurricane,North Texas Mean Green,alternate_spread,away,-7.5,195,betrivers,0.3082429782007017,-0.030740072646755934,"10 market(s) allowlisted for NCAAF: moneyline, spread, total_points, alternate_spread, alternate_total_points, team_total, alternate_team_total, moneyline_h1, spread_h1, total_points_h1."
2026-10-01,401862786,False,2026-10-02T01:00:00Z,Tulsa Golden Hurricane,North Texas Mean Green,alternate_spread,away,2.0,-162,betrivers,0.5592683354246996,-0.05905227526232337,"10 market(s) allowlisted for NCAAF: moneyline, spread, total_points, alternate_spread, alternate_total_points, team_total, alternate_team_total, moneyline_h1, spread_h1, total_points_h1."
2026-10-01,401862786,False,2026-10-02T01:00:00Z,Tulsa Golden Hurricane,North Texas Mean Green,alternate_spread,away,-1.5,-118,betrivers,0.5000000161372509,-0.041284387532473876,"10 market(s) allowlisted for NCAAF: moneyline, spread, total_points, alternate_spread, alternate_total_points, team_total, alternate_team_total, moneyline_h1, spread_h1, total_points_h1."
2026-10-01,401862786,False,2026-10-02T01:00:00Z,Tulsa Golden Hurricane,North Texas Mean Green,alternate_spread,away,0.5,-130,betrivers,0.5283331937875602,-0.03688419751678762,"10 market(s) allowlisted for NCAAF: moneyline, spread, total_points, alternate_spread, alternate_total_points, team_total, alternate_team_total, moneyline_h1, spread_h1, total_points_h1."
2026-10-01,401862786,False,2026-10-02T01:00:00Z,Tulsa Golden Hurricane,North Texas Mean Green,alternate_spread,away,2.5,-180,betrivers,0.5723831881984668,-0.07047395465867612,"10 market(s) allowlisted for NCAAF: moneyline, spread, total_points, alternate_spread, alternate_total_points, team_total, alternate_team_total, moneyline_h1, spread_h1, total_points_h1."
2026-10-01,401862786,False,2026-10-02T01:00:00Z,Tulsa Golden Hurricane,North Texas Mean Green,alternate_spread,away,-1.0,-124,betrivers,0.5119988042967327,-0.04157262427469588,"10 market(s) allowlisted for NCAAF: moneyline, spread, total_points, alternate_spread, alternate_total_points, team_total, alternate_team_total, moneyline_h1, spread_h1, total_points_h1."
2026-10-01,401862786,False,2026-10-02T01:00:00Z,Tulsa Golden Hurricane,North Texas Mean Green,alternate_spread,away,-0.5,-130,betrivers,0.5234352039907909,-0.04178218731355687,"10 market(s) allowlisted for NCAAF: moneyline, spread, total_points, alternate_spread, alternate_total_points, team_total, alternate_team_total, moneyline_h1, spread_h1, total_points_h1."
2026-10-01,401862786,False,2026-10-02T01:00:00Z,Tulsa Golden Hurricane,North Texas Mean Green,alternate_spread,home,8.0,-385,betrivers,0.7044386876091869,-0.08937574538050375,"10 market(s) allowlisted for NCAAF: moneyline, spread, total_points, alternate_spread, alternate_total_points, team_total, alternate_team_total, moneyline_h1, spread_h1, total_points_h1."
2026-10-01,401862786,False,2026-10-02T01:00:00Z,Tulsa Golden Hurricane,North Texas Mean Green,alternate_spread,home,-4.0,190,betrivers,0.35342474540548807,0.008597159198591497,"10 market(s) allowlisted for NCAAF: moneyline, spread, total_points, alternate_spread, alternate_total_points, team_total, alternate_team_total, moneyline_h1, spread_h1, total_points_h1."
2026-10-01,401862786,False,2026-10-02T01:00:00Z,Tulsa Golden Hurricane,North Texas Mean Green,alternate_spread,home,4.5,-175,betrivers,0.6233711857027505,-0.012992450660885835,"10 market(s) allowlisted for NCAAF: moneyline, spread, total_points, alternate_spread, alternate_total_points, team_total, alternate_team_total, moneyline_h1, spread_h1, total_points_h1."
2026-10-01,401862786,False,2026-10-02T01:00:00Z,Tulsa Golden Hurricane,North Texas Mean Green,alternate_spread,home,-4.5,200,betrivers,0.3473866022247275,0.014053268891394188,"10 market(s) allowlisted for NCAAF: moneyline, spread, total_points, alternate_spread, alternate_total_points, team_total, alternate_team_total, moneyline_h1, spread_h1, total_points_h1."
2026-10-01,401862786,False,2026-10-02T01:00:00Z,Tulsa Golden Hurricane,North Texas Mean Green,alternate_spread,home,-5.5,215,betrivers,0.3302047983256431,0.012744480865325647,"10 market(s) allowlisted for NCAAF: moneyline, spread, total_points, alternate_spread, alternate_total_points, team_total, alternate_team_total, moneyline_h1, spread_h1, total_points_h1."
2026-10-01,401862786,False,2026-10-02T01:00:00Z,Tulsa Golden Hurricane,North Texas Mean Green,alternate_spread,home,3.0,-139,betrivers,0.5729472727787994,-0.008642685380196413,"10 market(s) allowlisted for NCAAF: moneyline, spread, total_points, alternate_spread, alternate_total_points, team_total, alternate_team_total, moneyline_h1, spread_h1, total_points_h1."
2026-10-01,401862786,False,2026-10-02T01:00:00Z,Tulsa Golden Hurricane,North Texas Mean Green,alternate_spread,home,5.0,-182,betrivers,0.6290881929725938,-0.016301877949392085,"10 market(s) allowlisted for NCAAF: moneyline, spread, total_points, alternate_spread, alternate_total_points, team_total, alternate_team_total, moneyline_h1, spread_h1, total_points_h1."
2026-10-01,401862786,False,2026-10-02T01:00:00Z,Tulsa Golden Hurricane,North Texas Mean Green,alternate_spread,home,-6.5,245,betrivers,0.3047740236707828,0.014918951207014697,"10 market(s) allowlisted for NCAAF: moneyline, spread, total_points, alternate_spread, alternate_total_points, team_total, alternate_team_total, moneyline_h1, spread_h1, total_points_h1."
2026-10-01,401862786,False,2026-10-02T01:00:00Z,Tulsa Golden Hurricane,North Texas Mean Green,alternate_spread,home,6.5,-215,betrivers,0.6551387193090342,-0.027400963230648334,"10 market(s) allowlisted for NCAAF: moneyline, spread, total_points, alternate_spread, alternate_total_points, team_total, alternate_team_total, moneyline_h1, spread_h1, total_points_h1."
2026-10-01,401862786,False,2026-10-02T01:00:00Z,Tulsa Golden Hurricane,North Texas Mean Green,alternate_spread,home,-5.0,215,betrivers,0.33597749780747627,0.018517180347158824,"10 market(s) allowlisted for NCAAF: moneyline, spread, total_points, alternate_spread, alternate_total_points, team_total, alternate_team_total, moneyline_h1, spread_h1, total_points_h1."
2026-10-01,401862786,False,2026-10-02T01:00:00Z,Tulsa Golden Hurricane,North Texas Mean Green,alternate_spread,home,4.0,-165,betrivers,0.6147761575343229,-0.007865351899639328,"10 market(s) allowlisted for NCAAF: moneyline, spread, total_points, alternate_spread, alternate_total_points, team_total, alternate_team_total, moneyline_h1, spread_h1, total_points_h1."
2026-10-01,401862786,False,2026-10-02T01:00:00Z,Tulsa Golden Hurricane,North Texas Mean Green,alternate_spread,home,-3.5,180,betrivers,0.36447126666675167,0.007328409523894519,"10 market(s) allowlisted for NCAAF: moneyline, spread, total_points, alternate_spread, alternate_total_points, team_total, alternate_team_total, moneyline_h1, spread_h1, total_points_h1."
2026-10-01,401862786,False,2026-10-02T01:00:00Z,Tulsa Golden Hurricane,North Texas Mean Green,alternate_spread,home,6.0,-205,betrivers,0.6471358427755891,-0.024995304765394466,"10 market(s) allowlisted for NCAAF: moneyline, spread, total_points, alternate_spread, alternate_total_points, team_total, alternate_team_total, moneyline_h1, spread_h1, total_points_h1."
2026-10-01,401862786,False,2026-10-02T01:00:00Z,Tulsa Golden Hurricane,North Texas Mean Green,alternate_spread,home,-1.5,120,betrivers,0.4573738132332432,0.00282835868778869,"10 market(s) allowlisted for NCAAF: moneyline, spread, total_points, alternate_spread, alternate_total_points, team_total, alternate_team_total, moneyline_h1, spread_h1, total_points_h1."
2026-10-01,401862786,False,2026-10-02T01:00:00Z,Tulsa Golden Hurricane,North Texas Mean Green,alternate_spread,home,2.0,-115,betrivers,0.5182588487232502,-0.016624872206982277,"10 market(s) allowlisted for NCAAF: moneyline, spread, total_points, alternate_spread, alternate_total_points, team_total, alternate_team_total, moneyline_h1, spread_h1, total_points_h1."
2026-10-01,401862786,False,2026-10-02T01:00:00Z,Tulsa Golden Hurricane,North Texas Mean Green,alternate_spread,home,3.5,-155,betrivers,0.6010594094808689,-0.0067837277740330215,"10 market(s) allowlisted for NCAAF: moneyline, spread, total_points, alternate_spread, alternate_total_points, team_total, alternate_team_total, moneyline_h1, spread_h1, total_points_h1."
2026-10-01,401862786,False,2026-10-02T01:00:00Z,Tulsa Golden Hurricane,North Texas Mean Green,alternate_spread,home,-6.0,235,betrivers,0.3127269112800564,0.014219448593489281,"10 market(s) allowlisted for NCAAF: moneyline, spread, total_points, alternate_spread, alternate_total_points, team_total, alternate_team_total, moneyline_h1, spread_h1, total_points_h1."
2026-10-01,401862786,False,2026-10-02T01:00:00Z,Tulsa Golden Hurricane,North Texas Mean Green,alternate_spread,home,0.0,105,betrivers,0.47398839654249186,-0.013816481506288614,"10 market(s) allowlisted for NCAAF: moneyline, spread, total_points, alternate_spread, alternate_total_points, team_total, alternate_team_total, moneyline_h1, spread_h1, total_points_h1."
2026-10-01,401862786,False,2026-10-02T01:00:00Z,Tulsa Golden Hurricane,North Texas Mean Green,alternate_spread,home,2.5,-121,betrivers,0.5352311524293497,-0.012280159787844913,"10 market(s) allowlisted for NCAAF: moneyline, spread, total_points, alternate_spread, alternate_total_points, team_total, alternate_team_total, moneyline_h1, spread_h1, total_points_h1."
2026-10-01,401862786,False,2026-10-02T01:00:00Z,Tulsa Golden Hurricane,North Texas Mean Green,alternate_spread,home,-3.0,163,betrivers,0.38903723494508724,0.008809098062957987,"10 market(s) allowlisted for NCAAF: moneyline, spread, total_points, alternate_spread, alternate_total_points, team_total, alternate_team_total, moneyline_h1, spread_h1, total_points_h1."
2026-10-01,401862786,False,2026-10-02T01:00:00Z,Tulsa Golden Hurricane,North Texas Mean Green,alternate_spread,home,7.0,-245,betrivers,0.6800406536708293,-0.030104273865402598,"10 market(s) allowlisted for NCAAF: moneyline, spread, total_points, alternate_spread, alternate_total_points, team_total, alternate_team_total, moneyline_h1, spread_h1, total_points_h1."
2026-10-01,401862786,False,2026-10-02T01:00:00Z,Tulsa Golden Hurricane,North Texas Mean Green,alternate_spread,home,5.5,-186,betrivers,0.6324589532585665,-0.017890697091083818,"10 market(s) allowlisted for NCAAF: moneyline, spread, total_points, alternate_spread, alternate_total_points, team_total, alternate_team_total, moneyline_h1, spread_h1, total_points_h1."
2026-10-01,401862786,False,2026-10-02T01:00:00Z,Tulsa Golden Hurricane,North Texas Mean Green,alternate_spread,home,-1.0,114,betrivers,0.46400584552564744,-0.0032838741005207783,"10 market(s) allowlisted for NCAAF: moneyline, spread, total_points, alternate_spread, alternate_total_points, team_total, alternate_team_total, moneyline_h1, spread_h1, total_points_h1."
2026-10-01,401862786,False,2026-10-02T01:00:00Z,Tulsa Golden Hurricane,North Texas Mean Green,alternate_spread,home,8.5,-400,betrivers,0.7097595336331234,-0.09024046636687666,"10 market(s) allowlisted for NCAAF: moneyline, spread, total_points, alternate_spread, alternate_total_points, team_total, alternate_team_total, moneyline_h1, spread_h1, total_points_h1."
2026-10-01,401862786,False,2026-10-02T01:00:00Z,Tulsa Golden Hurricane,North Texas Mean Green,alternate_spread,home,7.5,-286,betrivers,0.6917570217992981,-0.0491756206877485,"10 market(s) allowlisted for NCAAF: moneyline, spread, total_points, alternate_spread, alternate_total_points, team_total, alternate_team_total, moneyline_h1, spread_h1, total_points_h1."
2026-10-01,401862786,False,2026-10-02T01:00:00Z,Tulsa Golden Hurricane,North Texas Mean Green,alternate_spread,home,-2.0,128,betrivers,0.4407316645753003,0.0021351733472301238,"10 market(s) allowlisted for NCAAF: moneyline, spread, total_points, alternate_spread, alternate_total_points, team_total, alternate_team_total, moneyline_h1, spread_h1, total_points_h1."
2026-10-01,401862786,False,2026-10-02T01:00:00Z,Tulsa Golden Hurricane,North Texas Mean Green,alternate_spread,home,1.5,-110,betrivers,0.499999983862749,-0.023809539946774816,"10 market(s) allowlisted for NCAAF: moneyline, spread, total_points, alternate_spread, alternate_total_points, team_total, alternate_team_total, moneyline_h1, spread_h1, total_points_h1."
2026-10-01,401862786,False,2026-10-02T01:00:00Z,Tulsa Golden Hurricane,North Texas Mean Green,alternate_spread,home,-0.5,105,betrivers,0.4716668062124397,-0.01613807183634075,"10 market(s) allowlisted for NCAAF: moneyline, spread, total_points, alternate_spread, alternate_total_points, team_total, alternate_team_total, moneyline_h1, spread_h1, total_points_h1."
2026-10-01,401862786,False,2026-10-02T01:00:00Z,Tulsa Golden Hurricane,North Texas Mean Green,alternate_spread,home,-2.5,140,betrivers,0.4276168118015331,0.010950145134866418,"10 market(s) allowlisted for NCAAF: moneyline, spread, total_points, alternate_spread, alternate_total_points, team_total, alternate_team_total, moneyline_h1, spread_h1, total_points_h1."
2026-10-01,401862786,False,2026-10-02T01:00:00Z,Tulsa Golden Hurricane,North Texas Mean Green,alternate_spread,home,1.0,-103,betrivers,0.4880011957032672,-0.01938796685830918,"10 market(s) allowlisted for NCAAF: moneyline, spread, total_points, alternate_spread, alternate_total_points, team_total, alternate_team_total, moneyline_h1, spread_h1, total_points_h1."
2026-10-01,401862786,False,2026-10-02T01:00:00Z,Tulsa Golden Hurricane,North Texas Mean Green,alternate_spread,home,0.5,105,betrivers,0.476564796009209,-0.011240082039571497,"10 market(s) allowlisted for NCAAF: moneyline, spread, total_points, alternate_spread, alternate_total_points, team_total, alternate_team_total, moneyline_h1, spread_h1, total_points_h1."
2026-10-01,401862786,False,2026-10-02T01:00:00Z,Tulsa Golden Hurricane,North Texas Mean Green,alternate_spread,away,-22.5,850,draftkings,0.09860093179435289,-0.0066622261003839445,"10 market(s) allowlisted for NCAAF: moneyline, spread, total_points, alternate_spread, alternate_total_points, team_total, alternate_team_total, moneyline_h1, spread_h1, total_points_h1."
2026-10-01,401862786,False,2026-10-02T01:00:00Z,Tulsa Golden Hurricane,North Texas Mean Green,alternate_spread,away,-21.5,780,draftkings,0.10369668560772739,-0.00993967802863624,"10 market(s) allowlisted for NCAAF: moneyline, spread, total_points, alternate_spread, alternate_total_points, team_total, alternate_team_total, moneyline_h1, spread_h1, total_points_h1."
2026-10-01,401862786,False,2026-10-02T01:00:00Z,Tulsa Golden Hurricane,North Texas Mean Green,alternate_spread,away,-20.5,690,draftkings,0.11743242792315492,-0.009149850557857747,"10 market(s) allowlisted for NCAAF: moneyline, spread, total_points, alternate_spread, alternate_total_points, team_total, alternate_team_total, moneyline_h1, spread_h1, total_points_h1."
2026-10-01,401862786,False,2026-10-02T01:00:00Z,Tulsa Golden Hurricane,North Texas Mean Green,alternate_spread,away,-19.5,620,draftkings,0.1261640387306878,-0.012724850158201101,"10 market(s) allowlisted for NCAAF: moneyline, spread, total_points, alternate_spread, alternate_total_points, team_total, alternate_team_total, moneyline_h1, spread_h1, total_points_h1."
2026-10-01,401862786,False,2026-10-02T01:00:00Z,Tulsa Golden Hurricane,North Texas Mean Green,alternate_spread,away,-18.5,572,draftkings,0.13288540947412336,-0.015924114335400447,"10 market(s) allowlisted for NCAAF: moneyline, spread, total_points, alternate_spread, alternate_total_points, team_total, alternate_team_total, moneyline_h1, spread_h1, total_points_h1."
2026-10-01,401862786,False,2026-10-02T01:00:00Z,Tulsa Golden Hurricane,North Texas Mean Green,alternate_spread,away,-17.5,521,draftkings,0.14641545347780707,-0.01461514233539743,"10 market(s) allowlisted for NCAAF: moneyline, spread, total_points, alternate_spread, alternate_total_points, team_total, alternate_team_total, moneyline_h1, spread_h1, total_points_h1."
2026-10-01,401862786,False,2026-10-02T01:00:00Z,Tulsa Golden Hurricane,North Texas Mean Green,alternate_spread,away,-16.5,451,draftkings,0.1653908988038822,-0.01609730446290547,"10 market(s) allowlisted for NCAAF: moneyline, spread, total_points, alternate_spread, alternate_total_points, team_total, alternate_team_total, moneyline_h1, spread_h1, total_points_h1."
2026-10-01,401862786,False,2026-10-02T01:00:00Z,Tulsa Golden Hurricane,North Texas Mean Green,alternate_spread,away,-15.5,415,draftkings,0.1733776294803577,-0.02079712780119569,"10 market(s) allowlisted for NCAAF: moneyline, spread, total_points, alternate_spread, alternate_total_points, team_total, alternate_team_total, moneyline_h1, spread_h1, total_points_h1."
2026-10-01,401862786,False,2026-10-02T01:00:00Z,Tulsa Golden Hurricane,North Texas Mean Green,alternate_spread,away,-14.5,385,draftkings,0.18614492616384967,-0.020040640846459595,"10 market(s) allowlisted for NCAAF: moneyline, spread, total_points, alternate_spread, alternate_total_points, team_total, alternate_team_total, moneyline_h1, spread_h1, total_points_h1."
2026-10-01,401862786,False,2026-10-02T01:00:00Z,Tulsa Golden Hurricane,North Texas Mean Green,alternate_spread,away,-13.5,335,draftkings,0.21399402265301637,-0.015891034818247995,"10 market(s) allowlisted for NCAAF: moneyline, spread, total_points, alternate_spread, alternate_total_points, team_total, alternate_team_total, moneyline_h1, spread_h1, total_points_h1."
2026-10-01,401862786,False,2026-10-02T01:00:00Z,Tulsa Golden Hurricane,North Texas Mean Green,alternate_spread,away,-12.5,307,draftkings,0.22773360416822805,-0.017966641532017658,"10 market(s) allowlisted for NCAAF: moneyline, spread, total_points, alternate_spread, alternate_total_points, team_total, alternate_team_total, moneyline_h1, spread_h1, total_points_h1."
2026-10-01,401862786,False,2026-10-02T01:00:00Z,Tulsa Golden Hurricane,North Texas Mean Green,alternate_spread,away,-11.5,284,draftkings,0.24193783256887966,-0.018478834097787028,"10 market(s) allowlisted for NCAAF: moneyline, spread, total_points, alternate_spread, alternate_total_points, team_total, alternate_team_total, moneyline_h1, spread_h1, total_points_h1."
2026-10-01,401862786,False,2026-10-02T01:00:00Z,Tulsa Golden Hurricane,North Texas Mean Green,alternate_spread,away,-10.5,262,draftkings,0.2612596715367459,-0.014983422385906053,"10 market(s) allowlisted for NCAAF: moneyline, spread, total_points, alternate_spread, alternate_total_points, team_total, alternate_team_total, moneyline_h1, spread_h1, total_points_h1."
2026-10-01,401862786,False,2026-10-02T01:00:00Z,Tulsa Golden Hurricane,North Texas Mean Green,alternate_spread,away,-9.5,225,draftkings,0.2831675670296465,-0.024524740662661193,"10 market(s) allowlisted for NCAAF: moneyline, spread, total_points, alternate_spread, alternate_total_points, team_total, alternate_team_total, moneyline_h1, spread_h1, total_points_h1."
2026-10-01,401862786,False,2026-10-02T01:00:00Z,Tulsa Golden Hurricane,North Texas Mean Green,alternate_spread,away,-8.5,209,draftkings,0.29024046636687634,-0.03338412910237931,"10 market(s) allowlisted for NCAAF: moneyline, spread, total_points, alternate_spread, alternate_total_points, team_total, alternate_team_total, moneyline_h1, spread_h1, total_points_h1."
2026-10-01,401862786,False,2026-10-02T01:00:00Z,Tulsa Golden Hurricane,North Texas Mean Green,alternate_spread,away,-7.5,191,draftkings,0.3082429782007017,-0.03539963348314712,"10 market(s) allowlisted for NCAAF: moneyline, spread, total_points, alternate_spread, alternate_total_points, team_total, alternate_team_total, moneyline_h1, spread_h1, total_points_h1."
2026-10-01,401862786,False,2026-10-02T01:00:00Z,Tulsa Golden Hurricane,North Texas Mean Green,alternate_spread,away,-6.5,156,draftkings,0.3448612806909655,-0.0457637193090345,"10 market(s) allowlisted for NCAAF: moneyline, spread, total_points, alternate_spread, alternate_total_points, team_total, alternate_team_total, moneyline_h1, spread_h1, total_points_h1."
2026-10-01,401862786,False,2026-10-02T01:00:00Z,Tulsa Golden Hurricane,North Texas Mean Green,alternate_spread,away,-5.5,140,draftkings,0.36754104674143323,-0.049125619925233455,"10 market(s) allowlisted for NCAAF: moneyline, spread, total_points, alternate_spread, alternate_total_points, team_total, alternate_team_total, moneyline_h1, spread_h1, total_points_h1."
2026-10-01,401862786,False,2026-10-02T01:00:00Z,Tulsa Golden Hurricane,North Texas Mean Green,alternate_spread,away,-4.5,128,draftkings,0.37662881429724915,-0.061967676930821,"10 market(s) allowlisted for NCAAF: moneyline, spread, total_points, alternate_spread, alternate_total_points, team_total, alternate_team_total, moneyline_h1, spread_h1, total_points_h1."
2026-10-01,401862786,False,2026-10-02T01:00:00Z,Tulsa Golden Hurricane,North Texas Mean Green,alternate_spread,away,-3.5,118,draftkings,0.3989405905191308,-0.05977500581114448,"10 market(s) allowlisted for NCAAF: moneyline, spread, total_points, alternate_spread, alternate_total_points, team_total, alternate_team_total, moneyline_h1, spread_h1, total_points_h1."
2026-10-01,401862786,False,2026-10-02T01:00:00Z,Tulsa Golden Hurricane,North Texas Mean Green,alternate_spread,away,-2.5,-107,draftkings,0.46476884757065007,-0.05213936498973637,"10 market(s) allowlisted for NCAAF: moneyline, spread, total_points, alternate_spread, alternate_total_points, team_total, alternate_team_total, moneyline_h1, spread_h1, total_points_h1."
2026-10-01,401862786,False,2026-10-02T01:00:00Z,Tulsa Golden Hurricane,North Texas Mean Green,alternate_spread,away,1.5,-138,draftkings,0.5426261867667567,-0.037205746006352625,"10 market(s) allowlisted for NCAAF: moneyline, spread, total_points, alternate_spread, alternate_total_points, team_total, alternate_team_total, moneyline_h1, spread_h1, total_points_h1."
2026-10-01,401862786,False,2026-10-02T01:00:00Z,Tulsa Golden Hurricane,North Texas Mean Green,alternate_spread,away,2.5,-150,draftkings,0.5723831881984668,-0.027616811801533192,"10 market(s) allowlisted for NCAAF: moneyline, spread, total_points, alternate_spread, alternate_total_points, team_total, alternate_team_total, moneyline_h1, spread_h1, total_points_h1."
2026-10-01,401862786,False,2026-10-02T01:00:00Z,Tulsa Golden Hurricane,North Texas Mean Green,alternate_spread,away,3.5,-188,draftkings,0.6355287333332482,-0.01724904444452957,"10 market(s) allowlisted for NCAAF: moneyline, spread, total_points, alternate_spread, alternate_total_points, team_total, alternate_team_total, moneyline_h1, spread_h1, total_points_h1."
2026-10-01,401862786,False,2026-10-02T01:00:00Z,Tulsa Golden Hurricane,North Texas Mean Green,alternate_spread,away,4.5,-208,draftkings,0.6526133977752724,-0.022711277549402942,"10 market(s) allowlisted for NCAAF: moneyline, spread, total_points, alternate_spread, alternate_total_points, team_total, alternate_team_total, moneyline_h1, spread_h1, total_points_h1."
2026-10-01,401862786,False,2026-10-02T01:00:00Z,Tulsa Golden Hurricane,North Texas Mean Green,alternate_spread,away,5.5,-228,draftkings,0.6697952016743569,-0.025326749545155236,"10 market(s) allowlisted for NCAAF: moneyline, spread, total_points, alternate_spread, alternate_total_points, team_total, alternate_team_total, moneyline_h1, spread_h1, total_points_h1."
2026-10-01,401862786,False,2026-10-02T01:00:00Z,Tulsa Golden Hurricane,North Texas Mean Green,alternate_spread,away,6.5,-255,draftkings,0.6952259763292171,-0.0230838828257125,"10 market(s) allowlisted for NCAAF: moneyline, spread, total_points, alternate_spread, alternate_total_points, team_total, alternate_team_total, moneyline_h1, spread_h1, total_points_h1."
2026-10-01,401862786,False,2026-10-02T01:00:00Z,Tulsa Golden Hurricane,North Texas Mean Green,alternate_spread,away,7.5,-323,draftkings,0.7400172493384151,-0.02357613127624214,"10 market(s) allowlisted for NCAAF: moneyline, spread, total_points, alternate_spread, alternate_total_points, team_total, alternate_team_total, moneyline_h1, spread_h1, total_points_h1."
2026-10-01,401862786,False,2026-10-02T01:00:00Z,Tulsa Golden Hurricane,North Texas Mean Green,alternate_spread,away,8.5,-361,draftkings,0.7621329566828957,-0.02094730362079189,"10 market(s) allowlisted for NCAAF: moneyline, spread, total_points, alternate_spread, alternate_total_points, team_total, alternate_team_total, moneyline_h1, spread_h1, total_points_h1."
2026-10-01,401862786,False,2026-10-02T01:00:00Z,Tulsa Golden Hurricane,North Texas Mean Green,alternate_spread,away,9.5,-386,draftkings,0.7711370351903652,-0.023101647937206815,"10 market(s) allowlisted for NCAAF: moneyline, spread, total_points, alternate_spread, alternate_total_points, team_total, alternate_team_total, moneyline_h1, spread_h1, total_points_h1."
2026-10-01,401862786,False,2026-10-02T01:00:00Z,Tulsa Golden Hurricane,North Texas Mean Green,alternate_spread,away,10.5,-462,draftkings,0.7874884082838277,-0.034575648655674085,"10 market(s) allowlisted for NCAAF: moneyline, spread, total_points, alternate_spread, alternate_total_points, team_total, alternate_team_total, moneyline_h1, spread_h1, total_points_h1."
2026-10-01,401862786,False,2026-10-02T01:00:00Z,Tulsa Golden Hurricane,North Texas Mean Green,alternate_spread,away,11.5,-515,draftkings,0.8032512473651123,-0.03414712661862751,"10 market(s) allowlisted for NCAAF: moneyline, spread, total_points, alternate_spread, alternate_total_points, team_total, alternate_team_total, moneyline_h1, spread_h1, total_points_h1."
2026-10-01,401862786,False,2026-10-02T01:00:00Z,Tulsa Golden Hurricane,North Texas Mean Green,alternate_spread,away,12.5,-571,draftkings,0.8077757131434651,-0.04319299028425472,"10 market(s) allowlisted for NCAAF: moneyline, spread, total_points, alternate_spread, alternate_total_points, team_total, alternate_team_total, moneyline_h1, spread_h1, total_points_h1."
2026-10-01,401862786,False,2026-10-02T01:00:00Z,Tulsa Golden Hurricane,North Texas Mean Green,alternate_spread,away,13.5,-640,draftkings,0.8269968873551664,-0.0378679775096985,"10 market(s) allowlisted for NCAAF: moneyline, spread, total_points, alternate_spread, alternate_total_points, team_total, alternate_team_total, moneyline_h1, spread_h1, total_points_h1."
2026-10-01,401862786,False,2026-10-02T01:00:00Z,Tulsa Golden Hurricane,North Texas Mean Green,alternate_spread,away,14.5,-780,draftkings,0.8535472180099313,-0.03281641835370508,"10 market(s) allowlisted for NCAAF: moneyline, spread, total_points, alternate_spread, alternate_total_points, team_total, alternate_team_total, moneyline_h1, spread_h1, total_points_h1."
2026-10-01,401862786,False,2026-10-02T01:00:00Z,Tulsa Golden Hurricane,North Texas Mean Green,alternate_spread,away,15.5,-890,draftkings,0.8695260088609338,-0.02946389012896522,"10 market(s) allowlisted for NCAAF: moneyline, spread, total_points, alternate_spread, alternate_total_points, team_total, alternate_team_total, moneyline_h1, spread_h1, total_points_h1."
2026-10-01,401862786,False,2026-10-02T01:00:00Z,Tulsa Golden Hurricane,North Texas Mean Green,alternate_spread,away,16.5,-990,draftkings,0.8817416632221327,-0.026515217511812295,"10 market(s) allowlisted for NCAAF: moneyline, spread, total_points, alternate_spread, alternate_total_points, team_total, alternate_team_total, moneyline_h1, spread_h1, total_points_h1."
2026-10-01,401862786,False,2026-10-02T01:00:00Z,Tulsa Golden Hurricane,North Texas Mean Green,alternate_spread,away,17.5,-1240,draftkings,0.8930373303765423,-0.0323358039518159,"10 market(s) allowlisted for NCAAF: moneyline, spread, total_points, alternate_spread, alternate_total_points, team_total, alternate_team_total, moneyline_h1, spread_h1, total_points_h1."
2026-10-01,401862786,False,2026-10-02T01:00:00Z,Tulsa Golden Hurricane,North Texas Mean Green,alternate_spread,away,18.5,-1500,draftkings,0.9004192216227564,-0.03708077837724355,"10 market(s) allowlisted for NCAAF: moneyline, spread, total_points, alternate_spread, alternate_total_points, team_total, alternate_team_total, moneyline_h1, spread_h1, total_points_h1."
2026-10-01,401862786,False,2026-10-02T01:00:00Z,Tulsa Golden Hurricane,North Texas Mean Green,alternate_spread,away,19.5,-1800,draftkings,0.9114017343674647,-0.03596668668516678,"10 market(s) allowlisted for NCAAF: moneyline, spread, total_points, alternate_spread, alternate_total_points, team_total, alternate_team_total, moneyline_h1, spread_h1, total_points_h1."
2026-10-01,401862786,False,2026-10-02T01:00:00Z,Tulsa Golden Hurricane,North Texas Mean Green,alternate_spread,away,20.5,-2200,draftkings,0.9219468034783749,-0.034574935652059935,"10 market(s) allowlisted for NCAAF: moneyline, spread, total_points, alternate_spread, alternate_total_points, team_total, alternate_team_total, moneyline_h1, spread_h1, total_points_h1."
2026-10-01,401862786,False,2026-10-02T01:00:00Z,Tulsa Golden Hurricane,North Texas Mean Green,alternate_spread,away,21.5,-3200,draftkings,0.9391313082151516,-0.030565661481818163,"10 market(s) allowlisted for NCAAF: moneyline, spread, total_points, alternate_spread, alternate_total_points, team_total, alternate_team_total, moneyline_h1, spread_h1, total_points_h1."
2026-10-01,401862786,False,2026-10-02T01:00:00Z,Tulsa Golden Hurricane,North Texas Mean Green,alternate_spread,home,22.5,-2800,draftkings,0.901399068205647,-0.06411817317366342,"10 market(s) allowlisted for NCAAF: moneyline, spread, total_points, alternate_spread, alternate_total_points, team_total, alternate_team_total, moneyline_h1, spread_h1, total_points_h1."
2026-10-01,401862786,False,2026-10-02T01:00:00Z,Tulsa Golden Hurricane,North Texas Mean Green,alternate_spread,home,21.5,-2200,draftkings,0.8963033143922724,-0.06021842473816241,"10 market(s) allowlisted for NCAAF: moneyline, spread, total_points, alternate_spread, alternate_total_points, team_total, alternate_team_total, moneyline_h1, spread_h1, total_points_h1."
2026-10-01,401862786,False,2026-10-02T01:00:00Z,Tulsa Golden Hurricane,North Texas Mean Green,alternate_spread,home,20.5,-1660,draftkings,0.8825675720768449,-0.060614246104973346,"10 market(s) allowlisted for NCAAF: moneyline, spread, total_points, alternate_spread, alternate_total_points, team_total, alternate_team_total, moneyline_h1, spread_h1, total_points_h1."
2026-10-01,401862786,False,2026-10-02T01:00:00Z,Tulsa Golden Hurricane,North Texas Mean Green,alternate_spread,home,19.5,-1340,draftkings,0.8738359612693121,-0.05671959428624351,"10 market(s) allowlisted for NCAAF: moneyline, spread, total_points, alternate_spread, alternate_total_points, team_total, alternate_team_total, moneyline_h1, spread_h1, total_points_h1."
2026-10-01,401862786,False,2026-10-02T01:00:00Z,Tulsa Golden Hurricane,North Texas Mean Green,alternate_spread,home,18.5,-1160,draftkings,0.8671145905258765,-0.05352033010904411,"10 market(s) allowlisted for NCAAF: moneyline, spread, total_points, alternate_spread, alternate_total_points, team_total, alternate_team_total, moneyline_h1, spread_h1, total_points_h1."
2026-10-01,401862786,False,2026-10-02T01:00:00Z,Tulsa Golden Hurricane,North Texas Mean Green,alternate_spread,home,17.5,-1000,draftkings,0.8535845465221928,-0.05550636256871622,"10 market(s) allowlisted for NCAAF: moneyline, spread, total_points, alternate_spread, alternate_total_points, team_total, alternate_team_total, moneyline_h1, spread_h1, total_points_h1."
2026-10-01,401862786,False,2026-10-02T01:00:00Z,Tulsa Golden Hurricane,North Texas Mean Green,alternate_spread,home,16.5,-800,draftkings,0.8346091011961178,-0.054279787692771087,"10 market(s) allowlisted for NCAAF: moneyline, spread, total_points, alternate_spread, alternate_total_points, team_total, alternate_team_total, moneyline_h1, spread_h1, total_points_h1."
2026-10-01,401862786,False,2026-10-02T01:00:00Z,Tulsa Golden Hurricane,North Texas Mean Green,alternate_spread,home,15.5,-710,draftkings,0.8266223705196422,-0.04992083935690106,"10 market(s) allowlisted for NCAAF: moneyline, spread, total_points, alternate_spread, alternate_total_points, team_total, alternate_team_total, moneyline_h1, spread_h1, total_points_h1."
2026-10-01,401862786,False,2026-10-02T01:00:00Z,Tulsa Golden Hurricane,North Texas Mean Green,alternate_spread,home,14.5,-640,draftkings,0.8138550738361502,-0.051009791028714724,"10 market(s) allowlisted for NCAAF: moneyline, spread, total_points, alternate_spread, alternate_total_points, team_total, alternate_team_total, moneyline_h1, spread_h1, total_points_h1."
2026-10-01,401862786,False,2026-10-02T01:00:00Z,Tulsa Golden Hurricane,North Texas Mean Green,alternate_spread,home,13.5,-524,draftkings,0.7860059773469835,-0.05373761239660624,"10 market(s) allowlisted for NCAAF: moneyline, spread, total_points, alternate_spread, alternate_total_points, team_total, alternate_team_total, moneyline_h1, spread_h1, total_points_h1."
2026-10-01,401862786,False,2026-10-02T01:00:00Z,Tulsa Golden Hurricane,North Texas Mean Green,alternate_spread,home,12.5,-468,draftkings,0.7722663958317718,-0.051677266140059186,"10 market(s) allowlisted for NCAAF: moneyline, spread, total_points, alternate_spread, alternate_total_points, team_total, alternate_team_total, moneyline_h1, spread_h1, total_points_h1."
2026-10-01,401862786,False,2026-10-02T01:00:00Z,Tulsa Golden Hurricane,North Texas Mean Green,alternate_spread,home,11.5,-425,draftkings,0.7580621674311202,-0.05146164209268933,"10 market(s) allowlisted for NCAAF: moneyline, spread, total_points, alternate_spread, alternate_total_points, team_total, alternate_team_total, moneyline_h1, spread_h1, total_points_h1."
2026-10-01,401862786,False,2026-10-02T01:00:00Z,Tulsa Golden Hurricane,North Texas Mean Green,alternate_spread,home,10.5,-385,draftkings,0.738740328463254,-0.055074104526436685,"10 market(s) allowlisted for NCAAF: moneyline, spread, total_points, alternate_spread, alternate_total_points, team_total, alternate_team_total, moneyline_h1, spread_h1, total_points_h1."
2026-10-01,401862786,False,2026-10-02T01:00:00Z,Tulsa Golden Hurricane,North Texas Mean Green,alternate_spread,home,9.5,-320,draftkings,0.7168324329703533,-0.0450723289344086,"10 market(s) allowlisted for NCAAF: moneyline, spread, total_points, alternate_spread, alternate_total_points, team_total, alternate_team_total, moneyline_h1, spread_h1, total_points_h1."
2026-10-01,401862786,False,2026-10-02T01:00:00Z,Tulsa Golden Hurricane,North Texas Mean Green,alternate_spread,home,8.5,-295,draftkings,0.7097595336331234,-0.03707590940485128,"10 market(s) allowlisted for NCAAF: moneyline, spread, total_points, alternate_spread, alternate_total_points, team_total, alternate_team_total, moneyline_h1, spread_h1, total_points_h1."
2026-10-01,401862786,False,2026-10-02T01:00:00Z,Tulsa Golden Hurricane,North Texas Mean Green,alternate_spread,home,7.5,-265,draftkings,0.6917570217992981,-0.03427037546097589,"10 market(s) allowlisted for NCAAF: moneyline, spread, total_points, alternate_spread, alternate_total_points, team_total, alternate_team_total, moneyline_h1, spread_h1, total_points_h1."
2026-10-01,401862786,False,2026-10-02T01:00:00Z,Tulsa Golden Hurricane,North Texas Mean Green,alternate_spread,home,6.5,-212,draftkings,0.6551387193090342,-0.024348460178145293,"10 market(s) allowlisted for NCAAF: moneyline, spread, total_points, alternate_spread, alternate_total_points, team_total, alternate_team_total, moneyline_h1, spread_h1, total_points_h1."
2026-10-01,401862786,False,2026-10-02T01:00:00Z,Tulsa Golden Hurricane,North Texas Mean Green,alternate_spread,home,5.5,-188,draftkings,0.6324589532585665,-0.020318824519211298,"10 market(s) allowlisted for NCAAF: moneyline, spread, total_points, alternate_spread, alternate_total_points, team_total, alternate_team_total, moneyline_h1, spread_h1, total_points_h1."
2026-10-01,401862786,False,2026-10-02T01:00:00Z,Tulsa Golden Hurricane,North Texas Mean Green,alternate_spread,home,4.5,-172,draftkings,0.6233711857027505,-0.008981755473720043,"10 market(s) allowlisted for NCAAF: moneyline, spread, total_points, alternate_spread, alternate_total_points, team_total, alternate_team_total, moneyline_h1, spread_h1, total_points_h1."
2026-10-01,401862786,False,2026-10-02T01:00:00Z,Tulsa Golden Hurricane,North Texas Mean Green,alternate_spread,home,3.5,-158,draftkings,0.6010594094808689,-0.011343691294324887,"10 market(s) allowlisted for NCAAF: moneyline, spread, total_points, alternate_spread, alternate_total_points, team_total, alternate_team_total, moneyline_h1, spread_h1, total_points_h1."
2026-10-01,401862786,False,2026-10-02T01:00:00Z,Tulsa Golden Hurricane,North Texas Mean Green,alternate_spread,home,2.5,-124,draftkings,0.5352311524293497,-0.018340276142078893,"10 market(s) allowlisted for NCAAF: moneyline, spread, total_points, alternate_spread, alternate_total_points, team_total, alternate_team_total, moneyline_h1, spread_h1, total_points_h1."
2026-10-01,401862786,False,2026-10-02T01:00:00Z,Tulsa Golden Hurricane,North Texas Mean Green,alternate_spread,home,-1.5,104,draftkings,0.4573738132332432,-0.03282226519812931,"10 market(s) allowlisted for NCAAF: moneyline, spread, total_points, alternate_spread, alternate_total_points, team_total, alternate_team_total, moneyline_h1, spread_h1, total_points_h1."
2026-10-01,401862786,False,2026-10-02T01:00:00Z,Tulsa Golden Hurricane,North Texas Mean Green,alternate_spread,home,-2.5,113,draftkings,0.4276168118015331,-0.04186675627358427,"10 market(s) allowlisted for NCAAF: moneyline, spread, total_points, alternate_spread, alternate_total_points, team_total, alternate_team_total, moneyline_h1, spread_h1, total_points_h1."
2026-10-01,401862786,False,2026-10-02T01:00:00Z,Tulsa Golden Hurricane,North Texas Mean Green,alternate_spread,home,-3.5,139,draftkings,0.36447126666675167,-0.053938775174252496,"10 market(s) allowlisted for NCAAF: moneyline, spread, total_points, alternate_spread, alternate_total_points, team_total, alternate_team_total, moneyline_h1, spread_h1, total_points_h1."
2026-10-01,401862786,False,2026-10-02T01:00:00Z,Tulsa Golden Hurricane,North Texas Mean Green,alternate_spread,home,-4.5,153,draftkings,0.3473866022247275,-0.04787031477131992,"10 market(s) allowlisted for NCAAF: moneyline, spread, total_points, alternate_spread, alternate_total_points, team_total, alternate_team_total, moneyline_h1, spread_h1, total_points_h1."
2026-10-01,401862786,False,2026-10-02T01:00:00Z,Tulsa Golden Hurricane,North Texas Mean Green,alternate_spread,home,-5.5,167,draftkings,0.3302047983256431,-0.044327036880349446,"10 market(s) allowlisted for NCAAF: moneyline, spread, total_points, alternate_spread, alternate_total_points, team_total, alternate_team_total, moneyline_h1, spread_h1, total_points_h1."
2026-10-01,401862786,False,2026-10-02T01:00:00Z,Tulsa Golden Hurricane,North Texas Mean Green,alternate_spread,home,-6.5,184,draftkings,0.3047740236707828,-0.04733865238555518,"10 market(s) allowlisted for NCAAF: moneyline, spread, total_points, alternate_spread, alternate_total_points, team_total, alternate_team_total, moneyline_h1, spread_h1, total_points_h1."
2026-10-01,401862786,False,2026-10-02T01:00:00Z,Tulsa Golden Hurricane,North Texas Mean Green,alternate_spread,home,-7.5,226,draftkings,0.25998275066158494,-0.04676571559608378,"10 market(s) allowlisted for NCAAF: moneyline, spread, total_points, alternate_spread, alternate_total_points, team_total, alternate_team_total, moneyline_h1, spread_h1, total_points_h1."
2026-10-01,401862786,False,2026-10-02T01:00:00Z,Tulsa Golden Hurricane,North Texas Mean Green,alternate_spread,home,-8.5,249,draftkings,0.23786704331710448,-0.04866590797229378,"10 market(s) allowlisted for NCAAF: moneyline, spread, total_points, alternate_spread, alternate_total_points, team_total, alternate_team_total, moneyline_h1, spread_h1, total_points_h1."
2026-10-01,401862786,False,2026-10-02T01:00:00Z,Tulsa Golden Hurricane,North Texas Mean Green,alternate_spread,home,-9.5,263,draftkings,0.228862964809635,-0.04661912885427685,"10 market(s) allowlisted for NCAAF: moneyline, spread, total_points, alternate_spread, alternate_total_points, team_total, alternate_team_total, moneyline_h1, spread_h1, total_points_h1."
2026-10-01,401862786,False,2026-10-02T01:00:00Z,Tulsa Golden Hurricane,North Texas Mean Green,alternate_spread,home,-10.5,304,draftkings,0.21251159171617254,-0.035013160759074985,"10 market(s) allowlisted for NCAAF: moneyline, spread, total_points, alternate_spread, alternate_total_points, team_total, alternate_team_total, moneyline_h1, spread_h1, total_points_h1."
2026-10-01,401862786,False,2026-10-02T01:00:00Z,Tulsa Golden Hurricane,North Texas Mean Green,alternate_spread,home,-11.5,330,draftkings,0.19674875263488792,-0.0358093868999958,"10 market(s) allowlisted for NCAAF: moneyline, spread, total_points, alternate_spread, alternate_total_points, team_total, alternate_team_total, moneyline_h1, spread_h1, total_points_h1."
2026-10-01,401862786,False,2026-10-02T01:00:00Z,Tulsa Golden Hurricane,North Texas Mean Green,alternate_spread,home,-12.5,357,draftkings,0.19222428685653511,-0.02659409388744738,"10 market(s) allowlisted for NCAAF: moneyline, spread, total_points, alternate_spread, alternate_total_points, team_total, alternate_team_total, moneyline_h1, spread_h1, total_points_h1."
2026-10-01,401862786,False,2026-10-02T01:00:00Z,Tulsa Golden Hurricane,North Texas Mean Green,alternate_spread,home,-13.5,385,draftkings,0.17300311264483384,-0.03318245436547543,"10 market(s) allowlisted for NCAAF: moneyline, spread, total_points, alternate_spread, alternate_total_points, team_total, alternate_team_total, moneyline_h1, spread_h1, total_points_h1."
2026-10-01,401862786,False,2026-10-02T01:00:00Z,Tulsa Golden Hurricane,North Texas Mean Green,alternate_spread,home,-14.5,446,draftkings,0.14645278199006892,-0.03669740116011422,"10 market(s) allowlisted for NCAAF: moneyline, spread, total_points, alternate_spread, alternate_total_points, team_total, alternate_team_total, moneyline_h1, spread_h1, total_points_h1."
2026-10-01,401862786,False,2026-10-02T01:00:00Z,Tulsa Golden Hurricane,North Texas Mean Green,alternate_spread,home,-15.5,484,draftkings,0.13047399113906644,-0.04075888557326232,"10 market(s) allowlisted for NCAAF: moneyline, spread, total_points, alternate_spread, alternate_total_points, team_total, alternate_team_total, moneyline_h1, spread_h1, total_points_h1."
2026-10-01,401862786,False,2026-10-02T01:00:00Z,Tulsa Golden Hurricane,North Texas Mean Green,alternate_spread,home,-16.5,518,draftkings,0.11825833677786748,-0.04355396095676034,"10 market(s) allowlisted for NCAAF: moneyline, spread, total_points, alternate_spread, alternate_total_points, team_total, alternate_team_total, moneyline_h1, spread_h1, total_points_h1."
2026-10-01,401862786,False,2026-10-02T01:00:00Z,Tulsa Golden Hurricane,North Texas Mean Green,alternate_spread,home,-17.5,593,draftkings,0.10696266962345778,-0.03733747467668651,"10 market(s) allowlisted for NCAAF: moneyline, spread, total_points, alternate_spread, alternate_total_points, team_total, alternate_team_total, moneyline_h1, spread_h1, total_points_h1."
2026-10-01,401862786,False,2026-10-02T01:00:00Z,Tulsa Golden Hurricane,North Texas Mean Green,alternate_spread,home,-18.5,650,draftkings,0.09958077837724369,-0.03375255495608964,"10 market(s) allowlisted for NCAAF: moneyline, spread, total_points, alternate_spread, alternate_total_points, team_total, alternate_team_total, moneyline_h1, spread_h1, total_points_h1."
2026-10-01,401862786,False,2026-10-02T01:00:00Z,Tulsa Golden Hurricane,North Texas Mean Green,alternate_spread,home,-19.5,720,draftkings,0.08859826563253544,-0.03335295387965968,"10 market(s) allowlisted for NCAAF: moneyline, spread, total_points, alternate_spread, alternate_total_points, team_total, alternate_team_total, moneyline_h1, spread_h1, total_points_h1."
2026-10-01,401862786,False,2026-10-02T01:00:00Z,Tulsa Golden Hurricane,North Texas Mean Green,alternate_spread,home,-20.5,780,draftkings,0.07805319652162528,-0.03558316711473836,"10 market(s) allowlisted for NCAAF: moneyline, spread, total_points, alternate_spread, alternate_total_points, team_total, alternate_team_total, moneyline_h1, spread_h1, total_points_h1."
2026-10-01,401862786,False,2026-10-02T01:00:00Z,Tulsa Golden Hurricane,North Texas Mean Green,alternate_spread,home,-21.5,900,draftkings,0.060868691784848605,-0.0391313082151514,"10 market(s) allowlisted for NCAAF: moneyline, spread, total_points, alternate_spread, alternate_total_points, team_total, alternate_team_total, moneyline_h1, spread_h1, total_points_h1."
2026-10-01,401862786,False,2026-10-02T01:00:00Z,Tulsa Golden Hurricane,North Texas Mean Green,alternate_total_points,over,36.5,-1660,draftkings,0.9091072543527419,-0.034074563829076365,"10 market(s) allowlisted for NCAAF: moneyline, spread, total_points, alternate_spread, alternate_total_points, team_total, alternate_team_total, moneyline_h1, spread_h1, total_points_h1."
2026-10-01,401862786,False,2026-10-02T01:00:00Z,Tulsa Golden Hurricane,North Texas Mean Green,alternate_total_points,over,37.5,-1200,draftkings,0.8924616176103025,-0.030615305466620613,"10 market(s) allowlisted for NCAAF: moneyline, spread, total_points, alternate_spread, alternate_total_points, team_total, alternate_team_total, moneyline_h1, spread_h1, total_points_h1."
2026-10-01,401862786,False,2026-10-02T01:00:00Z,Tulsa Golden Hurricane,North Texas Mean Green,alternate_total_points,over,38.5,-1040,draftkings,0.8758745485703701,-0.036406153184015855,"10 market(s) allowlisted for NCAAF: moneyline, spread, total_points, alternate_spread, alternate_total_points, team_total, alternate_team_total, moneyline_h1, spread_h1, total_points_h1."
2026-10-01,401862786,False,2026-10-02T01:00:00Z,Tulsa Golden Hurricane,North Texas Mean Green,alternate_total_points,over,39.5,-920,draftkings,0.8684660346884353,-0.0334947496252902,"10 market(s) allowlisted for NCAAF: moneyline, spread, total_points, alternate_spread, alternate_total_points, team_total, alternate_team_total, moneyline_h1, spread_h1, total_points_h1."
2026-10-01,401862786,False,2026-10-02T01:00:00Z,Tulsa Golden Hurricane,North Texas Mean Green,alternate_total_points,over,40.5,-760,draftkings,0.8472675827599624,-0.036453347472595765,"10 market(s) allowlisted for NCAAF: moneyline, spread, total_points, alternate_spread, alternate_total_points, team_total, alternate_team_total, moneyline_h1, spread_h1, total_points_h1."
2026-10-01,401862786,False,2026-10-02T01:00:00Z,Tulsa Golden Hurricane,North Texas Mean Green,alternate_total_points,over,41.5,-620,draftkings,0.8282084398164833,-0.03290267129462787,"10 market(s) allowlisted for NCAAF: moneyline, spread, total_points, alternate_spread, alternate_total_points, team_total, alternate_team_total, moneyline_h1, spread_h1, total_points_h1."
2026-10-01,401862786,False,2026-10-02T01:00:00Z,Tulsa Golden Hurricane,North Texas Mean Green,alternate_total_points,over,42.5,-572,draftkings,0.814403363191569,-0.036787112998907134,"10 market(s) allowlisted for NCAAF: moneyline, spread, total_points, alternate_spread, alternate_total_points, team_total, alternate_team_total, moneyline_h1, spread_h1, total_points_h1."
2026-10-01,401862786,False,2026-10-02T01:00:00Z,Tulsa Golden Hurricane,North Texas Mean Green,alternate_total_points,over,43.5,-502,draftkings,0.7918146510941466,-0.04207239209522218,"10 market(s) allowlisted for NCAAF: moneyline, spread, total_points, alternate_spread, alternate_total_points, team_total, alternate_team_total, moneyline_h1, spread_h1, total_points_h1."
2026-10-01,401862786,False,2026-10-02T01:00:00Z,Tulsa Golden Hurricane,North Texas Mean Green,alternate_total_points,over,44.5,-425,draftkings,0.7683741882636674,-0.0411496212601421,"10 market(s) allowlisted for NCAAF: moneyline, spread, total_points, alternate_spread, alternate_total_points, team_total, alternate_team_total, moneyline_h1, spread_h1, total_points_h1."
2026-10-01,401862786,False,2026-10-02T01:00:00Z,Tulsa Golden Hurricane,North Texas Mean Green,alternate_total_points,over,45.5,-369,draftkings,0.7430502137221809,-0.04373017007312818,"10 market(s) allowlisted for NCAAF: moneyline, spread, total_points, alternate_spread, alternate_total_points, team_total, alternate_team_total, moneyline_h1, spread_h1, total_points_h1."
2026-10-01,401862786,False,2026-10-02T01:00:00Z,Tulsa Golden Hurricane,North Texas Mean Green,alternate_total_points,over,46.5,-340,draftkings,0.7228456558704369,-0.049881616856835786,"10 market(s) allowlisted for NCAAF: moneyline, spread, total_points, alternate_spread, alternate_total_points, team_total, alternate_team_total, moneyline_h1, spread_h1, total_points_h1."
2026-10-01,401862786,False,2026-10-02T01:00:00Z,Tulsa Golden Hurricane,North Texas Mean Green,alternate_total_points,over,47.5,-294,draftkings,0.704116377714317,-0.042076515686698235,"10 market(s) allowlisted for NCAAF: moneyline, spread, total_points, alternate_spread, alternate_total_points, team_total, alternate_team_total, moneyline_h1, spread_h1, total_points_h1."
2026-10-01,401862786,False,2026-10-02T01:00:00Z,Tulsa Golden Hurricane,North Texas Mean Green,alternate_total_points,over,48.5,-263,draftkings,0.6793108441536524,-0.04520706218243575,"10 market(s) allowlisted for NCAAF: moneyline, spread, total_points, alternate_spread, alternate_total_points, team_total, alternate_team_total, moneyline_h1, spread_h1, total_points_h1."
2026-10-01,401862786,False,2026-10-02T01:00:00Z,Tulsa Golden Hurricane,North Texas Mean Green,alternate_total_points,over,49.5,-240,draftkings,0.6600651514186162,-0.0458172015225603,"10 market(s) allowlisted for NCAAF: moneyline, spread, total_points, alternate_spread, alternate_total_points, team_total, alternate_team_total, moneyline_h1, spread_h1, total_points_h1."
2026-10-01,401862786,False,2026-10-02T01:00:00Z,Tulsa Golden Hurricane,North Texas Mean Green,alternate_total_points,over,50.5,-217,draftkings,0.6430789123925935,-0.04146367435819509,"10 market(s) allowlisted for NCAAF: moneyline, spread, total_points, alternate_spread, alternate_total_points, team_total, alternate_team_total, moneyline_h1, spread_h1, total_points_h1."
2026-10-01,401862786,False,2026-10-02T01:00:00Z,Tulsa Golden Hurricane,North Texas Mean Green,alternate_total_points,over,51.5,-186,draftkings,0.6183308288076481,-0.032018821542002196,"10 market(s) allowlisted for NCAAF: moneyline, spread, total_points, alternate_spread, alternate_total_points, team_total, alternate_team_total, moneyline_h1, spread_h1, total_points_h1."
2026-10-01,401862786,False,2026-10-02T01:00:00Z,Tulsa Golden Hurricane,North Texas Mean Green,alternate_total_points,over,52.5,-167,draftkings,0.599540981335279,-0.025927183458728464,"10 market(s) allowlisted for NCAAF: moneyline, spread, total_points, alternate_spread, alternate_total_points, team_total, alternate_team_total, moneyline_h1, spread_h1, total_points_h1."
2026-10-01,401862786,False,2026-10-02T01:00:00Z,Tulsa Golden Hurricane,North Texas Mean Green,alternate_total_points,over,53.5,-155,draftkings,0.5870182869037548,-0.020824850351147117,"10 market(s) allowlisted for NCAAF: moneyline, spread, total_points, alternate_spread, alternate_total_points, team_total, alternate_team_total, moneyline_h1, spread_h1, total_points_h1."
2026-10-01,401862786,False,2026-10-02T01:00:00Z,Tulsa Golden Hurricane,North Texas Mean Green,alternate_total_points,over,54.5,-139,draftkings,0.5610573799445694,-0.020532578214426445,"10 market(s) allowlisted for NCAAF: moneyline, spread, total_points, alternate_spread, alternate_total_points, team_total, alternate_team_total, moneyline_h1, spread_h1, total_points_h1."
2026-10-01,401862786,False,2026-10-02T01:00:00Z,Tulsa Golden Hurricane,North Texas Mean Green,alternate_total_points,over,55.5,-122,draftkings,0.5222922337283343,-0.027257315821215267,"10 market(s) allowlisted for NCAAF: moneyline, spread, total_points, alternate_spread, alternate_total_points, team_total, alternate_team_total, moneyline_h1, spread_h1, total_points_h1."
2026-10-01,401862786,False,2026-10-02T01:00:00Z,Tulsa Golden Hurricane,North Texas Mean Green,alternate_total_points,over,57.5,-103,draftkings,0.4817113927903454,-0.025677769771230985,"10 market(s) allowlisted for NCAAF: moneyline, spread, total_points, alternate_spread, alternate_total_points, team_total, alternate_team_total, moneyline_h1, spread_h1, total_points_h1."
2026-10-01,401862786,False,2026-10-02T01:00:00Z,Tulsa Golden Hurricane,North Texas Mean Green,alternate_total_points,over,58.5,110,draftkings,0.45453868620675336,-0.021651789983722802,"10 market(s) allowlisted for NCAAF: moneyline, spread, total_points, alternate_spread, alternate_total_points, team_total, alternate_team_total, moneyline_h1, spread_h1, total_points_h1."
2026-10-01,401862786,False,2026-10-02T01:00:00Z,Tulsa Golden Hurricane,North Texas Mean Green,alternate_total_points,over,59.5,122,draftkings,0.4208863031732046,-0.029564147277245878,"10 market(s) allowlisted for NCAAF: moneyline, spread, total_points, alternate_spread, alternate_total_points, team_total, alternate_team_total, moneyline_h1, spread_h1, total_points_h1."
2026-10-01,401862786,False,2026-10-02T01:00:00Z,Tulsa Golden Hurricane,North Texas Mean Green,alternate_total_points,over,60.5,131,draftkings,0.40448160420127205,-0.028418828699160847,"10 market(s) allowlisted for NCAAF: moneyline, spread, total_points, alternate_spread, alternate_total_points, team_total, alternate_team_total, moneyline_h1, spread_h1, total_points_h1."
2026-10-01,401862786,False,2026-10-02T01:00:00Z,Tulsa Golden Hurricane,North Texas Mean Green,alternate_total_points,over,61.5,147,draftkings,0.3727162461057006,-0.0321420534894411,"10 market(s) allowlisted for NCAAF: moneyline, spread, total_points, alternate_spread, alternate_total_points, team_total, alternate_team_total, moneyline_h1, spread_h1, total_points_h1."
2026-10-01,401862786,False,2026-10-02T01:00:00Z,Tulsa Golden Hurricane,North Texas Mean Green,alternate_total_points,over,62.5,161,draftkings,0.3391966128826643,-0.04394514956944301,"10 market(s) allowlisted for NCAAF: moneyline, spread, total_points, alternate_spread, alternate_total_points, team_total, alternate_team_total, moneyline_h1, spread_h1, total_points_h1."
2026-10-01,401862786,False,2026-10-02T01:00:00Z,Tulsa Golden Hurricane,North Texas Mean Green,alternate_total_points,over,63.5,175,draftkings,0.3128224635047631,-0.05081390013160053,"10 market(s) allowlisted for NCAAF: moneyline, spread, total_points, alternate_spread, alternate_total_points, team_total, alternate_team_total, moneyline_h1, spread_h1, total_points_h1."
2026-10-01,401862786,False,2026-10-02T01:00:00Z,Tulsa Golden Hurricane,North Texas Mean Green,alternate_total_points,over,64.5,189,draftkings,0.29821924559562785,-0.047801515650046866,"10 market(s) allowlisted for NCAAF: moneyline, spread, total_points, alternate_spread, alternate_total_points, team_total, alternate_team_total, moneyline_h1, spread_h1, total_points_h1."
2026-10-01,401862786,False,2026-10-02T01:00:00Z,Tulsa Golden Hurricane,North Texas Mean Green,alternate_total_points,over,65.5,216,draftkings,0.2727900038235004,-0.043665692379031285,"10 market(s) allowlisted for NCAAF: moneyline, spread, total_points, alternate_spread, alternate_total_points, team_total, alternate_team_total, moneyline_h1, spread_h1, total_points_h1."
2026-10-01,401862786,False,2026-10-02T01:00:00Z,Tulsa Golden Hurricane,North Texas Mean Green,alternate_total_points,over,66.5,235,draftkings,0.2489287311348766,-0.04957873155169054,"10 market(s) allowlisted for NCAAF: moneyline, spread, total_points, alternate_spread, alternate_total_points, team_total, alternate_team_total, moneyline_h1, spread_h1, total_points_h1."
2026-10-01,401862786,False,2026-10-02T01:00:00Z,Tulsa Golden Hurricane,North Texas Mean Green,alternate_total_points,over,67.5,254,draftkings,0.23631136871976835,-0.046174506986446345,"10 market(s) allowlisted for NCAAF: moneyline, spread, total_points, alternate_spread, alternate_total_points, team_total, alternate_team_total, moneyline_h1, spread_h1, total_points_h1."
2026-10-01,401862786,False,2026-10-02T01:00:00Z,Tulsa Golden Hurricane,North Texas Mean Green,alternate_total_points,over,68.5,278,draftkings,0.2250673165945293,-0.03948294795573523,"10 market(s) allowlisted for NCAAF: moneyline, spread, total_points, alternate_spread, alternate_total_points, team_total, alternate_team_total, moneyline_h1, spread_h1, total_points_h1."
2026-10-01,401862786,False,2026-10-02T01:00:00Z,Tulsa Golden Hurricane,North Texas Mean Green,alternate_total_points,over,69.5,313,draftkings,0.21266442418259685,-0.029466326422730033,"10 market(s) allowlisted for NCAAF: moneyline, spread, total_points, alternate_spread, alternate_total_points, team_total, alternate_team_total, moneyline_h1, spread_h1, total_points_h1."
2026-10-01,401862786,False,2026-10-02T01:00:00Z,Tulsa Golden Hurricane,North Texas Mean Green,alternate_total_points,over,70.5,335,draftkings,0.19842152004365035,-0.03146353742761401,"10 market(s) allowlisted for NCAAF: moneyline, spread, total_points, alternate_spread, alternate_total_points, team_total, alternate_team_total, moneyline_h1, spread_h1, total_points_h1."
2026-10-01,401862786,False,2026-10-02T01:00:00Z,Tulsa Golden Hurricane,North Texas Mean Green,alternate_total_points,over,71.5,371,draftkings,0.18448071475176253,-0.027833510301316033,"10 market(s) allowlisted for NCAAF: moneyline, spread, total_points, alternate_spread, alternate_total_points, team_total, alternate_team_total, moneyline_h1, spread_h1, total_points_h1."
2026-10-01,401862786,False,2026-10-02T01:00:00Z,Tulsa Golden Hurricane,North Texas Mean Green,alternate_total_points,over,72.5,409,draftkings,0.16764382702409747,-0.028819827199871084,"10 market(s) allowlisted for NCAAF: moneyline, spread, total_points, alternate_spread, alternate_total_points, team_total, alternate_team_total, moneyline_h1, spread_h1, total_points_h1."
2026-10-01,401862786,False,2026-10-02T01:00:00Z,Tulsa Golden Hurricane,North Texas Mean Green,alternate_total_points,over,73.5,443,draftkings,0.14983023799412334,-0.034331824620977947,"10 market(s) allowlisted for NCAAF: moneyline, spread, total_points, alternate_spread, alternate_total_points, team_total, alternate_team_total, moneyline_h1, spread_h1, total_points_h1."
2026-10-01,401862786,False,2026-10-02T01:00:00Z,Tulsa Golden Hurricane,North Texas Mean Green,alternate_total_points,over,74.5,478,draftkings,0.14080364650747113,-0.03220673411536623,"10 market(s) allowlisted for NCAAF: moneyline, spread, total_points, alternate_spread, alternate_total_points, team_total, alternate_team_total, moneyline_h1, spread_h1, total_points_h1."
2026-10-01,401862786,False,2026-10-02T01:00:00Z,Tulsa Golden Hurricane,North Texas Mean Green,alternate_total_points,over,75.5,527,draftkings,0.1309361804710215,-0.028553452702822196,"10 market(s) allowlisted for NCAAF: moneyline, spread, total_points, alternate_spread, alternate_total_points, team_total, alternate_team_total, moneyline_h1, spread_h1, total_points_h1."
2026-10-01,401862786,False,2026-10-02T01:00:00Z,Tulsa Golden Hurricane,North Texas Mean Green,alternate_total_points,over,76.5,573,draftkings,0.11909320815343921,-0.029495201950572675,"10 market(s) allowlisted for NCAAF: moneyline, spread, total_points, alternate_spread, alternate_total_points, team_total, alternate_team_total, moneyline_h1, spread_h1, total_points_h1."
2026-10-01,401862786,False,2026-10-02T01:00:00Z,Tulsa Golden Hurricane,North Texas Mean Green,alternate_total_points,over,77.5,620,draftkings,0.10844180525637662,-0.03044708363251228,"10 market(s) allowlisted for NCAAF: moneyline, spread, total_points, alternate_spread, alternate_total_points, team_total, alternate_team_total, moneyline_h1, spread_h1, total_points_h1."
2026-10-01,401862786,False,2026-10-02T01:00:00Z,Tulsa Golden Hurricane,North Texas Mean Green,alternate_total_points,over,78.5,670,draftkings,0.10078267848881878,-0.02908745138131108,"10 market(s) allowlisted for NCAAF: moneyline, spread, total_points, alternate_spread, alternate_total_points, team_total, alternate_team_total, moneyline_h1, spread_h1, total_points_h1."
2026-10-01,401862786,False,2026-10-02T01:00:00Z,Tulsa Golden Hurricane,North Texas Mean Green,alternate_total_points,under,36.5,690,draftkings,0.09089274564725852,-0.035689532833754145,"10 market(s) allowlisted for NCAAF: moneyline, spread, total_points, alternate_spread, alternate_total_points, team_total, alternate_team_total, moneyline_h1, spread_h1, total_points_h1."
2026-10-01,401862786,False,2026-10-02T01:00:00Z,Tulsa Golden Hurricane,North Texas Mean Green,alternate_total_points,under,37.5,582,draftkings,0.1075383823896979,-0.0390891835927068,"10 market(s) allowlisted for NCAAF: moneyline, spread, total_points, alternate_spread, alternate_total_points, team_total, alternate_team_total, moneyline_h1, spread_h1, total_points_h1."
2026-10-01,401862786,False,2026-10-02T01:00:00Z,Tulsa Golden Hurricane,North Texas Mean Green,alternate_total_points,under,38.5,535,draftkings,0.12412545142963027,-0.033354863530999646,"10 market(s) allowlisted for NCAAF: moneyline, spread, total_points, alternate_spread, alternate_total_points, team_total, alternate_team_total, moneyline_h1, spread_h1, total_points_h1."
2026-10-01,401862786,False,2026-10-02T01:00:00Z,Tulsa Golden Hurricane,North Texas Mean Green,alternate_total_points,under,39.5,495,draftkings,0.13153396531156508,-0.036533261579191234,"10 market(s) allowlisted for NCAAF: moneyline, spread, total_points, alternate_spread, alternate_total_points, team_total, alternate_team_total, moneyline_h1, spread_h1, total_points_h1."
2026-10-01,401862786,False,2026-10-02T01:00:00Z,Tulsa Golden Hurricane,North Texas Mean Green,alternate_total_points,under,40.5,437,draftkings,0.15273241724003803,-0.03348732205232696,"10 market(s) allowlisted for NCAAF: moneyline, spread, total_points, alternate_spread, alternate_total_points, team_total, alternate_team_total, moneyline_h1, spread_h1, total_points_h1."
2026-10-01,401862786,False,2026-10-02T01:00:00Z,Tulsa Golden Hurricane,North Texas Mean Green,alternate_total_points,under,41.5,380,draftkings,0.17179156018351704,-0.0365417731498163,"10 market(s) allowlisted for NCAAF: moneyline, spread, total_points, alternate_spread, alternate_total_points, team_total, alternate_team_total, moneyline_h1, spread_h1, total_points_h1."
2026-10-01,401862786,False,2026-10-02T01:00:00Z,Tulsa Golden Hurricane,North Texas Mean Green,alternate_total_points,under,42.5,358,draftkings,0.1855966368084313,-0.032743974545280496,"10 market(s) allowlisted for NCAAF: moneyline, spread, total_points, alternate_spread, alternate_total_points, team_total, alternate_team_total, moneyline_h1, spread_h1, total_points_h1."
2026-10-01,401862786,False,2026-10-02T01:00:00Z,Tulsa Golden Hurricane,North Texas Mean Green,alternate_total_points,under,43.5,324,draftkings,0.20818534890585363,-0.027663707697919954,"10 market(s) allowlisted for NCAAF: moneyline, spread, total_points, alternate_spread, alternate_total_points, team_total, alternate_team_total, moneyline_h1, spread_h1, total_points_h1."
2026-10-01,401862786,False,2026-10-02T01:00:00Z,Tulsa Golden Hurricane,North Texas Mean Green,alternate_total_points,under,44.5,284,draftkings,0.23162581173633284,-0.028790854930333842,"10 market(s) allowlisted for NCAAF: moneyline, spread, total_points, alternate_spread, alternate_total_points, team_total, alternate_team_total, moneyline_h1, spread_h1, total_points_h1."
2026-10-01,401862786,False,2026-10-02T01:00:00Z,Tulsa Golden Hurricane,North Texas Mean Green,alternate_total_points,under,45.5,253,draftkings,0.2569497862778194,-0.026336332702350584,"10 market(s) allowlisted for NCAAF: moneyline, spread, total_points, alternate_spread, alternate_total_points, team_total, alternate_team_total, moneyline_h1, spread_h1, total_points_h1."
2026-10-01,401862786,False,2026-10-02T01:00:00Z,Tulsa Golden Hurricane,North Texas Mean Green,alternate_total_points,under,46.5,236,draftkings,0.2771543441295633,-0.020464703489484315,"10 market(s) allowlisted for NCAAF: moneyline, spread, total_points, alternate_spread, alternate_total_points, team_total, alternate_team_total, moneyline_h1, spread_h1, total_points_h1."
2026-10-01,401862786,False,2026-10-02T01:00:00Z,Tulsa Golden Hurricane,North Texas Mean Green,alternate_total_points,under,47.5,209,draftkings,0.29588362228568327,-0.02774097318357238,"10 market(s) allowlisted for NCAAF: moneyline, spread, total_points, alternate_spread, alternate_total_points, team_total, alternate_team_total, moneyline_h1, spread_h1, total_points_h1."
2026-10-01,401862786,False,2026-10-02T01:00:00Z,Tulsa Golden Hurricane,North Texas Mean Green,alternate_total_points,under,48.5,189,draftkings,0.3206891558463479,-0.02533160539932683,"10 market(s) allowlisted for NCAAF: moneyline, spread, total_points, alternate_spread, alternate_total_points, team_total, alternate_team_total, moneyline_h1, spread_h1, total_points_h1."
2026-10-01,401862786,False,2026-10-02T01:00:00Z,Tulsa Golden Hurricane,North Texas Mean Green,alternate_total_points,under,49.5,174,draftkings,0.339934848581384,-0.025028655068251027,"10 market(s) allowlisted for NCAAF: moneyline, spread, total_points, alternate_spread, alternate_total_points, team_total, alternate_team_total, moneyline_h1, spread_h1, total_points_h1."
2026-10-01,401862786,False,2026-10-02T01:00:00Z,Tulsa Golden Hurricane,North Texas Mean Green,alternate_total_points,under,50.5,160,draftkings,0.35692108760740676,-0.027694297007977875,"10 market(s) allowlisted for NCAAF: moneyline, spread, total_points, alternate_spread, alternate_total_points, team_total, alternate_team_total, moneyline_h1, spread_h1, total_points_h1."
2026-10-01,401862786,False,2026-10-02T01:00:00Z,Tulsa Golden Hurricane,North Texas Mean Green,alternate_total_points,under,51.5,138,draftkings,0.3816691711923522,-0.03849889603453854,"10 market(s) allowlisted for NCAAF: moneyline, spread, total_points, alternate_spread, alternate_total_points, team_total, alternate_team_total, moneyline_h1, spread_h1, total_points_h1."
2026-10-01,401862786,False,2026-10-02T01:00:00Z,Tulsa Golden Hurricane,North Texas Mean Green,alternate_total_points,under,52.5,125,draftkings,0.40045901866472117,-0.04398542577972325,"10 market(s) allowlisted for NCAAF: moneyline, spread, total_points, alternate_spread, alternate_total_points, team_total, alternate_team_total, moneyline_h1, spread_h1, total_points_h1."
2026-10-01,401862786,False,2026-10-02T01:00:00Z,Tulsa Golden Hurricane,North Texas Mean Green,alternate_total_points,under,53.5,116,draftkings,0.41298171309624543,-0.049981249866717536,"10 market(s) allowlisted for NCAAF: moneyline, spread, total_points, alternate_spread, alternate_total_points, team_total, alternate_team_total, moneyline_h1, spread_h1, total_points_h1."
2026-10-01,401862786,False,2026-10-02T01:00:00Z,Tulsa Golden Hurricane,North Texas Mean Green,alternate_total_points,under,54.5,105,draftkings,0.4389426200554308,-0.0488622579933497,"10 market(s) allowlisted for NCAAF: moneyline, spread, total_points, alternate_spread, alternate_total_points, team_total, alternate_team_total, moneyline_h1, spread_h1, total_points_h1."
2026-10-01,401862786,False,2026-10-02T01:00:00Z,Tulsa Golden Hurricane,North Texas Mean Green,alternate_total_points,under,55.5,-109,draftkings,0.47770776627166556,-0.04382333420680329,"10 market(s) allowlisted for NCAAF: moneyline, spread, total_points, alternate_spread, alternate_total_points, team_total, alternate_team_total, moneyline_h1, spread_h1, total_points_h1."
2026-10-01,401862786,False,2026-10-02T01:00:00Z,Tulsa Golden Hurricane,North Texas Mean Green,alternate_total_points,under,57.5,-129,draftkings,0.5182886072096544,-0.04503017008292198,"10 market(s) allowlisted for NCAAF: moneyline, spread, total_points, alternate_spread, alternate_total_points, team_total, alternate_team_total, moneyline_h1, spread_h1, total_points_h1."
2026-10-01,401862786,False,2026-10-02T01:00:00Z,Tulsa Golden Hurricane,North Texas Mean Green,alternate_total_points,under,58.5,-146,draftkings,0.5454613137932465,-0.04803462116610313,"10 market(s) allowlisted for NCAAF: moneyline, spread, total_points, alternate_spread, alternate_total_points, team_total, alternate_team_total, moneyline_h1, spread_h1, total_points_h1."
2026-10-01,401862786,False,2026-10-02T01:00:00Z,Tulsa Golden Hurricane,North Texas Mean Green,alternate_total_points,under,59.5,-163,draftkings,0.5791136968267954,-0.040658166291075326,"10 market(s) allowlisted for NCAAF: moneyline, spread, total_points, alternate_spread, alternate_total_points, team_total, alternate_team_total, moneyline_h1, spread_h1, total_points_h1."
2026-10-01,401862786,False,2026-10-02T01:00:00Z,Tulsa Golden Hurricane,North Texas Mean Green,alternate_total_points,under,60.5,-175,draftkings,0.5955183957987279,-0.04084524056490846,"10 market(s) allowlisted for NCAAF: moneyline, spread, total_points, alternate_spread, alternate_total_points, team_total, alternate_team_total, moneyline_h1, spread_h1, total_points_h1."
2026-10-01,401862786,False,2026-10-02T01:00:00Z,Tulsa Golden Hurricane,North Texas Mean Green,alternate_total_points,under,61.5,-199,draftkings,0.6272837538942995,-0.03826808557058348,"10 market(s) allowlisted for NCAAF: moneyline, spread, total_points, alternate_spread, alternate_total_points, team_total, alternate_team_total, moneyline_h1, spread_h1, total_points_h1."
2026-10-01,401862786,False,2026-10-02T01:00:00Z,Tulsa Golden Hurricane,North Texas Mean Green,alternate_total_points,under,62.5,-220,draftkings,0.6608033871173357,-0.02669661288266434,"10 market(s) allowlisted for NCAAF: moneyline, spread, total_points, alternate_spread, alternate_total_points, team_total, alternate_team_total, moneyline_h1, spread_h1, total_points_h1."
2026-10-01,401862786,False,2026-10-02T01:00:00Z,Tulsa Golden Hurricane,North Texas Mean Green,alternate_total_points,under,63.5,-241,draftkings,0.6871775364952369,-0.019567331539953714,"10 market(s) allowlisted for NCAAF: moneyline, spread, total_points, alternate_spread, alternate_total_points, team_total, alternate_team_total, moneyline_h1, spread_h1, total_points_h1."
2026-10-01,401862786,False,2026-10-02T01:00:00Z,Tulsa Golden Hurricane,North Texas Mean Green,alternate_total_points,under,64.5,-263,draftkings,0.7017807544043723,-0.022737151931715882,"10 market(s) allowlisted for NCAAF: moneyline, spread, total_points, alternate_spread, alternate_total_points, team_total, alternate_team_total, moneyline_h1, spread_h1, total_points_h1."
2026-10-01,401862786,False,2026-10-02T01:00:00Z,Tulsa Golden Hurricane,North Texas Mean Green,alternate_total_points,under,65.5,-305,draftkings,0.7272099961764997,-0.025876423576586705,"10 market(s) allowlisted for NCAAF: moneyline, spread, total_points, alternate_spread, alternate_total_points, team_total, alternate_team_total, moneyline_h1, spread_h1, total_points_h1."
2026-10-01,401862786,False,2026-10-02T01:00:00Z,Tulsa Golden Hurricane,North Texas Mean Green,alternate_total_points,under,66.5,-337,draftkings,0.7510712688651235,-0.020095779189796326,"10 market(s) allowlisted for NCAAF: moneyline, spread, total_points, alternate_spread, alternate_total_points, team_total, alternate_team_total, moneyline_h1, spread_h1, total_points_h1."
2026-10-01,401862786,False,2026-10-02T01:00:00Z,Tulsa Golden Hurricane,North Texas Mean Green,alternate_total_points,under,67.5,-370,draftkings,0.7636886312802318,-0.023545411272959726,"10 market(s) allowlisted for NCAAF: moneyline, spread, total_points, alternate_spread, alternate_total_points, team_total, alternate_team_total, moneyline_h1, spread_h1, total_points_h1."
2026-10-01,401862786,False,2026-10-02T01:00:00Z,Tulsa Golden Hurricane,North Texas Mean Green,alternate_total_points,under,68.5,-413,draftkings,0.7749326834054708,-0.030135542715386876,"10 market(s) allowlisted for NCAAF: moneyline, spread, total_points, alternate_spread, alternate_total_points, team_total, alternate_team_total, moneyline_h1, spread_h1, total_points_h1."
2026-10-01,401862786,False,2026-10-02T01:00:00Z,Tulsa Golden Hurricane,North Texas Mean Green,alternate_total_points,under,69.5,-480,draftkings,0.7873355758174033,-0.04025063107914839,"10 market(s) allowlisted for NCAAF: moneyline, spread, total_points, alternate_spread, alternate_total_points, team_total, alternate_team_total, moneyline_h1, spread_h1, total_points_h1."
2026-10-01,401862786,False,2026-10-02T01:00:00Z,Tulsa Golden Hurricane,North Texas Mean Green,alternate_total_points,under,70.5,-525,draftkings,0.8015784799563498,-0.03842152004365018,"10 market(s) allowlisted for NCAAF: moneyline, spread, total_points, alternate_spread, alternate_total_points, team_total, alternate_team_total, moneyline_h1, spread_h1, total_points_h1."
2026-10-01,401862786,False,2026-10-02T01:00:00Z,Tulsa Golden Hurricane,North Texas Mean Green,alternate_total_points,under,71.5,-600,draftkings,0.8155192852482376,-0.041623571894619515,"10 market(s) allowlisted for NCAAF: moneyline, spread, total_points, alternate_spread, alternate_total_points, team_total, alternate_team_total, moneyline_h1, spread_h1, total_points_h1."
2026-10-01,401862786,False,2026-10-02T01:00:00Z,Tulsa Golden Hurricane,North Texas Mean Green,alternate_total_points,under,72.5,-690,draftkings,0.8323561729759027,-0.041061548543084636,"10 market(s) allowlisted for NCAAF: moneyline, spread, total_points, alternate_spread, alternate_total_points, team_total, alternate_team_total, moneyline_h1, spread_h1, total_points_h1."
2026-10-01,401862786,False,2026-10-02T01:00:00Z,Tulsa Golden Hurricane,North Texas Mean Green,alternate_total_points,under,73.5,-780,draftkings,0.8501697620058768,-0.03619387435775956,"10 market(s) allowlisted for NCAAF: moneyline, spread, total_points, alternate_spread, alternate_total_points, team_total, alternate_team_total, moneyline_h1, spread_h1, total_points_h1."
2026-10-01,401862786,False,2026-10-02T01:00:00Z,Tulsa Golden Hurricane,North Texas Mean Green,alternate_total_points,under,74.5,-870,draftkings,0.859196353492529,-0.03771086300231641,"10 market(s) allowlisted for NCAAF: moneyline, spread, total_points, alternate_spread, alternate_total_points, team_total, alternate_team_total, moneyline_h1, spread_h1, total_points_h1."
2026-10-01,401862786,False,2026-10-02T01:00:00Z,Tulsa Golden Hurricane,North Texas Mean Green,alternate_total_points,under,75.5,-1020,draftkings,0.8690638195289786,-0.0416504661853071,"10 market(s) allowlisted for NCAAF: moneyline, spread, total_points, alternate_spread, alternate_total_points, team_total, alternate_team_total, moneyline_h1, spread_h1, total_points_h1."
2026-10-01,401862786,False,2026-10-02T01:00:00Z,Tulsa Golden Hurricane,North Texas Mean Green,alternate_total_points,under,76.5,-1180,draftkings,0.880906791846561,-0.040968208153439045,"10 market(s) allowlisted for NCAAF: moneyline, spread, total_points, alternate_spread, alternate_total_points, team_total, alternate_team_total, moneyline_h1, spread_h1, total_points_h1."
2026-10-01,401862786,False,2026-10-02T01:00:00Z,Tulsa Golden Hurricane,North Texas Mean Green,alternate_total_points,under,77.5,-1380,draftkings,0.8915581947436235,-0.040874237688808934,"10 market(s) allowlisted for NCAAF: moneyline, spread, total_points, alternate_spread, alternate_total_points, team_total, alternate_team_total, moneyline_h1, spread_h1, total_points_h1."
2026-10-01,401862786,False,2026-10-02T01:00:00Z,Tulsa Golden Hurricane,North Texas Mean Green,alternate_total_points,under,78.5,-1560,draftkings,0.8992173215111814,-0.04054171463339695,"10 market(s) allowlisted for NCAAF: moneyline, spread, total_points, alternate_spread, alternate_total_points, team_total, alternate_team_total, moneyline_h1, spread_h1, total_points_h1."
2026-10-01,401862786,False,2026-10-02T01:00:00Z,Tulsa Golden Hurricane,North Texas Mean Green,alternate_spread,away,3.5,-180,fanatics,0.6355287333332482,-0.007328409523894686,"10 market(s) allowlisted for NCAAF: moneyline, spread, total_points, alternate_spread, alternate_total_points, team_total, alternate_team_total, moneyline_h1, spread_h1, total_points_h1."
2026-10-01,401862786,False,2026-10-02T01:00:00Z,Tulsa Golden Hurricane,North Texas Mean Green,alternate_spread,away,-4.5,140,fanatics,0.37662881429724915,-0.04003785236941754,"10 market(s) allowlisted for NCAAF: moneyline, spread, total_points, alternate_spread, alternate_total_points, team_total, alternate_team_total, moneyline_h1, spread_h1, total_points_h1."
2026-10-01,401862786,False,2026-10-02T01:00:00Z,Tulsa Golden Hurricane,North Texas Mean Green,alternate_spread,away,-5.5,155,fanatics,0.36754104674143323,-0.024615816003664803,"10 market(s) allowlisted for NCAAF: moneyline, spread, total_points, alternate_spread, alternate_total_points, team_total, alternate_team_total, moneyline_h1, spread_h1, total_points_h1."
2026-10-01,401862786,False,2026-10-02T01:00:00Z,Tulsa Golden Hurricane,North Texas Mean Green,alternate_spread,away,-2.5,-105,fanatics,0.46476884757065007,-0.047426274380569455,"10 market(s) allowlisted for NCAAF: moneyline, spread, total_points, alternate_spread, alternate_total_points, team_total, alternate_team_total, moneyline_h1, spread_h1, total_points_h1."
2026-10-01,401862786,False,2026-10-02T01:00:00Z,Tulsa Golden Hurricane,North Texas Mean Green,alternate_spread,away,-1.5,-110,fanatics,0.5000000161372509,-0.023809507672272967,"10 market(s) allowlisted for NCAAF: moneyline, spread, total_points, alternate_spread, alternate_total_points, team_total, alternate_team_total, moneyline_h1, spread_h1, total_points_h1."
2026-10-01,401862786,False,2026-10-02T01:00:00Z,Tulsa Golden Hurricane,North Texas Mean Green,alternate_spread,away,-8.5,230,fanatics,0.29024046636687634,-0.012789836663426701,"10 market(s) allowlisted for NCAAF: moneyline, spread, total_points, alternate_spread, alternate_total_points, team_total, alternate_team_total, moneyline_h1, spread_h1, total_points_h1."
2026-10-01,401862786,False,2026-10-02T01:00:00Z,Tulsa Golden Hurricane,North Texas Mean Green,alternate_spread,away,13.5,-600,fanatics,0.8269968873551664,-0.030145969787690685,"10 market(s) allowlisted for NCAAF: moneyline, spread, total_points, alternate_spread, alternate_total_points, team_total, alternate_team_total, moneyline_h1, spread_h1, total_points_h1."
2026-10-01,401862786,False,2026-10-02T01:00:00Z,Tulsa Golden Hurricane,North Texas Mean Green,alternate_spread,away,-3.0,110,fanatics,0.4270527272212003,-0.04913774896927586,"10 market(s) allowlisted for NCAAF: moneyline, spread, total_points, alternate_spread, alternate_total_points, team_total, alternate_team_total, moneyline_h1, spread_h1, total_points_h1."
2026-10-01,401862786,False,2026-10-02T01:00:00Z,Tulsa Golden Hurricane,North Texas Mean Green,alternate_spread,away,-1.0,-115,fanatics,0.5119988042967327,-0.022884916633499786,"10 market(s) allowlisted for NCAAF: moneyline, spread, total_points, alternate_spread, alternate_total_points, team_total, alternate_team_total, moneyline_h1, spread_h1, total_points_h1."
2026-10-01,401862786,False,2026-10-02T01:00:00Z,Tulsa Golden Hurricane,North Texas Mean Green,alternate_spread,away,-6.0,160,fanatics,0.3528641572244106,-0.031751227390974024,"10 market(s) allowlisted for NCAAF: moneyline, spread, total_points, alternate_spread, alternate_total_points, team_total, alternate_team_total, moneyline_h1, spread_h1, total_points_h1."
2026-10-01,401862786,False,2026-10-02T01:00:00Z,Tulsa Golden Hurricane,North Texas Mean Green,alternate_spread,away,-4.0,135,fanatics,0.3852238424656767,-0.04030807242794032,"10 market(s) allowlisted for NCAAF: moneyline, spread, total_points, alternate_spread, alternate_total_points, team_total, alternate_team_total, moneyline_h1, spread_h1, total_points_h1."
2026-10-01,401862786,False,2026-10-02T01:00:00Z,Tulsa Golden Hurricane,North Texas Mean Green,alternate_spread,away,-9.0,235,fanatics,0.28518464934700105,-0.013322813339566086,"10 market(s) allowlisted for NCAAF: moneyline, spread, total_points, alternate_spread, alternate_total_points, team_total, alternate_team_total, moneyline_h1, spread_h1, total_points_h1."
2026-10-01,401862786,False,2026-10-02T01:00:00Z,Tulsa Golden Hurricane,North Texas Mean Green,alternate_spread,away,-20.5,650,fanatics,0.11743242792315492,-0.015900905410178412,"10 market(s) allowlisted for NCAAF: moneyline, spread, total_points, alternate_spread, alternate_total_points, team_total, alternate_team_total, moneyline_h1, spread_h1, total_points_h1."
2026-10-01,401862786,False,2026-10-02T01:00:00Z,Tulsa Golden Hurricane,North Texas Mean Green,alternate_spread,away,-7.0,200,fanatics,0.3199593463291703,-0.013373987004163035,"10 market(s) allowlisted for NCAAF: moneyline, spread, total_points, alternate_spread, alternate_total_points, team_total, alternate_team_total, moneyline_h1, spread_h1, total_points_h1."
2026-10-01,401862786,False,2026-10-02T01:00:00Z,Tulsa Golden Hurricane,North Texas Mean Green,alternate_spread,away,-7.5,210,fanatics,0.3082429782007017,-0.014337666960588635,"10 market(s) allowlisted for NCAAF: moneyline, spread, total_points, alternate_spread, alternate_total_points, team_total, alternate_team_total, moneyline_h1, spread_h1, total_points_h1."
2026-10-01,401862786,False,2026-10-02T01:00:00Z,Tulsa Golden Hurricane,North Texas Mean Green,alternate_spread,away,-16.5,430,fanatics,0.1653908988038822,-0.02328834647913669,"10 market(s) allowlisted for NCAAF: moneyline, spread, total_points, alternate_spread, alternate_total_points, team_total, alternate_team_total, moneyline_h1, spread_h1, total_points_h1."
2026-10-01,401862786,False,2026-10-02T01:00:00Z,Tulsa Golden Hurricane,North Texas Mean Green,alternate_spread,away,8.5,-375,fanatics,0.7621329566828957,-0.027340727527630615,"10 market(s) allowlisted for NCAAF: moneyline, spread, total_points, alternate_spread, alternate_total_points, team_total, alternate_team_total, moneyline_h1, spread_h1, total_points_h1."
2026-10-01,401862786,False,2026-10-02T01:00:00Z,Tulsa Golden Hurricane,North Texas Mean Green,alternate_spread,away,12.5,-575,fanatics,0.8077757131434651,-0.04407613870838678,"10 market(s) allowlisted for NCAAF: moneyline, spread, total_points, alternate_spread, alternate_total_points, team_total, alternate_team_total, moneyline_h1, spread_h1, total_points_h1."
2026-10-01,401862786,False,2026-10-02T01:00:00Z,Tulsa Golden Hurricane,North Texas Mean Green,alternate_spread,away,7.5,-350,fanatics,0.7400172493384151,-0.03776052843936273,"10 market(s) allowlisted for NCAAF: moneyline, spread, total_points, alternate_spread, alternate_total_points, team_total, alternate_team_total, moneyline_h1, spread_h1, total_points_h1."
2026-10-01,401862786,False,2026-10-02T01:00:00Z,Tulsa Golden Hurricane,North Texas Mean Green,alternate_spread,away,12.0,-550,fanatics,0.8069020480680791,-0.039251798085767065,"10 market(s) allowlisted for NCAAF: moneyline, spread, total_points, alternate_spread, alternate_total_points, team_total, alternate_team_total, moneyline_h1, spread_h1, total_points_h1."
2026-10-01,401862786,False,2026-10-02T01:00:00Z,Tulsa Golden Hurricane,North Texas Mean Green,alternate_spread,away,-15.5,410,fanatics,0.1733776294803577,-0.022700801892191314,"10 market(s) allowlisted for NCAAF: moneyline, spread, total_points, alternate_spread, alternate_total_points, team_total, alternate_team_total, moneyline_h1, spread_h1, total_points_h1."
2026-10-01,401862786,False,2026-10-02T01:00:00Z,Tulsa Golden Hurricane,North Texas Mean Green,alternate_spread,away,15.0,-850,fanatics,0.8674073384537078,-0.027329503651555398,"10 market(s) allowlisted for NCAAF: moneyline, spread, total_points, alternate_spread, alternate_total_points, team_total, alternate_team_total, moneyline_h1, spread_h1, total_points_h1."
2026-10-01,401862786,False,2026-10-02T01:00:00Z,Tulsa Golden Hurricane,North Texas Mean Green,alternate_spread,away,18.0,-1200,fanatics,0.8996786604041856,-0.02339826267273748,"10 market(s) allowlisted for NCAAF: moneyline, spread, total_points, alternate_spread, alternate_total_points, team_total, alternate_team_total, moneyline_h1, spread_h1, total_points_h1."
2026-10-01,401862786,False,2026-10-02T01:00:00Z,Tulsa Golden Hurricane,North Texas Mean Green,alternate_spread,away,15.5,-850,fanatics,0.8695260088609338,-0.025210833244329378,"10 market(s) allowlisted for NCAAF: moneyline, spread, total_points, alternate_spread, alternate_total_points, team_total, alternate_team_total, moneyline_h1, spread_h1, total_points_h1."
2026-10-01,401862786,False,2026-10-02T01:00:00Z,Tulsa Golden Hurricane,North Texas Mean Green,alternate_spread,away,21.0,-2000,fanatics,0.9380670206379416,-0.014313931743010766,"10 market(s) allowlisted for NCAAF: moneyline, spread, total_points, alternate_spread, alternate_total_points, team_total, alternate_team_total, moneyline_h1, spread_h1, total_points_h1."
2026-10-01,401862786,False,2026-10-02T01:00:00Z,Tulsa Golden Hurricane,North Texas Mean Green,alternate_spread,away,11.0,-525,fanatics,0.8001002599299982,-0.039899740070001743,"10 market(s) allowlisted for NCAAF: moneyline, spread, total_points, alternate_spread, alternate_total_points, team_total, alternate_team_total, moneyline_h1, spread_h1, total_points_h1."
2026-10-01,401862786,False,2026-10-02T01:00:00Z,Tulsa Golden Hurricane,North Texas Mean Green,alternate_spread,away,23.5,-2500,fanatics,0.9457006002827654,-0.015837861255696195,"10 market(s) allowlisted for NCAAF: moneyline, spread, total_points, alternate_spread, alternate_total_points, team_total, alternate_team_total, moneyline_h1, spread_h1, total_points_h1."
2026-10-01,401862786,False,2026-10-02T01:00:00Z,Tulsa Golden Hurricane,North Texas Mean Green,alternate_spread,away,14.0,-750,fanatics,0.8495527949703078,-0.032800146206162784,"10 market(s) allowlisted for NCAAF: moneyline, spread, total_points, alternate_spread, alternate_total_points, team_total, alternate_team_total, moneyline_h1, spread_h1, total_points_h1."
2026-10-01,401862786,False,2026-10-02T01:00:00Z,Tulsa Golden Hurricane,North Texas Mean Green,alternate_spread,away,17.0,-1100,fanatics,0.8918153121514009,-0.024851354515265767,"10 market(s) allowlisted for NCAAF: moneyline, spread, total_points, alternate_spread, alternate_total_points, team_total, alternate_team_total, moneyline_h1, spread_h1, total_points_h1."
2026-10-01,401862786,False,2026-10-02T01:00:00Z,Tulsa Golden Hurricane,North Texas Mean Green,alternate_spread,away,6.5,-265,fanatics,0.6952259763292171,-0.030801420931056867,"10 market(s) allowlisted for NCAAF: moneyline, spread, total_points, alternate_spread, alternate_total_points, team_total, alternate_team_total, moneyline_h1, spread_h1, total_points_h1."
2026-10-01,401862786,False,2026-10-02T01:00:00Z,Tulsa Golden Hurricane,North Texas Mean Green,alternate_spread,away,20.0,-1500,fanatics,0.9211149552294522,-0.016385044770547808,"10 market(s) allowlisted for NCAAF: moneyline, spread, total_points, alternate_spread, alternate_total_points, team_total, alternate_team_total, moneyline_h1, spread_h1, total_points_h1."
2026-10-01,401862786,False,2026-10-02T01:00:00Z,Tulsa Golden Hurricane,North Texas Mean Green,alternate_spread,away,23.0,-2500,fanatics,0.9454935258947167,-0.016044935643744873,"10 market(s) allowlisted for NCAAF: moneyline, spread, total_points, alternate_spread, alternate_total_points, team_total, alternate_team_total, moneyline_h1, spread_h1, total_points_h1."
2026-10-01,401862786,False,2026-10-02T01:00:00Z,Tulsa Golden Hurricane,North Texas Mean Green,alternate_spread,away,10.0,-475,fanatics,0.7839557887815114,-0.04213116774022774,"10 market(s) allowlisted for NCAAF: moneyline, spread, total_points, alternate_spread, alternate_total_points, team_total, alternate_team_total, moneyline_h1, spread_h1, total_points_h1."
2026-10-01,401862786,False,2026-10-02T01:00:00Z,Tulsa Golden Hurricane,North Texas Mean Green,alternate_spread,away,13.0,-600,fanatics,0.8236063951464463,-0.033536461996410805,"10 market(s) allowlisted for NCAAF: moneyline, spread, total_points, alternate_spread, alternate_total_points, team_total, alternate_team_total, moneyline_h1, spread_h1, total_points_h1."
2026-10-01,401862786,False,2026-10-02T01:00:00Z,Tulsa Golden Hurricane,North Texas Mean Green,alternate_spread,away,-25.5,1050,fanatics,0.0613658667803049,-0.02559065495882553,"10 market(s) allowlisted for NCAAF: moneyline, spread, total_points, alternate_spread, alternate_total_points, team_total, alternate_team_total, moneyline_h1, spread_h1, total_points_h1."
2026-10-01,401862786,False,2026-10-02T01:00:00Z,Tulsa Golden Hurricane,North Texas Mean Green,alternate_spread,away,16.0,-900,fanatics,0.8802791952514801,-0.019720804748519893,"10 market(s) allowlisted for NCAAF: moneyline, spread, total_points, alternate_spread, alternate_total_points, team_total, alternate_team_total, moneyline_h1, spread_h1, total_points_h1."
2026-10-01,401862786,False,2026-10-02T01:00:00Z,Tulsa Golden Hurricane,North Texas Mean Green,alternate_spread,away,19.0,-1400,fanatics,0.9104178977882261,-0.02291543554510722,"10 market(s) allowlisted for NCAAF: moneyline, spread, total_points, alternate_spread, alternate_total_points, team_total, alternate_team_total, moneyline_h1, spread_h1, total_points_h1."
2026-10-01,401862786,False,2026-10-02T01:00:00Z,Tulsa Golden Hurricane,North Texas Mean Green,alternate_spread,away,-26.5,1200,fanatics,0.0473585205816685,-0.029564556341408428,"10 market(s) allowlisted for NCAAF: moneyline, spread, total_points, alternate_spread, alternate_total_points, team_total, alternate_team_total, moneyline_h1, spread_h1, total_points_h1."
2026-10-01,401862786,False,2026-10-02T01:00:00Z,Tulsa Golden Hurricane,North Texas Mean Green,alternate_spread,away,-13.5,330,fanatics,0.21399402265301637,-0.01856411688186735,"10 market(s) allowlisted for NCAAF: moneyline, spread, total_points, alternate_spread, alternate_total_points, team_total, alternate_team_total, moneyline_h1, spread_h1, total_points_h1."
2026-10-01,401862786,False,2026-10-02T01:00:00Z,Tulsa Golden Hurricane,North Texas Mean Green,alternate_spread,away,-24.5,950,fanatics,0.0694904845096646,-0.02574761072843064,"10 market(s) allowlisted for NCAAF: moneyline, spread, total_points, alternate_spread, alternate_total_points, team_total, alternate_team_total, moneyline_h1, spread_h1, total_points_h1."
2026-10-01,401862786,False,2026-10-02T01:00:00Z,Tulsa Golden Hurricane,North Texas Mean Green,alternate_spread,away,4.5,-210,fanatics,0.6526133977752724,-0.024805957063437245,"10 market(s) allowlisted for NCAAF: moneyline, spread, total_points, alternate_spread, alternate_total_points, team_total, alternate_team_total, moneyline_h1, spread_h1, total_points_h1."
2026-10-01,401862786,False,2026-10-02T01:00:00Z,Tulsa Golden Hurricane,North Texas Mean Green,alternate_spread,away,2.0,-140,fanatics,0.5592683354246996,-0.02406499790863381,"10 market(s) allowlisted for NCAAF: moneyline, spread, total_points, alternate_spread, alternate_total_points, team_total, alternate_team_total, moneyline_h1, spread_h1, total_points_h1."
2026-10-01,401862786,False,2026-10-02T01:00:00Z,Tulsa Golden Hurricane,North Texas Mean Green,alternate_spread,away,5.0,-225,fanatics,0.6640225021925238,-0.0282851901151685,"10 market(s) allowlisted for NCAAF: moneyline, spread, total_points, alternate_spread, alternate_total_points, team_total, alternate_team_total, moneyline_h1, spread_h1, total_points_h1."
2026-10-01,401862786,False,2026-10-02T01:00:00Z,Tulsa Golden Hurricane,North Texas Mean Green,alternate_spread,away,3.0,-170,fanatics,0.6109627650549126,-0.018666864574717,"10 market(s) allowlisted for NCAAF: moneyline, spread, total_points, alternate_spread, alternate_total_points, team_total, alternate_team_total, moneyline_h1, spread_h1, total_points_h1."
2026-10-01,401862786,False,2026-10-02T01:00:00Z,Tulsa Golden Hurricane,North Texas Mean Green,alternate_spread,away,8.0,-375,fanatics,0.756753385749598,-0.03272029846092828,"10 market(s) allowlisted for NCAAF: moneyline, spread, total_points, alternate_spread, alternate_total_points, team_total, alternate_team_total, moneyline_h1, spread_h1, total_points_h1."
2026-10-01,401862786,False,2026-10-02T01:00:00Z,Tulsa Golden Hurricane,North Texas Mean Green,alternate_spread,away,6.0,-250,fanatics,0.6872730887199435,-0.027012625565770776,"10 market(s) allowlisted for NCAAF: moneyline, spread, total_points, alternate_spread, alternate_total_points, team_total, alternate_team_total, moneyline_h1, spread_h1, total_points_h1."
2026-10-01,401862786,False,2026-10-02T01:00:00Z,Tulsa Golden Hurricane,North Texas Mean Green,alternate_spread,away,22.0,-2200,fanatics,0.941740129253649,-0.014781609876785784,"10 market(s) allowlisted for NCAAF: moneyline, spread, total_points, alternate_spread, alternate_total_points, team_total, alternate_team_total, moneyline_h1, spread_h1, total_points_h1."
2026-10-01,401862786,False,2026-10-02T01:00:00Z,Tulsa Golden Hurricane,North Texas Mean Green,alternate_spread,away,-12.5,310,fanatics,0.22773360416822805,-0.01616883485616219,"10 market(s) allowlisted for NCAAF: moneyline, spread, total_points, alternate_spread, alternate_total_points, team_total, alternate_team_total, moneyline_h1, spread_h1, total_points_h1."
2026-10-01,401862786,False,2026-10-02T01:00:00Z,Tulsa Golden Hurricane,North Texas Mean Green,alternate_spread,away,9.0,-400,fanatics,0.7690576117962764,-0.030942388203723636,"10 market(s) allowlisted for NCAAF: moneyline, spread, total_points, alternate_spread, alternate_total_points, team_total, alternate_team_total, moneyline_h1, spread_h1, total_points_h1."
2026-10-01,401862786,False,2026-10-02T01:00:00Z,Tulsa Golden Hurricane,North Texas Mean Green,alternate_spread,away,16.5,-900,fanatics,0.8817416632221327,-0.018258336777867368,"10 market(s) allowlisted for NCAAF: moneyline, spread, total_points, alternate_spread, alternate_total_points, team_total, alternate_team_total, moneyline_h1, spread_h1, total_points_h1."
2026-10-01,401862786,False,2026-10-02T01:00:00Z,Tulsa Golden Hurricane,North Texas Mean Green,alternate_spread,away,-19.5,600,fanatics,0.1261640387306878,-0.016693104126455055,"10 market(s) allowlisted for NCAAF: moneyline, spread, total_points, alternate_spread, alternate_total_points, team_total, alternate_team_total, moneyline_h1, spread_h1, total_points_h1."
2026-10-01,401862786,False,2026-10-02T01:00:00Z,Tulsa Golden Hurricane,North Texas Mean Green,alternate_spread,away,-14.5,390,fanatics,0.18614492616384967,-0.017936706489211557,"10 market(s) allowlisted for NCAAF: moneyline, spread, total_points, alternate_spread, alternate_total_points, team_total, alternate_team_total, moneyline_h1, spread_h1, total_points_h1."
2026-10-01,401862786,False,2026-10-02T01:00:00Z,Tulsa Golden Hurricane,North Texas Mean Green,alternate_spread,away,-11.0,280,fanatics,0.24670461949947725,-0.01645327523736484,"10 market(s) allowlisted for NCAAF: moneyline, spread, total_points, alternate_spread, alternate_total_points, team_total, alternate_team_total, moneyline_h1, spread_h1, total_points_h1."
2026-10-01,401862786,False,2026-10-02T01:00:00Z,Tulsa Golden Hurricane,North Texas Mean Green,alternate_spread,away,-14.0,375,fanatics,0.19147739871619152,-0.019048917073282157,"10 market(s) allowlisted for NCAAF: moneyline, spread, total_points, alternate_spread, alternate_total_points, team_total, alternate_team_total, moneyline_h1, spread_h1, total_points_h1."
2026-10-01,401862786,False,2026-10-02T01:00:00Z,Tulsa Golden Hurricane,North Texas Mean Green,alternate_spread,away,-3.5,125,fanatics,0.3989405905191308,-0.04550385392531364,"10 market(s) allowlisted for NCAAF: moneyline, spread, total_points, alternate_spread, alternate_total_points, team_total, alternate_team_total, moneyline_h1, spread_h1, total_points_h1."
2026-10-01,401862786,False,2026-10-02T01:00:00Z,Tulsa Golden Hurricane,North Texas Mean Green,alternate_spread,away,19.5,-1400,fanatics,0.9114017343674647,-0.021931598965868604,"10 market(s) allowlisted for NCAAF: moneyline, spread, total_points, alternate_spread, alternate_total_points, team_total, alternate_team_total, moneyline_h1, spread_h1, total_points_h1."
2026-10-01,401862786,False,2026-10-02T01:00:00Z,Tulsa Golden Hurricane,North Texas Mean Green,alternate_spread,away,-18.5,550,fanatics,0.13288540947412336,-0.020960744372030493,"10 market(s) allowlisted for NCAAF: moneyline, spread, total_points, alternate_spread, alternate_total_points, team_total, alternate_team_total, moneyline_h1, spread_h1, total_points_h1."
2026-10-01,401862786,False,2026-10-02T01:00:00Z,Tulsa Golden Hurricane,North Texas Mean Green,alternate_spread,away,-22.5,750,fanatics,0.09860093179435289,-0.01904612702917652,"10 market(s) allowlisted for NCAAF: moneyline, spread, total_points, alternate_spread, alternate_total_points, team_total, alternate_team_total, moneyline_h1, spread_h1, total_points_h1."
2026-10-01,401862786,False,2026-10-02T01:00:00Z,Tulsa Golden Hurricane,North Texas Mean Green,alternate_spread,away,14.5,-800,fanatics,0.8535472180099313,-0.035341670878957565,"10 market(s) allowlisted for NCAAF: moneyline, spread, total_points, alternate_spread, alternate_total_points, team_total, alternate_team_total, moneyline_h1, spread_h1, total_points_h1."
2026-10-01,401862786,False,2026-10-02T01:00:00Z,Tulsa Golden Hurricane,North Texas Mean Green,alternate_spread,away,-17.0,475,fanatics,0.14924749108494328,-0.02466555239331758,"10 market(s) allowlisted for NCAAF: moneyline, spread, total_points, alternate_spread, alternate_total_points, team_total, alternate_team_total, moneyline_h1, spread_h1, total_points_h1."
2026-10-01,401862786,False,2026-10-02T01:00:00Z,Tulsa Golden Hurricane,North Texas Mean Green,alternate_spread,away,-12.0,310,fanatics,0.23101499390563887,-0.012887445118751367,"10 market(s) allowlisted for NCAAF: moneyline, spread, total_points, alternate_spread, alternate_total_points, team_total, alternate_team_total, moneyline_h1, spread_h1, total_points_h1."
2026-10-01,401862786,False,2026-10-02T01:00:00Z,Tulsa Golden Hurricane,North Texas Mean Green,alternate_spread,away,-15.0,410,fanatics,0.17561981982354632,-0.020458611549002692,"10 market(s) allowlisted for NCAAF: moneyline, spread, total_points, alternate_spread, alternate_total_points, team_total, alternate_team_total, moneyline_h1, spread_h1, total_points_h1."
2026-10-01,401862786,False,2026-10-02T01:00:00Z,Tulsa Golden Hurricane,North Texas Mean Green,alternate_spread,away,-20.0,650,fanatics,0.11846683421310426,-0.014866499120229068,"10 market(s) allowlisted for NCAAF: moneyline, spread, total_points, alternate_spread, alternate_total_points, team_total, alternate_team_total, moneyline_h1, spread_h1, total_points_h1."
2026-10-01,401862786,False,2026-10-02T01:00:00Z,Tulsa Golden Hurricane,North Texas Mean Green,alternate_spread,away,22.5,-2200,fanatics,0.9419015215228982,-0.014620217607536623,"10 market(s) allowlisted for NCAAF: moneyline, spread, total_points, alternate_spread, alternate_total_points, team_total, alternate_team_total, moneyline_h1, spread_h1, total_points_h1."
2026-10-01,401862786,False,2026-10-02T01:00:00Z,Tulsa Golden Hurricane,North Texas Mean Green,alternate_spread,away,-23.0,850,fanatics,0.08865382671871255,-0.016609331176024283,"10 market(s) allowlisted for NCAAF: moneyline, spread, total_points, alternate_spread, alternate_total_points, team_total, alternate_team_total, moneyline_h1, spread_h1, total_points_h1."
2026-10-01,401862786,False,2026-10-02T01:00:00Z,Tulsa Golden Hurricane,North Texas Mean Green,alternate_spread,away,-18.0,550,fanatics,0.1347080148425925,-0.019138139003561344,"10 market(s) allowlisted for NCAAF: moneyline, spread, total_points, alternate_spread, alternate_total_points, team_total, alternate_team_total, moneyline_h1, spread_h1, total_points_h1."
2026-10-01,401862786,False,2026-10-02T01:00:00Z,Tulsa Golden Hurricane,North Texas Mean Green,alternate_spread,away,-10.5,265,fanatics,0.2612596715367459,-0.012712931202980116,"10 market(s) allowlisted for NCAAF: moneyline, spread, total_points, alternate_spread, alternate_total_points, team_total, alternate_team_total, moneyline_h1, spread_h1, total_points_h1."
2026-10-01,401862786,False,2026-10-02T01:00:00Z,Tulsa Golden Hurricane,North Texas Mean Green,alternate_spread,away,-21.0,700,fanatics,0.10514087355367968,-0.01985912644632032,"10 market(s) allowlisted for NCAAF: moneyline, spread, total_points, alternate_spread, alternate_total_points, team_total, alternate_team_total, moneyline_h1, spread_h1, total_points_h1."
2026-10-01,401862786,False,2026-10-02T01:00:00Z,Tulsa Golden Hurricane,North Texas Mean Green,alternate_spread,away,-26.0,1100,fanatics,0.04803131179434656,-0.03530202153898677,"10 market(s) allowlisted for NCAAF: moneyline, spread, total_points, alternate_spread, alternate_total_points, team_total, alternate_team_total, moneyline_h1, spread_h1, total_points_h1."
2026-10-01,401862786,False,2026-10-02T01:00:00Z,Tulsa Golden Hurricane,North Texas Mean Green,alternate_spread,away,-24.0,950,fanatics,0.07077834670139366,-0.024459748536701575,"10 market(s) allowlisted for NCAAF: moneyline, spread, total_points, alternate_spread, alternate_total_points, team_total, alternate_team_total, moneyline_h1, spread_h1, total_points_h1."
2026-10-01,401862786,False,2026-10-02T01:00:00Z,Tulsa Golden Hurricane,North Texas Mean Green,alternate_spread,away,10.5,-475,fanatics,0.7874884082838277,-0.03859854823791142,"10 market(s) allowlisted for NCAAF: moneyline, spread, total_points, alternate_spread, alternate_total_points, team_total, alternate_team_total, moneyline_h1, spread_h1, total_points_h1."
2026-10-01,401862786,False,2026-10-02T01:00:00Z,Tulsa Golden Hurricane,North Texas Mean Green,alternate_spread,away,5.5,-235,fanatics,0.6697952016743569,-0.03169733563907595,"10 market(s) allowlisted for NCAAF: moneyline, spread, total_points, alternate_spread, alternate_total_points, team_total, alternate_team_total, moneyline_h1, spread_h1, total_points_h1."
2026-10-01,401862786,False,2026-10-02T01:00:00Z,Tulsa Golden Hurricane,North Texas Mean Green,alternate_spread,away,18.5,-1200,fanatics,0.9004192216227564,-0.02265770145416668,"10 market(s) allowlisted for NCAAF: moneyline, spread, total_points, alternate_spread, alternate_total_points, team_total, alternate_team_total, moneyline_h1, spread_h1, total_points_h1."
2026-10-01,401862786,False,2026-10-02T01:00:00Z,Tulsa Golden Hurricane,North Texas Mean Green,alternate_spread,away,-21.5,750,fanatics,0.10369668560772739,-0.013950373215802017,"10 market(s) allowlisted for NCAAF: moneyline, spread, total_points, alternate_spread, alternate_total_points, team_total, alternate_team_total, moneyline_h1, spread_h1, total_points_h1."
2026-10-01,401862786,False,2026-10-02T01:00:00Z,Tulsa Golden Hurricane,North Texas Mean Green,alternate_spread,away,9.5,-400,fanatics,0.7711370351903652,-0.028862964809634795,"10 market(s) allowlisted for NCAAF: moneyline, spread, total_points, alternate_spread, alternate_total_points, team_total, alternate_team_total, moneyline_h1, spread_h1, total_points_h1."
2026-10-01,401862786,False,2026-10-02T01:00:00Z,Tulsa Golden Hurricane,North Texas Mean Green,alternate_spread,away,21.5,-2000,fanatics,0.9391313082151516,-0.013249644165800767,"10 market(s) allowlisted for NCAAF: moneyline, spread, total_points, alternate_spread, alternate_total_points, team_total, alternate_team_total, moneyline_h1, spread_h1, total_points_h1."
2026-10-01,401862786,False,2026-10-02T01:00:00Z,Tulsa Golden Hurricane,North Texas Mean Green,alternate_spread,away,1.5,-135,fanatics,0.5426261867667567,-0.03184189833962636,"10 market(s) allowlisted for NCAAF: moneyline, spread, total_points, alternate_spread, alternate_total_points, team_total, alternate_team_total, moneyline_h1, spread_h1, total_points_h1."
2026-10-01,401862786,False,2026-10-02T01:00:00Z,Tulsa Golden Hurricane,North Texas Mean Green,alternate_spread,away,17.5,-1100,fanatics,0.8930373303765423,-0.023629336290124314,"10 market(s) allowlisted for NCAAF: moneyline, spread, total_points, alternate_spread, alternate_total_points, team_total, alternate_team_total, moneyline_h1, spread_h1, total_points_h1."
2026-10-01,401862786,False,2026-10-02T01:00:00Z,Tulsa Golden Hurricane,North Texas Mean Green,alternate_spread,away,20.5,-1500,fanatics,0.9219468034783749,-0.015553196521625123,"10 market(s) allowlisted for NCAAF: moneyline, spread, total_points, alternate_spread, alternate_total_points, team_total, alternate_team_total, moneyline_h1, spread_h1, total_points_h1."
2026-10-01,401862786,False,2026-10-02T01:00:00Z,Tulsa Golden Hurricane,North Texas Mean Green,alternate_spread,away,1.0,-125,fanatics,0.5359941544743525,-0.019561401081203078,"10 market(s) allowlisted for NCAAF: moneyline, spread, total_points, alternate_spread, alternate_total_points, team_total, alternate_team_total, moneyline_h1, spread_h1, total_points_h1."
2026-10-01,401862786,False,2026-10-02T01:00:00Z,Tulsa Golden Hurricane,North Texas Mean Green,alternate_spread,away,4.0,-205,fanatics,0.6465752545945118,-0.02555589294647176,"10 market(s) allowlisted for NCAAF: moneyline, spread, total_points, alternate_spread, alternate_total_points, team_total, alternate_team_total, moneyline_h1, spread_h1, total_points_h1."
2026-10-01,401862786,False,2026-10-02T01:00:00Z,Tulsa Golden Hurricane,North Texas Mean Green,alternate_spread,away,7.0,-320,fanatics,0.7278262401552699,-0.034078521749492,"10 market(s) allowlisted for NCAAF: moneyline, spread, total_points, alternate_spread, alternate_total_points, team_total, alternate_team_total, moneyline_h1, spread_h1, total_points_h1."
2026-10-01,401862786,False,2026-10-02T01:00:00Z,Tulsa Golden Hurricane,North Texas Mean Green,alternate_spread,away,-9.5,240,fanatics,0.2831675670296465,-0.010950080029177023,"10 market(s) allowlisted for NCAAF: moneyline, spread, total_points, alternate_spread, alternate_total_points, team_total, alternate_team_total, moneyline_h1, spread_h1, total_points_h1."
2026-10-01,401862786,False,2026-10-02T01:00:00Z,Tulsa Golden Hurricane,North Texas Mean Green,alternate_spread,away,-23.5,850,fanatics,0.0876861933916821,-0.017576964503054737,"10 market(s) allowlisted for NCAAF: moneyline, spread, total_points, alternate_spread, alternate_total_points, team_total, alternate_team_total, moneyline_h1, spread_h1, total_points_h1."
2026-10-01,401862786,False,2026-10-02T01:00:00Z,Tulsa Golden Hurricane,North Texas Mean Green,alternate_spread,away,-11.5,290,fanatics,0.24193783256887966,-0.01447242384137673,"10 market(s) allowlisted for NCAAF: moneyline, spread, total_points, alternate_spread, alternate_total_points, team_total, alternate_team_total, moneyline_h1, spread_h1, total_points_h1."
2026-10-01,401862786,False,2026-10-02T01:00:00Z,Tulsa Golden Hurricane,North Texas Mean Green,alternate_spread,away,11.5,-525,fanatics,0.8032512473651123,-0.03674875263488764,"10 market(s) allowlisted for NCAAF: moneyline, spread, total_points, alternate_spread, alternate_total_points, team_total, alternate_team_total, moneyline_h1, spread_h1, total_points_h1."
2026-10-01,401862786,False,2026-10-02T01:00:00Z,Tulsa Golden Hurricane,North Texas Mean Green,alternate_spread,away,-10.0,265,fanatics,0.26711152286461337,-0.006861079875112641,"10 market(s) allowlisted for NCAAF: moneyline, spread, total_points, alternate_spread, alternate_total_points, team_total, alternate_team_total, moneyline_h1, spread_h1, total_points_h1."
2026-10-01,401862786,False,2026-10-02T01:00:00Z,Tulsa Golden Hurricane,North Texas Mean Green,alternate_spread,away,-13.0,320,fanatics,0.21697517069759292,-0.02112006739764516,"10 market(s) allowlisted for NCAAF: moneyline, spread, total_points, alternate_spread, alternate_total_points, team_total, alternate_team_total, moneyline_h1, spread_h1, total_points_h1."
2026-10-01,401862786,False,2026-10-02T01:00:00Z,Tulsa Golden Hurricane,North Texas Mean Green,alternate_spread,away,-16.0,430,fanatics,0.1667224662394545,-0.021956779043564384,"10 market(s) allowlisted for NCAAF: moneyline, spread, total_points, alternate_spread, alternate_total_points, team_total, alternate_team_total, moneyline_h1, spread_h1, total_points_h1."
2026-10-01,401862786,False,2026-10-02T01:00:00Z,Tulsa Golden Hurricane,North Texas Mean Green,alternate_spread,away,-19.0,600,fanatics,0.1270177722691138,-0.01583937058802906,"10 market(s) allowlisted for NCAAF: moneyline, spread, total_points, alternate_spread, alternate_total_points, team_total, alternate_team_total, moneyline_h1, spread_h1, total_points_h1."
2026-10-01,401862786,False,2026-10-02T01:00:00Z,Tulsa Golden Hurricane,North Texas Mean Green,alternate_spread,away,-2.0,-105,fanatics,0.4817411512767495,-0.030453970674470032,"10 market(s) allowlisted for NCAAF: moneyline, spread, total_points, alternate_spread, alternate_total_points, team_total, alternate_team_total, moneyline_h1, spread_h1, total_points_h1."
2026-10-01,401862786,False,2026-10-02T01:00:00Z,Tulsa Golden Hurricane,North Texas Mean Green,alternate_spread,away,-5.0,150,fanatics,0.37091180702740595,-0.029088192972594074,"10 market(s) allowlisted for NCAAF: moneyline, spread, total_points, alternate_spread, alternate_total_points, team_total, alternate_team_total, moneyline_h1, spread_h1, total_points_h1."
2026-10-01,401862786,False,2026-10-02T01:00:00Z,Tulsa Golden Hurricane,North Texas Mean Green,alternate_spread,away,-8.0,220,fanatics,0.2955613123908129,-0.016938687609187097,"10 market(s) allowlisted for NCAAF: moneyline, spread, total_points, alternate_spread, alternate_total_points, team_total, alternate_team_total, moneyline_h1, spread_h1, total_points_h1."
2026-10-01,401862786,False,2026-10-02T01:00:00Z,Tulsa Golden Hurricane,North Texas Mean Green,alternate_spread,away,2.5,-145,fanatics,0.5723831881984668,-0.019453546495410756,"10 market(s) allowlisted for NCAAF: moneyline, spread, total_points, alternate_spread, alternate_total_points, team_total, alternate_team_total, moneyline_h1, spread_h1, total_points_h1."
2026-10-01,401862786,False,2026-10-02T01:00:00Z,Tulsa Golden Hurricane,North Texas Mean Green,alternate_spread,away,-22.0,750,fanatics,0.09910595132373894,-0.018541107499790474,"10 market(s) allowlisted for NCAAF: moneyline, spread, total_points, alternate_spread, alternate_total_points, team_total, alternate_team_total, moneyline_h1, spread_h1, total_points_h1."
2026-10-01,401862786,False,2026-10-02T01:00:00Z,Tulsa Golden Hurricane,North Texas Mean Green,alternate_spread,away,-25.0,1050,fanatics,0.061868524894552517,-0.025087996844577916,"10 market(s) allowlisted for NCAAF: moneyline, spread, total_points, alternate_spread, alternate_total_points, team_total, alternate_team_total, moneyline_h1, spread_h1, total_points_h1."
2026-10-01,401862786,False,2026-10-02T01:00:00Z,Tulsa Golden Hurricane,North Texas Mean Green,alternate_spread,away,-17.5,500,fanatics,0.14641545347780707,-0.020251213188859585,"10 market(s) allowlisted for NCAAF: moneyline, spread, total_points, alternate_spread, alternate_total_points, team_total, alternate_team_total, moneyline_h1, spread_h1, total_points_h1."
2026-10-01,401862786,False,2026-10-02T01:00:00Z,Tulsa Golden Hurricane,North Texas Mean Green,alternate_spread,away,-6.5,165,fanatics,0.3448612806909655,-0.032497209875072264,"10 market(s) allowlisted for NCAAF: moneyline, spread, total_points, alternate_spread, alternate_total_points, team_total, alternate_team_total, moneyline_h1, spread_h1, total_points_h1."
2026-10-01,401862786,False,2026-10-02T01:00:00Z,Tulsa Golden Hurricane,North Texas Mean Green,alternate_spread,home,-3.5,145,fanatics,0.36447126666675167,-0.04369199863937079,"10 market(s) allowlisted for NCAAF: moneyline, spread, total_points, alternate_spread, alternate_total_points, team_total, alternate_team_total, moneyline_h1, spread_h1, total_points_h1."
2026-10-01,401862786,False,2026-10-02T01:00:00Z,Tulsa Golden Hurricane,North Texas Mean Green,alternate_spread,home,4.5,-175,fanatics,0.6233711857027505,-0.012992450660885835,"10 market(s) allowlisted for NCAAF: moneyline, spread, total_points, alternate_spread, alternate_total_points, team_total, alternate_team_total, moneyline_h1, spread_h1, total_points_h1."
2026-10-01,401862786,False,2026-10-02T01:00:00Z,Tulsa Golden Hurricane,North Texas Mean Green,alternate_spread,home,5.5,-195,fanatics,0.6324589532585665,-0.028557995893975896,"10 market(s) allowlisted for NCAAF: moneyline, spread, total_points, alternate_spread, alternate_total_points, team_total, alternate_team_total, moneyline_h1, spread_h1, total_points_h1."
2026-10-01,401862786,False,2026-10-02T01:00:00Z,Tulsa Golden Hurricane,North Texas Mean Green,alternate_spread,home,2.5,-115,fanatics,0.5352311524293497,0.00034743149911720117,"10 market(s) allowlisted for NCAAF: moneyline, spread, total_points, alternate_spread, alternate_total_points, team_total, alternate_team_total, moneyline_h1, spread_h1, total_points_h1."
2026-10-01,401862786,False,2026-10-02T01:00:00Z,Tulsa Golden Hurricane,North Texas Mean Green,alternate_spread,home,1.5,-110,fanatics,0.499999983862749,-0.023809539946774816,"10 market(s) allowlisted for NCAAF: moneyline, spread, total_points, alternate_spread, alternate_total_points, team_total, alternate_team_total, moneyline_h1, spread_h1, total_points_h1."
2026-10-01,401862786,False,2026-10-02T01:00:00Z,Tulsa Golden Hurricane,North Texas Mean Green,alternate_spread,home,8.5,-310,fanatics,0.7097595336331234,-0.046338027342486376,"10 market(s) allowlisted for NCAAF: moneyline, spread, total_points, alternate_spread, alternate_total_points, team_total, alternate_team_total, moneyline_h1, spread_h1, total_points_h1."
2026-10-01,401862786,False,2026-10-02T01:00:00Z,Tulsa Golden Hurricane,North Texas Mean Green,alternate_spread,home,-13.5,390,fanatics,0.17300311264483384,-0.03107852000822739,"10 market(s) allowlisted for NCAAF: moneyline, spread, total_points, alternate_spread, alternate_total_points, team_total, alternate_team_total, moneyline_h1, spread_h1, total_points_h1."
2026-10-01,401862786,False,2026-10-02T01:00:00Z,Tulsa Golden Hurricane,North Texas Mean Green,alternate_spread,home,3.0,-135,fanatics,0.5729472727787994,-0.0015208123275836094,"10 market(s) allowlisted for NCAAF: moneyline, spread, total_points, alternate_spread, alternate_total_points, team_total, alternate_team_total, moneyline_h1, spread_h1, total_points_h1."
2026-10-01,401862786,False,2026-10-02T01:00:00Z,Tulsa Golden Hurricane,North Texas Mean Green,alternate_spread,home,1.0,-105,fanatics,0.4880011957032672,-0.024193926247952302,"10 market(s) allowlisted for NCAAF: moneyline, spread, total_points, alternate_spread, alternate_total_points, team_total, alternate_team_total, moneyline_h1, spread_h1, total_points_h1."
2026-10-01,401862786,False,2026-10-02T01:00:00Z,Tulsa Golden Hurricane,North Texas Mean Green,alternate_spread,home,6.0,-205,fanatics,0.6471358427755891,-0.024995304765394466,"10 market(s) allowlisted for NCAAF: moneyline, spread, total_points, alternate_spread, alternate_total_points, team_total, alternate_team_total, moneyline_h1, spread_h1, total_points_h1."
2026-10-01,401862786,False,2026-10-02T01:00:00Z,Tulsa Golden Hurricane,North Texas Mean Green,alternate_spread,home,4.0,-170,fanatics,0.6147761575343229,-0.014853472095306741,"10 market(s) allowlisted for NCAAF: moneyline, spread, total_points, alternate_spread, alternate_total_points, team_total, alternate_team_total, moneyline_h1, spread_h1, total_points_h1."
2026-10-01,401862786,False,2026-10-02T01:00:00Z,Tulsa Golden Hurricane,North Texas Mean Green,alternate_spread,home,9.0,-320,fanatics,0.7148153506529987,-0.047089411251763136,"10 market(s) allowlisted for NCAAF: moneyline, spread, total_points, alternate_spread, alternate_total_points, team_total, alternate_team_total, moneyline_h1, spread_h1, total_points_h1."
2026-10-01,401862786,False,2026-10-02T01:00:00Z,Tulsa Golden Hurricane,North Texas Mean Green,alternate_spread,home,20.5,-1200,fanatics,0.8825675720768449,-0.04050935100007824,"10 market(s) allowlisted for NCAAF: moneyline, spread, total_points, alternate_spread, alternate_total_points, team_total, alternate_team_total, moneyline_h1, spread_h1, total_points_h1."
2026-10-01,401862786,False,2026-10-02T01:00:00Z,Tulsa Golden Hurricane,North Texas Mean Green,alternate_spread,home,7.0,-265,fanatics,0.6800406536708293,-0.045986743589444656,"10 market(s) allowlisted for NCAAF: moneyline, spread, total_points, alternate_spread, alternate_total_points, team_total, alternate_team_total, moneyline_h1, spread_h1, total_points_h1."
2026-10-01,401862786,False,2026-10-02T01:00:00Z,Tulsa Golden Hurricane,North Texas Mean Green,alternate_spread,home,7.5,-280,fanatics,0.6917570217992981,-0.045085083463859754,"10 market(s) allowlisted for NCAAF: moneyline, spread, total_points, alternate_spread, alternate_total_points, team_total, alternate_team_total, moneyline_h1, spread_h1, total_points_h1."
2026-10-01,401862786,False,2026-10-02T01:00:00Z,Tulsa Golden Hurricane,North Texas Mean Green,alternate_spread,home,16.5,-700,fanatics,0.8346091011961178,-0.04039089880388225,"10 market(s) allowlisted for NCAAF: moneyline, spread, total_points, alternate_spread, alternate_total_points, team_total, alternate_team_total, moneyline_h1, spread_h1, total_points_h1."
2026-10-01,401862786,False,2026-10-02T01:00:00Z,Tulsa Golden Hurricane,North Texas Mean Green,alternate_spread,home,-8.5,265,fanatics,0.23786704331710448,-0.03610555942262153,"10 market(s) allowlisted for NCAAF: moneyline, spread, total_points, alternate_spread, alternate_total_points, team_total, alternate_team_total, moneyline_h1, spread_h1, total_points_h1."
2026-10-01,401862786,False,2026-10-02T01:00:00Z,Tulsa Golden Hurricane,North Texas Mean Green,alternate_spread,home,-12.5,375,fanatics,0.19222428685653511,-0.018302028932938558,"10 market(s) allowlisted for NCAAF: moneyline, spread, total_points, alternate_spread, alternate_total_points, team_total, alternate_team_total, moneyline_h1, spread_h1, total_points_h1."
2026-10-01,401862786,False,2026-10-02T01:00:00Z,Tulsa Golden Hurricane,North Texas Mean Green,alternate_spread,home,-7.5,250,fanatics,0.25998275066158494,-0.02573153505270076,"10 market(s) allowlisted for NCAAF: moneyline, spread, total_points, alternate_spread, alternate_total_points, team_total, alternate_team_total, moneyline_h1, spread_h1, total_points_h1."
2026-10-01,401862786,False,2026-10-02T01:00:00Z,Tulsa Golden Hurricane,North Texas Mean Green,alternate_spread,home,-12.0,360,fanatics,0.19309795193192109,-0.024293352415904995,"10 market(s) allowlisted for NCAAF: moneyline, spread, total_points, alternate_spread, alternate_total_points, team_total, alternate_team_total, moneyline_h1, spread_h1, total_points_h1."
2026-10-01,401862786,False,2026-10-02T01:00:00Z,Tulsa Golden Hurricane,North Texas Mean Green,alternate_spread,home,15.5,-650,fanatics,0.8266223705196422,-0.04004429614702454,"10 market(s) allowlisted for NCAAF: moneyline, spread, total_points, alternate_spread, alternate_total_points, team_total, alternate_team_total, moneyline_h1, spread_h1, total_points_h1."
2026-10-01,401862786,False,2026-10-02T01:00:00Z,Tulsa Golden Hurricane,North Texas Mean Green,alternate_spread,home,-15.0,500,fanatics,0.1325926615462924,-0.03407400512037426,"10 market(s) allowlisted for NCAAF: moneyline, spread, total_points, alternate_spread, alternate_total_points, team_total, alternate_team_total, moneyline_h1, spread_h1, total_points_h1."
2026-10-01,401862786,False,2026-10-02T01:00:00Z,Tulsa Golden Hurricane,North Texas Mean Green,alternate_spread,home,-18.0,650,fanatics,0.1003213395958145,-0.03301199373751883,"10 market(s) allowlisted for NCAAF: moneyline, spread, total_points, alternate_spread, alternate_total_points, team_total, alternate_team_total, moneyline_h1, spread_h1, total_points_h1."
2026-10-01,401862786,False,2026-10-02T01:00:00Z,Tulsa Golden Hurricane,North Texas Mean Green,alternate_spread,home,-15.5,500,fanatics,0.13047399113906644,-0.03619267552760022,"10 market(s) allowlisted for NCAAF: moneyline, spread, total_points, alternate_spread, alternate_total_points, team_total, alternate_team_total, moneyline_h1, spread_h1, total_points_h1."
2026-10-01,401862786,False,2026-10-02T01:00:00Z,Tulsa Golden Hurricane,North Texas Mean Green,alternate_spread,home,-21.0,900,fanatics,0.06193297936205859,-0.038067020637941415,"10 market(s) allowlisted for NCAAF: moneyline, spread, total_points, alternate_spread, alternate_total_points, team_total, alternate_team_total, moneyline_h1, spread_h1, total_points_h1."
2026-10-01,401862786,False,2026-10-02T01:00:00Z,Tulsa Golden Hurricane,North Texas Mean Green,alternate_spread,home,-11.0,350,fanatics,0.199899740070002,-0.022322482152220213,"10 market(s) allowlisted for NCAAF: moneyline, spread, total_points, alternate_spread, alternate_total_points, team_total, alternate_team_total, moneyline_h1, spread_h1, total_points_h1."
2026-10-01,401862786,False,2026-10-02T01:00:00Z,Tulsa Golden Hurricane,North Texas Mean Green,alternate_spread,home,-23.5,1050,fanatics,0.05429939971723477,-0.03265712202189566,"10 market(s) allowlisted for NCAAF: moneyline, spread, total_points, alternate_spread, alternate_total_points, team_total, alternate_team_total, moneyline_h1, spread_h1, total_points_h1."
2026-10-01,401862786,False,2026-10-02T01:00:00Z,Tulsa Golden Hurricane,North Texas Mean Green,alternate_spread,home,-14.0,450,fanatics,0.15044720502969247,-0.03137097678848935,"10 market(s) allowlisted for NCAAF: moneyline, spread, total_points, alternate_spread, alternate_total_points, team_total, alternate_team_total, moneyline_h1, spread_h1, total_points_h1."
2026-10-01,401862786,False,2026-10-02T01:00:00Z,Tulsa Golden Hurricane,North Texas Mean Green,alternate_spread,home,-17.0,600,fanatics,0.10818468784859926,-0.03467245500854359,"10 market(s) allowlisted for NCAAF: moneyline, spread, total_points, alternate_spread, alternate_total_points, team_total, alternate_team_total, moneyline_h1, spread_h1, total_points_h1."
2026-10-01,401862786,False,2026-10-02T01:00:00Z,Tulsa Golden Hurricane,North Texas Mean Green,alternate_spread,home,-6.5,200,fanatics,0.3047740236707828,-0.02855930966255049,"10 market(s) allowlisted for NCAAF: moneyline, spread, total_points, alternate_spread, alternate_total_points, team_total, alternate_team_total, moneyline_h1, spread_h1, total_points_h1."
2026-10-01,401862786,False,2026-10-02T01:00:00Z,Tulsa Golden Hurricane,North Texas Mean Green,alternate_spread,home,-20.0,750,fanatics,0.07888504477054795,-0.038762014052981464,"10 market(s) allowlisted for NCAAF: moneyline, spread, total_points, alternate_spread, alternate_total_points, team_total, alternate_team_total, moneyline_h1, spread_h1, total_points_h1."
2026-10-01,401862786,False,2026-10-02T01:00:00Z,Tulsa Golden Hurricane,North Texas Mean Green,alternate_spread,home,-23.0,1050,fanatics,0.0545064741052834,-0.03245004763384703,"10 market(s) allowlisted for NCAAF: moneyline, spread, total_points, alternate_spread, alternate_total_points, team_total, alternate_team_total, moneyline_h1, spread_h1, total_points_h1."
2026-10-01,401862786,False,2026-10-02T01:00:00Z,Tulsa Golden Hurricane,North Texas Mean Green,alternate_spread,home,-10.0,320,fanatics,0.21604421121848885,-0.02205102687674923,"10 market(s) allowlisted for NCAAF: moneyline, spread, total_points, alternate_spread, alternate_total_points, team_total, alternate_team_total, moneyline_h1, spread_h1, total_points_h1."
2026-10-01,401862786,False,2026-10-02T01:00:00Z,Tulsa Golden Hurricane,North Texas Mean Green,alternate_spread,home,-13.0,390,fanatics,0.17639360485355401,-0.027688027799507214,"10 market(s) allowlisted for NCAAF: moneyline, spread, total_points, alternate_spread, alternate_total_points, team_total, alternate_team_total, moneyline_h1, spread_h1, total_points_h1."
2026-10-01,401862786,False,2026-10-02T01:00:00Z,Tulsa Golden Hurricane,North Texas Mean Green,alternate_spread,home,25.5,-2500,fanatics,0.9386341332196949,-0.022904328318766654,"10 market(s) allowlisted for NCAAF: moneyline, spread, total_points, alternate_spread, alternate_total_points, team_total, alternate_team_total, moneyline_h1, spread_h1, total_points_h1."
2026-10-01,401862786,False,2026-10-02T01:00:00Z,Tulsa Golden Hurricane,North Texas Mean Green,alternate_spread,home,-16.0,525,fanatics,0.11972080474851998,-0.04027919525148002,"10 market(s) allowlisted for NCAAF: moneyline, spread, total_points, alternate_spread, alternate_total_points, team_total, alternate_team_total, moneyline_h1, spread_h1, total_points_h1."
2026-10-01,401862786,False,2026-10-02T01:00:00Z,Tulsa Golden Hurricane,North Texas Mean Green,alternate_spread,home,-19.0,700,fanatics,0.08958210221177401,-0.03541789778822599,"10 market(s) allowlisted for NCAAF: moneyline, spread, total_points, alternate_spread, alternate_total_points, team_total, alternate_team_total, moneyline_h1, spread_h1, total_points_h1."
2026-10-01,401862786,False,2026-10-02T01:00:00Z,Tulsa Golden Hurricane,North Texas Mean Green,alternate_spread,home,26.5,-3000,fanatics,0.9526414794183313,-0.015100456065539669,"10 market(s) allowlisted for NCAAF: moneyline, spread, total_points, alternate_spread, alternate_total_points, team_total, alternate_team_total, moneyline_h1, spread_h1, total_points_h1."
2026-10-01,401862786,False,2026-10-02T01:00:00Z,Tulsa Golden Hurricane,North Texas Mean Green,alternate_spread,home,13.5,-500,fanatics,0.7860059773469835,-0.04732735598634985,"10 market(s) allowlisted for NCAAF: moneyline, spread, total_points, alternate_spread, alternate_total_points, team_total, alternate_team_total, moneyline_h1, spread_h1, total_points_h1."
2026-10-01,401862786,False,2026-10-02T01:00:00Z,Tulsa Golden Hurricane,North Texas Mean Green,alternate_spread,home,24.5,-2200,fanatics,0.9305095154903352,-0.026012223640099585,"10 market(s) allowlisted for NCAAF: moneyline, spread, total_points, alternate_spread, alternate_total_points, team_total, alternate_team_total, moneyline_h1, spread_h1, total_points_h1."
2026-10-01,401862786,False,2026-10-02T01:00:00Z,Tulsa Golden Hurricane,North Texas Mean Green,alternate_spread,home,-4.5,165,fanatics,0.3473866022247275,-0.02997188834131026,"10 market(s) allowlisted for NCAAF: moneyline, spread, total_points, alternate_spread, alternate_total_points, team_total, alternate_team_total, moneyline_h1, spread_h1, total_points_h1."
2026-10-01,401862786,False,2026-10-02T01:00:00Z,Tulsa Golden Hurricane,North Texas Mean Green,alternate_spread,home,-2.0,115,fanatics,0.4407316645753003,-0.02438461449446716,"10 market(s) allowlisted for NCAAF: moneyline, spread, total_points, alternate_spread, alternate_total_points, team_total, alternate_team_total, moneyline_h1, spread_h1, total_points_h1."
2026-10-01,401862786,False,2026-10-02T01:00:00Z,Tulsa Golden Hurricane,North Texas Mean Green,alternate_spread,home,-5.0,175,fanatics,0.33597749780747627,-0.02765886582888738,"10 market(s) allowlisted for NCAAF: moneyline, spread, total_points, alternate_spread, alternate_total_points, team_total, alternate_team_total, moneyline_h1, spread_h1, total_points_h1."
2026-10-01,401862786,False,2026-10-02T01:00:00Z,Tulsa Golden Hurricane,North Texas Mean Green,alternate_spread,home,-3.0,135,fanatics,0.38903723494508724,-0.036494679948529785,"10 market(s) allowlisted for NCAAF: moneyline, spread, total_points, alternate_spread, alternate_total_points, team_total, alternate_team_total, moneyline_h1, spread_h1, total_points_h1."
2026-10-01,401862786,False,2026-10-02T01:00:00Z,Tulsa Golden Hurricane,North Texas Mean Green,alternate_spread,home,-8.0,265,fanatics,0.24324661425040214,-0.03072598848932387,"10 market(s) allowlisted for NCAAF: moneyline, spread, total_points, alternate_spread, alternate_total_points, team_total, alternate_team_total, moneyline_h1, spread_h1, total_points_h1."
2026-10-01,401862786,False,2026-10-02T01:00:00Z,Tulsa Golden Hurricane,North Texas Mean Green,alternate_spread,home,-6.0,190,fanatics,0.3127269112800564,-0.032100674926840156,"10 market(s) allowlisted for NCAAF: moneyline, spread, total_points, alternate_spread, alternate_total_points, team_total, alternate_team_total, moneyline_h1, spread_h1, total_points_h1."
2026-10-01,401862786,False,2026-10-02T01:00:00Z,Tulsa Golden Hurricane,North Texas Mean Green,alternate_spread,home,-22.0,950,fanatics,0.058259870746351076,-0.036978224491744156,"10 market(s) allowlisted for NCAAF: moneyline, spread, total_points, alternate_spread, alternate_total_points, team_total, alternate_team_total, moneyline_h1, spread_h1, total_points_h1."
2026-10-01,401862786,False,2026-10-02T01:00:00Z,Tulsa Golden Hurricane,North Texas Mean Green,alternate_spread,home,12.5,-450,fanatics,0.7722663958317718,-0.04591542235004642,"10 market(s) allowlisted for NCAAF: moneyline, spread, total_points, alternate_spread, alternate_total_points, team_total, alternate_team_total, moneyline_h1, spread_h1, total_points_h1."
2026-10-01,401862786,False,2026-10-02T01:00:00Z,Tulsa Golden Hurricane,North Texas Mean Green,alternate_spread,home,-9.0,280,fanatics,0.23094238820372384,-0.03221550653311825,"10 market(s) allowlisted for NCAAF: moneyline, spread, total_points, alternate_spread, alternate_total_points, team_total, alternate_team_total, moneyline_h1, spread_h1, total_points_h1."
2026-10-01,401862786,False,2026-10-02T01:00:00Z,Tulsa Golden Hurricane,North Texas Mean Green,alternate_spread,home,-16.5,525,fanatics,0.11825833677786748,-0.04174166322213252,"10 market(s) allowlisted for NCAAF: moneyline, spread, total_points, alternate_spread, alternate_total_points, team_total, alternate_team_total, moneyline_h1, spread_h1, total_points_h1."
2026-10-01,401862786,False,2026-10-02T01:00:00Z,Tulsa Golden Hurricane,North Texas Mean Green,alternate_spread,home,19.5,-1100,fanatics,0.8738359612693121,-0.04283070539735456,"10 market(s) allowlisted for NCAAF: moneyline, spread, total_points, alternate_spread, alternate_total_points, team_total, alternate_team_total, moneyline_h1, spread_h1, total_points_h1."
2026-10-01,401862786,False,2026-10-02T01:00:00Z,Tulsa Golden Hurricane,North Texas Mean Green,alternate_spread,home,14.5,-600,fanatics,0.8138550738361502,-0.043287783306706906,"10 market(s) allowlisted for NCAAF: moneyline, spread, total_points, alternate_spread, alternate_total_points, team_total, alternate_team_total, moneyline_h1, spread_h1, total_points_h1."
2026-10-01,401862786,False,2026-10-02T01:00:00Z,Tulsa Golden Hurricane,North Texas Mean Green,alternate_spread,home,11.0,-400,fanatics,0.7532953805005226,-0.04670461949947746,"10 market(s) allowlisted for NCAAF: moneyline, spread, total_points, alternate_spread, alternate_total_points, team_total, alternate_team_total, moneyline_h1, spread_h1, total_points_h1."
2026-10-01,401862786,False,2026-10-02T01:00:00Z,Tulsa Golden Hurricane,North Texas Mean Green,alternate_spread,home,14.0,-575,fanatics,0.8085226012838084,-0.04332925056804349,"10 market(s) allowlisted for NCAAF: moneyline, spread, total_points, alternate_spread, alternate_total_points, team_total, alternate_team_total, moneyline_h1, spread_h1, total_points_h1."
2026-10-01,401862786,False,2026-10-02T01:00:00Z,Tulsa Golden Hurricane,North Texas Mean Green,alternate_spread,home,3.5,-155,fanatics,0.6010594094808689,-0.0067837277740330215,"10 market(s) allowlisted for NCAAF: moneyline, spread, total_points, alternate_spread, alternate_total_points, team_total, alternate_team_total, moneyline_h1, spread_h1, total_points_h1."
2026-10-01,401862786,False,2026-10-02T01:00:00Z,Tulsa Golden Hurricane,North Texas Mean Green,alternate_spread,home,-19.5,700,fanatics,0.08859826563253544,-0.036401734367464564,"10 market(s) allowlisted for NCAAF: moneyline, spread, total_points, alternate_spread, alternate_total_points, team_total, alternate_team_total, moneyline_h1, spread_h1, total_points_h1."
2026-10-01,401862786,False,2026-10-02T01:00:00Z,Tulsa Golden Hurricane,North Texas Mean Green,alternate_spread,home,18.5,-950,fanatics,0.8671145905258765,-0.037647314236028295,"10 market(s) allowlisted for NCAAF: moneyline, spread, total_points, alternate_spread, alternate_total_points, team_total, alternate_team_total, moneyline_h1, spread_h1, total_points_h1."
2026-10-01,401862786,False,2026-10-02T01:00:00Z,Tulsa Golden Hurricane,North Texas Mean Green,alternate_spread,home,22.5,-1500,fanatics,0.901399068205647,-0.03610093179435303,"10 market(s) allowlisted for NCAAF: moneyline, spread, total_points, alternate_spread, alternate_total_points, team_total, alternate_team_total, moneyline_h1, spread_h1, total_points_h1."
2026-10-01,401862786,False,2026-10-02T01:00:00Z,Tulsa Golden Hurricane,North Texas Mean Green,alternate_spread,home,-14.5,475,fanatics,0.14645278199006892,-0.027460261488191945,"10 market(s) allowlisted for NCAAF: moneyline, spread, total_points, alternate_spread, alternate_total_points, team_total, alternate_team_total, moneyline_h1, spread_h1, total_points_h1."
2026-10-01,401862786,False,2026-10-02T01:00:00Z,Tulsa Golden Hurricane,North Texas Mean Green,alternate_spread,home,17.0,-800,fanatics,0.8507525089150566,-0.038136379973832235,"10 market(s) allowlisted for NCAAF: moneyline, spread, total_points, alternate_spread, alternate_total_points, team_total, alternate_team_total, moneyline_h1, spread_h1, total_points_h1."
2026-10-01,401862786,False,2026-10-02T01:00:00Z,Tulsa Golden Hurricane,North Texas Mean Green,alternate_spread,home,12.0,-450,fanatics,0.7689850060943609,-0.0491968120874573,"10 market(s) allowlisted for NCAAF: moneyline, spread, total_points, alternate_spread, alternate_total_points, team_total, alternate_team_total, moneyline_h1, spread_h1, total_points_h1."
2026-10-01,401862786,False,2026-10-02T01:00:00Z,Tulsa Golden Hurricane,North Texas Mean Green,alternate_spread,home,15.0,-650,fanatics,0.8243801801764535,-0.04228648649021316,"10 market(s) allowlisted for NCAAF: moneyline, spread, total_points, alternate_spread, alternate_total_points, team_total, alternate_team_total, moneyline_h1, spread_h1, total_points_h1."
2026-10-01,401862786,False,2026-10-02T01:00:00Z,Tulsa Golden Hurricane,North Texas Mean Green,alternate_spread,home,20.0,-1200,fanatics,0.8815331657868956,-0.04154375729002757,"10 market(s) allowlisted for NCAAF: moneyline, spread, total_points, alternate_spread, alternate_total_points, team_total, alternate_team_total, moneyline_h1, spread_h1, total_points_h1."
2026-10-01,401862786,False,2026-10-02T01:00:00Z,Tulsa Golden Hurricane,North Texas Mean Green,alternate_spread,home,-22.5,950,fanatics,0.058098478477101936,-0.037139616760993296,"10 market(s) allowlisted for NCAAF: moneyline, spread, total_points, alternate_spread, alternate_total_points, team_total, alternate_team_total, moneyline_h1, spread_h1, total_points_h1."
2026-10-01,401862786,False,2026-10-02T01:00:00Z,Tulsa Golden Hurricane,North Texas Mean Green,alternate_spread,home,23.0,-1800,fanatics,0.9113461732812873,-0.03602224777134422,"10 market(s) allowlisted for NCAAF: moneyline, spread, total_points, alternate_spread, alternate_total_points, team_total, alternate_team_total, moneyline_h1, spread_h1, total_points_h1."
2026-10-01,401862786,False,2026-10-02T01:00:00Z,Tulsa Golden Hurricane,North Texas Mean Green,alternate_spread,home,18.0,-950,fanatics,0.8652919851574075,-0.039469919604497306,"10 market(s) allowlisted for NCAAF: moneyline, spread, total_points, alternate_spread, alternate_total_points, team_total, alternate_team_total, moneyline_h1, spread_h1, total_points_h1."
2026-10-01,401862786,False,2026-10-02T01:00:00Z,Tulsa Golden Hurricane,North Texas Mean Green,alternate_spread,home,10.5,-375,fanatics,0.738740328463254,-0.050733355747272335,"10 market(s) allowlisted for NCAAF: moneyline, spread, total_points, alternate_spread, alternate_total_points, team_total, alternate_team_total, moneyline_h1, spread_h1, total_points_h1."
2026-10-01,401862786,False,2026-10-02T01:00:00Z,Tulsa Golden Hurricane,North Texas Mean Green,alternate_spread,home,21.0,-1400,fanatics,0.8948591264463202,-0.038474206887013196,"10 market(s) allowlisted for NCAAF: moneyline, spread, total_points, alternate_spread, alternate_total_points, team_total, alternate_team_total, moneyline_h1, spread_h1, total_points_h1."
2026-10-01,401862786,False,2026-10-02T01:00:00Z,Tulsa Golden Hurricane,North Texas Mean Green,alternate_spread,home,26.0,-2800,fanatics,0.9519686882056533,-0.013548553173657107,"10 market(s) allowlisted for NCAAF: moneyline, spread, total_points, alternate_spread, alternate_total_points, team_total, alternate_team_total, moneyline_h1, spread_h1, total_points_h1."
2026-10-01,401862786,False,2026-10-02T01:00:00Z,Tulsa Golden Hurricane,North Texas Mean Green,alternate_spread,home,24.0,-2200,fanatics,0.9292216532986062,-0.027300085831828635,"10 market(s) allowlisted for NCAAF: moneyline, spread, total_points, alternate_spread, alternate_total_points, team_total, alternate_team_total, moneyline_h1, spread_h1, total_points_h1."
2026-10-01,401862786,False,2026-10-02T01:00:00Z,Tulsa Golden Hurricane,North Texas Mean Green,alternate_spread,home,-10.5,320,fanatics,0.21251159171617254,-0.025583646379065544,"10 market(s) allowlisted for NCAAF: moneyline, spread, total_points, alternate_spread, alternate_total_points, team_total, alternate_team_total, moneyline_h1, spread_h1, total_points_h1."
2026-10-01,401862786,False,2026-10-02T01:00:00Z,Tulsa Golden Hurricane,North Texas Mean Green,alternate_spread,home,-5.5,180,fanatics,0.3302047983256431,-0.02693805881721406,"10 market(s) allowlisted for NCAAF: moneyline, spread, total_points, alternate_spread, alternate_total_points, team_total, alternate_team_total, moneyline_h1, spread_h1, total_points_h1."
2026-10-01,401862786,False,2026-10-02T01:00:00Z,Tulsa Golden Hurricane,North Texas Mean Green,alternate_spread,home,-18.5,650,fanatics,0.09958077837724369,-0.03375255495608964,"10 market(s) allowlisted for NCAAF: moneyline, spread, total_points, alternate_spread, alternate_total_points, team_total, alternate_team_total, moneyline_h1, spread_h1, total_points_h1."
2026-10-01,401862786,False,2026-10-02T01:00:00Z,Tulsa Golden Hurricane,North Texas Mean Green,alternate_spread,home,21.5,-1500,fanatics,0.8963033143922724,-0.0411966856077276,"10 market(s) allowlisted for NCAAF: moneyline, spread, total_points, alternate_spread, alternate_total_points, team_total, alternate_team_total, moneyline_h1, spread_h1, total_points_h1."
2026-10-01,401862786,False,2026-10-02T01:00:00Z,Tulsa Golden Hurricane,North Texas Mean Green,alternate_spread,home,-9.5,280,fanatics,0.228862964809635,-0.03429492992720709,"10 market(s) allowlisted for NCAAF: moneyline, spread, total_points, alternate_spread, alternate_total_points, team_total, alternate_team_total, moneyline_h1, spread_h1, total_points_h1."
2026-10-01,401862786,False,2026-10-02T01:00:00Z,Tulsa Golden Hurricane,North Texas Mean Green,alternate_spread,home,-21.5,900,fanatics,0.060868691784848605,-0.0391313082151514,"10 market(s) allowlisted for NCAAF: moneyline, spread, total_points, alternate_spread, alternate_total_points, team_total, alternate_team_total, moneyline_h1, spread_h1, total_points_h1."
2026-10-01,401862786,False,2026-10-02T01:00:00Z,Tulsa Golden Hurricane,North Texas Mean Green,alternate_spread,home,-1.5,110,fanatics,0.4573738132332432,-0.018816662957232944,"10 market(s) allowlisted for NCAAF: moneyline, spread, total_points, alternate_spread, alternate_total_points, team_total, alternate_team_total, moneyline_h1, spread_h1, total_points_h1."
2026-10-01,401862786,False,2026-10-02T01:00:00Z,Tulsa Golden Hurricane,North Texas Mean Green,alternate_spread,home,-17.5,600,fanatics,0.10696266962345778,-0.03589447323368507,"10 market(s) allowlisted for NCAAF: moneyline, spread, total_points, alternate_spread, alternate_total_points, team_total, alternate_team_total, moneyline_h1, spread_h1, total_points_h1."
2026-10-01,401862786,False,2026-10-02T01:00:00Z,Tulsa Golden Hurricane,North Texas Mean Green,alternate_spread,home,-20.5,750,fanatics,0.07805319652162528,-0.039593862301904134,"10 market(s) allowlisted for NCAAF: moneyline, spread, total_points, alternate_spread, alternate_total_points, team_total, alternate_team_total, moneyline_h1, spread_h1, total_points_h1."
2026-10-01,401862786,False,2026-10-02T01:00:00Z,Tulsa Golden Hurricane,North Texas Mean Green,alternate_spread,home,-1.0,105,fanatics,0.46400584552564744,-0.023799032523133035,"10 market(s) allowlisted for NCAAF: moneyline, spread, total_points, alternate_spread, alternate_total_points, team_total, alternate_team_total, moneyline_h1, spread_h1, total_points_h1."
2026-10-01,401862786,False,2026-10-02T01:00:00Z,Tulsa Golden Hurricane,North Texas Mean Green,alternate_spread,home,-4.0,160,fanatics,0.35342474540548807,-0.031190639209896565,"10 market(s) allowlisted for NCAAF: moneyline, spread, total_points, alternate_spread, alternate_total_points, team_total, alternate_team_total, moneyline_h1, spread_h1, total_points_h1."
2026-10-01,401862786,False,2026-10-02T01:00:00Z,Tulsa Golden Hurricane,North Texas Mean Green,alternate_spread,home,-7.0,235,fanatics,0.27217375984473013,-0.026333702841837003,"10 market(s) allowlisted for NCAAF: moneyline, spread, total_points, alternate_spread, alternate_total_points, team_total, alternate_team_total, moneyline_h1, spread_h1, total_points_h1."
2026-10-01,401862786,False,2026-10-02T01:00:00Z,Tulsa Golden Hurricane,North Texas Mean Green,alternate_spread,home,9.5,-330,fanatics,0.7168324329703533,-0.05060942749476305,"10 market(s) allowlisted for NCAAF: moneyline, spread, total_points, alternate_spread, alternate_total_points, team_total, alternate_team_total, moneyline_h1, spread_h1, total_points_h1."
2026-10-01,401862786,False,2026-10-02T01:00:00Z,Tulsa Golden Hurricane,North Texas Mean Green,alternate_spread,home,23.5,-1800,fanatics,0.9123138066083177,-0.03505461444431379,"10 market(s) allowlisted for NCAAF: moneyline, spread, total_points, alternate_spread, alternate_total_points, team_total, alternate_team_total, moneyline_h1, spread_h1, total_points_h1."
2026-10-01,401862786,False,2026-10-02T01:00:00Z,Tulsa Golden Hurricane,North Texas Mean Green,alternate_spread,home,11.5,-425,fanatics,0.7580621674311202,-0.05146164209268933,"10 market(s) allowlisted for NCAAF: moneyline, spread, total_points, alternate_spread, alternate_total_points, team_total, alternate_team_total, moneyline_h1, spread_h1, total_points_h1."
2026-10-01,401862786,False,2026-10-02T01:00:00Z,Tulsa Golden Hurricane,North Texas Mean Green,alternate_spread,home,-11.5,350,fanatics,0.19674875263488792,-0.02547346958733429,"10 market(s) allowlisted for NCAAF: moneyline, spread, total_points, alternate_spread, alternate_total_points, team_total, alternate_team_total, moneyline_h1, spread_h1, total_points_h1."
2026-10-01,401862786,False,2026-10-02T01:00:00Z,Tulsa Golden Hurricane,North Texas Mean Green,alternate_spread,home,10.0,-375,fanatics,0.7328884771353864,-0.05658520707513992,"10 market(s) allowlisted for NCAAF: moneyline, spread, total_points, alternate_spread, alternate_total_points, team_total, alternate_team_total, moneyline_h1, spread_h1, total_points_h1."
2026-10-01,401862786,False,2026-10-02T01:00:00Z,Tulsa Golden Hurricane,North Texas Mean Green,alternate_spread,home,13.0,-475,fanatics,0.7830248293024069,-0.043062127219332225,"10 market(s) allowlisted for NCAAF: moneyline, spread, total_points, alternate_spread, alternate_total_points, team_total, alternate_team_total, moneyline_h1, spread_h1, total_points_h1."
2026-10-01,401862786,False,2026-10-02T01:00:00Z,Tulsa Golden Hurricane,North Texas Mean Green,alternate_spread,home,16.0,-700,fanatics,0.8332775337605454,-0.041722466239454636,"10 market(s) allowlisted for NCAAF: moneyline, spread, total_points, alternate_spread, alternate_total_points, team_total, alternate_team_total, moneyline_h1, spread_h1, total_points_h1."
2026-10-01,401862786,False,2026-10-02T01:00:00Z,Tulsa Golden Hurricane,North Texas Mean Green,alternate_spread,home,19.0,-1100,fanatics,0.8729822277308861,-0.043684438935780556,"10 market(s) allowlisted for NCAAF: moneyline, spread, total_points, alternate_spread, alternate_total_points, team_total, alternate_team_total, moneyline_h1, spread_h1, total_points_h1."
2026-10-01,401862786,False,2026-10-02T01:00:00Z,Tulsa Golden Hurricane,North Texas Mean Green,alternate_spread,home,2.0,-115,fanatics,0.5182588487232502,-0.016624872206982277,"10 market(s) allowlisted for NCAAF: moneyline, spread, total_points, alternate_spread, alternate_total_points, team_total, alternate_team_total, moneyline_h1, spread_h1, total_points_h1."
2026-10-01,401862786,False,2026-10-02T01:00:00Z,Tulsa Golden Hurricane,North Texas Mean Green,alternate_spread,home,5.0,-190,fanatics,0.6290881929725938,-0.02608422082050965,"10 market(s) allowlisted for NCAAF: moneyline, spread, total_points, alternate_spread, alternate_total_points, team_total, alternate_team_total, moneyline_h1, spread_h1, total_points_h1."
2026-10-01,401862786,False,2026-10-02T01:00:00Z,Tulsa Golden Hurricane,North Texas Mean Green,alternate_spread,home,8.0,-300,fanatics,0.7044386876091869,-0.04556131239081307,"10 market(s) allowlisted for NCAAF: moneyline, spread, total_points, alternate_spread, alternate_total_points, team_total, alternate_team_total, moneyline_h1, spread_h1, total_points_h1."
2026-10-01,401862786,False,2026-10-02T01:00:00Z,Tulsa Golden Hurricane,North Texas Mean Green,alternate_spread,home,-2.5,120,fanatics,0.4276168118015331,-0.026928642743921427,"10 market(s) allowlisted for NCAAF: moneyline, spread, total_points, alternate_spread, alternate_total_points, team_total, alternate_team_total, moneyline_h1, spread_h1, total_points_h1."
2026-10-01,401862786,False,2026-10-02T01:00:00Z,Tulsa Golden Hurricane,North Texas Mean Green,alternate_spread,home,22.0,-1500,fanatics,0.9008940486762608,-0.03660595132373923,"10 market(s) allowlisted for NCAAF: moneyline, spread, total_points, alternate_spread, alternate_total_points, team_total, alternate_team_total, moneyline_h1, spread_h1, total_points_h1."
2026-10-01,401862786,False,2026-10-02T01:00:00Z,Tulsa Golden Hurricane,North Texas Mean Green,alternate_spread,home,25.0,-2500,fanatics,0.9381314751054473,-0.02340698643301431,"10 market(s) allowlisted for NCAAF: moneyline, spread, total_points, alternate_spread, alternate_total_points, team_total, alternate_team_total, moneyline_h1, spread_h1, total_points_h1."
2026-10-01,401862786,False,2026-10-02T01:00:00Z,Tulsa Golden Hurricane,North Texas Mean Green,alternate_spread,home,17.5,-850,fanatics,0.8535845465221928,-0.04115229558307032,"10 market(s) allowlisted for NCAAF: moneyline, spread, total_points, alternate_spread, alternate_total_points, team_total, alternate_team_total, moneyline_h1, spread_h1, total_points_h1."
2026-10-01,401862786,False,2026-10-02T01:00:00Z,Tulsa Golden Hurricane,North Texas Mean Green,alternate_spread,home,6.5,-210,fanatics,0.6551387193090342,-0.022280635529675408,"10 market(s) allowlisted for NCAAF: moneyline, spread, total_points, alternate_spread, alternate_total_points, team_total, alternate_team_total, moneyline_h1, spread_h1, total_points_h1."
2026-10-01,401862786,False,2026-10-02T01:00:00Z,Tulsa Golden Hurricane,North Texas Mean Green,alternate_total_points,over,42.0,-575,fanatics,0.8258036457989572,-0.026048206052894707,"10 market(s) allowlisted for NCAAF: moneyline, spread, total_points, alternate_spread, alternate_total_points, team_total, alternate_team_total, moneyline_h1, spread_h1, total_points_h1."
2026-10-01,401862786,False,2026-10-02T01:00:00Z,Tulsa Golden Hurricane,North Texas Mean Green,alternate_total_points,over,44.0,-475,fanatics,0.7868175559380006,-0.03926940058373851,"10 market(s) allowlisted for NCAAF: moneyline, spread, total_points, alternate_spread, alternate_total_points, team_total, alternate_team_total, moneyline_h1, spread_h1, total_points_h1."
2026-10-01,401862786,False,2026-10-02T01:00:00Z,Tulsa Golden Hurricane,North Texas Mean Green,alternate_total_points,over,45.0,-400,fanatics,0.7623561001950678,-0.03764389980493221,"10 market(s) allowlisted for NCAAF: moneyline, spread, total_points, alternate_spread, alternate_total_points, team_total, alternate_team_total, moneyline_h1, spread_h1, total_points_h1."
2026-10-01,401862786,False,2026-10-02T01:00:00Z,Tulsa Golden Hurricane,North Texas Mean Green,alternate_total_points,over,47.0,-320,fanatics,0.7175556775924491,-0.04434908431231277,"10 market(s) allowlisted for NCAAF: moneyline, spread, total_points, alternate_spread, alternate_total_points, team_total, alternate_team_total, moneyline_h1, spread_h1, total_points_h1."
2026-10-01,401862786,False,2026-10-02T01:00:00Z,Tulsa Golden Hurricane,North Texas Mean Green,alternate_total_points,over,48.0,-285,fanatics,0.6965901341031766,-0.04366960615656368,"10 market(s) allowlisted for NCAAF: moneyline, spread, total_points, alternate_spread, alternate_total_points, team_total, alternate_team_total, moneyline_h1, spread_h1, total_points_h1."
2026-10-01,401862786,False,2026-10-02T01:00:00Z,Tulsa Golden Hurricane,North Texas Mean Green,alternate_total_points,over,66.5,220,fanatics,0.2489287311348766,-0.0635712688651234,"10 market(s) allowlisted for NCAAF: moneyline, spread, total_points, alternate_spread, alternate_total_points, team_total, alternate_team_total, moneyline_h1, spread_h1, total_points_h1."
2026-10-01,401862786,False,2026-10-02T01:00:00Z,Tulsa Golden Hurricane,North Texas Mean Green,alternate_total_points,over,43.5,-475,fanatics,0.7918146510941466,-0.03427230542759252,"10 market(s) allowlisted for NCAAF: moneyline, spread, total_points, alternate_spread, alternate_total_points, team_total, alternate_team_total, moneyline_h1, spread_h1, total_points_h1."
2026-10-01,401862786,False,2026-10-02T01:00:00Z,Tulsa Golden Hurricane,North Texas Mean Green,alternate_total_points,over,81.5,750,fanatics,0.07117425150120898,-0.046472807322320425,"10 market(s) allowlisted for NCAAF: moneyline, spread, total_points, alternate_spread, alternate_total_points, team_total, alternate_team_total, moneyline_h1, spread_h1, total_points_h1."
2026-10-01,401862786,False,2026-10-02T01:00:00Z,Tulsa Golden Hurricane,North Texas Mean Green,alternate_total_points,over,43.0,-525,fanatics,0.8101140849245746,-0.029885915075425373,"10 market(s) allowlisted for NCAAF: moneyline, spread, total_points, alternate_spread, alternate_total_points, team_total, alternate_team_total, moneyline_h1, spread_h1, total_points_h1."
2026-10-01,401862786,False,2026-10-02T01:00:00Z,Tulsa Golden Hurricane,North Texas Mean Green,alternate_total_points,over,50.0,-225,fanatics,0.6541911598016962,-0.038116532505996115,"10 market(s) allowlisted for NCAAF: moneyline, spread, total_points, alternate_spread, alternate_total_points, team_total, alternate_team_total, moneyline_h1, spread_h1, total_points_h1."
2026-10-01,401862786,False,2026-10-02T01:00:00Z,Tulsa Golden Hurricane,North Texas Mean Green,alternate_total_points,over,51.0,-195,fanatics,0.6340216495862742,-0.026995299566268227,"10 market(s) allowlisted for NCAAF: moneyline, spread, total_points, alternate_spread, alternate_total_points, team_total, alternate_team_total, moneyline_h1, spread_h1, total_points_h1."
2026-10-01,401862786,False,2026-10-02T01:00:00Z,Tulsa Golden Hurricane,North Texas Mean Green,alternate_total_points,over,53.0,-160,fanatics,0.5944625598922673,-0.020922055492348157,"10 market(s) allowlisted for NCAAF: moneyline, spread, total_points, alternate_spread, alternate_total_points, team_total, alternate_team_total, moneyline_h1, spread_h1, total_points_h1."
2026-10-01,401862786,False,2026-10-02T01:00:00Z,Tulsa Golden Hurricane,North Texas Mean Green,alternate_total_points,over,46.0,-350,fanatics,0.7377516007683783,-0.04002617700939948,"10 market(s) allowlisted for NCAAF: moneyline, spread, total_points, alternate_spread, alternate_total_points, team_total, alternate_team_total, moneyline_h1, spread_h1, total_points_h1."
2026-10-01,401862786,False,2026-10-02T01:00:00Z,Tulsa Golden Hurricane,North Texas Mean Green,alternate_total_points,over,54.0,-145,fanatics,0.5760111518656055,-0.015825582828272067,"10 market(s) allowlisted for NCAAF: moneyline, spread, total_points, alternate_spread, alternate_total_points, team_total, alternate_team_total, moneyline_h1, spread_h1, total_points_h1."
2026-10-01,401862786,False,2026-10-02T01:00:00Z,Tulsa Golden Hurricane,North Texas Mean Green,alternate_total_points,over,56.0,-115,fanatics,0.5114002620921408,-0.023483458838091664,"10 market(s) allowlisted for NCAAF: moneyline, spread, total_points, alternate_spread, alternate_total_points, team_total, alternate_team_total, moneyline_h1, spread_h1, total_points_h1."
2026-10-01,401862786,False,2026-10-02T01:00:00Z,Tulsa Golden Hurricane,North Texas Mean Green,alternate_total_points,over,57.0,-105,fanatics,0.49068535241892824,-0.02150976953229128,"10 market(s) allowlisted for NCAAF: moneyline, spread, total_points, alternate_spread, alternate_total_points, team_total, alternate_team_total, moneyline_h1, spread_h1, total_points_h1."
2026-10-01,401862786,False,2026-10-02T01:00:00Z,Tulsa Golden Hurricane,North Texas Mean Green,alternate_total_points,over,59.0,115,fanatics,0.4355433756792889,-0.029572903390478522,"10 market(s) allowlisted for NCAAF: moneyline, spread, total_points, alternate_spread, alternate_total_points, team_total, alternate_team_total, moneyline_h1, spread_h1, total_points_h1."
2026-10-01,401862786,False,2026-10-02T01:00:00Z,Tulsa Golden Hurricane,North Texas Mean Green,alternate_total_points,over,49.0,-250,fanatics,0.6730178460896535,-0.041267868196060764,"10 market(s) allowlisted for NCAAF: moneyline, spread, total_points, alternate_spread, alternate_total_points, team_total, alternate_team_total, moneyline_h1, spread_h1, total_points_h1."
2026-10-01,401862786,False,2026-10-02T01:00:00Z,Tulsa Golden Hurricane,North Texas Mean Green,alternate_total_points,over,54.5,-140,fanatics,0.5610573799445694,-0.02227595338876398,"10 market(s) allowlisted for NCAAF: moneyline, spread, total_points, alternate_spread, alternate_total_points, team_total, alternate_team_total, moneyline_h1, spread_h1, total_points_h1."
2026-10-01,401862786,False,2026-10-02T01:00:00Z,Tulsa Golden Hurricane,North Texas Mean Green,alternate_total_points,over,39.5,-800,fanatics,0.8684660346884353,-0.020422854200453533,"10 market(s) allowlisted for NCAAF: moneyline, spread, total_points, alternate_spread, alternate_total_points, team_total, alternate_team_total, moneyline_h1, spread_h1, total_points_h1."
2026-10-01,401862786,False,2026-10-02T01:00:00Z,Tulsa Golden Hurricane,North Texas Mean Green,alternate_total_points,over,60.0,125,fanatics,0.41122767034216434,-0.03321677410228008,"10 market(s) allowlisted for NCAAF: moneyline, spread, total_points, alternate_spread, alternate_total_points, team_total, alternate_team_total, moneyline_h1, spread_h1, total_points_h1."
2026-10-01,401862786,False,2026-10-02T01:00:00Z,Tulsa Golden Hurricane,North Texas Mean Green,alternate_total_points,over,62.0,150,fanatics,0.35096068636533534,-0.04903931363466468,"10 market(s) allowlisted for NCAAF: moneyline, spread, total_points, alternate_spread, alternate_total_points, team_total, alternate_team_total, moneyline_h1, spread_h1, total_points_h1."
2026-10-01,401862786,False,2026-10-02T01:00:00Z,Tulsa Golden Hurricane,North Texas Mean Green,alternate_total_points,over,63.0,165,fanatics,0.3212963822857467,-0.05606210828029107,"10 market(s) allowlisted for NCAAF: moneyline, spread, total_points, alternate_spread, alternate_total_points, team_total, alternate_team_total, moneyline_h1, spread_h1, total_points_h1."
2026-10-01,401862786,False,2026-10-02T01:00:00Z,Tulsa Golden Hurricane,North Texas Mean Green,alternate_total_points,over,65.0,200,fanatics,0.27990784816849296,-0.05342548516484036,"10 market(s) allowlisted for NCAAF: moneyline, spread, total_points, alternate_spread, alternate_total_points, team_total, alternate_team_total, moneyline_h1, spread_h1, total_points_h1."
2026-10-01,401862786,False,2026-10-02T01:00:00Z,Tulsa Golden Hurricane,North Texas Mean Green,alternate_total_points,over,68.0,250,fanatics,0.22762676379170269,-0.05808752192258301,"10 market(s) allowlisted for NCAAF: moneyline, spread, total_points, alternate_spread, alternate_total_points, team_total, alternate_team_total, moneyline_h1, spread_h1, total_points_h1."
2026-10-01,401862786,False,2026-10-02T01:00:00Z,Tulsa Golden Hurricane,North Texas Mean Green,alternate_total_points,over,66.0,220,fanatics,0.2550136821438408,-0.05748631785615921,"10 market(s) allowlisted for NCAAF: moneyline, spread, total_points, alternate_spread, alternate_total_points, team_total, alternate_team_total, moneyline_h1, spread_h1, total_points_h1."
2026-10-01,401862786,False,2026-10-02T01:00:00Z,Tulsa Golden Hurricane,North Texas Mean Green,alternate_total_points,over,69.0,280,fanatics,0.21533520354466287,-0.04782269119217922,"10 market(s) allowlisted for NCAAF: moneyline, spread, total_points, alternate_spread, alternate_total_points, team_total, alternate_team_total, moneyline_h1, spread_h1, total_points_h1."
2026-10-01,401862786,False,2026-10-02T01:00:00Z,Tulsa Golden Hurricane,North Texas Mean Green,alternate_total_points,over,52.0,-175,fanatics,0.6110219913551045,-0.025341645008531866,"10 market(s) allowlisted for NCAAF: moneyline, spread, total_points, alternate_spread, alternate_total_points, team_total, alternate_team_total, moneyline_h1, spread_h1, total_points_h1."
2026-10-01,401862786,False,2026-10-02T01:00:00Z,Tulsa Golden Hurricane,North Texas Mean Green,alternate_total_points,over,71.0,320,fanatics,0.18708888446232835,-0.05100635363290973,"10 market(s) allowlisted for NCAAF: moneyline, spread, total_points, alternate_spread, alternate_total_points, team_total, alternate_team_total, moneyline_h1, spread_h1, total_points_h1."
2026-10-01,401862786,False,2026-10-02T01:00:00Z,Tulsa Golden Hurricane,North Texas Mean Green,alternate_total_points,over,72.0,350,fanatics,0.17051476497794024,-0.05170745724428197,"10 market(s) allowlisted for NCAAF: moneyline, spread, total_points, alternate_spread, alternate_total_points, team_total, alternate_team_total, moneyline_h1, spread_h1, total_points_h1."
2026-10-01,401862786,False,2026-10-02T01:00:00Z,Tulsa Golden Hurricane,North Texas Mean Green,alternate_total_points,over,74.0,410,fanatics,0.14208620059614302,-0.053992230776406,"10 market(s) allowlisted for NCAAF: moneyline, spread, total_points, alternate_spread, alternate_total_points, team_total, alternate_team_total, moneyline_h1, spread_h1, total_points_h1."
2026-10-01,401862786,False,2026-10-02T01:00:00Z,Tulsa Golden Hurricane,North Texas Mean Green,alternate_total_points,over,55.0,-125,fanatics,0.5433554886949893,-0.012200066860566294,"10 market(s) allowlisted for NCAAF: moneyline, spread, total_points, alternate_spread, alternate_total_points, team_total, alternate_team_total, moneyline_h1, spread_h1, total_points_h1."
2026-10-01,401862786,False,2026-10-02T01:00:00Z,Tulsa Golden Hurricane,North Texas Mean Green,alternate_total_points,over,75.0,450,fanatics,0.13224106468542893,-0.049577117132752896,"10 market(s) allowlisted for NCAAF: moneyline, spread, total_points, alternate_spread, alternate_total_points, team_total, alternate_team_total, moneyline_h1, spread_h1, total_points_h1."
2026-10-01,401862786,False,2026-10-02T01:00:00Z,Tulsa Golden Hurricane,North Texas Mean Green,alternate_total_points,over,42.5,-550,fanatics,0.814403363191569,-0.031750482962277116,"10 market(s) allowlisted for NCAAF: moneyline, spread, total_points, alternate_spread, alternate_total_points, team_total, alternate_team_total, moneyline_h1, spread_h1, total_points_h1."
2026-10-01,401862786,False,2026-10-02T01:00:00Z,Tulsa Golden Hurricane,North Texas Mean Green,alternate_total_points,over,78.0,550,fanatics,0.10156054356657727,-0.05228561027957658,"10 market(s) allowlisted for NCAAF: moneyline, spread, total_points, alternate_spread, alternate_total_points, team_total, alternate_team_total, moneyline_h1, spread_h1, total_points_h1."
2026-10-01,401862786,False,2026-10-02T01:00:00Z,Tulsa Golden Hurricane,North Texas Mean Green,alternate_total_points,over,77.0,550,fanatics,0.109609298051184,-0.04423685579496986,"10 market(s) allowlisted for NCAAF: moneyline, spread, total_points, alternate_spread, alternate_total_points, team_total, alternate_team_total, moneyline_h1, spread_h1, total_points_h1."
2026-10-01,401862786,False,2026-10-02T01:00:00Z,Tulsa Golden Hurricane,North Texas Mean Green,alternate_total_points,over,58.0,105,fanatics,0.46723471810755735,-0.020570159941223132,"10 market(s) allowlisted for NCAAF: moneyline, spread, total_points, alternate_spread, alternate_total_points, team_total, alternate_team_total, moneyline_h1, spread_h1, total_points_h1."
2026-10-01,401862786,False,2026-10-02T01:00:00Z,Tulsa Golden Hurricane,North Texas Mean Green,alternate_total_points,over,76.5,500,fanatics,0.11909320815343921,-0.047573458513227446,"10 market(s) allowlisted for NCAAF: moneyline, spread, total_points, alternate_spread, alternate_total_points, team_total, alternate_team_total, moneyline_h1, spread_h1, total_points_h1."
2026-10-01,401862786,False,2026-10-02T01:00:00Z,Tulsa Golden Hurricane,North Texas Mean Green,alternate_total_points,over,80.0,700,fanatics,0.07754605457482427,-0.047453945425175725,"10 market(s) allowlisted for NCAAF: moneyline, spread, total_points, alternate_spread, alternate_total_points, team_total, alternate_team_total, moneyline_h1, spread_h1, total_points_h1."
2026-10-01,401862786,False,2026-10-02T01:00:00Z,Tulsa Golden Hurricane,North Texas Mean Green,alternate_total_points,over,77.5,550,fanatics,0.10844180525637662,-0.04540434858977724,"10 market(s) allowlisted for NCAAF: moneyline, spread, total_points, alternate_spread, alternate_total_points, team_total, alternate_team_total, moneyline_h1, spread_h1, total_points_h1."
2026-10-01,401862786,False,2026-10-02T01:00:00Z,Tulsa Golden Hurricane,North Texas Mean Green,alternate_total_points,over,81.0,750,fanatics,0.07157061189568333,-0.046076446927846085,"10 market(s) allowlisted for NCAAF: moneyline, spread, total_points, alternate_spread, alternate_total_points, team_total, alternate_team_total, moneyline_h1, spread_h1, total_points_h1."
2026-10-01,401862786,False,2026-10-02T01:00:00Z,Tulsa Golden Hurricane,North Texas Mean Green,alternate_total_points,over,84.0,950,fanatics,0.05026319691142213,-0.044974898326673104,"10 market(s) allowlisted for NCAAF: moneyline, spread, total_points, alternate_spread, alternate_total_points, team_total, alternate_team_total, moneyline_h1, spread_h1, total_points_h1."
2026-10-01,401862786,False,2026-10-02T01:00:00Z,Tulsa Golden Hurricane,North Texas Mean Green,alternate_total_points,over,83.0,900,fanatics,0.0573043859196281,-0.0426956140803719,"10 market(s) allowlisted for NCAAF: moneyline, spread, total_points, alternate_spread, alternate_total_points, team_total, alternate_team_total, moneyline_h1, spread_h1, total_points_h1."
2026-10-01,401862786,False,2026-10-02T01:00:00Z,Tulsa Golden Hurricane,North Texas Mean Green,alternate_total_points,over,49.5,-235,fanatics,0.6600651514186162,-0.04142738589481665,"10 market(s) allowlisted for NCAAF: moneyline, spread, total_points, alternate_spread, alternate_total_points, team_total, alternate_team_total, moneyline_h1, spread_h1, total_points_h1."
2026-10-01,401862786,False,2026-10-02T01:00:00Z,Tulsa Golden Hurricane,North Texas Mean Green,alternate_total_points,over,86.0,1200,fanatics,0.039733682964608046,-0.03718939395846888,"10 market(s) allowlisted for NCAAF: moneyline, spread, total_points, alternate_spread, alternate_total_points, team_total, alternate_team_total, moneyline_h1, spread_h1, total_points_h1."
2026-10-01,401862786,False,2026-10-02T01:00:00Z,Tulsa Golden Hurricane,North Texas Mean Green,alternate_total_points,over,61.0,135,fanatics,0.3849441343811062,-0.04058778051251083,"10 market(s) allowlisted for NCAAF: moneyline, spread, total_points, alternate_spread, alternate_total_points, team_total, alternate_team_total, moneyline_h1, spread_h1, total_points_h1."
2026-10-01,401862786,False,2026-10-02T01:00:00Z,Tulsa Golden Hurricane,North Texas Mean Green,alternate_total_points,over,64.5,180,fanatics,0.29821924559562785,-0.058923611547229304,"10 market(s) allowlisted for NCAAF: moneyline, spread, total_points, alternate_spread, alternate_total_points, team_total, alternate_team_total, moneyline_h1, spread_h1, total_points_h1."
2026-10-01,401862786,False,2026-10-02T01:00:00Z,Tulsa Golden Hurricane,North Texas Mean Green,alternate_total_points,over,64.0,175,fanatics,0.3026387451386346,-0.060997618497729056,"10 market(s) allowlisted for NCAAF: moneyline, spread, total_points, alternate_spread, alternate_total_points, team_total, alternate_team_total, moneyline_h1, spread_h1, total_points_h1."
2026-10-01,401862786,False,2026-10-02T01:00:00Z,Tulsa Golden Hurricane,North Texas Mean Green,alternate_total_points,over,67.0,235,fanatics,0.23933109589386628,-0.05917636679270086,"10 market(s) allowlisted for NCAAF: moneyline, spread, total_points, alternate_spread, alternate_total_points, team_total, alternate_team_total, moneyline_h1, spread_h1, total_points_h1."
2026-10-01,401862786,False,2026-10-02T01:00:00Z,Tulsa Golden Hurricane,North Texas Mean Green,alternate_total_points,over,37.5,-950,fanatics,0.8924616176103025,-0.012300287151602252,"10 market(s) allowlisted for NCAAF: moneyline, spread, total_points, alternate_spread, alternate_total_points, team_total, alternate_team_total, moneyline_h1, spread_h1, total_points_h1."
2026-10-01,401862786,False,2026-10-02T01:00:00Z,Tulsa Golden Hurricane,North Texas Mean Green,alternate_total_points,over,52.5,-160,fanatics,0.599540981335279,-0.01584363404933642,"10 market(s) allowlisted for NCAAF: moneyline, spread, total_points, alternate_spread, alternate_total_points, team_total, alternate_team_total, moneyline_h1, spread_h1, total_points_h1."
2026-10-01,401862786,False,2026-10-02T01:00:00Z,Tulsa Golden Hurricane,North Texas Mean Green,alternate_total_points,over,65.5,210,fanatics,0.2727900038235004,-0.04979064133778993,"10 market(s) allowlisted for NCAAF: moneyline, spread, total_points, alternate_spread, alternate_total_points, team_total, alternate_team_total, moneyline_h1, spread_h1, total_points_h1."
2026-10-01,401862786,False,2026-10-02T01:00:00Z,Tulsa Golden Hurricane,North Texas Mean Green,alternate_total_points,over,40.5,-700,fanatics,0.8472675827599624,-0.02773241724003761,"10 market(s) allowlisted for NCAAF: moneyline, spread, total_points, alternate_spread, alternate_total_points, team_total, alternate_team_total, moneyline_h1, spread_h1, total_points_h1."
2026-10-01,401862786,False,2026-10-02T01:00:00Z,Tulsa Golden Hurricane,North Texas Mean Green,alternate_total_points,over,75.5,450,fanatics,0.1309361804710215,-0.05088200134716031,"10 market(s) allowlisted for NCAAF: moneyline, spread, total_points, alternate_spread, alternate_total_points, team_total, alternate_team_total, moneyline_h1, spread_h1, total_points_h1."
2026-10-01,401862786,False,2026-10-02T01:00:00Z,Tulsa Golden Hurricane,North Texas Mean Green,alternate_total_points,over,80.5,700,fanatics,0.0767122842771765,-0.048287715722823504,"10 market(s) allowlisted for NCAAF: moneyline, spread, total_points, alternate_spread, alternate_total_points, team_total, alternate_team_total, moneyline_h1, spread_h1, total_points_h1."
2026-10-01,401862786,False,2026-10-02T01:00:00Z,Tulsa Golden Hurricane,North Texas Mean Green,alternate_total_points,over,48.5,-265,fanatics,0.6793108441536524,-0.046716553106621594,"10 market(s) allowlisted for NCAAF: moneyline, spread, total_points, alternate_spread, alternate_total_points, team_total, alternate_team_total, moneyline_h1, spread_h1, total_points_h1."
2026-10-01,401862786,False,2026-10-02T01:00:00Z,Tulsa Golden Hurricane,North Texas Mean Green,alternate_total_points,over,63.5,170,fanatics,0.3128224635047631,-0.057547906865607235,"10 market(s) allowlisted for NCAAF: moneyline, spread, total_points, alternate_spread, alternate_total_points, team_total, alternate_team_total, moneyline_h1, spread_h1, total_points_h1."
2026-10-01,401862786,False,2026-10-02T01:00:00Z,Tulsa Golden Hurricane,North Texas Mean Green,alternate_total_points,over,70.0,310,fanatics,0.20128845217221614,-0.0426139868521741,"10 market(s) allowlisted for NCAAF: moneyline, spread, total_points, alternate_spread, alternate_total_points, team_total, alternate_team_total, moneyline_h1, spread_h1, total_points_h1."
2026-10-01,401862786,False,2026-10-02T01:00:00Z,Tulsa Golden Hurricane,North Texas Mean Green,alternate_total_points,over,36.5,-1400,fanatics,0.9091072543527419,-0.02422607898059148,"10 market(s) allowlisted for NCAAF: moneyline, spread, total_points, alternate_spread, alternate_total_points, team_total, alternate_team_total, moneyline_h1, spread_h1, total_points_h1."
2026-10-01,401862786,False,2026-10-02T01:00:00Z,Tulsa Golden Hurricane,North Texas Mean Green,alternate_total_points,over,85.5,1050,fanatics,0.04317449384950361,-0.043782027889626825,"10 market(s) allowlisted for NCAAF: moneyline, spread, total_points, alternate_spread, alternate_total_points, team_total, alternate_team_total, moneyline_h1, spread_h1, total_points_h1."
2026-10-01,401862786,False,2026-10-02T01:00:00Z,Tulsa Golden Hurricane,North Texas Mean Green,alternate_total_points,over,51.5,-180,fanatics,0.6183308288076481,-0.02452631404949479,"10 market(s) allowlisted for NCAAF: moneyline, spread, total_points, alternate_spread, alternate_total_points, team_total, alternate_team_total, moneyline_h1, spread_h1, total_points_h1."
2026-10-01,401862786,False,2026-10-02T01:00:00Z,Tulsa Golden Hurricane,North Texas Mean Green,alternate_total_points,over,58.5,110,fanatics,0.45453868620675336,-0.021651789983722802,"10 market(s) allowlisted for NCAAF: moneyline, spread, total_points, alternate_spread, alternate_total_points, team_total, alternate_team_total, moneyline_h1, spread_h1, total_points_h1."
2026-10-01,401862786,False,2026-10-02T01:00:00Z,Tulsa Golden Hurricane,North Texas Mean Green,alternate_total_points,over,73.0,390,fanatics,0.15254765930445746,-0.05153397334860377,"10 market(s) allowlisted for NCAAF: moneyline, spread, total_points, alternate_spread, alternate_total_points, team_total, alternate_team_total, moneyline_h1, spread_h1, total_points_h1."
2026-10-01,401862786,False,2026-10-02T01:00:00Z,Tulsa Golden Hurricane,North Texas Mean Green,alternate_total_points,over,73.5,390,fanatics,0.14983023799412334,-0.054251394658937885,"10 market(s) allowlisted for NCAAF: moneyline, spread, total_points, alternate_spread, alternate_total_points, team_total, alternate_team_total, moneyline_h1, spread_h1, total_points_h1."
2026-10-01,401862786,False,2026-10-02T01:00:00Z,Tulsa Golden Hurricane,North Texas Mean Green,alternate_total_points,over,76.0,500,fanatics,0.12052052944738496,-0.046146137219281694,"10 market(s) allowlisted for NCAAF: moneyline, spread, total_points, alternate_spread, alternate_total_points, team_total, alternate_team_total, moneyline_h1, spread_h1, total_points_h1."
2026-10-01,401862786,False,2026-10-02T01:00:00Z,Tulsa Golden Hurricane,North Texas Mean Green,alternate_total_points,over,46.5,-330,fanatics,0.7228456558704369,-0.04459620459467939,"10 market(s) allowlisted for NCAAF: moneyline, spread, total_points, alternate_spread, alternate_total_points, team_total, alternate_team_total, moneyline_h1, spread_h1, total_points_h1."
2026-10-01,401862786,False,2026-10-02T01:00:00Z,Tulsa Golden Hurricane,North Texas Mean Green,alternate_total_points,over,61.5,140,fanatics,0.3727162461057006,-0.0439504205609661,"10 market(s) allowlisted for NCAAF: moneyline, spread, total_points, alternate_spread, alternate_total_points, team_total, alternate_team_total, moneyline_h1, spread_h1, total_points_h1."
2026-10-01,401862786,False,2026-10-02T01:00:00Z,Tulsa Golden Hurricane,North Texas Mean Green,alternate_total_points,over,79.0,650,fanatics,0.08864483375261756,-0.044688499580715774,"10 market(s) allowlisted for NCAAF: moneyline, spread, total_points, alternate_spread, alternate_total_points, team_total, alternate_team_total, moneyline_h1, spread_h1, total_points_h1."
2026-10-01,401862786,False,2026-10-02T01:00:00Z,Tulsa Golden Hurricane,North Texas Mean Green,alternate_total_points,over,69.5,280,fanatics,0.21266442418259685,-0.050493470554245246,"10 market(s) allowlisted for NCAAF: moneyline, spread, total_points, alternate_spread, alternate_total_points, team_total, alternate_team_total, moneyline_h1, spread_h1, total_points_h1."
2026-10-01,401862786,False,2026-10-02T01:00:00Z,Tulsa Golden Hurricane,North Texas Mean Green,alternate_total_points,over,34.5,-1800,fanatics,0.9257277132807775,-0.021640707771854006,"10 market(s) allowlisted for NCAAF: moneyline, spread, total_points, alternate_spread, alternate_total_points, team_total, alternate_team_total, moneyline_h1, spread_h1, total_points_h1."
2026-10-01,401862786,False,2026-10-02T01:00:00Z,Tulsa Golden Hurricane,North Texas Mean Green,alternate_total_points,over,84.5,950,fanatics,0.04992002857235084,-0.045318066665744394,"10 market(s) allowlisted for NCAAF: moneyline, spread, total_points, alternate_spread, alternate_total_points, team_total, alternate_team_total, moneyline_h1, spread_h1, total_points_h1."
2026-10-01,401862786,False,2026-10-02T01:00:00Z,Tulsa Golden Hurricane,North Texas Mean Green,alternate_total_points,over,57.5,100,fanatics,0.4817113927903454,-0.018288607209654584,"10 market(s) allowlisted for NCAAF: moneyline, spread, total_points, alternate_spread, alternate_total_points, team_total, alternate_team_total, moneyline_h1, spread_h1, total_points_h1."
2026-10-01,401862786,False,2026-10-02T01:00:00Z,Tulsa Golden Hurricane,North Texas Mean Green,alternate_total_points,over,38.5,-900,fanatics,0.8758745485703701,-0.024125451429629963,"10 market(s) allowlisted for NCAAF: moneyline, spread, total_points, alternate_spread, alternate_total_points, team_total, alternate_team_total, moneyline_h1, spread_h1, total_points_h1."
2026-10-01,401862786,False,2026-10-02T01:00:00Z,Tulsa Golden Hurricane,North Texas Mean Green,alternate_total_points,over,82.0,750,fanatics,0.06678065689083935,-0.050866401932690056,"10 market(s) allowlisted for NCAAF: moneyline, spread, total_points, alternate_spread, alternate_total_points, team_total, alternate_team_total, moneyline_h1, spread_h1, total_points_h1."
2026-10-01,401862786,False,2026-10-02T01:00:00Z,Tulsa Golden Hurricane,North Texas Mean Green,alternate_total_points,over,72.5,360,fanatics,0.16764382702409747,-0.04974747732372861,"10 market(s) allowlisted for NCAAF: moneyline, spread, total_points, alternate_spread, alternate_total_points, team_total, alternate_team_total, moneyline_h1, spread_h1, total_points_h1."
2026-10-01,401862786,False,2026-10-02T01:00:00Z,Tulsa Golden Hurricane,North Texas Mean Green,alternate_total_points,over,85.0,1050,fanatics,0.043467706774876075,-0.04348881496425436,"10 market(s) allowlisted for NCAAF: moneyline, spread, total_points, alternate_spread, alternate_total_points, team_total, alternate_team_total, moneyline_h1, spread_h1, total_points_h1."
2026-10-01,401862786,False,2026-10-02T01:00:00Z,Tulsa Golden Hurricane,North Texas Mean Green,alternate_total_points,over,45.5,-350,fanatics,0.7430502137221809,-0.03472756405559685,"10 market(s) allowlisted for NCAAF: moneyline, spread, total_points, alternate_spread, alternate_total_points, team_total, alternate_team_total, moneyline_h1, spread_h1, total_points_h1."
2026-10-01,401862786,False,2026-10-02T01:00:00Z,Tulsa Golden Hurricane,North Texas Mean Green,alternate_total_points,over,79.5,650,fanatics,0.0874642213321207,-0.04586911200121263,"10 market(s) allowlisted for NCAAF: moneyline, spread, total_points, alternate_spread, alternate_total_points, team_total, alternate_team_total, moneyline_h1, spread_h1, total_points_h1."
2026-10-01,401862786,False,2026-10-02T01:00:00Z,Tulsa Golden Hurricane,North Texas Mean Green,alternate_total_points,over,60.5,130,fanatics,0.40448160420127205,-0.030301004494380113,"10 market(s) allowlisted for NCAAF: moneyline, spread, total_points, alternate_spread, alternate_total_points, team_total, alternate_team_total, moneyline_h1, spread_h1, total_points_h1."
2026-10-01,401862786,False,2026-10-02T01:00:00Z,Tulsa Golden Hurricane,North Texas Mean Green,alternate_total_points,over,53.5,-155,fanatics,0.5870182869037548,-0.020824850351147117,"10 market(s) allowlisted for NCAAF: moneyline, spread, total_points, alternate_spread, alternate_total_points, team_total, alternate_team_total, moneyline_h1, spread_h1, total_points_h1."
2026-10-01,401862786,False,2026-10-02T01:00:00Z,Tulsa Golden Hurricane,North Texas Mean Green,alternate_total_points,over,33.5,-2200,fanatics,0.9377592915532298,-0.01876244757720502,"10 market(s) allowlisted for NCAAF: moneyline, spread, total_points, alternate_spread, alternate_total_points, team_total, alternate_team_total, moneyline_h1, spread_h1, total_points_h1."
2026-10-01,401862786,False,2026-10-02T01:00:00Z,Tulsa Golden Hurricane,North Texas Mean Green,alternate_total_points,over,67.5,240,fanatics,0.23631136871976835,-0.05780627833905519,"10 market(s) allowlisted for NCAAF: moneyline, spread, total_points, alternate_spread, alternate_total_points, team_total, alternate_team_total, moneyline_h1, spread_h1, total_points_h1."
2026-10-01,401862786,False,2026-10-02T01:00:00Z,Tulsa Golden Hurricane,North Texas Mean Green,alternate_total_points,over,82.5,750,fanatics,0.06646625370539422,-0.05118080511813519,"10 market(s) allowlisted for NCAAF: moneyline, spread, total_points, alternate_spread, alternate_total_points, team_total, alternate_team_total, moneyline_h1, spread_h1, total_points_h1."
2026-10-01,401862786,False,2026-10-02T01:00:00Z,Tulsa Golden Hurricane,North Texas Mean Green,alternate_total_points,over,33.0,-2800,fanatics,0.9479718187864173,-0.017545422592893045,"10 market(s) allowlisted for NCAAF: moneyline, spread, total_points, alternate_spread, alternate_total_points, team_total, alternate_team_total, moneyline_h1, spread_h1, total_points_h1."
2026-10-01,401862786,False,2026-10-02T01:00:00Z,Tulsa Golden Hurricane,North Texas Mean Green,alternate_total_points,over,36.0,-1500,fanatics,0.9152813236657428,-0.022218676334257226,"10 market(s) allowlisted for NCAAF: moneyline, spread, total_points, alternate_spread, alternate_total_points, team_total, alternate_team_total, moneyline_h1, spread_h1, total_points_h1."
2026-10-01,401862786,False,2026-10-02T01:00:00Z,Tulsa Golden Hurricane,North Texas Mean Green,alternate_total_points,over,39.0,-850,fanatics,0.8749480998320132,-0.019788742273250004,"10 market(s) allowlisted for NCAAF: moneyline, spread, total_points, alternate_spread, alternate_total_points, team_total, alternate_team_total, moneyline_h1, spread_h1, total_points_h1."
2026-10-01,401862786,False,2026-10-02T01:00:00Z,Tulsa Golden Hurricane,North Texas Mean Green,alternate_total_points,over,41.5,-575,fanatics,0.8282084398164833,-0.02364341203536857,"10 market(s) allowlisted for NCAAF: moneyline, spread, total_points, alternate_spread, alternate_total_points, team_total, alternate_team_total, moneyline_h1, spread_h1, total_points_h1."
2026-10-01,401862786,False,2026-10-02T01:00:00Z,Tulsa Golden Hurricane,North Texas Mean Green,alternate_total_points,over,55.5,-120,fanatics,0.5222922337283343,-0.023162311726211082,"10 market(s) allowlisted for NCAAF: moneyline, spread, total_points, alternate_spread, alternate_total_points, team_total, alternate_team_total, moneyline_h1, spread_h1, total_points_h1."
2026-10-01,401862786,False,2026-10-02T01:00:00Z,Tulsa Golden Hurricane,North Texas Mean Green,alternate_total_points,over,70.5,310,fanatics,0.19842152004365035,-0.04548091898073989,"10 market(s) allowlisted for NCAAF: moneyline, spread, total_points, alternate_spread, alternate_total_points, team_total, alternate_team_total, moneyline_h1, spread_h1, total_points_h1."
2026-10-01,401862786,False,2026-10-02T01:00:00Z,Tulsa Golden Hurricane,North Texas Mean Green,alternate_total_points,over,35.0,-1800,fanatics,0.9249869658576677,-0.022381455194963817,"10 market(s) allowlisted for NCAAF: moneyline, spread, total_points, alternate_spread, alternate_total_points, team_total, alternate_team_total, moneyline_h1, spread_h1, total_points_h1."
2026-10-01,401862786,False,2026-10-02T01:00:00Z,Tulsa Golden Hurricane,North Texas Mean Green,alternate_total_points,over,38.0,-950,fanatics,0.8906477848682424,-0.014114119893662402,"10 market(s) allowlisted for NCAAF: moneyline, spread, total_points, alternate_spread, alternate_total_points, team_total, alternate_team_total, moneyline_h1, spread_h1, total_points_h1."
2026-10-01,401862786,False,2026-10-02T01:00:00Z,Tulsa Golden Hurricane,North Texas Mean Green,alternate_total_points,over,78.5,600,fanatics,0.10078267848881878,-0.04207446436832407,"10 market(s) allowlisted for NCAAF: moneyline, spread, total_points, alternate_spread, alternate_total_points, team_total, alternate_team_total, moneyline_h1, spread_h1, total_points_h1."
2026-10-01,401862786,False,2026-10-02T01:00:00Z,Tulsa Golden Hurricane,North Texas Mean Green,alternate_total_points,over,41.0,-700,fanatics,0.8443000756453991,-0.030699924354600894,"10 market(s) allowlisted for NCAAF: moneyline, spread, total_points, alternate_spread, alternate_total_points, team_total, alternate_team_total, moneyline_h1, spread_h1, total_points_h1."
2026-10-01,401862786,False,2026-10-02T01:00:00Z,Tulsa Golden Hurricane,North Texas Mean Green,alternate_total_points,over,86.5,1200,fanatics,0.03959130986829483,-0.0373317670547821,"10 market(s) allowlisted for NCAAF: moneyline, spread, total_points, alternate_spread, alternate_total_points, team_total, alternate_team_total, moneyline_h1, spread_h1, total_points_h1."
2026-10-01,401862786,False,2026-10-02T01:00:00Z,Tulsa Golden Hurricane,North Texas Mean Green,alternate_total_points,over,59.5,120,fanatics,0.4208863031732046,-0.03365915137224995,"10 market(s) allowlisted for NCAAF: moneyline, spread, total_points, alternate_spread, alternate_total_points, team_total, alternate_team_total, moneyline_h1, spread_h1, total_points_h1."
2026-10-01,401862786,False,2026-10-02T01:00:00Z,Tulsa Golden Hurricane,North Texas Mean Green,alternate_total_points,over,74.5,410,fanatics,0.14080364650747113,-0.05527478486507789,"10 market(s) allowlisted for NCAAF: moneyline, spread, total_points, alternate_spread, alternate_total_points, team_total, alternate_team_total, moneyline_h1, spread_h1, total_points_h1."
2026-10-01,401862786,False,2026-10-02T01:00:00Z,Tulsa Golden Hurricane,North Texas Mean Green,alternate_total_points,over,47.5,-300,fanatics,0.704116377714317,-0.04588362228568299,"10 market(s) allowlisted for NCAAF: moneyline, spread, total_points, alternate_spread, alternate_total_points, team_total, alternate_team_total, moneyline_h1, spread_h1, total_points_h1."
2026-10-01,401862786,False,2026-10-02T01:00:00Z,Tulsa Golden Hurricane,North Texas Mean Green,alternate_total_points,over,62.5,155,fanatics,0.3391966128826643,-0.05296024986243375,"10 market(s) allowlisted for NCAAF: moneyline, spread, total_points, alternate_spread, alternate_total_points, team_total, alternate_team_total, moneyline_h1, spread_h1, total_points_h1."
2026-10-01,401862786,False,2026-10-02T01:00:00Z,Tulsa Golden Hurricane,North Texas Mean Green,alternate_total_points,over,35.5,-1500,fanatics,0.915852797120154,-0.021647202879846006,"10 market(s) allowlisted for NCAAF: moneyline, spread, total_points, alternate_spread, alternate_total_points, team_total, alternate_team_total, moneyline_h1, spread_h1, total_points_h1."
2026-10-01,401862786,False,2026-10-02T01:00:00Z,Tulsa Golden Hurricane,North Texas Mean Green,alternate_total_points,over,50.5,-210,fanatics,0.6430789123925935,-0.034340442446116115,"10 market(s) allowlisted for NCAAF: moneyline, spread, total_points, alternate_spread, alternate_total_points, team_total, alternate_team_total, moneyline_h1, spread_h1, total_points_h1."
2026-10-01,401862786,False,2026-10-02T01:00:00Z,Tulsa Golden Hurricane,North Texas Mean Green,alternate_total_points,over,68.5,250,fanatics,0.2250673165945293,-0.060646969119756394,"10 market(s) allowlisted for NCAAF: moneyline, spread, total_points, alternate_spread, alternate_total_points, team_total, alternate_team_total, moneyline_h1, spread_h1, total_points_h1."
2026-10-01,401862786,False,2026-10-02T01:00:00Z,Tulsa Golden Hurricane,North Texas Mean Green,alternate_total_points,over,83.5,900,fanatics,0.056747456196503926,-0.04325254380349608,"10 market(s) allowlisted for NCAAF: moneyline, spread, total_points, alternate_spread, alternate_total_points, team_total, alternate_team_total, moneyline_h1, spread_h1, total_points_h1."
2026-10-01,401862786,False,2026-10-02T01:00:00Z,Tulsa Golden Hurricane,North Texas Mean Green,alternate_total_points,over,56.5,-110,fanatics,0.5000000162113298,-0.023809507598194002,"10 market(s) allowlisted for NCAAF: moneyline, spread, total_points, alternate_spread, alternate_total_points, team_total, alternate_team_total, moneyline_h1, spread_h1, total_points_h1."
2026-10-01,401862786,False,2026-10-02T01:00:00Z,Tulsa Golden Hurricane,North Texas Mean Green,alternate_total_points,over,71.5,330,fanatics,0.18448071475176253,-0.048077424783121187,"10 market(s) allowlisted for NCAAF: moneyline, spread, total_points, alternate_spread, alternate_total_points, team_total, alternate_team_total, moneyline_h1, spread_h1, total_points_h1."
2026-10-01,401862786,False,2026-10-02T01:00:00Z,Tulsa Golden Hurricane,North Texas Mean Green,alternate_total_points,over,44.5,-400,fanatics,0.7683741882636674,-0.03162581173633261,"10 market(s) allowlisted for NCAAF: moneyline, spread, total_points, alternate_spread, alternate_total_points, team_total, alternate_team_total, moneyline_h1, spread_h1, total_points_h1."
2026-10-01,401862786,False,2026-10-02T01:00:00Z,Tulsa Golden Hurricane,North Texas Mean Green,alternate_total_points,over,34.0,-2200,fanatics,0.9370013179794383,-0.019520421150996503,"10 market(s) allowlisted for NCAAF: moneyline, spread, total_points, alternate_spread, alternate_total_points, team_total, alternate_team_total, moneyline_h1, spread_h1, total_points_h1."
2026-10-01,401862786,False,2026-10-02T01:00:00Z,Tulsa Golden Hurricane,North Texas Mean Green,alternate_total_points,over,37.0,-1400,fanatics,0.907568676111674,-0.025764657221659326,"10 market(s) allowlisted for NCAAF: moneyline, spread, total_points, alternate_spread, alternate_total_points, team_total, alternate_team_total, moneyline_h1, spread_h1, total_points_h1."
2026-10-01,401862786,False,2026-10-02T01:00:00Z,Tulsa Golden Hurricane,North Texas Mean Green,alternate_total_points,over,32.5,-2800,fanatics,0.9485323198551276,-0.01698492152418274,"10 market(s) allowlisted for NCAAF: moneyline, spread, total_points, alternate_spread, alternate_total_points, team_total, alternate_team_total, moneyline_h1, spread_h1, total_points_h1."
2026-10-01,401862786,False,2026-10-02T01:00:00Z,Tulsa Golden Hurricane,North Texas Mean Green,alternate_total_points,over,40.0,-800,fanatics,0.8656173301209852,-0.023271558767903655,"10 market(s) allowlisted for NCAAF: moneyline, spread, total_points, alternate_spread, alternate_total_points, team_total, alternate_team_total, moneyline_h1, spread_h1, total_points_h1."
2026-10-01,401862786,False,2026-10-02T01:00:00Z,Tulsa Golden Hurricane,North Texas Mean Green,alternate_total_points,under,42.0,375,fanatics,0.17419635420104315,-0.03632996158843052,"10 market(s) allowlisted for NCAAF: moneyline, spread, total_points, alternate_spread, alternate_total_points, team_total, alternate_team_total, moneyline_h1, spread_h1, total_points_h1."
2026-10-01,401862786,False,2026-10-02T01:00:00Z,Tulsa Golden Hurricane,North Texas Mean Green,alternate_total_points,under,44.0,320,fanatics,0.21318244406199965,-0.024912794033238428,"10 market(s) allowlisted for NCAAF: moneyline, spread, total_points, alternate_spread, alternate_total_points, team_total, alternate_team_total, moneyline_h1, spread_h1, total_points_h1."
2026-10-01,401862786,False,2026-10-02T01:00:00Z,Tulsa Golden Hurricane,North Texas Mean Green,alternate_total_points,under,45.0,280,fanatics,0.23764389980493256,-0.025513994931909534,"10 market(s) allowlisted for NCAAF: moneyline, spread, total_points, alternate_spread, alternate_total_points, team_total, alternate_team_total, moneyline_h1, spread_h1, total_points_h1."
2026-10-01,401862786,False,2026-10-02T01:00:00Z,Tulsa Golden Hurricane,North Texas Mean Green,alternate_total_points,under,47.0,235,fanatics,0.28244432240755113,-0.01606314027901601,"10 market(s) allowlisted for NCAAF: moneyline, spread, total_points, alternate_spread, alternate_total_points, team_total, alternate_team_total, moneyline_h1, spread_h1, total_points_h1."
2026-10-01,401862786,False,2026-10-02T01:00:00Z,Tulsa Golden Hurricane,North Texas Mean Green,alternate_total_points,under,48.0,215,fanatics,0.30340986589682367,-0.014050451563493771,"10 market(s) allowlisted for NCAAF: moneyline, spread, total_points, alternate_spread, alternate_total_points, team_total, alternate_team_total, moneyline_h1, spread_h1, total_points_h1."
2026-10-01,401862786,False,2026-10-02T01:00:00Z,Tulsa Golden Hurricane,North Texas Mean Green,alternate_total_points,under,66.5,-300,fanatics,0.7510712688651235,0.0010712688651235425,"10 market(s) allowlisted for NCAAF: moneyline, spread, total_points, alternate_spread, alternate_total_points, team_total, alternate_team_total, moneyline_h1, spread_h1, total_points_h1."
2026-10-01,401862786,False,2026-10-02T01:00:00Z,Tulsa Golden Hurricane,North Texas Mean Green,alternate_total_points,under,43.5,320,fanatics,0.20818534890585363,-0.029909889189384448,"10 market(s) allowlisted for NCAAF: moneyline, spread, total_points, alternate_spread, alternate_total_points, team_total, alternate_team_total, moneyline_h1, spread_h1, total_points_h1."
2026-10-01,401862786,False,2026-10-02T01:00:00Z,Tulsa Golden Hurricane,North Texas Mean Green,alternate_total_points,under,81.5,-1500,fanatics,0.9288257484987913,-0.008674251501208707,"10 market(s) allowlisted for NCAAF: moneyline, spread, total_points, alternate_spread, alternate_total_points, team_total, alternate_team_total, moneyline_h1, spread_h1, total_points_h1."
2026-10-01,401862786,False,2026-10-02T01:00:00Z,Tulsa Golden Hurricane,North Texas Mean Green,alternate_total_points,under,43.0,350,fanatics,0.18988591507542568,-0.03233630714679653,"10 market(s) allowlisted for NCAAF: moneyline, spread, total_points, alternate_spread, alternate_total_points, team_total, alternate_team_total, moneyline_h1, spread_h1, total_points_h1."
2026-10-01,401862786,False,2026-10-02T01:00:00Z,Tulsa Golden Hurricane,North Texas Mean Green,alternate_total_points,under,50.0,175,fanatics,0.3458088401983041,-0.017827523438059545,"10 market(s) allowlisted for NCAAF: moneyline, spread, total_points, alternate_spread, alternate_total_points, team_total, alternate_team_total, moneyline_h1, spread_h1, total_points_h1."
2026-10-01,401862786,False,2026-10-02T01:00:00Z,Tulsa Golden Hurricane,North Texas Mean Green,alternate_total_points,under,51.0,155,fanatics,0.3659783504137261,-0.026178512331371917,"10 market(s) allowlisted for NCAAF: moneyline, spread, total_points, alternate_spread, alternate_total_points, team_total, alternate_team_total, moneyline_h1, spread_h1, total_points_h1."
2026-10-01,401862786,False,2026-10-02T01:00:00Z,Tulsa Golden Hurricane,North Texas Mean Green,alternate_total_points,under,53.0,130,fanatics,0.40553744010773285,-0.029245168587919312,"10 market(s) allowlisted for NCAAF: moneyline, spread, total_points, alternate_spread, alternate_total_points, team_total, alternate_team_total, moneyline_h1, spread_h1, total_points_h1."
2026-10-01,401862786,False,2026-10-02T01:00:00Z,Tulsa Golden Hurricane,North Texas Mean Green,alternate_total_points,under,46.0,250,fanatics,0.2622483992316219,-0.02346588648266379,"10 market(s) allowlisted for NCAAF: moneyline, spread, total_points, alternate_spread, alternate_total_points, team_total, alternate_team_total, moneyline_h1, spread_h1, total_points_h1."
2026-10-01,401862786,False,2026-10-02T01:00:00Z,Tulsa Golden Hurricane,North Texas Mean Green,alternate_total_points,under,54.0,120,fanatics,0.4239888481343946,-0.03055660641105995,"10 market(s) allowlisted for NCAAF: moneyline, spread, total_points, alternate_spread, alternate_total_points, team_total, alternate_team_total, moneyline_h1, spread_h1, total_points_h1."
2026-10-01,401862786,False,2026-10-02T01:00:00Z,Tulsa Golden Hurricane,North Texas Mean Green,alternate_total_points,under,56.0,-105,fanatics,0.4885997379078589,-0.023595384043360645,"10 market(s) allowlisted for NCAAF: moneyline, spread, total_points, alternate_spread, alternate_total_points, team_total, alternate_team_total, moneyline_h1, spread_h1, total_points_h1."
2026-10-01,401862786,False,2026-10-02T01:00:00Z,Tulsa Golden Hurricane,North Texas Mean Green,alternate_total_points,under,57.0,-115,fanatics,0.5093146475810716,-0.02556907334916092,"10 market(s) allowlisted for NCAAF: moneyline, spread, total_points, alternate_spread, alternate_total_points, team_total, alternate_team_total, moneyline_h1, spread_h1, total_points_h1."
2026-10-01,401862786,False,2026-10-02T01:00:00Z,Tulsa Golden Hurricane,North Texas Mean Green,alternate_total_points,under,59.0,-140,fanatics,0.5644566243207111,-0.018876709012622284,"10 market(s) allowlisted for NCAAF: moneyline, spread, total_points, alternate_spread, alternate_total_points, team_total, alternate_team_total, moneyline_h1, spread_h1, total_points_h1."
2026-10-01,401862786,False,2026-10-02T01:00:00Z,Tulsa Golden Hurricane,North Texas Mean Green,alternate_total_points,under,49.0,190,fanatics,0.32698215391034674,-0.017845432296549835,"10 market(s) allowlisted for NCAAF: moneyline, spread, total_points, alternate_spread, alternate_total_points, team_total, alternate_team_total, moneyline_h1, spread_h1, total_points_h1."
2026-10-01,401862786,False,2026-10-02T01:00:00Z,Tulsa Golden Hurricane,North Texas Mean Green,alternate_total_points,under,54.5,115,fanatics,0.4389426200554308,-0.02617365901433666,"10 market(s) allowlisted for NCAAF: moneyline, spread, total_points, alternate_spread, alternate_total_points, team_total, alternate_team_total, moneyline_h1, spread_h1, total_points_h1."
2026-10-01,401862786,False,2026-10-02T01:00:00Z,Tulsa Golden Hurricane,North Texas Mean Green,alternate_total_points,under,39.5,475,fanatics,0.13153396531156508,-0.04237907816669578,"10 market(s) allowlisted for NCAAF: moneyline, spread, total_points, alternate_spread, alternate_total_points, team_total, alternate_team_total, moneyline_h1, spread_h1, total_points_h1."
2026-10-01,401862786,False,2026-10-02T01:00:00Z,Tulsa Golden Hurricane,North Texas Mean Green,alternate_total_points,under,60.0,-155,fanatics,0.5887723296578355,-0.019070807597066364,"10 market(s) allowlisted for NCAAF: moneyline, spread, total_points, alternate_spread, alternate_total_points, team_total, alternate_team_total, moneyline_h1, spread_h1, total_points_h1."
2026-10-01,401862786,False,2026-10-02T01:00:00Z,Tulsa Golden Hurricane,North Texas Mean Green,alternate_total_points,under,62.0,-190,fanatics,0.6490393136346646,-0.00613310015843882,"10 market(s) allowlisted for NCAAF: moneyline, spread, total_points, alternate_spread, alternate_total_points, team_total, alternate_team_total, moneyline_h1, spread_h1, total_points_h1."
2026-10-01,401862786,False,2026-10-02T01:00:00Z,Tulsa Golden Hurricane,North Texas Mean Green,alternate_total_points,under,63.0,-210,fanatics,0.6787036177142534,0.001284262875543729,"10 market(s) allowlisted for NCAAF: moneyline, spread, total_points, alternate_spread, alternate_total_points, team_total, alternate_team_total, moneyline_h1, spread_h1, total_points_h1."
2026-10-01,401862786,False,2026-10-02T01:00:00Z,Tulsa Golden Hurricane,North Texas Mean Green,alternate_total_points,under,65.0,-265,fanatics,0.7200921518315072,-0.005935245428766778,"10 market(s) allowlisted for NCAAF: moneyline, spread, total_points, alternate_spread, alternate_total_points, team_total, alternate_team_total, moneyline_h1, spread_h1, total_points_h1."
2026-10-01,401862786,False,2026-10-02T01:00:00Z,Tulsa Golden Hurricane,North Texas Mean Green,alternate_total_points,under,68.0,-350,fanatics,0.7723732362082975,-0.005404541569480337,"10 market(s) allowlisted for NCAAF: moneyline, spread, total_points, alternate_spread, alternate_total_points, team_total, alternate_team_total, moneyline_h1, spread_h1, total_points_h1."
2026-10-01,401862786,False,2026-10-02T01:00:00Z,Tulsa Golden Hurricane,North Texas Mean Green,alternate_total_points,under,66.0,-300,fanatics,0.7449863178561593,-0.005013682143840681,"10 market(s) allowlisted for NCAAF: moneyline, spread, total_points, alternate_spread, alternate_total_points, team_total, alternate_team_total, moneyline_h1, spread_h1, total_points_h1."
2026-10-01,401862786,False,2026-10-02T01:00:00Z,Tulsa Golden Hurricane,North Texas Mean Green,alternate_total_points,under,69.0,-400,fanatics,0.7846647964553373,-0.015335203544662779,"10 market(s) allowlisted for NCAAF: moneyline, spread, total_points, alternate_spread, alternate_total_points, team_total, alternate_team_total, moneyline_h1, spread_h1, total_points_h1."
2026-10-01,401862786,False,2026-10-02T01:00:00Z,Tulsa Golden Hurricane,North Texas Mean Green,alternate_total_points,under,52.0,140,fanatics,0.3889780086448956,-0.027688658021771062,"10 market(s) allowlisted for NCAAF: moneyline, spread, total_points, alternate_spread, alternate_total_points, team_total, alternate_team_total, moneyline_h1, spread_h1, total_points_h1."
2026-10-01,401862786,False,2026-10-02T01:00:00Z,Tulsa Golden Hurricane,North Texas Mean Green,alternate_total_points,under,71.0,-475,fanatics,0.8129111155376718,-0.013175840984067322,"10 market(s) allowlisted for NCAAF: moneyline, spread, total_points, alternate_spread, alternate_total_points, team_total, alternate_team_total, moneyline_h1, spread_h1, total_points_h1."
2026-10-01,401862786,False,2026-10-02T01:00:00Z,Tulsa Golden Hurricane,North Texas Mean Green,alternate_total_points,under,72.0,-525,fanatics,0.82948523502206,-0.010514764977940017,"10 market(s) allowlisted for NCAAF: moneyline, spread, total_points, alternate_spread, alternate_total_points, team_total, alternate_team_total, moneyline_h1, spread_h1, total_points_h1."
2026-10-01,401862786,False,2026-10-02T01:00:00Z,Tulsa Golden Hurricane,North Texas Mean Green,alternate_total_points,under,74.0,-650,fanatics,0.857913799403857,-0.00875286726280966,"10 market(s) allowlisted for NCAAF: moneyline, spread, total_points, alternate_spread, alternate_total_points, team_total, alternate_team_total, moneyline_h1, spread_h1, total_points_h1."
2026-10-01,401862786,False,2026-10-02T01:00:00Z,Tulsa Golden Hurricane,North Texas Mean Green,alternate_total_points,under,55.0,105,fanatics,0.4566445113050106,-0.031160366743769874,"10 market(s) allowlisted for NCAAF: moneyline, spread, total_points, alternate_spread, alternate_total_points, team_total, alternate_team_total, moneyline_h1, spread_h1, total_points_h1."
2026-10-01,401862786,False,2026-10-02T01:00:00Z,Tulsa Golden Hurricane,North Texas Mean Green,alternate_total_points,under,75.0,-750,fanatics,0.8677589353145712,-0.014594005861899406,"10 market(s) allowlisted for NCAAF: moneyline, spread, total_points, alternate_spread, alternate_total_points, team_total, alternate_team_total, moneyline_h1, spread_h1, total_points_h1."
2026-10-01,401862786,False,2026-10-02T01:00:00Z,Tulsa Golden Hurricane,North Texas Mean Green,alternate_total_points,under,42.5,360,fanatics,0.1855966368084313,-0.03179466753939478,"10 market(s) allowlisted for NCAAF: moneyline, spread, total_points, alternate_spread, alternate_total_points, team_total, alternate_team_total, moneyline_h1, spread_h1, total_points_h1."
2026-10-01,401862786,False,2026-10-02T01:00:00Z,Tulsa Golden Hurricane,North Texas Mean Green,alternate_total_points,under,78.0,-950,fanatics,0.8984394564334229,-0.006322448328481833,"10 market(s) allowlisted for NCAAF: moneyline, spread, total_points, alternate_spread, alternate_total_points, team_total, alternate_team_total, moneyline_h1, spread_h1, total_points_h1."
2026-10-01,401862786,False,2026-10-02T01:00:00Z,Tulsa Golden Hurricane,North Texas Mean Green,alternate_total_points,under,77.0,-950,fanatics,0.8903907019488162,-0.014371202813088568,"10 market(s) allowlisted for NCAAF: moneyline, spread, total_points, alternate_spread, alternate_total_points, team_total, alternate_team_total, moneyline_h1, spread_h1, total_points_h1."
2026-10-01,401862786,False,2026-10-02T01:00:00Z,Tulsa Golden Hurricane,North Texas Mean Green,alternate_total_points,under,58.0,-125,fanatics,0.5327652818924424,-0.022790273663113148,"10 market(s) allowlisted for NCAAF: moneyline, spread, total_points, alternate_spread, alternate_total_points, team_total, alternate_team_total, moneyline_h1, spread_h1, total_points_h1."
2026-10-01,401862786,False,2026-10-02T01:00:00Z,Tulsa Golden Hurricane,North Texas Mean Green,alternate_total_points,under,76.5,-850,fanatics,0.880906791846561,-0.013830050258702209,"10 market(s) allowlisted for NCAAF: moneyline, spread, total_points, alternate_spread, alternate_total_points, team_total, alternate_team_total, moneyline_h1, spread_h1, total_points_h1."
2026-10-01,401862786,False,2026-10-02T01:00:00Z,Tulsa Golden Hurricane,North Texas Mean Green,alternate_total_points,under,80.0,-1400,fanatics,0.922453945425176,-0.010879387908157345,"10 market(s) allowlisted for NCAAF: moneyline, spread, total_points, alternate_spread, alternate_total_points, team_total, alternate_team_total, moneyline_h1, spread_h1, total_points_h1."
2026-10-01,401862786,False,2026-10-02T01:00:00Z,Tulsa Golden Hurricane,North Texas Mean Green,alternate_total_points,under,77.5,-950,fanatics,0.8915581947436235,-0.013203710018281245,"10 market(s) allowlisted for NCAAF: moneyline, spread, total_points, alternate_spread, alternate_total_points, team_total, alternate_team_total, moneyline_h1, spread_h1, total_points_h1."
2026-10-01,401862786,False,2026-10-02T01:00:00Z,Tulsa Golden Hurricane,North Texas Mean Green,alternate_total_points,under,81.0,-1500,fanatics,0.928429388104317,-0.009070611895683034,"10 market(s) allowlisted for NCAAF: moneyline, spread, total_points, alternate_spread, alternate_total_points, team_total, alternate_team_total, moneyline_h1, spread_h1, total_points_h1."
2026-10-01,401862786,False,2026-10-02T01:00:00Z,Tulsa Golden Hurricane,North Texas Mean Green,alternate_total_points,under,84.0,-2200,fanatics,0.9497368030885782,-0.006784936041856593,"10 market(s) allowlisted for NCAAF: moneyline, spread, total_points, alternate_spread, alternate_total_points, team_total, alternate_team_total, moneyline_h1, spread_h1, total_points_h1."
2026-10-01,401862786,False,2026-10-02T01:00:00Z,Tulsa Golden Hurricane,North Texas Mean Green,alternate_total_points,under,83.0,-2000,fanatics,0.9426956140803723,-0.009685338300580049,"10 market(s) allowlisted for NCAAF: moneyline, spread, total_points, alternate_spread, alternate_total_points, team_total, alternate_team_total, moneyline_h1, spread_h1, total_points_h1."
2026-10-01,401862786,False,2026-10-02T01:00:00Z,Tulsa Golden Hurricane,North Texas Mean Green,alternate_total_points,under,49.5,180,fanatics,0.339934848581384,-0.017208008561473143,"10 market(s) allowlisted for NCAAF: moneyline, spread, total_points, alternate_spread, alternate_total_points, team_total, alternate_team_total, moneyline_h1, spread_h1, total_points_h1."
2026-10-01,401862786,False,2026-10-02T01:00:00Z,Tulsa Golden Hurricane,North Texas Mean Green,alternate_total_points,under,86.0,-3000,fanatics,0.9602663170353923,-0.00747561844847866,"10 market(s) allowlisted for NCAAF: moneyline, spread, total_points, alternate_spread, alternate_total_points, team_total, alternate_team_total, moneyline_h1, spread_h1, total_points_h1."
2026-10-01,401862786,False,2026-10-02T01:00:00Z,Tulsa Golden Hurricane,North Texas Mean Green,alternate_total_points,under,61.0,-170,fanatics,0.6150558656188937,-0.014573764010735957,"10 market(s) allowlisted for NCAAF: moneyline, spread, total_points, alternate_spread, alternate_total_points, team_total, alternate_team_total, moneyline_h1, spread_h1, total_points_h1."
2026-10-01,401862786,False,2026-10-02T01:00:00Z,Tulsa Golden Hurricane,North Texas Mean Green,alternate_total_points,under,64.5,-235,fanatics,0.7017807544043723,0.0002882170909394022,"10 market(s) allowlisted for NCAAF: moneyline, spread, total_points, alternate_spread, alternate_total_points, team_total, alternate_team_total, moneyline_h1, spread_h1, total_points_h1."
2026-10-01,401862786,False,2026-10-02T01:00:00Z,Tulsa Golden Hurricane,North Texas Mean Green,alternate_total_points,under,64.0,-225,fanatics,0.6973612548613655,0.005053562553673174,"10 market(s) allowlisted for NCAAF: moneyline, spread, total_points, alternate_spread, alternate_total_points, team_total, alternate_team_total, moneyline_h1, spread_h1, total_points_h1."
2026-10-01,401862786,False,2026-10-02T01:00:00Z,Tulsa Golden Hurricane,North Texas Mean Green,alternate_total_points,under,67.0,-320,fanatics,0.7606689041061339,-0.001235857798628004,"10 market(s) allowlisted for NCAAF: moneyline, spread, total_points, alternate_spread, alternate_total_points, team_total, alternate_team_total, moneyline_h1, spread_h1, total_points_h1."
2026-10-01,401862786,False,2026-10-02T01:00:00Z,Tulsa Golden Hurricane,North Texas Mean Green,alternate_total_points,under,37.5,550,fanatics,0.1075383823896979,-0.046307771456455954,"10 market(s) allowlisted for NCAAF: moneyline, spread, total_points, alternate_spread, alternate_total_points, team_total, alternate_team_total, moneyline_h1, spread_h1, total_points_h1."
2026-10-01,401862786,False,2026-10-02T01:00:00Z,Tulsa Golden Hurricane,North Texas Mean Green,alternate_total_points,under,52.5,130,fanatics,0.40045901866472117,-0.034323590030930995,"10 market(s) allowlisted for NCAAF: moneyline, spread, total_points, alternate_spread, alternate_total_points, team_total, alternate_team_total, moneyline_h1, spread_h1, total_points_h1."
2026-10-01,401862786,False,2026-10-02T01:00:00Z,Tulsa Golden Hurricane,North Texas Mean Green,alternate_total_points,under,65.5,-280,fanatics,0.7272099961764997,-0.009632109086658125,"10 market(s) allowlisted for NCAAF: moneyline, spread, total_points, alternate_spread, alternate_total_points, team_total, alternate_team_total, moneyline_h1, spread_h1, total_points_h1."
2026-10-01,401862786,False,2026-10-02T01:00:00Z,Tulsa Golden Hurricane,North Texas Mean Green,alternate_total_points,under,40.5,430,fanatics,0.15273241724003803,-0.035946828042980855,"10 market(s) allowlisted for NCAAF: moneyline, spread, total_points, alternate_spread, alternate_total_points, team_total, alternate_team_total, moneyline_h1, spread_h1, total_points_h1."
2026-10-01,401862786,False,2026-10-02T01:00:00Z,Tulsa Golden Hurricane,North Texas Mean Green,alternate_total_points,under,75.5,-750,fanatics,0.8690638195289786,-0.013289121647491964,"10 market(s) allowlisted for NCAAF: moneyline, spread, total_points, alternate_spread, alternate_total_points, team_total, alternate_team_total, moneyline_h1, spread_h1, total_points_h1."
2026-10-01,401862786,False,2026-10-02T01:00:00Z,Tulsa Golden Hurricane,North Texas Mean Green,alternate_total_points,under,80.5,-1400,fanatics,0.9232877157228238,-0.010045617610509594,"10 market(s) allowlisted for NCAAF: moneyline, spread, total_points, alternate_spread, alternate_total_points, team_total, alternate_team_total, moneyline_h1, spread_h1, total_points_h1."
2026-10-01,401862786,False,2026-10-02T01:00:00Z,Tulsa Golden Hurricane,North Texas Mean Green,alternate_total_points,under,48.5,200,fanatics,0.3206891558463479,-0.01264417748698543,"10 market(s) allowlisted for NCAAF: moneyline, spread, total_points, alternate_spread, alternate_total_points, team_total, alternate_team_total, moneyline_h1, spread_h1, total_points_h1."
2026-10-01,401862786,False,2026-10-02T01:00:00Z,Tulsa Golden Hurricane,North Texas Mean Green,alternate_total_points,under,63.5,-220,fanatics,0.6871775364952369,-0.00032246350476305974,"10 market(s) allowlisted for NCAAF: moneyline, spread, total_points, alternate_spread, alternate_total_points, team_total, alternate_team_total, moneyline_h1, spread_h1, total_points_h1."
2026-10-01,401862786,False,2026-10-02T01:00:00Z,Tulsa Golden Hurricane,North Texas Mean Green,alternate_total_points,under,70.0,-450,fanatics,0.798711547827784,-0.019470270354034258,"10 market(s) allowlisted for NCAAF: moneyline, spread, total_points, alternate_spread, alternate_total_points, team_total, alternate_team_total, moneyline_h1, spread_h1, total_points_h1."
2026-10-01,401862786,False,2026-10-02T01:00:00Z,Tulsa Golden Hurricane,North Texas Mean Green,alternate_total_points,under,36.5,700,fanatics,0.09089274564725852,-0.03410725435274148,"10 market(s) allowlisted for NCAAF: moneyline, spread, total_points, alternate_spread, alternate_total_points, team_total, alternate_team_total, moneyline_h1, spread_h1, total_points_h1."
2026-10-01,401862786,False,2026-10-02T01:00:00Z,Tulsa Golden Hurricane,North Texas Mean Green,alternate_total_points,under,85.5,-2500,fanatics,0.9568255061504968,-0.00471295538796479,"10 market(s) allowlisted for NCAAF: moneyline, spread, total_points, alternate_spread, alternate_total_points, team_total, alternate_team_total, moneyline_h1, spread_h1, total_points_h1."
2026-10-01,401862786,False,2026-10-02T01:00:00Z,Tulsa Golden Hurricane,North Texas Mean Green,alternate_total_points,under,51.5,145,fanatics,0.3816691711923522,-0.02649409411377024,"10 market(s) allowlisted for NCAAF: moneyline, spread, total_points, alternate_spread, alternate_total_points, team_total, alternate_team_total, moneyline_h1, spread_h1, total_points_h1."
2026-10-01,401862786,False,2026-10-02T01:00:00Z,Tulsa Golden Hurricane,North Texas Mean Green,alternate_total_points,under,58.5,-135,fanatics,0.5454613137932465,-0.02900677131313656,"10 market(s) allowlisted for NCAAF: moneyline, spread, total_points, alternate_spread, alternate_total_points, team_total, alternate_team_total, moneyline_h1, spread_h1, total_points_h1."
2026-10-01,401862786,False,2026-10-02T01:00:00Z,Tulsa Golden Hurricane,North Texas Mean Green,alternate_total_points,under,73.0,-600,fanatics,0.8474523406955426,-0.009690516447314446,"10 market(s) allowlisted for NCAAF: moneyline, spread, total_points, alternate_spread, alternate_total_points, team_total, alternate_team_total, moneyline_h1, spread_h1, total_points_h1."
2026-10-01,401862786,False,2026-10-02T01:00:00Z,Tulsa Golden Hurricane,North Texas Mean Green,alternate_total_points,under,73.5,-600,fanatics,0.8501697620058768,-0.006973095136980301,"10 market(s) allowlisted for NCAAF: moneyline, spread, total_points, alternate_spread, alternate_total_points, team_total, alternate_team_total, moneyline_h1, spread_h1, total_points_h1."
2026-10-01,401862786,False,2026-10-02T01:00:00Z,Tulsa Golden Hurricane,North Texas Mean Green,alternate_total_points,under,76.0,-850,fanatics,0.8794794705526152,-0.015257371552647947,"10 market(s) allowlisted for NCAAF: moneyline, spread, total_points, alternate_spread, alternate_total_points, team_total, alternate_team_total, moneyline_h1, spread_h1, total_points_h1."
2026-10-01,401862786,False,2026-10-02T01:00:00Z,Tulsa Golden Hurricane,North Texas Mean Green,alternate_total_points,under,46.5,240,fanatics,0.2771543441295633,-0.016963302929260238,"10 market(s) allowlisted for NCAAF: moneyline, spread, total_points, alternate_spread, alternate_total_points, team_total, alternate_team_total, moneyline_h1, spread_h1, total_points_h1."
2026-10-01,401862786,False,2026-10-02T01:00:00Z,Tulsa Golden Hurricane,North Texas Mean Green,alternate_total_points,under,61.5,-175,fanatics,0.6272837538942995,-0.009079882469336886,"10 market(s) allowlisted for NCAAF: moneyline, spread, total_points, alternate_spread, alternate_total_points, team_total, alternate_team_total, moneyline_h1, spread_h1, total_points_h1."
2026-10-01,401862786,False,2026-10-02T01:00:00Z,Tulsa Golden Hurricane,North Texas Mean Green,alternate_total_points,under,79.0,-1200,fanatics,0.9113551662473827,-0.011721756829540464,"10 market(s) allowlisted for NCAAF: moneyline, spread, total_points, alternate_spread, alternate_total_points, team_total, alternate_team_total, moneyline_h1, spread_h1, total_points_h1."
2026-10-01,401862786,False,2026-10-02T01:00:00Z,Tulsa Golden Hurricane,North Texas Mean Green,alternate_total_points,under,69.5,-400,fanatics,0.7873355758174033,-0.012664424182596723,"10 market(s) allowlisted for NCAAF: moneyline, spread, total_points, alternate_spread, alternate_total_points, team_total, alternate_team_total, moneyline_h1, spread_h1, total_points_h1."
2026-10-01,401862786,False,2026-10-02T01:00:00Z,Tulsa Golden Hurricane,North Texas Mean Green,alternate_total_points,under,34.5,850,fanatics,0.074272286719223,-0.030990871175513843,"10 market(s) allowlisted for NCAAF: moneyline, spread, total_points, alternate_spread, alternate_total_points, team_total, alternate_team_total, moneyline_h1, spread_h1, total_points_h1."
2026-10-01,401862786,False,2026-10-02T01:00:00Z,Tulsa Golden Hurricane,North Texas Mean Green,alternate_total_points,under,84.5,-2200,fanatics,0.9500799714276496,-0.0064417677027852616,"10 market(s) allowlisted for NCAAF: moneyline, spread, total_points, alternate_spread, alternate_total_points, team_total, alternate_team_total, moneyline_h1, spread_h1, total_points_h1."
2026-10-01,401862786,False,2026-10-02T01:00:00Z,Tulsa Golden Hurricane,North Texas Mean Green,alternate_total_points,under,57.5,-120,fanatics,0.5182886072096544,-0.027165938244890997,"10 market(s) allowlisted for NCAAF: moneyline, spread, total_points, alternate_spread, alternate_total_points, team_total, alternate_team_total, moneyline_h1, spread_h1, total_points_h1."
2026-10-01,401862786,False,2026-10-02T01:00:00Z,Tulsa Golden Hurricane,North Texas Mean Green,alternate_total_points,under,38.5,525,fanatics,0.12412545142963027,-0.03587454857036973,"10 market(s) allowlisted for NCAAF: moneyline, spread, total_points, alternate_spread, alternate_total_points, team_total, alternate_team_total, moneyline_h1, spread_h1, total_points_h1."
2026-10-01,401862786,False,2026-10-02T01:00:00Z,Tulsa Golden Hurricane,North Texas Mean Green,alternate_total_points,under,82.0,-1500,fanatics,0.9332193431091609,-0.0042806568908391185,"10 market(s) allowlisted for NCAAF: moneyline, spread, total_points, alternate_spread, alternate_total_points, team_total, alternate_team_total, moneyline_h1, spread_h1, total_points_h1."
2026-10-01,401862786,False,2026-10-02T01:00:00Z,Tulsa Golden Hurricane,North Texas Mean Green,alternate_total_points,under,72.5,-550,fanatics,0.8323561729759027,-0.013797673177943448,"10 market(s) allowlisted for NCAAF: moneyline, spread, total_points, alternate_spread, alternate_total_points, team_total, alternate_team_total, moneyline_h1, spread_h1, total_points_h1."
2026-10-01,401862786,False,2026-10-02T01:00:00Z,Tulsa Golden Hurricane,North Texas Mean Green,alternate_total_points,under,85.0,-2500,fanatics,0.9565322932251243,-0.0050061683133372226,"10 market(s) allowlisted for NCAAF: moneyline, spread, total_points, alternate_spread, alternate_total_points, team_total, alternate_team_total, moneyline_h1, spread_h1, total_points_h1."
2026-10-01,401862786,False,2026-10-02T01:00:00Z,Tulsa Golden Hurricane,North Texas Mean Green,alternate_total_points,under,45.5,250,fanatics,0.2569497862778194,-0.028764499436466306,"10 market(s) allowlisted for NCAAF: moneyline, spread, total_points, alternate_spread, alternate_total_points, team_total, alternate_team_total, moneyline_h1, spread_h1, total_points_h1."
2026-10-01,401862786,False,2026-10-02T01:00:00Z,Tulsa Golden Hurricane,North Texas Mean Green,alternate_total_points,under,79.5,-1200,fanatics,0.9125357786678795,-0.010541144409043635,"10 market(s) allowlisted for NCAAF: moneyline, spread, total_points, alternate_spread, alternate_total_points, team_total, alternate_team_total, moneyline_h1, spread_h1, total_points_h1."
2026-10-01,401862786,False,2026-10-02T01:00:00Z,Tulsa Golden Hurricane,North Texas Mean Green,alternate_total_points,under,60.5,-160,fanatics,0.5955183957987279,-0.019866219585887523,"10 market(s) allowlisted for NCAAF: moneyline, spread, total_points, alternate_spread, alternate_total_points, team_total, alternate_team_total, moneyline_h1, spread_h1, total_points_h1."
2026-10-01,401862786,False,2026-10-02T01:00:00Z,Tulsa Golden Hurricane,North Texas Mean Green,alternate_total_points,under,53.5,125,fanatics,0.41298171309624543,-0.03146273134819899,"10 market(s) allowlisted for NCAAF: moneyline, spread, total_points, alternate_spread, alternate_total_points, team_total, alternate_team_total, moneyline_h1, spread_h1, total_points_h1."
2026-10-01,401862786,False,2026-10-02T01:00:00Z,Tulsa Golden Hurricane,North Texas Mean Green,alternate_total_points,under,33.5,950,fanatics,0.062240708446770515,-0.03299738679132472,"10 market(s) allowlisted for NCAAF: moneyline, spread, total_points, alternate_spread, alternate_total_points, team_total, alternate_team_total, moneyline_h1, spread_h1, total_points_h1."
2026-10-01,401862786,False,2026-10-02T01:00:00Z,Tulsa Golden Hurricane,North Texas Mean Green,alternate_total_points,under,67.5,-330,fanatics,0.7636886312802318,-0.003753229184884521,"10 market(s) allowlisted for NCAAF: moneyline, spread, total_points, alternate_spread, alternate_total_points, team_total, alternate_team_total, moneyline_h1, spread_h1, total_points_h1."
2026-10-01,401862786,False,2026-10-02T01:00:00Z,Tulsa Golden Hurricane,North Texas Mean Green,alternate_total_points,under,82.5,-1500,fanatics,0.9335337462946061,-0.003966253705393941,"10 market(s) allowlisted for NCAAF: moneyline, spread, total_points, alternate_spread, alternate_total_points, team_total, alternate_team_total, moneyline_h1, spread_h1, total_points_h1."
2026-10-01,401862786,False,2026-10-02T01:00:00Z,Tulsa Golden Hurricane,North Texas Mean Green,alternate_total_points,under,33.0,1100,fanatics,0.05202818121358298,-0.03130515211975035,"10 market(s) allowlisted for NCAAF: moneyline, spread, total_points, alternate_spread, alternate_total_points, team_total, alternate_team_total, moneyline_h1, spread_h1, total_points_h1."
2026-10-01,401862786,False,2026-10-02T01:00:00Z,Tulsa Golden Hurricane,North Texas Mean Green,alternate_total_points,under,36.0,750,fanatics,0.08471867633425753,-0.03292838248927188,"10 market(s) allowlisted for NCAAF: moneyline, spread, total_points, alternate_spread, alternate_total_points, team_total, alternate_team_total, moneyline_h1, spread_h1, total_points_h1."
2026-10-01,401862786,False,2026-10-02T01:00:00Z,Tulsa Golden Hurricane,North Texas Mean Green,alternate_total_points,under,39.0,500,fanatics,0.12505190016798712,-0.04161476649867954,"10 market(s) allowlisted for NCAAF: moneyline, spread, total_points, alternate_spread, alternate_total_points, team_total, alternate_team_total, moneyline_h1, spread_h1, total_points_h1."
2026-10-01,401862786,False,2026-10-02T01:00:00Z,Tulsa Golden Hurricane,North Texas Mean Green,alternate_total_points,under,41.5,375,fanatics,0.17179156018351704,-0.03873475560595663,"10 market(s) allowlisted for NCAAF: moneyline, spread, total_points, alternate_spread, alternate_total_points, team_total, alternate_team_total, moneyline_h1, spread_h1, total_points_h1."
2026-10-01,401862786,False,2026-10-02T01:00:00Z,Tulsa Golden Hurricane,North Texas Mean Green,alternate_total_points,under,55.5,100,fanatics,0.47770776627166556,-0.022292233728334443,"10 market(s) allowlisted for NCAAF: moneyline, spread, total_points, alternate_spread, alternate_total_points, team_total, alternate_team_total, moneyline_h1, spread_h1, total_points_h1."
2026-10-01,401862786,False,2026-10-02T01:00:00Z,Tulsa Golden Hurricane,North Texas Mean Green,alternate_total_points,under,70.5,-450,fanatics,0.8015784799563498,-0.016603338225468445,"10 market(s) allowlisted for NCAAF: moneyline, spread, total_points, alternate_spread, alternate_total_points, team_total, alternate_team_total, moneyline_h1, spread_h1, total_points_h1."
2026-10-01,401862786,False,2026-10-02T01:00:00Z,Tulsa Golden Hurricane,North Texas Mean Green,alternate_total_points,under,35.0,850,fanatics,0.07501303414233249,-0.03025012375240435,"10 market(s) allowlisted for NCAAF: moneyline, spread, total_points, alternate_spread, alternate_total_points, team_total, alternate_team_total, moneyline_h1, spread_h1, total_points_h1."
2026-10-01,401862786,False,2026-10-02T01:00:00Z,Tulsa Golden Hurricane,North Texas Mean Green,alternate_total_points,under,38.0,550,fanatics,0.1093522151317579,-0.044493938714395956,"10 market(s) allowlisted for NCAAF: moneyline, spread, total_points, alternate_spread, alternate_total_points, team_total, alternate_team_total, moneyline_h1, spread_h1, total_points_h1."
2026-10-01,401862786,False,2026-10-02T01:00:00Z,Tulsa Golden Hurricane,North Texas Mean Green,alternate_total_points,under,78.5,-1100,fanatics,0.8992173215111814,-0.01744934515548524,"10 market(s) allowlisted for NCAAF: moneyline, spread, total_points, alternate_spread, alternate_total_points, team_total, alternate_team_total, moneyline_h1, spread_h1, total_points_h1."
2026-10-01,401862786,False,2026-10-02T01:00:00Z,Tulsa Golden Hurricane,North Texas Mean Green,alternate_total_points,under,41.0,430,fanatics,0.15569992435460123,-0.032979320928417655,"10 market(s) allowlisted for NCAAF: moneyline, spread, total_points, alternate_spread, alternate_total_points, team_total, alternate_team_total, moneyline_h1, spread_h1, total_points_h1."
2026-10-01,401862786,False,2026-10-02T01:00:00Z,Tulsa Golden Hurricane,North Texas Mean Green,alternate_total_points,under,86.5,-3000,fanatics,0.9604086901317056,-0.007333245352165396,"10 market(s) allowlisted for NCAAF: moneyline, spread, total_points, alternate_spread, alternate_total_points, team_total, alternate_team_total, moneyline_h1, spread_h1, total_points_h1."
2026-10-01,401862786,False,2026-10-02T01:00:00Z,Tulsa Golden Hurricane,North Texas Mean Green,alternate_total_points,under,59.5,-145,fanatics,0.5791136968267954,-0.012723037867082176,"10 market(s) allowlisted for NCAAF: moneyline, spread, total_points, alternate_spread, alternate_total_points, team_total, alternate_team_total, moneyline_h1, spread_h1, total_points_h1."
2026-10-01,401862786,False,2026-10-02T01:00:00Z,Tulsa Golden Hurricane,North Texas Mean Green,alternate_total_points,under,74.5,-650,fanatics,0.859196353492529,-0.0074703131741377105,"10 market(s) allowlisted for NCAAF: moneyline, spread, total_points, alternate_spread, alternate_total_points, team_total, alternate_team_total, moneyline_h1, spread_h1, total_points_h1."
2026-10-01,401862786,False,2026-10-02T01:00:00Z,Tulsa Golden Hurricane,North Texas Mean Green,alternate_total_points,under,47.5,220,fanatics,0.29588362228568327,-0.016616377714316732,"10 market(s) allowlisted for NCAAF: moneyline, spread, total_points, alternate_spread, alternate_total_points, team_total, alternate_team_total, moneyline_h1, spread_h1, total_points_h1."
2026-10-01,401862786,False,2026-10-02T01:00:00Z,Tulsa Golden Hurricane,North Texas Mean Green,alternate_total_points,under,62.5,-195,fanatics,0.6608033871173357,-0.0002135620352067269,"10 market(s) allowlisted for NCAAF: moneyline, spread, total_points, alternate_spread, alternate_total_points, team_total, alternate_team_total, moneyline_h1, spread_h1, total_points_h1."
2026-10-01,401862786,False,2026-10-02T01:00:00Z,Tulsa Golden Hurricane,North Texas Mean Green,alternate_total_points,under,35.5,750,fanatics,0.08414720287984624,-0.03349985594368317,"10 market(s) allowlisted for NCAAF: moneyline, spread, total_points, alternate_spread, alternate_total_points, team_total, alternate_team_total, moneyline_h1, spread_h1, total_points_h1."
2026-10-01,401862786,False,2026-10-02T01:00:00Z,Tulsa Golden Hurricane,North Texas Mean Green,alternate_total_points,under,50.5,165,fanatics,0.35692108760740676,-0.020437402958631,"10 market(s) allowlisted for NCAAF: moneyline, spread, total_points, alternate_spread, alternate_total_points, team_total, alternate_team_total, moneyline_h1, spread_h1, total_points_h1."
2026-10-01,401862786,False,2026-10-02T01:00:00Z,Tulsa Golden Hurricane,North Texas Mean Green,alternate_total_points,under,68.5,-350,fanatics,0.7749326834054708,-0.0028450943723069555,"10 market(s) allowlisted for NCAAF: moneyline, spread, total_points, alternate_spread, alternate_total_points, team_total, alternate_team_total, moneyline_h1, spread_h1, total_points_h1."
2026-10-01,401862786,False,2026-10-02T01:00:00Z,Tulsa Golden Hurricane,North Texas Mean Green,alternate_total_points,under,83.5,-2000,fanatics,0.9432525438034964,-0.009128408577455893,"10 market(s) allowlisted for NCAAF: moneyline, spread, total_points, alternate_spread, alternate_total_points, team_total, alternate_team_total, moneyline_h1, spread_h1, total_points_h1."
2026-10-01,401862786,False,2026-10-02T01:00:00Z,Tulsa Golden Hurricane,North Texas Mean Green,alternate_total_points,under,56.5,-110,fanatics,0.49999998378867,-0.023809540020853837,"10 market(s) allowlisted for NCAAF: moneyline, spread, total_points, alternate_spread, alternate_total_points, team_total, alternate_team_total, moneyline_h1, spread_h1, total_points_h1."
2026-10-01,401862786,False,2026-10-02T01:00:00Z,Tulsa Golden Hurricane,North Texas Mean Green,alternate_total_points,under,71.5,-500,fanatics,0.8155192852482376,-0.01781404808509579,"10 market(s) allowlisted for NCAAF: moneyline, spread, total_points, alternate_spread, alternate_total_points, team_total, alternate_team_total, moneyline_h1, spread_h1, total_points_h1."
2026-10-01,401862786,False,2026-10-02T01:00:00Z,Tulsa Golden Hurricane,North Texas Mean Green,alternate_total_points,under,44.5,280,fanatics,0.23162581173633284,-0.03153208300050925,"10 market(s) allowlisted for NCAAF: moneyline, spread, total_points, alternate_spread, alternate_total_points, team_total, alternate_team_total, moneyline_h1, spread_h1, total_points_h1."
2026-10-01,401862786,False,2026-10-02T01:00:00Z,Tulsa Golden Hurricane,North Texas Mean Green,alternate_total_points,under,34.0,950,fanatics,0.06299868202056226,-0.03223941321753297,"10 market(s) allowlisted for NCAAF: moneyline, spread, total_points, alternate_spread, alternate_total_points, team_total, alternate_team_total, moneyline_h1, spread_h1, total_points_h1."
2026-10-01,401862786,False,2026-10-02T01:00:00Z,Tulsa Golden Hurricane,North Texas Mean Green,alternate_total_points,under,37.0,700,fanatics,0.09243132388832635,-0.03256867611167365,"10 market(s) allowlisted for NCAAF: moneyline, spread, total_points, alternate_spread, alternate_total_points, team_total, alternate_team_total, moneyline_h1, spread_h1, total_points_h1."
2026-10-01,401862786,False,2026-10-02T01:00:00Z,Tulsa Golden Hurricane,North Texas Mean Green,alternate_total_points,under,32.5,1100,fanatics,0.05146768014487278,-0.031865653188460547,"10 market(s) allowlisted for NCAAF: moneyline, spread, total_points, alternate_spread, alternate_total_points, team_total, alternate_team_total, moneyline_h1, spread_h1, total_points_h1."
2026-10-01,401862786,False,2026-10-02T01:00:00Z,Tulsa Golden Hurricane,North Texas Mean Green,alternate_total_points,under,40.0,475,fanatics,0.13438266987901523,-0.03953037359924563,"10 market(s) allowlisted for NCAAF: moneyline, spread, total_points, alternate_spread, alternate_total_points, team_total, alternate_team_total, moneyline_h1, spread_h1, total_points_h1."
2026-10-01,401862786,False,2026-10-02T01:00:00Z,Tulsa Golden Hurricane,North Texas Mean Green,alternate_spread,away,2.5,-160,betmgm,0.5723831881984668,-0.04300142718614863,"10 market(s) allowlisted for NCAAF: moneyline, spread, total_points, alternate_spread, alternate_total_points, team_total, alternate_team_total, moneyline_h1, spread_h1, total_points_h1."
2026-10-01,401862786,False,2026-10-02T01:00:00Z,Tulsa Golden Hurricane,North Texas Mean Green,alternate_spread,away,3.0,-190,betmgm,0.6109627650549126,-0.04420964873819078,"10 market(s) allowlisted for NCAAF: moneyline, spread, total_points, alternate_spread, alternate_total_points, team_total, alternate_team_total, moneyline_h1, spread_h1, total_points_h1."
2026-10-01,401862786,False,2026-10-02T01:00:00Z,Tulsa Golden Hurricane,North Texas Mean Green,alternate_spread,away,-1.0,-120,betmgm,0.5119988042967327,-0.03345574115781269,"10 market(s) allowlisted for NCAAF: moneyline, spread, total_points, alternate_spread, alternate_total_points, team_total, alternate_team_total, moneyline_h1, spread_h1, total_points_h1."
2026-10-01,401862786,False,2026-10-02T01:00:00Z,Tulsa Golden Hurricane,North Texas Mean Green,alternate_spread,away,3.5,-210,betmgm,0.6355287333332482,-0.04189062150546141,"10 market(s) allowlisted for NCAAF: moneyline, spread, total_points, alternate_spread, alternate_total_points, team_total, alternate_team_total, moneyline_h1, spread_h1, total_points_h1."
2026-10-01,401862786,False,2026-10-02T01:00:00Z,Tulsa Golden Hurricane,North Texas Mean Green,alternate_spread,away,-1.5,-110,betmgm,0.5000000161372509,-0.023809507672272967,"10 market(s) allowlisted for NCAAF: moneyline, spread, total_points, alternate_spread, alternate_total_points, team_total, alternate_team_total, moneyline_h1, spread_h1, total_points_h1."
2026-10-01,401862786,False,2026-10-02T01:00:00Z,Tulsa Golden Hurricane,North Texas Mean Green,alternate_spread,away,4.0,-225,betmgm,0.6465752545945118,-0.045732437713180474,"10 market(s) allowlisted for NCAAF: moneyline, spread, total_points, alternate_spread, alternate_total_points, team_total, alternate_team_total, moneyline_h1, spread_h1, total_points_h1."
2026-10-01,401862786,False,2026-10-02T01:00:00Z,Tulsa Golden Hurricane,North Texas Mean Green,alternate_spread,away,-2.0,-110,betmgm,0.4817411512767495,-0.042068372532774345,"10 market(s) allowlisted for NCAAF: moneyline, spread, total_points, alternate_spread, alternate_total_points, team_total, alternate_team_total, moneyline_h1, spread_h1, total_points_h1."
2026-10-01,401862786,False,2026-10-02T01:00:00Z,Tulsa Golden Hurricane,North Texas Mean Green,alternate_spread,away,4.5,-235,betmgm,0.6526133977752724,-0.048879139538160477,"10 market(s) allowlisted for NCAAF: moneyline, spread, total_points, alternate_spread, alternate_total_points, team_total, alternate_team_total, moneyline_h1, spread_h1, total_points_h1."
2026-10-01,401862786,False,2026-10-02T01:00:00Z,Tulsa Golden Hurricane,North Texas Mean Green,alternate_spread,away,-2.5,-105,betmgm,0.46476884757065007,-0.047426274380569455,"10 market(s) allowlisted for NCAAF: moneyline, spread, total_points, alternate_spread, alternate_total_points, team_total, alternate_team_total, moneyline_h1, spread_h1, total_points_h1."
2026-10-01,401862786,False,2026-10-02T01:00:00Z,Tulsa Golden Hurricane,North Texas Mean Green,alternate_spread,away,5.0,-250,betmgm,0.6640225021925238,-0.05026321209319051,"10 market(s) allowlisted for NCAAF: moneyline, spread, total_points, alternate_spread, alternate_total_points, team_total, alternate_team_total, moneyline_h1, spread_h1, total_points_h1."
2026-10-01,401862786,False,2026-10-02T01:00:00Z,Tulsa Golden Hurricane,North Texas Mean Green,alternate_spread,away,-3.0,110,betmgm,0.4270527272212003,-0.04913774896927586,"10 market(s) allowlisted for NCAAF: moneyline, spread, total_points, alternate_spread, alternate_total_points, team_total, alternate_team_total, moneyline_h1, spread_h1, total_points_h1."
2026-10-01,401862786,False,2026-10-02T01:00:00Z,Tulsa Golden Hurricane,North Texas Mean Green,alternate_spread,away,5.5,-275,betmgm,0.6697952016743569,-0.06353813165897637,"10 market(s) allowlisted for NCAAF: moneyline, spread, total_points, alternate_spread, alternate_total_points, team_total, alternate_team_total, moneyline_h1, spread_h1, total_points_h1."
2026-10-01,401862786,False,2026-10-02T01:00:00Z,Tulsa Golden Hurricane,North Texas Mean Green,alternate_spread,away,-3.5,120,betmgm,0.3989405905191308,-0.05560486402632375,"10 market(s) allowlisted for NCAAF: moneyline, spread, total_points, alternate_spread, alternate_total_points, team_total, alternate_team_total, moneyline_h1, spread_h1, total_points_h1."
2026-10-01,401862786,False,2026-10-02T01:00:00Z,Tulsa Golden Hurricane,North Texas Mean Green,alternate_spread,away,-4.0,130,betmgm,0.3852238424656767,-0.04955876622997546,"10 market(s) allowlisted for NCAAF: moneyline, spread, total_points, alternate_spread, alternate_total_points, team_total, alternate_team_total, moneyline_h1, spread_h1, total_points_h1."
2026-10-01,401862786,False,2026-10-02T01:00:00Z,Tulsa Golden Hurricane,North Texas Mean Green,alternate_spread,away,6.0,-285,betmgm,0.6872730887199435,-0.05298665153979676,"10 market(s) allowlisted for NCAAF: moneyline, spread, total_points, alternate_spread, alternate_total_points, team_total, alternate_team_total, moneyline_h1, spread_h1, total_points_h1."
2026-10-01,401862786,False,2026-10-02T01:00:00Z,Tulsa Golden Hurricane,North Texas Mean Green,alternate_spread,away,-4.5,135,betmgm,0.37662881429724915,-0.04890310059636788,"10 market(s) allowlisted for NCAAF: moneyline, spread, total_points, alternate_spread, alternate_total_points, team_total, alternate_team_total, moneyline_h1, spread_h1, total_points_h1."
2026-10-01,401862786,False,2026-10-02T01:00:00Z,Tulsa Golden Hurricane,North Texas Mean Green,alternate_spread,away,-5.0,140,betmgm,0.37091180702740595,-0.045754859639260737,"10 market(s) allowlisted for NCAAF: moneyline, spread, total_points, alternate_spread, alternate_total_points, team_total, alternate_team_total, moneyline_h1, spread_h1, total_points_h1."
2026-10-01,401862786,False,2026-10-02T01:00:00Z,Tulsa Golden Hurricane,North Texas Mean Green,alternate_spread,away,-5.5,145,betmgm,0.36754104674143323,-0.04062221856468923,"10 market(s) allowlisted for NCAAF: moneyline, spread, total_points, alternate_spread, alternate_total_points, team_total, alternate_team_total, moneyline_h1, spread_h1, total_points_h1."
2026-10-01,401862786,False,2026-10-02T01:00:00Z,Tulsa Golden Hurricane,North Texas Mean Green,alternate_spread,away,2.0,-150,betmgm,0.5592683354246996,-0.04073166457530042,"10 market(s) allowlisted for NCAAF: moneyline, spread, total_points, alternate_spread, alternate_total_points, team_total, alternate_team_total, moneyline_h1, spread_h1, total_points_h1."
2026-10-01,401862786,False,2026-10-02T01:00:00Z,Tulsa Golden Hurricane,North Texas Mean Green,alternate_spread,away,-6.0,155,betmgm,0.3528641572244106,-0.03929270552068742,"10 market(s) allowlisted for NCAAF: moneyline, spread, total_points, alternate_spread, alternate_total_points, team_total, alternate_team_total, moneyline_h1, spread_h1, total_points_h1."
2026-10-01,401862786,False,2026-10-02T01:00:00Z,Tulsa Golden Hurricane,North Texas Mean Green,alternate_spread,away,-6.5,160,betmgm,0.3448612806909655,-0.03975410392441914,"10 market(s) allowlisted for NCAAF: moneyline, spread, total_points, alternate_spread, alternate_total_points, team_total, alternate_team_total, moneyline_h1, spread_h1, total_points_h1."
2026-10-01,401862786,False,2026-10-02T01:00:00Z,Tulsa Golden Hurricane,North Texas Mean Green,alternate_spread,away,1.0,-135,betmgm,0.5359941544743525,-0.03847393063203053,"10 market(s) allowlisted for NCAAF: moneyline, spread, total_points, alternate_spread, alternate_total_points, team_total, alternate_team_total, moneyline_h1, spread_h1, total_points_h1."
2026-10-01,401862786,False,2026-10-02T01:00:00Z,Tulsa Golden Hurricane,North Texas Mean Green,alternate_spread,away,1.5,-145,betmgm,0.5426261867667567,-0.04921054792712087,"10 market(s) allowlisted for NCAAF: moneyline, spread, total_points, alternate_spread, alternate_total_points, team_total, alternate_team_total, moneyline_h1, spread_h1, total_points_h1."
2026-10-01,401862786,False,2026-10-02T01:00:00Z,Tulsa Golden Hurricane,North Texas Mean Green,alternate_spread,away,-7.0,185,betmgm,0.3199593463291703,-0.03091784665328584,"10 market(s) allowlisted for NCAAF: moneyline, spread, total_points, alternate_spread, alternate_total_points, team_total, alternate_team_total, moneyline_h1, spread_h1, total_points_h1."
2026-10-01,401862786,False,2026-10-02T01:00:00Z,Tulsa Golden Hurricane,North Texas Mean Green,alternate_spread,away,-7.5,200,betmgm,0.3082429782007017,-0.025090355132631637,"10 market(s) allowlisted for NCAAF: moneyline, spread, total_points, alternate_spread, alternate_total_points, team_total, alternate_team_total, moneyline_h1, spread_h1, total_points_h1."
2026-10-01,401862786,False,2026-10-02T01:00:00Z,Tulsa Golden Hurricane,North Texas Mean Green,alternate_spread,away,-8.0,220,betmgm,0.2955613123908129,-0.016938687609187097,"10 market(s) allowlisted for NCAAF: moneyline, spread, total_points, alternate_spread, alternate_total_points, team_total, alternate_team_total, moneyline_h1, spread_h1, total_points_h1."
2026-10-01,401862786,False,2026-10-02T01:00:00Z,Tulsa Golden Hurricane,North Texas Mean Green,alternate_spread,away,-8.5,225,betmgm,0.29024046636687634,-0.017451841325431372,"10 market(s) allowlisted for NCAAF: moneyline, spread, total_points, alternate_spread, alternate_total_points, team_total, alternate_team_total, moneyline_h1, spread_h1, total_points_h1."
2026-10-01,401862786,False,2026-10-02T01:00:00Z,Tulsa Golden Hurricane,North Texas Mean Green,alternate_spread,away,-9.0,230,betmgm,0.28518464934700105,-0.017845653683301987,"10 market(s) allowlisted for NCAAF: moneyline, spread, total_points, alternate_spread, alternate_total_points, team_total, alternate_team_total, moneyline_h1, spread_h1, total_points_h1."
2026-10-01,401862786,False,2026-10-02T01:00:00Z,Tulsa Golden Hurricane,North Texas Mean Green,alternate_spread,away,-9.5,230,betmgm,0.2831675670296465,-0.019862736000656522,"10 market(s) allowlisted for NCAAF: moneyline, spread, total_points, alternate_spread, alternate_total_points, team_total, alternate_team_total, moneyline_h1, spread_h1, total_points_h1."
2026-10-01,401862786,False,2026-10-02T01:00:00Z,Tulsa Golden Hurricane,North Texas Mean Green,alternate_spread,home,-2.5,120,betmgm,0.4276168118015331,-0.026928642743921427,"10 market(s) allowlisted for NCAAF: moneyline, spread, total_points, alternate_spread, alternate_total_points, team_total, alternate_team_total, moneyline_h1, spread_h1, total_points_h1."
2026-10-01,401862786,False,2026-10-02T01:00:00Z,Tulsa Golden Hurricane,North Texas Mean Green,alternate_spread,home,-3.0,140,betmgm,0.38903723494508724,-0.027629431721579445,"10 market(s) allowlisted for NCAAF: moneyline, spread, total_points, alternate_spread, alternate_total_points, team_total, alternate_team_total, moneyline_h1, spread_h1, total_points_h1."
2026-10-01,401862786,False,2026-10-02T01:00:00Z,Tulsa Golden Hurricane,North Texas Mean Green,alternate_spread,home,1.0,-108,betmgm,0.4880011957032672,-0.031229573527502053,"10 market(s) allowlisted for NCAAF: moneyline, spread, total_points, alternate_spread, alternate_total_points, team_total, alternate_team_total, moneyline_h1, spread_h1, total_points_h1."
2026-10-01,401862786,False,2026-10-02T01:00:00Z,Tulsa Golden Hurricane,North Texas Mean Green,alternate_spread,home,-3.5,155,betmgm,0.36447126666675167,-0.027685596078346364,"10 market(s) allowlisted for NCAAF: moneyline, spread, total_points, alternate_spread, alternate_total_points, team_total, alternate_team_total, moneyline_h1, spread_h1, total_points_h1."
2026-10-01,401862786,False,2026-10-02T01:00:00Z,Tulsa Golden Hurricane,North Texas Mean Green,alternate_spread,home,1.5,-108,betmgm,0.499999983862749,-0.019230785368020253,"10 market(s) allowlisted for NCAAF: moneyline, spread, total_points, alternate_spread, alternate_total_points, team_total, alternate_team_total, moneyline_h1, spread_h1, total_points_h1."
2026-10-01,401862786,False,2026-10-02T01:00:00Z,Tulsa Golden Hurricane,North Texas Mean Green,alternate_spread,home,-4.0,170,betmgm,0.35342474540548807,-0.016945624964882278,"10 market(s) allowlisted for NCAAF: moneyline, spread, total_points, alternate_spread, alternate_total_points, team_total, alternate_team_total, moneyline_h1, spread_h1, total_points_h1."
2026-10-01,401862786,False,2026-10-02T01:00:00Z,Tulsa Golden Hurricane,North Texas Mean Green,alternate_spread,home,2.0,-120,betmgm,0.5182588487232502,-0.027195696731295183,"10 market(s) allowlisted for NCAAF: moneyline, spread, total_points, alternate_spread, alternate_total_points, team_total, alternate_team_total, moneyline_h1, spread_h1, total_points_h1."
2026-10-01,401862786,False,2026-10-02T01:00:00Z,Tulsa Golden Hurricane,North Texas Mean Green,alternate_spread,home,-4.5,175,betmgm,0.3473866022247275,-0.016249761411636143,"10 market(s) allowlisted for NCAAF: moneyline, spread, total_points, alternate_spread, alternate_total_points, team_total, alternate_team_total, moneyline_h1, spread_h1, total_points_h1."
2026-10-01,401862786,False,2026-10-02T01:00:00Z,Tulsa Golden Hurricane,North Texas Mean Green,alternate_spread,home,2.5,-125,betmgm,0.5352311524293497,-0.02032440312620587,"10 market(s) allowlisted for NCAAF: moneyline, spread, total_points, alternate_spread, alternate_total_points, team_total, alternate_team_total, moneyline_h1, spread_h1, total_points_h1."
2026-10-01,401862786,False,2026-10-02T01:00:00Z,Tulsa Golden Hurricane,North Texas Mean Green,alternate_spread,home,-5.0,190,betmgm,0.33597749780747627,-0.008850088399420308,"10 market(s) allowlisted for NCAAF: moneyline, spread, total_points, alternate_spread, alternate_total_points, team_total, alternate_team_total, moneyline_h1, spread_h1, total_points_h1."
2026-10-01,401862786,False,2026-10-02T01:00:00Z,Tulsa Golden Hurricane,North Texas Mean Green,alternate_spread,home,3.0,-145,betmgm,0.5729472727787994,-0.01888946191507812,"10 market(s) allowlisted for NCAAF: moneyline, spread, total_points, alternate_spread, alternate_total_points, team_total, alternate_team_total, moneyline_h1, spread_h1, total_points_h1."
2026-10-01,401862786,False,2026-10-02T01:00:00Z,Tulsa Golden Hurricane,North Texas Mean Green,alternate_spread,home,-5.5,195,betmgm,0.3302047983256431,-0.008778252521814522,"10 market(s) allowlisted for NCAAF: moneyline, spread, total_points, alternate_spread, alternate_total_points, team_total, alternate_team_total, moneyline_h1, spread_h1, total_points_h1."
2026-10-01,401862786,False,2026-10-02T01:00:00Z,Tulsa Golden Hurricane,North Texas Mean Green,alternate_spread,home,3.5,-160,betmgm,0.6010594094808689,-0.01432520590374653,"10 market(s) allowlisted for NCAAF: moneyline, spread, total_points, alternate_spread, alternate_total_points, team_total, alternate_team_total, moneyline_h1, spread_h1, total_points_h1."
2026-10-01,401862786,False,2026-10-02T01:00:00Z,Tulsa Golden Hurricane,North Texas Mean Green,alternate_spread,home,4.0,-175,betmgm,0.6147761575343229,-0.021587478829313445,"10 market(s) allowlisted for NCAAF: moneyline, spread, total_points, alternate_spread, alternate_total_points, team_total, alternate_team_total, moneyline_h1, spread_h1, total_points_h1."
2026-10-01,401862786,False,2026-10-02T01:00:00Z,Tulsa Golden Hurricane,North Texas Mean Green,alternate_spread,home,-6.0,210,betmgm,0.3127269112800564,-0.009853733881233895,"10 market(s) allowlisted for NCAAF: moneyline, spread, total_points, alternate_spread, alternate_total_points, team_total, alternate_team_total, moneyline_h1, spread_h1, total_points_h1."
2026-10-01,401862786,False,2026-10-02T01:00:00Z,Tulsa Golden Hurricane,North Texas Mean Green,alternate_spread,home,4.5,-185,betmgm,0.6233711857027505,-0.02575162131479336,"10 market(s) allowlisted for NCAAF: moneyline, spread, total_points, alternate_spread, alternate_total_points, team_total, alternate_team_total, moneyline_h1, spread_h1, total_points_h1."
2026-10-01,401862786,False,2026-10-02T01:00:00Z,Tulsa Golden Hurricane,North Texas Mean Green,alternate_spread,home,5.0,-190,betmgm,0.6290881929725938,-0.02608422082050965,"10 market(s) allowlisted for NCAAF: moneyline, spread, total_points, alternate_spread, alternate_total_points, team_total, alternate_team_total, moneyline_h1, spread_h1, total_points_h1."
2026-10-01,401862786,False,2026-10-02T01:00:00Z,Tulsa Golden Hurricane,North Texas Mean Green,alternate_spread,home,5.5,-200,betmgm,0.6324589532585665,-0.03420771340810014,"10 market(s) allowlisted for NCAAF: moneyline, spread, total_points, alternate_spread, alternate_total_points, team_total, alternate_team_total, moneyline_h1, spread_h1, total_points_h1."
2026-10-01,401862786,False,2026-10-02T01:00:00Z,Tulsa Golden Hurricane,North Texas Mean Green,alternate_spread,home,-2.0,115,betmgm,0.4407316645753003,-0.02438461449446716,"10 market(s) allowlisted for NCAAF: moneyline, spread, total_points, alternate_spread, alternate_total_points, team_total, alternate_team_total, moneyline_h1, spread_h1, total_points_h1."
2026-10-01,401862786,False,2026-10-02T01:00:00Z,Tulsa Golden Hurricane,North Texas Mean Green,alternate_spread,home,6.0,-210,betmgm,0.6471358427755891,-0.03028351206312052,"10 market(s) allowlisted for NCAAF: moneyline, spread, total_points, alternate_spread, alternate_total_points, team_total, alternate_team_total, moneyline_h1, spread_h1, total_points_h1."
2026-10-01,401862786,False,2026-10-02T01:00:00Z,Tulsa Golden Hurricane,North Texas Mean Green,alternate_spread,home,6.5,-210,betmgm,0.6551387193090342,-0.022280635529675408,"10 market(s) allowlisted for NCAAF: moneyline, spread, total_points, alternate_spread, alternate_total_points, team_total, alternate_team_total, moneyline_h1, spread_h1, total_points_h1."
2026-10-01,401862786,False,2026-10-02T01:00:00Z,Tulsa Golden Hurricane,North Texas Mean Green,alternate_spread,home,-1.0,105,betmgm,0.46400584552564744,-0.023799032523133035,"10 market(s) allowlisted for NCAAF: moneyline, spread, total_points, alternate_spread, alternate_total_points, team_total, alternate_team_total, moneyline_h1, spread_h1, total_points_h1."
2026-10-01,401862786,False,2026-10-02T01:00:00Z,Tulsa Golden Hurricane,North Texas Mean Green,alternate_spread,home,-1.5,110,betmgm,0.4573738132332432,-0.018816662957232944,"10 market(s) allowlisted for NCAAF: moneyline, spread, total_points, alternate_spread, alternate_total_points, team_total, alternate_team_total, moneyline_h1, spread_h1, total_points_h1."
2026-10-01,401862786,False,2026-10-02T01:00:00Z,Tulsa Golden Hurricane,North Texas Mean Green,alternate_spread,home,7.0,-250,betmgm,0.6800406536708293,-0.03424506061488497,"10 market(s) allowlisted for NCAAF: moneyline, spread, total_points, alternate_spread, alternate_total_points, team_total, alternate_team_total, moneyline_h1, spread_h1, total_points_h1."
2026-10-01,401862786,False,2026-10-02T01:00:00Z,Tulsa Golden Hurricane,North Texas Mean Green,alternate_spread,home,7.5,-275,betmgm,0.6917570217992981,-0.04157631153403518,"10 market(s) allowlisted for NCAAF: moneyline, spread, total_points, alternate_spread, alternate_total_points, team_total, alternate_team_total, moneyline_h1, spread_h1, total_points_h1."
2026-10-01,401862786,False,2026-10-02T01:00:00Z,Tulsa Golden Hurricane,North Texas Mean Green,alternate_spread,home,8.0,-295,betmgm,0.7044386876091869,-0.042396755428787736,"10 market(s) allowlisted for NCAAF: moneyline, spread, total_points, alternate_spread, alternate_total_points, team_total, alternate_team_total, moneyline_h1, spread_h1, total_points_h1."
2026-10-01,401862786,False,2026-10-02T01:00:00Z,Tulsa Golden Hurricane,North Texas Mean Green,alternate_spread,home,8.5,-300,betmgm,0.7097595336331234,-0.040240466366876615,"10 market(s) allowlisted for NCAAF: moneyline, spread, total_points, alternate_spread, alternate_total_points, team_total, alternate_team_total, moneyline_h1, spread_h1, total_points_h1."
2026-10-01,401862786,False,2026-10-02T01:00:00Z,Tulsa Golden Hurricane,North Texas Mean Green,alternate_spread,home,9.0,-325,betmgm,0.7148153506529987,-0.0498905316999424,"10 market(s) allowlisted for NCAAF: moneyline, spread, total_points, alternate_spread, alternate_total_points, team_total, alternate_team_total, moneyline_h1, spread_h1, total_points_h1."
2026-10-01,401862786,False,2026-10-02T01:00:00Z,Tulsa Golden Hurricane,North Texas Mean Green,alternate_spread,home,9.5,-325,betmgm,0.7168324329703533,-0.04787344938258786,"10 market(s) allowlisted for NCAAF: moneyline, spread, total_points, alternate_spread, alternate_total_points, team_total, alternate_team_total, moneyline_h1, spread_h1, total_points_h1."
2026-10-01,401862786,False,2026-10-02T01:00:00Z,Tulsa Golden Hurricane,North Texas Mean Green,alternate_total_points,over,58.5,110,betmgm,0.45453868620675336,-0.021651789983722802,"10 market(s) allowlisted for NCAAF: moneyline, spread, total_points, alternate_spread, alternate_total_points, team_total, alternate_team_total, moneyline_h1, spread_h1, total_points_h1."
2026-10-01,401862786,False,2026-10-02T01:00:00Z,Tulsa Golden Hurricane,North Texas Mean Green,alternate_total_points,over,57.5,-105,betmgm,0.4817113927903454,-0.030483729160874107,"10 market(s) allowlisted for NCAAF: moneyline, spread, total_points, alternate_spread, alternate_total_points, team_total, alternate_team_total, moneyline_h1, spread_h1, total_points_h1."
2026-10-01,401862786,False,2026-10-02T01:00:00Z,Tulsa Golden Hurricane,North Texas Mean Green,alternate_total_points,over,56.5,-110,betmgm,0.5000000162113298,-0.023809507598194002,"10 market(s) allowlisted for NCAAF: moneyline, spread, total_points, alternate_spread, alternate_total_points, team_total, alternate_team_total, moneyline_h1, spread_h1, total_points_h1."
2026-10-01,401862786,False,2026-10-02T01:00:00Z,Tulsa Golden Hurricane,North Texas Mean Green,alternate_total_points,over,55.5,-125,betmgm,0.5222922337283343,-0.03326332182722125,"10 market(s) allowlisted for NCAAF: moneyline, spread, total_points, alternate_spread, alternate_total_points, team_total, alternate_team_total, moneyline_h1, spread_h1, total_points_h1."
2026-10-01,401862786,False,2026-10-02T01:00:00Z,Tulsa Golden Hurricane,North Texas Mean Green,alternate_total_points,over,59.5,125,betmgm,0.4208863031732046,-0.02355814127123984,"10 market(s) allowlisted for NCAAF: moneyline, spread, total_points, alternate_spread, alternate_total_points, team_total, alternate_team_total, moneyline_h1, spread_h1, total_points_h1."
2026-10-01,401862786,False,2026-10-02T01:00:00Z,Tulsa Golden Hurricane,North Texas Mean Green,alternate_total_points,over,54.5,-145,betmgm,0.5610573799445694,-0.030779354749308152,"10 market(s) allowlisted for NCAAF: moneyline, spread, total_points, alternate_spread, alternate_total_points, team_total, alternate_team_total, moneyline_h1, spread_h1, total_points_h1."
2026-10-01,401862786,False,2026-10-02T01:00:00Z,Tulsa Golden Hurricane,North Texas Mean Green,alternate_total_points,over,60.5,130,betmgm,0.40448160420127205,-0.030301004494380113,"10 market(s) allowlisted for NCAAF: moneyline, spread, total_points, alternate_spread, alternate_total_points, team_total, alternate_team_total, moneyline_h1, spread_h1, total_points_h1."
2026-10-01,401862786,False,2026-10-02T01:00:00Z,Tulsa Golden Hurricane,North Texas Mean Green,alternate_total_points,over,53.5,-165,betmgm,0.5870182869037548,-0.03562322253020744,"10 market(s) allowlisted for NCAAF: moneyline, spread, total_points, alternate_spread, alternate_total_points, team_total, alternate_team_total, moneyline_h1, spread_h1, total_points_h1."
2026-10-01,401862786,False,2026-10-02T01:00:00Z,Tulsa Golden Hurricane,North Texas Mean Green,alternate_total_points,over,61.5,145,betmgm,0.3727162461057006,-0.03544701920042187,"10 market(s) allowlisted for NCAAF: moneyline, spread, total_points, alternate_spread, alternate_total_points, team_total, alternate_team_total, moneyline_h1, spread_h1, total_points_h1."
2026-10-01,401862786,False,2026-10-02T01:00:00Z,Tulsa Golden Hurricane,North Texas Mean Green,alternate_total_points,over,52.5,-175,betmgm,0.599540981335279,-0.036822655028357354,"10 market(s) allowlisted for NCAAF: moneyline, spread, total_points, alternate_spread, alternate_total_points, team_total, alternate_team_total, moneyline_h1, spread_h1, total_points_h1."
2026-10-01,401862786,False,2026-10-02T01:00:00Z,Tulsa Golden Hurricane,North Texas Mean Green,alternate_total_points,over,62.5,165,betmgm,0.3391966128826643,-0.03816187768337348,"10 market(s) allowlisted for NCAAF: moneyline, spread, total_points, alternate_spread, alternate_total_points, team_total, alternate_team_total, moneyline_h1, spread_h1, total_points_h1."
2026-10-01,401862786,False,2026-10-02T01:00:00Z,Tulsa Golden Hurricane,North Texas Mean Green,alternate_total_points,over,51.5,-200,betmgm,0.6183308288076481,-0.048335837859018516,"10 market(s) allowlisted for NCAAF: moneyline, spread, total_points, alternate_spread, alternate_total_points, team_total, alternate_team_total, moneyline_h1, spread_h1, total_points_h1."
2026-10-01,401862786,False,2026-10-02T01:00:00Z,Tulsa Golden Hurricane,North Texas Mean Green,alternate_total_points,over,63.5,180,betmgm,0.3128224635047631,-0.044320393638094036,"10 market(s) allowlisted for NCAAF: moneyline, spread, total_points, alternate_spread, alternate_total_points, team_total, alternate_team_total, moneyline_h1, spread_h1, total_points_h1."
2026-10-01,401862786,False,2026-10-02T01:00:00Z,Tulsa Golden Hurricane,North Texas Mean Green,alternate_total_points,over,50.5,-235,betmgm,0.6430789123925935,-0.05841362492083935,"10 market(s) allowlisted for NCAAF: moneyline, spread, total_points, alternate_spread, alternate_total_points, team_total, alternate_team_total, moneyline_h1, spread_h1, total_points_h1."
2026-10-01,401862786,False,2026-10-02T01:00:00Z,Tulsa Golden Hurricane,North Texas Mean Green,alternate_total_points,over,64.5,195,betmgm,0.29821924559562785,-0.040763805251829766,"10 market(s) allowlisted for NCAAF: moneyline, spread, total_points, alternate_spread, alternate_total_points, team_total, alternate_team_total, moneyline_h1, spread_h1, total_points_h1."
2026-10-01,401862786,False,2026-10-02T01:00:00Z,Tulsa Golden Hurricane,North Texas Mean Green,alternate_total_points,over,65.5,225,betmgm,0.2727900038235004,-0.03490230386880733,"10 market(s) allowlisted for NCAAF: moneyline, spread, total_points, alternate_spread, alternate_total_points, team_total, alternate_team_total, moneyline_h1, spread_h1, total_points_h1."
2026-10-01,401862786,False,2026-10-02T01:00:00Z,Tulsa Golden Hurricane,North Texas Mean Green,alternate_total_points,over,49.5,-250,betmgm,0.6600651514186162,-0.05422056286709809,"10 market(s) allowlisted for NCAAF: moneyline, spread, total_points, alternate_spread, alternate_total_points, team_total, alternate_team_total, moneyline_h1, spread_h1, total_points_h1."
2026-10-01,401862786,False,2026-10-02T01:00:00Z,Tulsa Golden Hurricane,North Texas Mean Green,alternate_total_points,over,48.5,-285,betmgm,0.6793108441536524,-0.06094889610608789,"10 market(s) allowlisted for NCAAF: moneyline, spread, total_points, alternate_spread, alternate_total_points, team_total, alternate_team_total, moneyline_h1, spread_h1, total_points_h1."
2026-10-01,401862786,False,2026-10-02T01:00:00Z,Tulsa Golden Hurricane,North Texas Mean Green,alternate_total_points,over,47.5,-325,betmgm,0.704116377714317,-0.060589504638624114,"10 market(s) allowlisted for NCAAF: moneyline, spread, total_points, alternate_spread, alternate_total_points, team_total, alternate_team_total, moneyline_h1, spread_h1, total_points_h1."
2026-10-01,401862786,False,2026-10-02T01:00:00Z,Tulsa Golden Hurricane,North Texas Mean Green,alternate_total_points,over,66.5,250,betmgm,0.2489287311348766,-0.0367855545794091,"10 market(s) allowlisted for NCAAF: moneyline, spread, total_points, alternate_spread, alternate_total_points, team_total, alternate_team_total, moneyline_h1, spread_h1, total_points_h1."
2026-10-01,401862786,False,2026-10-02T01:00:00Z,Tulsa Golden Hurricane,North Texas Mean Green,alternate_total_points,over,67.5,270,betmgm,0.23631136871976835,-0.033958901550501935,"10 market(s) allowlisted for NCAAF: moneyline, spread, total_points, alternate_spread, alternate_total_points, team_total, alternate_team_total, moneyline_h1, spread_h1, total_points_h1."
2026-10-01,401862786,False,2026-10-02T01:00:00Z,Tulsa Golden Hurricane,North Texas Mean Green,alternate_total_points,over,46.5,-375,betmgm,0.7228456558704369,-0.0666280283400894,"10 market(s) allowlisted for NCAAF: moneyline, spread, total_points, alternate_spread, alternate_total_points, team_total, alternate_team_total, moneyline_h1, spread_h1, total_points_h1."
2026-10-01,401862786,False,2026-10-02T01:00:00Z,Tulsa Golden Hurricane,North Texas Mean Green,alternate_total_points,over,68.5,300,betmgm,0.2250673165945293,-0.024932683405470696,"10 market(s) allowlisted for NCAAF: moneyline, spread, total_points, alternate_spread, alternate_total_points, team_total, alternate_team_total, moneyline_h1, spread_h1, total_points_h1."
2026-10-01,401862786,False,2026-10-02T01:00:00Z,Tulsa Golden Hurricane,North Texas Mean Green,alternate_total_points,over,45.5,-400,betmgm,0.7430502137221809,-0.0569497862778191,"10 market(s) allowlisted for NCAAF: moneyline, spread, total_points, alternate_spread, alternate_total_points, team_total, alternate_team_total, moneyline_h1, spread_h1, total_points_h1."
2026-10-01,401862786,False,2026-10-02T01:00:00Z,Tulsa Golden Hurricane,North Texas Mean Green,alternate_total_points,over,69.5,340,betmgm,0.21266442418259685,-0.01460830309013042,"10 market(s) allowlisted for NCAAF: moneyline, spread, total_points, alternate_spread, alternate_total_points, team_total, alternate_team_total, moneyline_h1, spread_h1, total_points_h1."
2026-10-01,401862786,False,2026-10-02T01:00:00Z,Tulsa Golden Hurricane,North Texas Mean Green,alternate_total_points,over,44.5,-475,betmgm,0.7683741882636674,-0.0577127682580717,"10 market(s) allowlisted for NCAAF: moneyline, spread, total_points, alternate_spread, alternate_total_points, team_total, alternate_team_total, moneyline_h1, spread_h1, total_points_h1."
2026-10-01,401862786,False,2026-10-02T01:00:00Z,Tulsa Golden Hurricane,North Texas Mean Green,alternate_total_points,over,70.5,375,betmgm,0.19842152004365035,-0.012104795745823321,"10 market(s) allowlisted for NCAAF: moneyline, spread, total_points, alternate_spread, alternate_total_points, team_total, alternate_team_total, moneyline_h1, spread_h1, total_points_h1."
2026-10-01,401862786,False,2026-10-02T01:00:00Z,Tulsa Golden Hurricane,North Texas Mean Green,alternate_total_points,over,43.5,-550,betmgm,0.7918146510941466,-0.05433919505969953,"10 market(s) allowlisted for NCAAF: moneyline, spread, total_points, alternate_spread, alternate_total_points, team_total, alternate_team_total, moneyline_h1, spread_h1, total_points_h1."
2026-10-01,401862786,False,2026-10-02T01:00:00Z,Tulsa Golden Hurricane,North Texas Mean Green,alternate_total_points,over,42.5,-625,betmgm,0.814403363191569,-0.047665602325672296,"10 market(s) allowlisted for NCAAF: moneyline, spread, total_points, alternate_spread, alternate_total_points, team_total, alternate_team_total, moneyline_h1, spread_h1, total_points_h1."
2026-10-01,401862786,False,2026-10-02T01:00:00Z,Tulsa Golden Hurricane,North Texas Mean Green,alternate_total_points,under,58.5,-145,betmgm,0.5454613137932465,-0.04637542090063107,"10 market(s) allowlisted for NCAAF: moneyline, spread, total_points, alternate_spread, alternate_total_points, team_total, alternate_team_total, moneyline_h1, spread_h1, total_points_h1."
2026-10-01,401862786,False,2026-10-02T01:00:00Z,Tulsa Golden Hurricane,North Texas Mean Green,alternate_total_points,under,57.5,-125,betmgm,0.5182886072096544,-0.03726694834590116,"10 market(s) allowlisted for NCAAF: moneyline, spread, total_points, alternate_spread, alternate_total_points, team_total, alternate_team_total, moneyline_h1, spread_h1, total_points_h1."
2026-10-01,401862786,False,2026-10-02T01:00:00Z,Tulsa Golden Hurricane,North Texas Mean Green,alternate_total_points,under,56.5,-108,betmgm,0.49999998378867,-0.019230785442099274,"10 market(s) allowlisted for NCAAF: moneyline, spread, total_points, alternate_spread, alternate_total_points, team_total, alternate_team_total, moneyline_h1, spread_h1, total_points_h1."
2026-10-01,401862786,False,2026-10-02T01:00:00Z,Tulsa Golden Hurricane,North Texas Mean Green,alternate_total_points,under,55.5,-105,betmgm,0.47770776627166556,-0.034487355679553966,"10 market(s) allowlisted for NCAAF: moneyline, spread, total_points, alternate_spread, alternate_total_points, team_total, alternate_team_total, moneyline_h1, spread_h1, total_points_h1."
2026-10-01,401862786,False,2026-10-02T01:00:00Z,Tulsa Golden Hurricane,North Texas Mean Green,alternate_total_points,under,59.5,-165,betmgm,0.5791136968267954,-0.04352781260716687,"10 market(s) allowlisted for NCAAF: moneyline, spread, total_points, alternate_spread, alternate_total_points, team_total, alternate_team_total, moneyline_h1, spread_h1, total_points_h1."
2026-10-01,401862786,False,2026-10-02T01:00:00Z,Tulsa Golden Hurricane,North Texas Mean Green,alternate_total_points,under,54.5,110,betmgm,0.4389426200554308,-0.03724785613504539,"10 market(s) allowlisted for NCAAF: moneyline, spread, total_points, alternate_spread, alternate_total_points, team_total, alternate_team_total, moneyline_h1, spread_h1, total_points_h1."
2026-10-01,401862786,False,2026-10-02T01:00:00Z,Tulsa Golden Hurricane,North Texas Mean Green,alternate_total_points,under,60.5,-175,betmgm,0.5955183957987279,-0.04084524056490846,"10 market(s) allowlisted for NCAAF: moneyline, spread, total_points, alternate_spread, alternate_total_points, team_total, alternate_team_total, moneyline_h1, spread_h1, total_points_h1."
2026-10-01,401862786,False,2026-10-02T01:00:00Z,Tulsa Golden Hurricane,North Texas Mean Green,alternate_total_points,under,53.5,125,betmgm,0.41298171309624543,-0.03146273134819899,"10 market(s) allowlisted for NCAAF: moneyline, spread, total_points, alternate_spread, alternate_total_points, team_total, alternate_team_total, moneyline_h1, spread_h1, total_points_h1."
2026-10-01,401862786,False,2026-10-02T01:00:00Z,Tulsa Golden Hurricane,North Texas Mean Green,alternate_total_points,under,61.5,-200,betmgm,0.6272837538942995,-0.03938291277236716,"10 market(s) allowlisted for NCAAF: moneyline, spread, total_points, alternate_spread, alternate_total_points, team_total, alternate_team_total, moneyline_h1, spread_h1, total_points_h1."
2026-10-01,401862786,False,2026-10-02T01:00:00Z,Tulsa Golden Hurricane,North Texas Mean Green,alternate_total_points,under,52.5,130,betmgm,0.40045901866472117,-0.034323590030930995,"10 market(s) allowlisted for NCAAF: moneyline, spread, total_points, alternate_spread, alternate_total_points, team_total, alternate_team_total, moneyline_h1, spread_h1, total_points_h1."
2026-10-01,401862786,False,2026-10-02T01:00:00Z,Tulsa Golden Hurricane,North Texas Mean Green,alternate_total_points,under,62.5,-220,betmgm,0.6608033871173357,-0.02669661288266434,"10 market(s) allowlisted for NCAAF: moneyline, spread, total_points, alternate_spread, alternate_total_points, team_total, alternate_team_total, moneyline_h1, spread_h1, total_points_h1."
2026-10-01,401862786,False,2026-10-02T01:00:00Z,Tulsa Golden Hurricane,North Texas Mean Green,alternate_total_points,under,51.5,145,betmgm,0.3816691711923522,-0.02649409411377024,"10 market(s) allowlisted for NCAAF: moneyline, spread, total_points, alternate_spread, alternate_total_points, team_total, alternate_team_total, moneyline_h1, spread_h1, total_points_h1."
2026-10-01,401862786,False,2026-10-02T01:00:00Z,Tulsa Golden Hurricane,North Texas Mean Green,alternate_total_points,under,63.5,-235,betmgm,0.6871775364952369,-0.014315000818195922,"10 market(s) allowlisted for NCAAF: moneyline, spread, total_points, alternate_spread, alternate_total_points, team_total, alternate_team_total, moneyline_h1, spread_h1, total_points_h1."
2026-10-01,401862786,False,2026-10-02T01:00:00Z,Tulsa Golden Hurricane,North Texas Mean Green,alternate_total_points,under,50.5,170,betmgm,0.35692108760740676,-0.013449282762963588,"10 market(s) allowlisted for NCAAF: moneyline, spread, total_points, alternate_spread, alternate_total_points, team_total, alternate_team_total, moneyline_h1, spread_h1, total_points_h1."
2026-10-01,401862786,False,2026-10-02T01:00:00Z,Tulsa Golden Hurricane,North Texas Mean Green,alternate_total_points,under,64.5,-275,betmgm,0.7017807544043723,-0.03155257892896102,"10 market(s) allowlisted for NCAAF: moneyline, spread, total_points, alternate_spread, alternate_total_points, team_total, alternate_team_total, moneyline_h1, spread_h1, total_points_h1."
2026-10-01,401862786,False,2026-10-02T01:00:00Z,Tulsa Golden Hurricane,North Texas Mean Green,alternate_total_points,under,65.5,-300,betmgm,0.7272099961764997,-0.02279000382350027,"10 market(s) allowlisted for NCAAF: moneyline, spread, total_points, alternate_spread, alternate_total_points, team_total, alternate_team_total, moneyline_h1, spread_h1, total_points_h1."
2026-10-01,401862786,False,2026-10-02T01:00:00Z,Tulsa Golden Hurricane,North Texas Mean Green,alternate_total_points,under,49.5,188,betmgm,0.339934848581384,-0.007287373640838202,"10 market(s) allowlisted for NCAAF: moneyline, spread, total_points, alternate_spread, alternate_total_points, team_total, alternate_team_total, moneyline_h1, spread_h1, total_points_h1."
2026-10-01,401862786,False,2026-10-02T01:00:00Z,Tulsa Golden Hurricane,North Texas Mean Green,alternate_total_points,under,48.5,210,betmgm,0.3206891558463479,-0.0018914893149424294,"10 market(s) allowlisted for NCAAF: moneyline, spread, total_points, alternate_spread, alternate_total_points, team_total, alternate_team_total, moneyline_h1, spread_h1, total_points_h1."
2026-10-01,401862786,False,2026-10-02T01:00:00Z,Tulsa Golden Hurricane,North Texas Mean Green,alternate_total_points,under,47.5,240,betmgm,0.29588362228568327,0.0017659752268597284,"10 market(s) allowlisted for NCAAF: moneyline, spread, total_points, alternate_spread, alternate_total_points, team_total, alternate_team_total, moneyline_h1, spread_h1, total_points_h1."
2026-10-01,401862786,False,2026-10-02T01:00:00Z,Tulsa Golden Hurricane,North Texas Mean Green,alternate_total_points,under,66.5,-350,betmgm,0.7510712688651235,-0.026706508912654248,"10 market(s) allowlisted for NCAAF: moneyline, spread, total_points, alternate_spread, alternate_total_points, team_total, alternate_team_total, moneyline_h1, spread_h1, total_points_h1."
2026-10-01,401862786,False,2026-10-02T01:00:00Z,Tulsa Golden Hurricane,North Texas Mean Green,alternate_total_points,under,67.5,-375,betmgm,0.7636886312802318,-0.02578505293029454,"10 market(s) allowlisted for NCAAF: moneyline, spread, total_points, alternate_spread, alternate_total_points, team_total, alternate_team_total, moneyline_h1, spread_h1, total_points_h1."
2026-10-01,401862786,False,2026-10-02T01:00:00Z,Tulsa Golden Hurricane,North Texas Mean Green,alternate_total_points,under,46.5,270,betmgm,0.2771543441295633,0.006884073859293016,"10 market(s) allowlisted for NCAAF: moneyline, spread, total_points, alternate_spread, alternate_total_points, team_total, alternate_team_total, moneyline_h1, spread_h1, total_points_h1."
2026-10-01,401862786,False,2026-10-02T01:00:00Z,Tulsa Golden Hurricane,North Texas Mean Green,alternate_total_points,under,68.5,-450,betmgm,0.7749326834054708,-0.0432491347763474,"10 market(s) allowlisted for NCAAF: moneyline, spread, total_points, alternate_spread, alternate_total_points, team_total, alternate_team_total, moneyline_h1, spread_h1, total_points_h1."
2026-10-01,401862786,False,2026-10-02T01:00:00Z,Tulsa Golden Hurricane,North Texas Mean Green,alternate_total_points,under,45.5,280,betmgm,0.2569497862778194,-0.006208108459022699,"10 market(s) allowlisted for NCAAF: moneyline, spread, total_points, alternate_spread, alternate_total_points, team_total, alternate_team_total, moneyline_h1, spread_h1, total_points_h1."
2026-10-01,401862786,False,2026-10-02T01:00:00Z,Tulsa Golden Hurricane,North Texas Mean Green,alternate_total_points,under,69.5,-500,betmgm,0.7873355758174033,-0.04599775751593005,"10 market(s) allowlisted for NCAAF: moneyline, spread, total_points, alternate_spread, alternate_total_points, team_total, alternate_team_total, moneyline_h1, spread_h1, total_points_h1."
2026-10-01,401862786,False,2026-10-02T01:00:00Z,Tulsa Golden Hurricane,North Texas Mean Green,alternate_total_points,under,44.5,320,betmgm,0.23162581173633284,-0.006469426358905239,"10 market(s) allowlisted for NCAAF: moneyline, spread, total_points, alternate_spread, alternate_total_points, team_total, alternate_team_total, moneyline_h1, spread_h1, total_points_h1."
2026-10-01,401862786,False,2026-10-02T01:00:00Z,Tulsa Golden Hurricane,North Texas Mean Green,alternate_total_points,under,70.5,-550,betmgm,0.8015784799563498,-0.04457536619749636,"10 market(s) allowlisted for NCAAF: moneyline, spread, total_points, alternate_spread, alternate_total_points, team_total, alternate_team_total, moneyline_h1, spread_h1, total_points_h1."
2026-10-01,401862786,False,2026-10-02T01:00:00Z,Tulsa Golden Hurricane,North Texas Mean Green,alternate_total_points,under,43.5,375,betmgm,0.20818534890585363,-0.002340966883620038,"10 market(s) allowlisted for NCAAF: moneyline, spread, total_points, alternate_spread, alternate_total_points, team_total, alternate_team_total, moneyline_h1, spread_h1, total_points_h1."
2026-10-01,401862786,False,2026-10-02T01:00:00Z,Tulsa Golden Hurricane,North Texas Mean Green,alternate_total_points,under,42.5,425,betmgm,0.1855966368084313,-0.004879553667759162,"10 market(s) allowlisted for NCAAF: moneyline, spread, total_points, alternate_spread, alternate_total_points, team_total, alternate_team_total, moneyline_h1, spread_h1, total_points_h1."
2026-10-01,401862786,False,2026-10-02T01:00:00Z,Tulsa Golden Hurricane,North Texas Mean Green,alternate_spread,away,1.0,-135,bovada,0.5359941544743525,-0.03847393063203053,"10 market(s) allowlisted for NCAAF: moneyline, spread, total_points, alternate_spread, alternate_total_points, team_total, alternate_team_total, moneyline_h1, spread_h1, total_points_h1."
2026-10-01,401862786,False,2026-10-02T01:00:00Z,Tulsa Golden Hurricane,North Texas Mean Green,alternate_spread,away,-1.0,-125,bovada,0.5119988042967327,-0.04355675125882286,"10 market(s) allowlisted for NCAAF: moneyline, spread, total_points, alternate_spread, alternate_total_points, team_total, alternate_team_total, moneyline_h1, spread_h1, total_points_h1."
2026-10-01,401862786,False,2026-10-02T01:00:00Z,Tulsa Golden Hurricane,North Texas Mean Green,alternate_spread,away,1.5,-145,bovada,0.5426261867667567,-0.04921054792712087,"10 market(s) allowlisted for NCAAF: moneyline, spread, total_points, alternate_spread, alternate_total_points, team_total, alternate_team_total, moneyline_h1, spread_h1, total_points_h1."
2026-10-01,401862786,False,2026-10-02T01:00:00Z,Tulsa Golden Hurricane,North Texas Mean Green,alternate_spread,away,-1.5,-120,bovada,0.5000000161372509,-0.045454529317294545,"10 market(s) allowlisted for NCAAF: moneyline, spread, total_points, alternate_spread, alternate_total_points, team_total, alternate_team_total, moneyline_h1, spread_h1, total_points_h1."
2026-10-01,401862786,False,2026-10-02T01:00:00Z,Tulsa Golden Hurricane,North Texas Mean Green,alternate_spread,away,2.0,-150,bovada,0.5592683354246996,-0.04073166457530042,"10 market(s) allowlisted for NCAAF: moneyline, spread, total_points, alternate_spread, alternate_total_points, team_total, alternate_team_total, moneyline_h1, spread_h1, total_points_h1."
2026-10-01,401862786,False,2026-10-02T01:00:00Z,Tulsa Golden Hurricane,North Texas Mean Green,alternate_spread,away,2.5,-160,bovada,0.5723831881984668,-0.04300142718614863,"10 market(s) allowlisted for NCAAF: moneyline, spread, total_points, alternate_spread, alternate_total_points, team_total, alternate_team_total, moneyline_h1, spread_h1, total_points_h1."
2026-10-01,401862786,False,2026-10-02T01:00:00Z,Tulsa Golden Hurricane,North Texas Mean Green,alternate_spread,away,-2.5,-110,bovada,0.46476884757065007,-0.05904067623887377,"10 market(s) allowlisted for NCAAF: moneyline, spread, total_points, alternate_spread, alternate_total_points, team_total, alternate_team_total, moneyline_h1, spread_h1, total_points_h1."
2026-10-01,401862786,False,2026-10-02T01:00:00Z,Tulsa Golden Hurricane,North Texas Mean Green,alternate_spread,away,-3.0,105,bovada,0.4270527272212003,-0.060752150827580176,"10 market(s) allowlisted for NCAAF: moneyline, spread, total_points, alternate_spread, alternate_total_points, team_total, alternate_team_total, moneyline_h1, spread_h1, total_points_h1."
2026-10-01,401862786,False,2026-10-02T01:00:00Z,Tulsa Golden Hurricane,North Texas Mean Green,alternate_spread,home,-1.0,105,bovada,0.46400584552564744,-0.023799032523133035,"10 market(s) allowlisted for NCAAF: moneyline, spread, total_points, alternate_spread, alternate_total_points, team_total, alternate_team_total, moneyline_h1, spread_h1, total_points_h1."
2026-10-01,401862786,False,2026-10-02T01:00:00Z,Tulsa Golden Hurricane,North Texas Mean Green,alternate_spread,home,1.0,-105,bovada,0.4880011957032672,-0.024193926247952302,"10 market(s) allowlisted for NCAAF: moneyline, spread, total_points, alternate_spread, alternate_total_points, team_total, alternate_team_total, moneyline_h1, spread_h1, total_points_h1."
2026-10-01,401862786,False,2026-10-02T01:00:00Z,Tulsa Golden Hurricane,North Texas Mean Green,alternate_spread,home,-1.5,110,bovada,0.4573738132332432,-0.018816662957232944,"10 market(s) allowlisted for NCAAF: moneyline, spread, total_points, alternate_spread, alternate_total_points, team_total, alternate_team_total, moneyline_h1, spread_h1, total_points_h1."
2026-10-01,401862786,False,2026-10-02T01:00:00Z,Tulsa Golden Hurricane,North Texas Mean Green,alternate_spread,home,1.5,-110,bovada,0.499999983862749,-0.023809539946774816,"10 market(s) allowlisted for NCAAF: moneyline, spread, total_points, alternate_spread, alternate_total_points, team_total, alternate_team_total, moneyline_h1, spread_h1, total_points_h1."
2026-10-01,401862786,False,2026-10-02T01:00:00Z,Tulsa Golden Hurricane,North Texas Mean Green,alternate_spread,home,-2.0,115,bovada,0.4407316645753003,-0.02438461449446716,"10 market(s) allowlisted for NCAAF: moneyline, spread, total_points, alternate_spread, alternate_total_points, team_total, alternate_team_total, moneyline_h1, spread_h1, total_points_h1."
2026-10-01,401862786,False,2026-10-02T01:00:00Z,Tulsa Golden Hurricane,North Texas Mean Green,alternate_spread,home,-2.5,120,bovada,0.4276168118015331,-0.026928642743921427,"10 market(s) allowlisted for NCAAF: moneyline, spread, total_points, alternate_spread, alternate_total_points, team_total, alternate_team_total, moneyline_h1, spread_h1, total_points_h1."
2026-10-01,401862786,False,2026-10-02T01:00:00Z,Tulsa Golden Hurricane,North Texas Mean Green,alternate_spread,home,2.5,-120,bovada,0.5352311524293497,-0.010223393025195704,"10 market(s) allowlisted for NCAAF: moneyline, spread, total_points, alternate_spread, alternate_total_points, team_total, alternate_team_total, moneyline_h1, spread_h1, total_points_h1."
2026-10-01,401862786,False,2026-10-02T01:00:00Z,Tulsa Golden Hurricane,North Texas Mean Green,alternate_spread,home,3.0,-135,bovada,0.5729472727787994,-0.0015208123275836094,"10 market(s) allowlisted for NCAAF: moneyline, spread, total_points, alternate_spread, alternate_total_points, team_total, alternate_team_total, moneyline_h1, spread_h1, total_points_h1."
2026-10-01,401862786,False,2026-10-02T01:00:00Z,Tulsa Golden Hurricane,North Texas Mean Green,alternate_total_points,over,54.5,-145,bovada,0.5610573799445694,-0.030779354749308152,"10 market(s) allowlisted for NCAAF: moneyline, spread, total_points, alternate_spread, alternate_total_points, team_total, alternate_team_total, moneyline_h1, spread_h1, total_points_h1."
2026-10-01,401862786,False,2026-10-02T01:00:00Z,Tulsa Golden Hurricane,North Texas Mean Green,alternate_total_points,over,55.0,-135,bovada,0.5433554886949893,-0.031112596411393745,"10 market(s) allowlisted for NCAAF: moneyline, spread, total_points, alternate_spread, alternate_total_points, team_total, alternate_team_total, moneyline_h1, spread_h1, total_points_h1."
2026-10-01,401862786,False,2026-10-02T01:00:00Z,Tulsa Golden Hurricane,North Texas Mean Green,alternate_total_points,over,55.5,-125,bovada,0.5222922337283343,-0.03326332182722125,"10 market(s) allowlisted for NCAAF: moneyline, spread, total_points, alternate_spread, alternate_total_points, team_total, alternate_team_total, moneyline_h1, spread_h1, total_points_h1."
2026-10-01,401862786,False,2026-10-02T01:00:00Z,Tulsa Golden Hurricane,North Texas Mean Green,alternate_total_points,over,56.0,-120,bovada,0.5114002620921408,-0.03405428336240457,"10 market(s) allowlisted for NCAAF: moneyline, spread, total_points, alternate_spread, alternate_total_points, team_total, alternate_team_total, moneyline_h1, spread_h1, total_points_h1."
2026-10-01,401862786,False,2026-10-02T01:00:00Z,Tulsa Golden Hurricane,North Texas Mean Green,alternate_total_points,over,57.0,-105,bovada,0.49068535241892824,-0.02150976953229128,"10 market(s) allowlisted for NCAAF: moneyline, spread, total_points, alternate_spread, alternate_total_points, team_total, alternate_team_total, moneyline_h1, spread_h1, total_points_h1."
2026-10-01,401862786,False,2026-10-02T01:00:00Z,Tulsa Golden Hurricane,North Texas Mean Green,alternate_total_points,over,57.5,100,bovada,0.4817113927903454,-0.018288607209654584,"10 market(s) allowlisted for NCAAF: moneyline, spread, total_points, alternate_spread, alternate_total_points, team_total, alternate_team_total, moneyline_h1, spread_h1, total_points_h1."
2026-10-01,401862786,False,2026-10-02T01:00:00Z,Tulsa Golden Hurricane,North Texas Mean Green,alternate_total_points,over,58.0,110,bovada,0.46723471810755735,-0.008955758082918819,"10 market(s) allowlisted for NCAAF: moneyline, spread, total_points, alternate_spread, alternate_total_points, team_total, alternate_team_total, moneyline_h1, spread_h1, total_points_h1."
2026-10-01,401862786,False,2026-10-02T01:00:00Z,Tulsa Golden Hurricane,North Texas Mean Green,alternate_total_points,over,58.5,115,bovada,0.45453868620675336,-0.010577592863014074,"10 market(s) allowlisted for NCAAF: moneyline, spread, total_points, alternate_spread, alternate_total_points, team_total, alternate_team_total, moneyline_h1, spread_h1, total_points_h1."
2026-10-01,401862786,False,2026-10-02T01:00:00Z,Tulsa Golden Hurricane,North Texas Mean Green,alternate_total_points,under,54.5,110,bovada,0.4389426200554308,-0.03724785613504539,"10 market(s) allowlisted for NCAAF: moneyline, spread, total_points, alternate_spread, alternate_total_points, team_total, alternate_team_total, moneyline_h1, spread_h1, total_points_h1."
2026-10-01,401862786,False,2026-10-02T01:00:00Z,Tulsa Golden Hurricane,North Texas Mean Green,alternate_total_points,under,55.0,105,bovada,0.4566445113050106,-0.031160366743769874,"10 market(s) allowlisted for NCAAF: moneyline, spread, total_points, alternate_spread, alternate_total_points, team_total, alternate_team_total, moneyline_h1, spread_h1, total_points_h1."
2026-10-01,401862786,False,2026-10-02T01:00:00Z,Tulsa Golden Hurricane,North Texas Mean Green,alternate_total_points,under,55.5,-105,bovada,0.47770776627166556,-0.034487355679553966,"10 market(s) allowlisted for NCAAF: moneyline, spread, total_points, alternate_spread, alternate_total_points, team_total, alternate_team_total, moneyline_h1, spread_h1, total_points_h1."
2026-10-01,401862786,False,2026-10-02T01:00:00Z,Tulsa Golden Hurricane,North Texas Mean Green,alternate_total_points,under,56.0,-110,bovada,0.4885997379078589,-0.03520978590166496,"10 market(s) allowlisted for NCAAF: moneyline, spread, total_points, alternate_spread, alternate_total_points, team_total, alternate_team_total, moneyline_h1, spread_h1, total_points_h1."
2026-10-01,401862786,False,2026-10-02T01:00:00Z,Tulsa Golden Hurricane,North Texas Mean Green,alternate_total_points,under,57.0,-125,bovada,0.5093146475810716,-0.04624090797448399,"10 market(s) allowlisted for NCAAF: moneyline, spread, total_points, alternate_spread, alternate_total_points, team_total, alternate_team_total, moneyline_h1, spread_h1, total_points_h1."
2026-10-01,401862786,False,2026-10-02T01:00:00Z,Tulsa Golden Hurricane,North Texas Mean Green,alternate_total_points,under,57.5,-130,bovada,0.5182886072096544,-0.046928784094693365,"10 market(s) allowlisted for NCAAF: moneyline, spread, total_points, alternate_spread, alternate_total_points, team_total, alternate_team_total, moneyline_h1, spread_h1, total_points_h1."
2026-10-01,401862786,False,2026-10-02T01:00:00Z,Tulsa Golden Hurricane,North Texas Mean Green,alternate_total_points,under,58.0,-145,bovada,0.5327652818924424,-0.05907145280143511,"10 market(s) allowlisted for NCAAF: moneyline, spread, total_points, alternate_spread, alternate_total_points, team_total, alternate_team_total, moneyline_h1, spread_h1, total_points_h1."
2026-10-01,401862786,False,2026-10-02T01:00:00Z,Tulsa Golden Hurricane,North Texas Mean Green,alternate_total_points,under,58.5,-150,bovada,0.5454613137932465,-0.054538686206753506,"10 market(s) allowlisted for NCAAF: moneyline, spread, total_points, alternate_spread, alternate_total_points, team_total, alternate_team_total, moneyline_h1, spread_h1, total_points_h1."
